date,strategy,strategy_no_costs,spy
2016-01-04,0.0,0.0,0.0
2016-01-05,-0.0011208447773131125,0.0003774739555209017,-0.001696032353380561
2016-01-06,0.006037017590885263,0.006037017590885263,-0.012614485248228502
2016-01-07,0.0021565699028298635,0.0021565699028298635,-0.02399165666307046
2016-01-08,0.0025264396492530317,0.0025264396492528096,-0.010976423005055191
2016-01-11,-0.003173131608508961,-0.003173131608508961,0.0009899369800312474
2016-01-12,0.00449442123511945,0.00449442123511945,0.008068257461905537
2016-01-13,0.0039139655190132405,0.003913965519013463,-0.024940557490074844
2016-01-14,-0.002042032715828257,-0.002042032715828368,0.016416903819580053
2016-01-15,0.004650999806544931,0.004650999806544931,-0.021465794264166616
2016-01-19,-0.0012964101177639353,-0.0012964101177639353,0.0013307986811228467
2016-01-20,0.004914784317241683,0.004914784317241683,-0.012814743733104872
2016-01-21,-0.0024908417784709203,-0.0024908417784709203,0.005601902524081437
2016-01-22,-0.0022202320746361748,-0.0022202320746361748,0.020514910830279343
2016-01-25,0.0033369445572197787,0.0033369445572197787,-0.015116452597792374
2016-01-26,0.0007390469224921592,0.0007390469224921592,0.013643113984610045
2016-01-27,0.0007386813236511802,0.0007386813236514023,-0.010883131118148204
2016-01-28,0.0012923458196776316,0.0012923458196776316,0.005208630204326381
2016-01-29,0.0053430734927504275,0.0053430734927504275,0.024377583756477472
2016-02-01,-0.0023032710580853655,-0.0023032710580853655,-0.0003612558403183197
2016-02-02,0.007083621115058669,0.007083621115058669,-0.018022003062555303
2016-02-03,-0.0010960627723356486,-0.0010960627723356486,0.005994785334435315
2016-02-04,0.002377646081370477,0.002377646081370477,0.0015686784081219152
2016-02-05,0.00127725467051798,0.00127725467051798,-0.019050344565891275
2016-02-08,0.0074715707691084265,0.007471570769108649,-0.013461321808526883
2016-02-09,0.00018083037626026588,0.00018083037626026588,5.39181149210588e-05
2016-02-10,0.002984307166451705,0.002984307166451927,-0.000862545476890908
2016-02-11,0.0045973259364766594,0.004597325936476437,-0.013008307955313714
2016-02-12,-0.007628427930689963,-0.007628427930689852,0.02061686373902094
2016-02-16,-0.0029836976491518508,-0.0029836976491517397,0.016878659382641548
2016-02-17,-0.0024487377559796464,-0.0024487377559798684,0.016334528419140515
2016-02-18,0.004636974132066651,0.004636974132066873,-0.0040959136720886136
2016-02-19,0.0,0.0,-0.00046831859644203
2016-02-22,-0.0009956399963313434,-0.0009956399963313434,0.01447893998139449
2016-02-23,0.0019932645665885484,0.0019932645665885484,-0.012629545081511373
2016-02-24,0.0,0.0,0.004575787488583227
2016-02-25,0.00298421335015453,0.00298421335015453,0.012112053469631956
2016-02-26,-0.004868505296144243,-0.004868505296144354,-0.002301762918790473
2016-02-29,0.0016306568429462764,0.0016306568429464985,-0.007842802802899618
2016-03-01,-0.007816331327073822,-0.007816331327073822,0.02350713697563811
2016-03-02,-0.0017342641243581758,-0.0017342641243581758,0.004492702998206477
2016-03-03,0.001188672590811457,0.001188672590811457,0.003919436509997265
2016-03-04,-0.0033792514352887215,-0.0033792514352887215,0.0032535816508312276
2016-03-07,-0.002016092717794571,-0.002016092717794682,0.000798174328986212
2016-03-08,0.0057849464517636395,0.0057849464517636395,-0.010917683104429088
2016-03-09,-0.0039254153320036345,-0.0039254153320035234,0.004939559624523415
2016-03-10,-0.0035754068374193038,-0.0035754068374191927,0.0008024687425773891
2016-03-11,-0.002850718989816148,-0.002850718989816148,0.016137166139512216
2016-03-14,0.0007372021862042111,0.0007372021862042111,-0.0012824304522421892
2016-03-15,-0.00018423205058248904,-0.00018423205058248904,-0.0016295800634807955
2016-03-16,0.00525588706988267,0.00525588706988267,0.005787016158250946
2016-03-17,0.0011006186595958756,0.0011006186595958756,0.006344340839048446
2016-03-18,0.0017400840392842731,0.0017400840392842731,0.003929619049156008
2016-03-21,-0.0028345602960978544,-0.0028345602960978544,0.0014189751583075783
2016-03-22,-0.0021094075453552685,-0.0021094075453552685,-0.0005373811045408239
2016-03-23,0.004595739231304519,0.004595739231304519,-0.006599496003831251
2016-03-24,-0.0010063856751214573,-0.0010063856751214573,-0.0004429070120902656
2016-03-28,0.0014650734457064551,0.0014650734457064551,0.0005906266152029271
2016-03-29,0.006766797135963509,0.006766797135963287,0.009250116039449807
2016-03-30,-0.0013625052278272154,-0.0013625052278271044,0.004387741183200289
2016-03-31,0.0036384519882934896,0.0036384519882934896,-0.0024269460670182097
2016-04-01,-0.00028994333142240425,-0.00028994333142251527,0.006811612405701606
2016-04-04,-0.004798294550390603,-0.001808204298664129,-0.003237644577584353
2016-04-05,-0.009987878363535319,-0.009987878363535319,-0.009987878363535319
2016-04-06,0.010921229555514556,0.010921229555514556,0.010921229555514556
2016-04-07,-0.011965876094902184,-0.011965876094902184,-0.011965876094902295
2016-04-08,0.002696656660856167,0.002696656660856167,0.002696656660856167
2016-04-11,-0.002347182247036561,-0.002347182247036672,-0.002347182247036672
2016-04-12,0.009312696375750384,0.009312696375750384,0.009312696375750384
2016-04-13,0.010101189850561632,0.010101189850561632,0.01010118985056141
2016-04-14,4.807860452626933e-05,4.807860452626933e-05,4.807860452626933e-05
2016-04-15,-0.0011055811803355464,-0.0011055811803355464,-0.0011055811803354354
2016-04-18,0.007026646978166573,0.007026646978166573,0.007026646978166573
2016-04-19,0.003154382541954215,0.003154382541953993,0.003154382541953993
2016-04-20,0.0009526097913528098,0.0009526097913530318,0.0009526097913528098
2016-04-21,-0.00537840748103835,-0.00537840748103835,-0.005378407481038239
2016-04-22,0.0,0.0,0.0
2016-04-25,-0.001722622826713538,-0.001722622826713316,-0.001722622826713316
2016-04-26,0.0014859918465577326,0.0014859918465575106,0.0014859918465575106
2016-04-27,0.0020581895397209227,0.0020581895397211447,0.0020581895397211447
2016-04-28,-0.009075855016367651,-0.009075855016367651,-0.009075855016367651
2016-04-29,-0.005398993606777758,-0.005398993606777869,-0.005398993606777758
2016-05-02,0.007948711667605579,0.007948711667605801,0.007948711667605579
2016-05-03,-0.008703395220749033,-0.008703395220749144,-0.008703395220749033
2016-05-04,-0.005578124875501911,-0.005578124875501911,-0.005578124875502022
2016-05-05,-0.00019494317063184496,-0.00019494317063184496,-0.00019494317063184496
2016-05-06,0.0036589354661609175,0.0036589354661609175,0.0036589354661609175
2016-05-09,0.0008263948659978926,0.0008263948659976705,0.0008263948659976705
2016-05-10,0.012433645127914783,0.012433645127914783,0.012433645127915005
2016-05-11,-0.009354657246744003,-0.009354657246744114,-0.009354657246744003
2016-05-12,0.00029065450061227516,0.00029065450061227516,0.00029065450061227516
2016-05-13,-0.008714392279523309,-0.008714392279523309,-0.008714392279523309
2016-05-16,0.00986537874102833,0.00986537874102833,0.00986537874102833
2016-05-17,-0.00933356880113334,-0.00933356880113334,-0.009333568801133452
2016-05-18,0.0002928193693976233,0.00029281936939784536,0.0002928193693976233
2016-05-19,-0.0034649692167175727,-0.0034649692167176838,-0.0034649692167176838
2016-05-20,0.006317380850532128,0.006317380850532128,0.006317380850532128
2016-05-23,-0.0013622931008568928,-0.0013622931008567818,-0.0013622931008568928
2016-05-24,0.012962077943646344,0.012962077943646344,0.012962077943646344
2016-05-25,0.006783149285816359,0.006783149285816137,0.006783149285816359
2016-05-26,0.0002869660238955518,0.00028696602389532977,0.0002869660238955518
2016-05-27,0.00429885779415673,0.00429885779415673,0.004298857794156508
2016-05-31,-0.0019026541682207743,-0.0019026541682206632,-0.0019026541682207743
2016-06-01,0.002049252249171074,0.002049252249170852,0.002049252249170852
2016-06-02,0.003043726472393482,0.003043726472393482,0.003043726472393482
2016-06-03,-0.0029870750654419354,-0.0029870750654420464,-0.0029870750654420464
2016-06-06,0.005088631709357028,0.00508863170935725,0.00508863170935725
2016-06-07,0.0015610184225283152,0.0015610184225283152,0.0015610184225285373
2016-06-08,0.0032597519890364968,0.0032597519890362747,0.0032597519890360527
2016-06-09,-0.0013655892089043942,-0.0013655892089043942,-0.0013655892089041721
2016-06-10,-0.009477548339113961,-0.009477548339113961,-0.009477548339113961
2016-06-13,-0.007711728383551386,-0.007711728383551275,-0.007711728383551497
2016-06-14,-0.00196662130130576,-0.001966621301305871,-0.00196662130130576
2016-06-15,-0.0013942716251797993,-0.0013942716251797993,-0.0013942716251797993
2016-06-16,0.0029846349947801887,0.0029846349947801887,0.0029846349947801887
2016-06-17,-0.0037241532855220028,-0.0037241532855221138,-0.0037241532855220028
2016-06-20,0.006440002552975388,0.00644000255297561,0.00644000255297561
2016-06-21,0.002838254321964051,0.002838254321964051,0.002838254321963829
2016-06-22,-0.0016308816091090694,-0.0016308816091090694,-0.0016308816091090694
2016-06-23,0.013022457413687238,0.013022457413687238,0.013022457413687238
2016-06-24,-0.03590884453170007,-0.03590884453170007,-0.03590884453170007
2016-06-27,-0.017909980653237678,-0.01790998065323779,-0.017909980653237678
2016-06-28,0.018035967210669357,0.018035967210669357,0.018035967210669357
2016-06-29,0.01702763996689116,0.01702763996689116,0.017027639966891384
2016-06-30,0.01364551805723635,0.01364551805723635,0.01364551805723635
2016-07-01,0.0021002757362003077,0.0021002757362000857,0.0021002757362003077
2016-07-05,-0.007193038961438969,-0.007193038961438858,-0.007193038961438969
2016-07-06,0.005997991823051052,0.00599799182305083,0.00599799182305083
2016-07-07,-0.0006203768838819457,-0.0006203768838820567,-0.0006203768838818347
2016-07-08,0.01489040289792909,0.014890402897929311,0.01489040289792909
2016-07-11,0.003527039879043903,0.003527039879044125,0.003527039879044125
2016-07-12,0.007263310641781429,0.0072633106417812066,0.0072633106417812066
2016-07-13,-0.00013935143270071837,-0.00013935143270060735,-0.00013935143270060735
2016-07-14,0.005583356847290943,0.005583356847290943,0.005583356847290943
2016-07-15,-0.001341848463770945,-0.0013418484637708339,-0.001341848463770945
2016-07-18,0.002687386084167409,0.002687386084167409,0.002687386084167631
2016-07-19,-0.0010167586352083369,-0.001016758635208448,-0.001016758635208448
2016-07-20,0.004163043655225129,0.004163043655225129,0.004163043655225129
2016-07-21,-0.0037772648740921344,-0.0037772648740920234,-0.0037772648740920234
2016-07-22,0.0044853367153681045,0.0044853367153678825,0.0044853367153681045
2016-07-25,-0.0027159040381123933,-0.0027159040381123933,-0.0027159040381125044
2016-07-26,0.0004616058179740534,0.0004616058179738314,0.0004616058179740534
2016-07-27,-0.0010612283786834986,-0.0010612283786833876,-0.0010612283786834986
2016-07-28,0.0011546660301433587,0.0011546660301433587,0.0011546660301433587
2016-07-29,0.0016146846083797683,0.0016146846083799904,0.0016146846083799904
2016-08-01,-0.0008289925569321399,-0.0008289925569321399,-0.0008289925569322509
2016-08-02,-0.006407486542837737,-0.006407486542837737,-0.006407486542837737
2016-08-03,0.0029224828482523613,0.0029224828482521392,0.0029224828482521392
2016-08-04,0.0010642761489252361,0.0010642761489252361,0.0010642761489254582
2016-08-05,0.008179127429738253,0.008179127429738253,0.008179127429738031
2016-08-08,-0.0005959863067187543,-0.0005959863067186433,-0.0005959863067186433
2016-08-09,0.0005963417182168751,0.0005963417182168751,0.0005963417182168751
2016-08-10,-0.002475223891997169,-0.002475223891997058,-0.002475223891997058
2016-08-11,0.004640607085998116,0.004640607085997894,0.004640607085997894
2016-08-12,-0.0008686098636663253,-0.0008686098636661033,-0.0008686098636662143
2016-08-15,0.0028834706471352334,0.0028834706471352334,0.0028834706471354554
2016-08-16,-0.005157586969937289,-0.0051575869699374,-0.005157586969937289
2016-08-17,0.001881134728282996,0.001881134728283218,0.001881134728282996
2016-08-18,0.0022437977310709734,0.0022437977310709734,0.0022437977310709734
2016-08-19,-0.0014620751538956256,-0.0014620751538957366,-0.0014620751538957366
2016-08-22,-4.568741606691962e-05,-4.568741606691962e-05,-4.568741606691962e-05
2016-08-23,0.002013378642638841,0.002013378642639063,0.002013378642638841
2016-08-24,-0.0051148971780110575,-0.0051148971780109465,-0.0051148971780110575
2016-08-25,-0.0006882237570489114,-0.0006882237570489114,-0.0006882237570486893
2016-08-26,-0.0018840407559918004,-0.0018840407559919115,-0.0018840407559921335
2016-08-29,0.004924529175110104,0.004924529175110104,0.004924529175110326
2016-08-30,-0.0016484058269221613,-0.0016484058269220503,-0.0016484058269221613
2016-08-31,-0.0028440845126228576,-0.0028440845126229686,-0.0028440845126229686
2016-09-01,4.593121701113034e-05,4.593121701135239e-05,4.593121701135239e-05
2016-09-02,0.004508156670794072,0.004508156670794072,0.004508156670794072
2016-09-06,0.003022321942910855,0.003022321942910855,0.003022321942910855
2016-09-07,-9.15803547103522e-05,-9.15803547103522e-05,-9.158035471046322e-05
2016-09-08,-0.0022827489610786067,-0.0022827489610786067,-0.0022827489610784957
2016-09-09,-0.02393511101512147,-0.02393511101512147,-0.02393511101512147
2016-09-12,0.01434762401130274,0.01434762401130274,0.01434762401130274
2016-09-13,-0.014375607561062376,-0.014375607561062487,-0.014375607561062376
2016-09-14,-0.0003753592525761462,-0.0003753592525761462,-0.0003753592525760352
2016-09-15,0.009993006445679464,0.009993006445679464,0.009993006445679464
2016-09-16,-0.0038655791783076543,-0.0038655791783076543,-0.0038655791783077653
2016-09-19,0.00018782807107675659,0.00018782807107675659,0.00018782807107675659
2016-09-20,4.6717958743336396e-05,4.671795874355844e-05,4.6717958743336396e-05
2016-09-21,0.011245609198420103,0.011245609198420103,0.011245609198420103
2016-09-22,0.0063010720266925,0.0063010720266925,0.006301072026692278
2016-09-23,-0.005479141229618345,-0.005479141229618234,-0.005479141229618234
2016-09-26,-0.008102224875268793,-0.008102224875269015,-0.008102224875268904
2016-09-27,0.006208016119474857,0.006208016119475079,0.006208016119474857
2016-09-28,0.00496315676662773,0.004963156766627508,0.00496315676662773
2016-09-29,-0.009046925544723194,-0.009046925544723194,-0.009046925544723305
2016-09-30,0.007546260577323771,0.007546260577323993,0.007546260577323993
2016-10-03,-0.00240422760770298,-0.00240422760770298,-0.002404227607703091
2016-10-04,-0.005097769630561522,-0.005097769630561744,-0.005097769630561522
2016-10-05,0.00442526855812142,0.004425268558121642,0.004425268558121642
2016-10-06,0.0006955435166295931,0.0006955435166295931,0.0006955435166293711
2016-10-07,-0.003429343922579875,-0.003429343922579986,-0.003429343922579875
2016-10-10,0.005208704206040471,0.005208704206040249,0.005208704206040471
2016-10-11,-0.01263001504307315,-0.01263001504307304,-0.01263001504307315
2016-10-12,0.0013121665482083156,0.0013121665482083156,0.0013121665482085376
2016-10-13,-0.003275615920133812,-0.003275615920133812,-0.003275615920133923
2016-10-14,0.0005164564394535276,0.0005164564394535276,0.0005164564394535276
2016-10-17,-0.0034722297909199895,-0.0034722297909202116,-0.0034722297909202116
2016-10-18,0.006262469117979341,0.006262469117979563,0.006262469117979563
2016-10-19,0.0026667939713751476,0.0026667939713751476,0.0026667939713751476
2016-10-20,-0.001866385228815326,-0.001866385228815326,-0.001866385228815437
2016-10-21,0.00046740612906037704,0.000467406129060155,0.00046740612906037704
2016-10-24,0.004253036908334229,0.004253036908334229,0.004253036908334229
2016-10-25,-0.0033509198212966496,-0.0033509198212965385,-0.0033509198212964275
2016-10-26,-0.002007667596653717,-0.002007667596653828,-0.002007667596653828
2016-10-27,-0.0026667544968305146,-0.0026667544968304036,-0.0026667544968306256
2016-10-28,-0.002955514316990482,-0.002955514316990482,-0.00295551431699026
2016-10-31,4.716140861793505e-05,4.716140861793505e-05,4.716140861793505e-05
2016-11-01,-0.0072452815596659725,-0.0072452815596659725,-0.0072452815596660836
2016-11-02,-0.006018531729577115,-0.0060185317295768925,-0.0060185317295770036
2016-11-03,-0.004577201362954697,-0.004577201362954808,-0.004577201362954919
2016-11-04,-0.0011017653234726144,-0.0011017653234726144,-0.0011017653234726144
2016-11-07,0.022056955057440764,0.022056955057440764,0.022056955057440986
2016-11-08,0.004503640944656384,0.004503640944656384,0.004503640944656606
2016-11-09,0.010602523452654777,0.010602523452654777,0.010602523452654777
2016-11-10,0.0024953268874918777,0.0024953268874918777,0.0024953268874918777
2016-11-11,-0.0023047733956614858,-0.0023047733956614858,-0.0023047733956615968
2016-11-14,0.0007853886179332026,0.0007853886179332026,0.0007853886179332026
2016-11-15,0.007802763045137606,0.007802763045137606,0.007802763045137606
2016-11-16,-0.001878104440582562,-0.001878104440582451,-0.001878104440582673
2016-11-17,0.005140389296738546,0.0051403892967383236,0.005140389296738546
2016-11-18,-0.002237623088647722,-0.002237623088647611,-0.002237623088647611
2016-11-21,0.007551547631002187,0.007551547631002187,0.007551547631002187
2016-11-22,0.0019535385709432695,0.0019535385709430475,0.0019535385709430475
2016-11-23,0.0005441746620840071,0.0005441746620842292,0.0005441746620840071
2016-11-25,0.003715182109094828,0.003715182109094828,0.00371518210909505
2016-11-28,-0.0046951465767332,-0.0046951465767332,-0.0046951465767332
2016-11-29,0.0019504527622595802,0.0019504527622593582,0.0019504527622593582
2016-11-30,-0.00239910700355328,-0.002399107003553169,-0.002399107003553169
2016-12-01,-0.0036754186866414518,-0.0036754186866414518,-0.003675418686641563
2016-12-02,0.0005010264654596863,0.0005010264654594643,0.0005010264654594643
2016-12-05,0.006008737423371935,0.006008737423372157,0.006008737423371935
2016-12-06,0.0031672418501833555,0.0031672418501833555,0.0031672418501833555
2016-12-07,0.013081016162097558,0.013081016162097558,0.013081016162097558
2016-12-08,0.0024486308589539707,0.0024486308589537487,0.0024486308589539707
2016-12-09,0.006040280706321122,0.0060402807063209,0.0060402807063209
2016-12-12,-0.0011476523492914836,-0.0011476523492913726,-0.0011476523492913726
2016-12-13,0.0066738084134938536,0.0066738084134936315,0.0066738084134938536
2016-12-14,-0.008254006407553471,-0.008254006407553471,-0.008254006407553471
2016-12-15,0.004117251735652916,0.004117251735653138,0.004117251735652916
2016-12-16,-0.001956124392211822,-0.001956124392211933,-0.001956124392211933
2016-12-19,0.002177652528619456,0.002177652528619456,0.002177652528619456
2016-12-20,0.0038573693270460563,0.0038573693270460563,0.0038573693270460563
2016-12-21,-0.0027828182529152645,-0.0027828182529153755,-0.0027828182529151535
2016-12-22,-0.0017271896375229412,-0.0017271896375229412,-0.0017271896375231632
2016-12-23,0.0014641058803037676,0.0014641058803037676,0.0014641058803039897
2016-12-27,0.002481414183370445,0.002481414183370223,0.002481414183370223
2016-12-28,-0.008264775523578405,-0.008264775523578516,-0.008264775523578405
2016-12-29,-0.0002227478600295152,-0.00022274786002929314,-0.0002227478600295152
2016-12-30,-0.0036550189132422695,-0.0036550189132424915,-0.0036550189132423805
2017-01-03,0.0,0.0,0.0
2017-01-04,0.00275084551898952,0.004254971787267969,0.00275084551898952
2017-01-05,-0.0007945375951906586,-0.0007945375951905476,-0.0007945375951906586
2017-01-06,0.003577909182319594,0.003577909182319372,0.003577909182319594
2017-01-09,-0.003300677060958934,-0.003300677060958934,-0.003300677060958934
2017-01-10,0.0,0.0,0.0
2017-01-11,0.0028256907647170593,0.0028256907647170593,0.0028256907647170593
2017-01-12,-0.002509949065789052,-0.002509949065788941,-0.002509949065789052
2017-01-13,0.0022956897302053303,0.0022956897302053303,0.0022956897302053303
2017-01-17,-0.0035233858801857476,-0.0035233858801858586,-0.0035233858801857476
2017-01-18,0.0022099712104712843,0.0022099712104712843,0.0022099712104712843
2017-01-19,-0.003704931267826006,-0.003704931267826006,-0.003704931267826006
2017-01-20,0.003674519921334385,0.003674519921334385,0.003674519921334385
2017-01-23,-0.0026023009893492155,-0.0026023009893491045,-0.0026023009893492155
2017-01-24,0.006411821761518777,0.006411821761518777,0.006411821761518777
2017-01-25,0.00865547847575554,0.008655478475755318,0.00865547847575554
2017-01-26,-0.001045791929342954,-0.001045791929342954,-0.001045791929342954
2017-01-27,-0.0015694006681764572,-0.0015694006681764572,-0.0015694006681764572
2017-01-30,-0.006201825094785729,-0.006201825094785618,-0.006201825094785729
2017-01-31,-8.805307852055577e-05,-8.80530785206668e-05,-8.805307852055577e-05
2017-02-01,0.00039557113344046435,0.00039557113344046435,0.00039557113344046435
2017-02-02,0.0006594147175433829,0.0006594147175433829,0.0006594147175433829
2017-02-03,0.006892698686812304,0.006892698686812304,0.006892698686812304
2017-02-06,-0.0017877462933811872,-0.0017877462933812982,-0.0017877462933811872
2017-02-07,4.35283709543377e-05,4.35283709543377e-05,4.35283709543377e-05
2017-02-08,0.0013106047022404255,0.0013106047022404255,0.0013106047022404255
2017-02-09,0.0059326188579080785,0.0059326188579080785,0.0059326188579080785
2017-02-10,0.003946183698355865,0.003946183698355865,0.003946183698355865
2017-02-13,0.0054427883821197565,0.0054427883821197565,0.0054427883821197565
2017-02-14,0.00399493877253243,0.00399493877253243,0.00399493877253243
2017-02-15,0.00522084519485988,0.00522084519485988,0.00522084519485988
2017-02-16,-0.0008516207220197192,-0.0008516207220198302,-0.0008516207220197192
2017-02-17,0.0015761941706546878,0.0015761941706546878,0.0015761941706546878
2017-02-21,0.005955147799732385,0.005955147799732385,0.005955147799732385
2017-02-22,-0.0008878789390097674,-0.0008878789390097674,-0.0008878789390097674
2017-02-23,0.0006771949125281562,0.0006771949125281562,0.0006771949125281562
2017-02-24,0.001268956307289848,0.001268956307289848,0.001268956307289848
2017-02-27,0.001562669992039245,0.001562669992039245,0.001562669992039245
2017-02-28,-0.0026990730228516613,-0.0026990730228517723,-0.0026990730228516613
2017-03-01,0.013997461658209032,0.013997461658209032,0.013997461658209032
2017-03-02,-0.0062974429680603405,-0.0062974429680602295,-0.0062974429680603405
2017-03-03,0.0006297170068023661,0.0006297170068023661,0.0006297170068023661
2017-03-06,-0.002978377428373591,-0.002978377428373813,-0.002978377428373591
2017-03-07,-0.0029863779617934627,-0.0029863779617933517,-0.0029863779617934627
2017-03-08,-0.0018567031119507416,-0.0018567031119508526,-0.0018567031119507416
2017-03-09,0.0012681624911941025,0.0012681624911941025,0.0012681624911941025
2017-03-10,0.003504121576205277,0.003504121576205277,0.003504121576205277
2017-03-13,0.000504883341382989,0.000504883341383211,0.000504883341382989
2017-03-14,-0.003826542521268017,-0.003826542521267906,-0.003826542521268017
2017-03-15,0.008653552360811112,0.008653552360811334,0.008653552360811112
2017-03-16,-0.0019671064593972387,-0.0019671064593973497,-0.0019671064593972387
2017-03-17,-0.0017560240802324545,-0.0017560240802323435,-0.0017560240802324545
2017-03-20,-0.0010969834224331398,-0.0010969834224331398,-0.0010969834224331398
2017-03-21,-0.01283935932503033,-0.012839359325030442,-0.01283935932503033
2017-03-22,0.0023528977341129576,0.0023528977341129576,0.0023528977341129576
2017-03-23,-0.0010668306117275206,-0.0010668306117275206,-0.0010668306117275206
2017-03-24,-0.0007268422746218306,-0.0007268422746218306,-0.0007268422746218306
2017-03-27,-0.0010260180697763133,-0.0010260180697762022,-0.0010260180697763133
2017-03-28,0.0072768650983841,0.0072768650983841,0.0072768650983841
2017-03-29,0.000934799992784896,0.000934799992784896,0.000934799992784896
2017-03-30,0.0031844221163634945,0.0031844221163634945,0.0031844221163634945
2017-03-31,-0.0023276304964056083,-0.0023276304964054972,-0.0023276304964056083
2017-04-03,-0.001739405083699186,-0.001739405083699186,-0.001739405083699186
2017-04-04,0.00063722725354598,0.00063722725354598,0.00063722725354598
2017-04-05,-0.00297245933100021,-0.00297245933100021,-0.00297245933100021
2017-04-06,0.0028110008695301225,0.0028110008695301225,0.0028110008695301225
2017-04-07,-0.001019432926068431,-0.001019432926068542,-0.001019432926068431
2017-04-10,0.0005956206952661969,0.0005956206952661969,0.0005956206952661969
2017-04-11,-0.0011898559314651447,-0.0011898559314652557,-0.0011898559314651447
2017-04-12,-0.004381821437653977,-0.0043818214376538656,-0.004381821437653977
2017-04-13,-0.006494801997070532,-0.006494801997070532,-0.006494801997070532
2017-04-17,0.00885960282320064,0.00885960282320064,0.00885960282320064
2017-04-18,-0.002984367244703412,-0.002984367244703523,-0.002984367244703412
2017-04-19,-0.0018384650816789527,-0.0018384650816789527,-0.0018384650816789527
2017-04-20,0.008139344597635212,0.008139344597635212,0.008139344597635212
2017-04-21,-0.0031869020707160356,-0.0031869020707160356,-0.0031869020707160356
2017-04-24,0.01099776044563705,0.01099776044563705,0.01099776044563705
2017-04-25,0.005818589434265498,0.005818589434265498,0.005818589434265498
2017-04-26,-0.000628922377870822,-0.0006289223778707109,-0.000628922377870822
2017-04-27,0.0008390414363321774,0.0008390414363321774,0.0008390414363321774
2017-04-28,-0.002179382399111529,-0.002179382399111418,-0.002179382399111529
2017-05-01,0.0025201358295641185,0.0025201358295641185,0.0025201358295641185
2017-05-02,0.00037716273000909517,0.0003771627300088731,0.00037716273000909517
2017-05-03,-0.0012146134935870911,-0.0012146134935870911,-0.0012146134935870911
2017-05-04,0.0011741154995335013,0.0011741154995335013,0.0011741154995335013
2017-05-05,0.003936881598367581,0.003936881598367581,0.003936881598367581
2017-05-08,-0.00016704575378767572,-0.00016704575378778674,-0.00016704575378767572
2017-05-09,-0.0009177244124360939,-0.0009177244124359829,-0.0009177244124360939
2017-05-10,0.0017960666612844012,0.0017960666612844012,0.0017960666612844012
2017-05-11,-0.00204294264254945,-0.002042942642549228,-0.00204294264254945
2017-05-12,-0.0016709172261326621,-0.0016709172261327732,-0.0016709172261326621
2017-05-15,0.0055234185620463006,0.0055234185620463006,0.0055234185620463006
2017-05-16,-0.0009156479307579346,-0.0009156479307578236,-0.0009156479307579346
2017-05-17,-0.017743944801854705,-0.017743944801854705,-0.017743944801854705
2017-05-18,0.004028486722193136,0.0040284867221933585,0.004028486722193136
2017-05-19,0.006504049372601628,0.006504049372601628,0.006504049372601628
2017-05-22,0.00507741280822227,0.005077412808222048,0.00507741280822227
2017-05-23,0.0022130998350069486,0.0022130998350069486,0.0022130998350069486
2017-05-24,0.0023326513650256953,0.0023326513650256953,0.0023326513650256953
2017-05-25,0.0047793295046363315,0.0047793295046361095,0.0047793295046363315
2017-05-26,-0.00020651590980869106,-0.00020651590980858003,-0.00020651590980869106
2017-05-30,-0.0008690386487688606,-0.0008690386487689716,-0.0008690386487688606
2017-05-31,-0.0002481884040724802,-0.0002481884040723692,-0.0002481884040724802
2017-06-01,0.007952131478014213,0.007952131478014213,0.007952131478014213
2017-06-02,0.0033285322605132173,0.0033285322605132173,0.0033285322605132173
2017-06-05,-0.0007370751098079165,-0.0007370751098081385,-0.0007370751098079165
2017-06-06,-0.003197072952353941,-0.00319707295235383,-0.003197072952353941
2017-06-07,0.0018501068745409022,0.0018501068745409022,0.0018501068745409022
2017-06-08,0.0004927023723459989,0.0004927023723459989,0.0004927023723459989
2017-06-09,-0.0015180064115530856,-0.0015180064115530856,-0.0015180064115530856
2017-06-12,-0.00020526131618348042,-0.00020526131618359145,-0.00020526131618348042
2017-06-13,0.004889637945718395,0.004889637945718395,0.004889637945718395
2017-06-14,-0.0012672663503431325,-0.0012672663503430215,-0.0012672663503431325
2017-06-15,-0.0019244196074722497,-0.0019244196074722497,-0.0019244196074722497
2017-06-16,0.00021838018204922705,0.00021838018204922705,0.00021838018204922705
2017-06-19,0.00832535924038269,0.00832535924038269,0.00832535924038269
2017-06-20,-0.006744076434880397,-0.006744076434880508,-0.006744076434880397
2017-06-21,-0.0002469701255956025,-0.0002469701255954915,-0.0002469701255956025
2017-06-22,-0.00045305944800644316,-0.00045305944800633213,-0.00045305944800644316
2017-06-23,0.001194331740263177,0.001194331740262955,0.001194331740263177
2017-06-26,0.0006580207993931442,0.0006580207993931442,0.0006580207993931442
2017-06-27,-0.008056213726402639,-0.008056213726402639,-0.008056213726402639
2017-06-28,0.008950486731214014,0.008950486731214014,0.008950486731214014
2017-06-29,-0.008788756428805167,-0.008788756428805278,-0.008788756428805167
2017-06-30,0.0018644326242092113,0.0018644326242092113,0.0018644326242092113
2017-07-03,0.0016958077053925713,0.0016958077053925713,0.0016958077053925713
2017-07-05,0.0023118927611947004,0.0023118927611947004,0.0023118927611947004
2017-07-06,-0.00914453699877471,-0.009144536998774933,-0.00914453699877471
2017-07-07,0.006485062479682835,0.006485062479682613,0.006485062479682835
2017-07-10,0.0010739886122603792,0.0010739886122606013,0.0010739886122603792
2017-07-11,-0.0007426491027647808,-0.0007426491027648918,-0.0007426491027647808
2017-07-12,0.007514636743868319,0.007514636743868097,0.007514636743868319
2017-07-13,0.0016802325883327196,0.0016802325883327196,0.0016802325883327196
2017-07-14,0.004664140212380374,0.004664140212380374,0.004664140212380374
2017-07-17,-0.00012220277489904952,-0.0001222027748989385,-0.00012220277489904952
2017-07-18,0.0005296578656774908,0.0005296578656772688,0.0005296578656774908
2017-07-19,0.005413921746416861,0.005413921746416861,0.005413921746416861
2017-07-20,0.000445435060221433,0.000445435060221433,0.000445435060221433
2017-07-21,-0.0008904022458564587,-0.0008904022458564587,-0.0008904022458564587
2017-07-24,-0.00024309875776518108,-0.0002430987577652921,-0.00024309875776518108
2017-07-25,0.0024307230038966843,0.0024307230038966843,0.0024307230038966843
2017-07-26,4.047546507490729e-05,4.047546507490729e-05,4.047546507490729e-05
2017-07-27,-0.0009292619935543645,-0.0009292619935543645,-0.0009292619935543645
2017-07-28,-0.0011730527651607758,-0.0011730527651608869,-0.0011730527651607758
2017-07-31,-0.0005669713323782632,-0.0005669713323782632,-0.0005669713323782632
2017-08-01,0.0022286611472213114,0.0022286611472213114,0.0022286611472213114
2017-08-02,0.00048497668197966526,0.00048497668197966526,0.00048497668197966526
2017-08-03,-0.0019397487893374477,-0.0019397487893373366,-0.0019397487893374477
2017-08-04,0.0018220799862256332,0.0018220799862254111,0.0018220799862256332
2017-08-07,0.0018594565555216658,0.0018594565555214437,0.0018594565555216658
2017-08-08,-0.0024611118621885586,-0.0024611118621884476,-0.0024611118621885586
2017-08-09,-4.0430467745489196e-05,-4.043046774571124e-05,-4.0430467745489196e-05
2017-08-10,-0.014115145929636919,-0.014115145929636808,-0.014115145929636919
2017-08-11,0.0014767562337769657,0.0014767562337769657,0.0014767562337769657
2017-08-14,0.009913122207047653,0.009913122207047431,0.009913122207047653
2017-08-15,-0.0001214314606141631,-0.00012143146061405208,-0.0001214314606141631
2017-08-16,0.001744156034887645,0.001744156034887645,0.001744156034887645
2017-08-17,-0.015590818088710212,-0.015590818088710212,-0.015590818088710212
2017-08-18,-0.0015630745732605478,-0.0015630745732603257,-0.0015630745732605478
2017-08-21,0.0007825795131821689,0.0007825795131819469,0.0007825795131821689
2017-08-22,0.010457077139737647,0.01045707713973787,0.010457077139737647
2017-08-23,-0.0035854826138762563,-0.0035854826138764784,-0.0035854826138762563
2017-08-24,-0.002330339201413567,-0.002330339201413678,-0.002330339201413567
2017-08-25,0.0023357823666285693,0.0023357823666285693,0.0023357823666285693
2017-08-28,4.0948797307205353e-05,4.0948797307205353e-05,4.0948797307205353e-05
2017-08-29,0.0011448642199956005,0.0011448642199958226,0.0011448642199956005
2017-08-30,0.004737533676253625,0.004737533676253625,0.004737533676253625
2017-08-31,0.006016116427005613,0.006016116427005391,0.006016116427005613
2017-09-01,0.001414177905088021,0.001414177905088243,0.001414177905088021
2017-09-05,-0.007181982714383972,-0.007181982714384083,-0.007181982714383972
2017-09-06,0.003413722885612147,0.003413722885612369,0.003413722885612147
2017-09-07,-0.0001216108201410604,-0.0001216108201410604,-0.0001216108201410604
2017-09-08,-0.001174621083821048,-0.001174621083820937,-0.001174621083821048
2017-09-11,0.010665891039904896,0.010665891039904896,0.010665891039904896
2017-09-12,0.003370856505470421,0.003370856505470643,0.003370856505470421
2017-09-13,0.0004798929229237192,0.00047989292292394126,0.0004798929229237192
2017-09-14,-0.0003198220590546752,-0.0003198220590546752,-0.0003198220590546752
2017-09-15,0.0013461314344491715,0.0013461314344489494,0.0013461314344491715
2017-09-18,0.0021268930704736455,0.0021268930704736455,0.0021268930704736455
2017-09-19,0.0010012624308339824,0.0010012624308339824,0.0010012624308339824
2017-09-20,0.00035983329965727506,0.00035983329965727506,0.00035983329965727506
2017-09-21,-0.002679429617243101,-0.002679429617243212,-0.002679429617243101
2017-09-22,0.00020055962877929545,0.00020055962877929545,0.00020055962877929545
2017-09-25,-0.002044581868579809,-0.002044581868579587,-0.002044581868579809
2017-09-26,0.000602720339240026,0.000602720339240026,0.000602720339240026
2017-09-27,0.0038944047357221123,0.0038944047357221123,0.0038944047357221123
2017-09-28,0.0011998310109004873,0.0011998310109004873,0.0011998310109004873
2017-09-29,0.0035148714845603113,0.0035148714845600892,0.0035148714845603113
2017-10-02,0.004338727464618941,0.004338727464618941,0.004338727464618941
2017-10-03,0.0021399330624551904,0.0021399330624549684,0.0021399330624551904
2017-10-04,0.0011864977648667896,0.0011864977648670116,0.0011864977648667896
2017-10-05,0.005925181568549043,0.005925181568549043,0.005925181568549043
2017-10-06,-0.0011387742844010118,-0.0011387742844012338,-0.0011387742844010118
2017-10-09,-0.0016510707346215625,-0.0016510707346213405,-0.0016510707346215625
2017-10-10,0.0026382478492343875,0.0026382478492341654,0.0026382478492343875
2017-10-11,0.0015709011252587057,0.0015709011252587057,0.0015709011252587057
2017-10-12,-0.0014900806420820034,-0.0014900806420818924,-0.0014900806420820034
2017-10-13,0.0012174061360679111,0.0012174061360681332,0.0012174061360679111
2017-10-16,0.0013335274125303442,0.0013335274125301222,0.0013335274125303442
2017-10-17,0.0007051498232426567,0.0007051498232426567,0.0007051498232426567
2017-10-18,0.0009786579758328529,0.0009786579758328529,0.0009786579758328529
2017-10-19,0.0002735316864954651,0.0002735316864954651,0.0002735316864954651
2017-10-20,0.005160831196651783,0.005160831196651783,0.005160831196651783
2017-10-23,-0.003889525010949524,-0.003889525010949524,-0.003889525010949524
2017-10-24,0.0017569223135767142,0.0017569223135767142,0.0017569223135767142
2017-10-25,-0.004950114204787415,-0.004950114204787415,-0.004950114204787415
2017-10-26,0.0012928547104611443,0.0012928547104611443,0.0012928547104611443
2017-10-27,0.00817606874263932,0.008176068742639098,0.00817606874263932
2017-10-30,-0.0037248490967894954,-0.0037248490967893844,-0.0037248490967894954
2017-10-31,0.001557595743367557,0.0015575957433673349,0.001557595743367557
2017-11-01,0.0013223911599951066,0.0013223911599953286,0.0013223911599951066
2017-11-02,0.0003880928541741824,0.00038809285417396033,0.0003880928541741824
2017-11-03,0.0033387785311129736,0.0033387785311127516,0.0033387785311129736
2017-11-06,0.0015475540846028313,0.0015475540846028313,0.0015475540846028313
2017-11-07,-0.0006952488643849897,-0.0006952488643851007,-0.0006952488643849897
2017-11-08,0.0017008752107221525,0.0017008752107221525,0.0017008752107221525
2017-11-09,-0.0036276716075827053,-0.0036276716075824833,-0.0036276716075827053
2017-11-10,-0.00030987363355927666,-0.00030987363355927666,-0.00030987363355927666
2017-11-13,0.0009299090549756972,0.0009299090549759192,0.0009299090549756972
2017-11-14,-0.0023225450250289326,-0.0023225450250292656,-0.0023225450250289326
2017-11-15,-0.005005446315905493,-0.005005446315905271,-0.005005446315905493
2017-11-16,0.008501159758154131,0.008501159758153909,0.008501159758154131
2017-11-17,-0.0029388127245350004,-0.0029388127245350004,-0.0029388127245350004
2017-11-20,0.0017063541384387815,0.0017063541384385594,0.0017063541384387815
2017-11-21,0.006542786811286394,0.006542786811286616,0.006542786811286394
2017-11-22,-0.0008843135586729112,-0.0008843135586728001,-0.0008843135586729112
2017-11-24,0.0023095564843853555,0.0023095564843851335,0.0023095564843853555
2017-11-27,-0.0004992418882107108,-0.0004992418882105998,-0.0004992418882107108
2017-11-28,0.010145217896162073,0.010145217896162073,0.010145217896162073
2017-11-29,-0.0006089327367835295,-0.0006089327367835295,-0.0006089327367835295
2017-11-30,0.008755041755306836,0.008755041755306614,0.008755041755306836
2017-12-01,-0.0020754609749101816,-0.0020754609749101816,-0.0020754609749101816
2017-12-04,-0.0012102124848367701,-0.001210212484836659,-0.0012102124848367701
2017-12-05,-0.0035965811494327316,-0.0035965811494327316,-0.0035965811494327316
2017-12-06,0.00019017663803100326,0.00019017663803100326,0.00019017663803100326
2017-12-07,0.00315288571772232,0.00315288571772232,0.00315288571772232
2017-12-08,0.005453104620037896,0.005453104620037896,0.005453104620037896
2017-12-11,0.003013006009587871,0.003013006009587871,0.003013006009587871
2017-12-12,0.0017650595286711201,0.0017650595286713422,0.0017650595286711201
2017-12-13,-0.00011245229639667009,-0.00011245229639678112,-0.00011245229639667009
2017-12-14,-0.004086357582188782,-0.004086357582188893,-0.004086357582188782
2017-12-15,0.008327217860012448,0.008327217860012448,0.008327217860012448
2017-12-18,0.006341542921576515,0.006341542921576293,0.006341542921576515
2017-12-19,-0.0038405102333698427,-0.0038405102333696206,-0.0038405102333698427
2017-12-20,-0.0005242161035560189,-0.0005242161035561299,-0.0005242161035560189
2017-12-21,0.00205998786453776,0.00205998786453776,0.00205998786453776
2017-12-22,-0.0002616412957743286,-0.0002616412957743286,-0.0002616412957743286
2017-12-26,-0.0011965177880248756,-0.0011965177880247646,-0.0011965177880248756
2017-12-27,0.0004869407346761445,0.00048694073467592247,0.0004869407346761445
2017-12-28,0.002057165756028212,0.00205716575602799,0.002057165756028212
2017-12-29,-0.003770438603515225,-0.003770438603515003,-0.003770438603515225
2018-01-02,0.0,0.0,0.0
2018-01-03,0.004108092076632097,0.005614254214746817,0.004108092076632097
2018-01-04,0.004214713307501228,0.004214713307501228,0.004214713307501228
2018-01-05,0.006663891916109943,0.006663891916109721,0.006663891916109943
2018-01-08,0.0018287585586245214,0.0018287585586245214,0.0018287585586245214
2018-01-09,0.002263566978269349,0.002263566978269349,0.002263566978269349
2018-01-10,-0.0015299230506967687,-0.0015299230506966577,-0.0015299230506967687
2018-01-11,0.00729616287367052,0.00729616287367052,0.00729616287367052
2018-01-12,0.006519203886003355,0.006519203886003355,0.006519203886003355
2018-01-16,-0.003418673849963194,-0.003418673849963194,-0.003418673849963194
2018-01-17,0.009531758310115324,0.009531758310115546,0.009531758310115324
2018-01-18,-0.0016808410972969368,-0.0016808410972971588,-0.0016808410972969368
2018-01-19,0.004549713333354077,0.004549713333354299,0.004549713333354077
2018-01-22,0.008130557691373275,0.008130557691373275,0.008130557691373275
2018-01-23,0.0021227699435746317,0.0021227699435746317,0.0021227699435746317
2018-01-24,-0.00038822709932162525,-0.00038822709932173627,-0.00038822709932162525
2018-01-25,0.00042381920542133855,0.00042381920542133855,0.00042381920542133855
2018-01-26,0.011577761894707495,0.011577761894707495,0.011577761894707495
2018-01-29,-0.006630127841302125,-0.006630127841302125,-0.006630127841302125
2018-01-30,-0.010256882954202573,-0.010256882954202462,-0.010256882954202573
2018-01-31,0.0004970713419818473,0.0004970713419818473,0.0004970713419818473
2018-02-01,-0.0011355632741827382,-0.0011355632741827382,-0.0011355632741827382
2018-02-02,-0.02176990483455743,-0.02176990483455754,-0.02176990483455743
2018-02-05,-0.04182224417093183,-0.04182224417093183,-0.04182224417093183
2018-02-06,0.01970183311049012,0.01970183311049012,0.01970183311049012
2018-02-07,-0.005424497381336324,-0.005424497381336213,-0.005424497381336324
2018-02-08,-0.0375092703984079,-0.03750927039840801,-0.0375092703984079
2018-02-09,0.015021660237433787,0.015021660237433787,0.015021660237433787
2018-02-12,0.014684543672399908,0.014684543672399908,0.014684543672399908
2018-02-13,0.00248740145184545,0.00248740145184545,0.00248740145184545
2018-02-14,0.013496201843272049,0.01349620184327227,0.013496201843272049
2018-02-15,0.012760258571196115,0.012760258571196115,0.012760258571196115
2018-02-16,0.0002928584342496432,0.0002928584342496432,0.0002928584342496432
2018-02-20,-0.006261214234073664,-0.006261214234073775,-0.006261214234073664
2018-02-21,-0.004974211832767805,-0.004974211832767805,-0.004974211832767805
2018-02-22,0.001296176823578854,0.001296176823578854,0.001296176823578854
2018-02-23,0.015939238904999042,0.015939238904999042,0.015939238904999042
2018-02-26,0.01161231789491679,0.01161231789491679,0.01161231789491679
2018-02-27,-0.012486532226350877,-0.012486532226350988,-0.012486532226350877
2018-02-28,-0.010129819402294626,-0.010129819402294515,-0.010129819402294626
2018-03-01,-0.014540916580615404,-0.014540916580615404,-0.014540916580615404
2018-03-02,0.005154848195324746,0.005154848195324746,0.005154848195324746
2018-03-05,0.011558126675881963,0.011558126675881963,0.011558126675881963
2018-03-06,0.002534971240559347,0.002534971240559125,0.002534971240559347
2018-03-07,-0.0003665775519043901,-0.0003665775519042791,-0.0003665775519043901
2018-03-08,0.004839052341124805,0.004839052341124805,0.004839052341124805
2018-03-09,0.017402475797139383,0.017402475797139383,0.017402475797139383
2018-03-12,-0.0012549941877011417,-0.0012549941877011417,-0.0012549941877011417
2018-03-13,-0.006463089957696511,-0.006463089957696733,-0.006463089957696511
2018-03-14,-0.0051315817477212144,-0.005131581747721103,-0.0051315817477212144
2018-03-15,-0.0010893697775582467,-0.0010893697775582467,-0.0010893697775582467
2018-03-16,0.0010845385680275932,0.0010845385680275932,0.0010845385680275932
2018-03-19,-0.013530684374158608,-0.013530684374158608,-0.013530684374158608
2018-03-20,0.0017006838729141105,0.0017006838729141105,0.0017006838729141105
2018-03-21,-0.0019192203215481207,-0.0019192203215482317,-0.0019192203215481207
2018-03-22,-0.024997006281226364,-0.024997006281226253,-0.024997006281226364
2018-03-23,-0.021314665920538767,-0.021314665920538878,-0.021314665920538767
2018-03-26,0.027359041341031398,0.027359041341031398,0.027359041341031398
2018-03-27,-0.017011694099533403,-0.017011694099533403,-0.017011694099533403
2018-03-28,-0.0029548072322920227,-0.0029548072322919117,-0.0029548072322920227
2018-03-29,0.01277765629043004,0.01277765629043004,0.01277765629043004
2018-04-02,-0.021584575176795462,-0.021584575176795462,-0.021584575176795462
2018-04-03,0.0007703392401023912,0.003777160489697007,0.012816721761802263
2018-04-04,-0.0005834172713762298,-0.0005834172713762298,0.010699054971383015
2018-04-05,-0.002531381318143011,-0.002531381318143122,0.007892464780515418
2018-04-06,0.00439185604466763,0.00439185604466763,-0.022285970943954014
2018-04-09,0.0001938928223499392,0.0001938928223499392,0.004928401332611632
2018-04-10,-0.0017477929731711805,-0.0017477929731711805,0.01590038551104045
2018-04-11,0.0009725238745854625,0.0009725238745854625,-0.0052424378802266025
2018-04-12,-0.003596810574628573,-0.003596810574628573,0.008227174474605414
2018-04-13,0.0008778702259233384,0.0008778702259233384,-0.00293297847576357
2018-04-16,-0.00048702409727607865,-0.00048702409727618967,0.008221875239717624
2018-04-17,0.0005852621982875839,0.0005852621982875839,0.010698321637781838
2018-04-18,-0.0038994657786702858,-0.0038994657786701747,0.0007403267123571311
2018-04-19,-0.002739211122972929,-0.0027392111229728178,-0.005547636737814443
2018-04-20,-0.0033371211616046725,-0.0033371211616047836,-0.00847946939613764
2018-04-23,-0.0009842877553164486,-0.0009842877553163376,-0.00014991035972367062
2018-04-24,-0.0011825676849569478,-0.0011825676849571698,-0.013467718640062798
2018-04-25,-0.0021707617846045135,-0.0021707617846042915,0.002471797644137075
2018-04-26,0.0028675573868310877,0.0028675573868310877,0.010165758222081767
2018-04-27,0.001676022417573808,0.001676022417573808,0.0009390542700380422
2018-04-30,0.001083186109826606,0.001083186109826606,-0.0076910025732381815
2018-05-01,-0.0015670771315678955,-0.0015670771315677845,0.001776924260432411
2018-05-02,-0.008478633412182579,-0.005499600763446244,-0.006717451541688013
2018-05-03,-0.002203610149055679,-0.002203610149055568,-0.002203610149055568
2018-05-04,0.01294668293000778,0.01294668293000778,0.012946682930007558
2018-05-07,0.0033832361756538365,0.0033832361756538365,0.0033832361756540585
2018-05-08,0.0,0.0,0.0
2018-05-09,0.009665691593165437,0.00966569159316566,0.00966569159316566
2018-05-10,0.009350416423010266,0.009350416423010266,0.009350416423010266
2018-05-11,0.00305124763912068,0.00305124763912068,0.00305124763912068
2018-05-14,0.00047671839649621184,0.0004767183964959898,0.00047671839649621184
2018-05-15,-0.006887094461925702,-0.006887094461925702,-0.006887094461925702
2018-05-16,0.004205045516890715,0.004205045516890715,0.004205045516890715
2018-05-17,-0.0008449713716942586,-0.0008449713716941476,-0.0008449713716942586
2018-05-18,-0.0024996065056123173,-0.0024996065056123173,-0.0024996065056120953
2018-05-21,0.007518314157885175,0.007518314157885175,0.007518314157885175
2018-05-22,-0.0027803393517307207,-0.0027803393517307207,-0.0027803393517307207
2018-05-23,0.002751868159878823,0.002751868159878823,0.002751868159878823
2018-05-24,-0.002048825299742041,-0.00204882529974193,-0.00204882529974193
2018-05-25,-0.002382692292155153,-0.002382692292155153,-0.002382692292155264
2018-05-29,-0.011501339232849128,-0.01150133923284924,-0.011501339232849128
2018-05-30,0.013344620071841451,0.013344620071841451,0.013344620071841451
2018-05-31,-0.006125639298309671,-0.006125639298309671,-0.00612563929830956
2018-06-01,0.00981801516332137,0.00981801516332137,0.00981801516332137
2018-06-04,0.004750878734009145,0.004750878734008923,0.004750878734008923
2018-06-05,0.0007276426493034727,0.0007276426493036947,0.0007276426493036947
2018-06-06,0.008360670536741166,0.008360670536741166,0.008360670536741166
2018-06-07,-0.00010798129408640111,-0.00010798129408640111,-0.00010798129408629009
2018-06-08,0.002956291509401243,0.002956291509401243,0.002956291509401243
2018-06-11,0.0013299003048887759,0.001329900304888998,0.0013299003048887759
2018-06-12,0.0012926847153256205,0.0012926847153256205,0.0012926847153256205
2018-06-13,-0.0031914827424862624,-0.0031914827424861514,-0.0031914827424862624
2018-06-14,0.0025180163948210765,0.0025180163948210765,0.0025180163948210765
2018-06-15,-0.001275458821172304,-0.0012754588211721929,-0.001275458821172304
2018-06-18,-0.0020571180198599714,-0.0020571180198600825,-0.0020571180198599714
2018-06-19,-0.003832913579683961,-0.003832913579683961,-0.003832913579683961
2018-06-20,0.001706315984209228,0.001706315984209228,0.001706315984209228
2018-06-21,-0.006269102629588574,-0.006269102629588685,-0.006269102629588574
2018-06-22,0.00182352292280763,0.00182352292280763,0.00182352292280763
2018-06-25,-0.013612948154032245,-0.013612948154032356,-0.013612948154032356
2018-06-26,0.00221400633141533,0.0022140063314155523,0.0022140063314155523
2018-06-27,-0.008284055286406411,-0.008284055286406411,-0.008284055286406411
2018-06-28,0.005717028481935893,0.005717028481935893,0.005717028481935893
2018-06-29,0.0014398674525986088,0.0014398674525986088,0.0014398674525986088
2018-07-02,0.0021377807903133483,0.0021377807903133483,0.0021377807903133483
2018-07-03,-0.0035309002066935546,-0.0035309002066936657,-0.0035309002066936657
2018-07-05,0.008157882585777099,0.008157882585777099,0.00815788258577732
2018-07-06,0.008458210097118446,0.008458210097118446,0.008458210097118446
2018-07-09,0.009004465912484605,0.009004465912484605,0.009004465912484605
2018-07-10,0.0035983287998042623,0.0035983287998042623,0.0035983287998042623
2018-07-11,-0.007314261685950618,-0.007314261685950507,-0.007314261685950507
2018-07-12,0.009065713442555356,0.009065713442555579,0.009065713442555579
2018-07-13,0.0007876908721797804,0.0007876908721797804,0.0007876908721797804
2018-07-16,-0.0008943453865113415,-0.0008943453865113415,-0.0008943453865113415
2018-07-17,0.004045320003391861,0.004045320003391861,0.004045320003391861
2018-07-18,0.002103646120768854,0.002103646120768632,0.002103646120768632
2018-07-19,-0.003771360588163075,-0.003771360588163075,-0.003771360588163075
2018-07-20,-0.0011429969807824625,-0.0011429969807824625,-0.0011429969807824625
2018-07-23,0.001859649926955198,0.001859649926955198,0.001859649926955198
2018-07-24,0.0050319713835722535,0.0050319713835722535,0.0050319713835722535
2018-07-25,0.008522239603585335,0.008522239603585557,0.008522239603585557
2018-07-26,-0.002359018545113556,-0.002359018545113445,-0.002359018545113667
2018-07-27,-0.006776530766738675,-0.006776530766738786,-0.006776530766738675
2018-07-30,-0.005222945006732482,-0.005222945006732593,-0.005222945006732482
2018-07-31,0.004929266458104209,0.004929266458104209,0.004929266458104209
2018-08-01,-0.0016711394970367888,-0.0016711394970368998,-0.0016711394970367888
2018-08-02,0.005447984189256516,0.005447984189256516,0.005447984189256516
2018-08-03,0.0042845294653020005,0.0042845294653020005,0.0042845294653020005
2018-08-06,0.0036673428416968967,0.0036673428416968967,0.0036673428416968967
2018-08-07,0.003302320638059353,0.003302320638059353,0.003302320638059353
2018-08-08,-0.00042052121762758965,-0.00042052121762758965,-0.00042052121762747863
2018-08-09,-0.0013654078284350835,-0.0013654078284350835,-0.0013654078284350835
2018-08-10,-0.006700615806956356,-0.006700615806956356,-0.006700615806956356
2018-08-13,-0.0037432694368121355,-0.0037432694368122466,-0.0037432694368122466
2018-08-14,0.006380547457365715,0.006380547457365715,0.006380547457365715
2018-08-15,-0.007467328876730739,-0.007467328876730739,-0.007467328876730517
2018-08-16,0.008091643033774965,0.008091643033774742,0.008091643033774742
2018-08-17,0.00352017460192533,0.00352017460192533,0.003520174601925552
2018-08-20,0.0021400789883698756,0.0021400789883698756,0.0021400789883696536
2018-08-21,0.002345189066315756,0.002345189066315756,0.002345189066315756
2018-08-22,-0.0005937800140682903,-0.0005937800140682903,-0.0005937800140681793
2018-08-23,-0.0013278484670968815,-0.0013278484670969926,-0.0013278484670969926
2018-08-24,0.006018446897928964,0.006018446897928964,0.006018446897929186
2018-08-27,0.007894984483689305,0.007894984483689305,0.007894984483689083
2018-08-28,0.0004834080385962558,0.0004834080385962558,0.00048340803859647785
2018-08-29,0.005380828247328218,0.005380828247328218,0.005380828247327996
2018-08-30,-0.004048134246127599,-0.004048134246127377,-0.004048134246127377
2018-08-31,3.4042176352055975e-05,3.4042176352055975e-05,3.4042176352055975e-05
2018-09-04,-0.0017219874859982776,-0.0017219874859982776,-0.0017219874859982776
2018-09-05,-0.00269125615382515,-0.00269125615382515,-0.002691256153824928
2018-09-06,-0.003010309113196663,-0.003010309113196774,-0.003010309113196885
2018-09-07,-0.0019435428851407588,-0.0019435428851406478,-0.0019435428851407588
2018-09-10,0.001738874157978687,0.001738874157978687,0.001738874157978687
2018-09-11,0.0032975621679642853,0.0032975621679642853,0.0032975621679642853
2018-09-12,0.00024147750281411362,0.00024147750281411362,0.00024147750281433566
2018-09-13,0.005915188835533103,0.005915188835532881,0.005915188835533103
2018-09-14,0.0001719204788774853,0.0001719204788774853,0.0001719204788774853
2018-09-17,-0.0052943474731736995,-0.0052943474731736995,-0.0052943474731736995
2018-09-18,0.00542570869345238,0.00542570869345238,0.00542570869345238
2018-09-19,0.0010660419838810498,0.0010660419838810498,0.0010660419838810498
2018-09-20,0.008103970019819773,0.008103970019819773,0.00810397001981955
2018-09-21,-0.0009140483798300014,-0.0009140483798298904,-0.0009140483798296684
2018-09-24,-0.003321905325580188,-0.003321905325580521,-0.003321905325580632
2018-09-25,-0.0009277444403890112,-0.0009277444403889001,-0.0009277444403889001
2018-09-26,-0.002992148434981301,-0.00299214843498119,-0.002992148434981412
2018-09-27,0.0027940597809654744,0.0027940597809652523,0.0027940597809654744
2018-09-28,0.00010306826290351623,0.00010306826290329418,0.00010306826290351623
2018-10-01,0.0034742612062759193,0.0034742612062761413,0.0034742612062759193
2018-10-02,-0.0005827181502436884,-0.0005827181502436884,-0.0005827181502434664
2018-10-03,0.0005489616448888235,0.0005489616448888235,0.0005489616448886014
2018-10-04,-0.007815787813559294,-0.007815787813559405,-0.007815787813559183
2018-10-05,-0.005597030889530341,-0.005597030889530341,-0.005597030889530452
2018-10-08,0.0,0.0,0.0
2018-10-09,-0.0014590171604822455,-0.0014590171604823565,-0.0014590171604822455
2018-10-10,-0.031663474692038784,-0.03166347469203867,-0.031663474692038784
2018-10-11,-0.022026339969826392,-0.022026339969826392,-0.022026339969826503
2018-10-12,0.013888099858530678,0.013888099858530678,0.013888099858530678
2018-10-15,-0.005616912716155609,-0.005616912716155609,-0.005616912716155498
2018-10-16,0.021865855314946447,0.021865855314946447,0.021865855314946447
2018-10-17,0.00017818658803969711,0.00017818658803969711,0.00017818658803969711
2018-10-18,-0.014440967886746314,-0.014440967886746314,-0.014440967886746203
2018-10-19,-0.0005427313849886151,-0.0005427313849886151,-0.0005427313849886151
2018-10-22,-0.004488588264746407,-0.004488588264746518,-0.004488588264746518
2018-10-23,-0.005090636825546002,-0.005090636825545891,-0.005090636825545891
2018-10-24,-0.0302984910440115,-0.0302984910440115,-0.0302984910440115
2018-10-25,0.017940211525071526,0.017940211525071526,0.017940211525071526
2018-10-26,-0.01758709727625163,-0.01758709727625174,-0.01758709727625163
2018-10-29,-0.005540635399224891,-0.005540635399224891,-0.005540635399224891
2018-10-30,0.014818867257449408,0.014818867257449408,0.014818867257449186
2018-10-31,0.010680849563283523,0.010680849563283523,0.010680849563283523
2018-11-01,0.010641631660504913,0.010641631660504913,0.010641631660504913
2018-11-02,-0.0016709854003211788,0.0013285008728878278,-0.0059228925402705634
2018-11-05,0.000600222945235096,0.000600222945235096,0.005516643266578525
2018-11-06,-0.0010997332361378787,-0.0010997332361378787,0.006327870044667838
2018-11-07,0.0,0.0,0.021409228814528225
2018-11-08,-0.001401159377276473,-0.001401159377276473,-0.0018150877516831532
2018-11-09,0.003908832148497687,0.003908832148497687,-0.009767828065918138
2018-11-12,0.002994753022161678,0.002994753022161678,-0.018685488133020844
2018-11-13,0.0007962531385705685,0.0007962531385705685,-0.0018709756843833247
2018-11-14,0.002088800306921268,0.002088800306921268,-0.00683685848543103
2018-11-15,0.0006945096216188773,0.0006945096216188773,0.010436673058951795
2018-11-16,0.0030746248377355734,0.0030746248377355734,0.0026007865418542497
2018-11-19,0.001482787084004178,0.001482787084004178,-0.016914887527615607
2018-11-20,-0.0001973148749314646,-0.0001973148749314646,-0.018505862442727894
2018-11-21,-0.0001970799668168377,-0.0001970799668168377,0.0034076602222188335
2018-11-23,0.0005923607557347665,0.0005923607557347665,-0.006678799042735495
2018-11-26,-0.0007901071540055149,-0.0007901071540056259,0.016144262427891798
2018-11-27,0.0009880724496362792,0.0009880724496360571,0.0033645384755796037
2018-11-28,-9.861848367653803e-05,-9.861848367653803e-05,0.02302525762189922
2018-11-29,0.002565702035326689,0.002565702035326911,-0.0021851896556832617
2018-11-30,0.001969336233584418,0.001969336233584418,0.006095219537697094
2018-12-03,0.0021858992559022905,0.0021858992559022905,0.013241315865513359
2018-12-04,-0.03036671674976743,-0.02745344699538521,-0.032402384973374554
2018-12-06,-0.0015170253752517793,-0.0015170253752516683,-0.0015170253752517793
2018-12-07,-0.023235866825162654,-0.023235866825162654,-0.023235866825162543
2018-12-10,0.001897015380304623,0.001897015380304401,0.001897015380304623
2018-12-11,0.0002274374791173539,0.0002274374791173539,0.0002274374791173539
2018-12-12,0.005035240235142346,0.005035240235142346,0.005035240235142346
2018-12-13,-0.0003391754660616586,-0.0003391754660617696,-0.0003391754660617696
2018-12-14,-0.018464405343252555,-0.018464405343252555,-0.018464405343252444
2018-12-17,-0.019618786185908732,-0.01961878618590862,-0.019618786185908732
2018-12-18,-0.001096364794337612,-0.001096364794337612,-0.001096364794337723
2018-12-19,-0.014975824238063984,-0.014975824238064095,-0.014975824238063984
2018-12-20,-0.016277993963117132,-0.016277993963117132,-0.016277993963117243
2018-12-21,-0.020489440550005344,-0.020489440550005344,-0.020489440550005233
2018-12-24,-0.026422846529909227,-0.02642284652990934,-0.026422846529909227
2018-12-26,0.050524996530377786,0.050524996530377786,0.050524996530377564
2018-12-27,0.007677315346365177,0.007677315346365177,0.007677315346365177
2018-12-28,-0.001290218430713086,-0.001290218430713086,-0.001290218430713086
2018-12-31,0.00875904821779816,0.00875904821779816,0.00875904821779816
2019-01-02,0.0,0.0,0.0
2019-01-03,0.0060536318100985476,0.007562712257813686,-0.017668112031938854
2019-01-04,-0.0080764941203616,-0.0080764941203616,0.03349559021641402
2019-01-07,-0.002778073421733862,-0.002778073421733751,0.007884684958124
2019-01-08,-0.002497106751667255,-0.002497106751667366,0.00939526667311985
2019-01-09,0.0005778820882968994,0.0005778820882968994,0.004673487204997828
2019-01-10,-0.0004815117644354494,-0.0004815117644354494,0.003527636366311926
2019-01-11,0.0029845951916747104,0.0029845951916747104,0.00038620038073133856
2019-01-14,-0.0005758419965915529,-0.0005758419965916639,-0.006100957264578044
2019-01-15,-0.0009603780605473844,-0.0009603780605474954,0.011460977902915781
2019-01-16,-0.0005769931866300704,-0.0005769931866300704,0.002419974861054719
2019-01-17,-0.0018278899879451416,-0.0018278899879450305,0.007586703308684051
2019-01-18,-0.0031802665018080267,-0.0031802665018080267,0.013310017539516661
2019-01-22,0.003480571769692631,0.0034805717696924088,-0.013510722895772376
2019-01-23,-0.00048189124886210966,-0.00048189124886199863,0.002092363896330829
2019-01-24,0.0031810572376440582,0.0031810572376440582,0.0005315899726903162
2019-01-25,-0.0023058465199824463,-0.0023058465199825573,0.008461538012364933
2019-01-28,0.000288775055580448,0.000288775055580448,-0.007600298931966898
2019-01-29,0.0028890441814397594,0.0028890441814397594,-0.0013271787299771187
2019-01-30,0.0023038525873730897,0.0023038525873730897,0.015830981782868125
2019-01-31,0.004597378637960059,0.004597378637960059,0.008782701483493582
2019-02-01,-0.005350517391353948,-0.005350517391353948,0.0004811846721017865
2019-02-04,-0.0022088335161672967,-0.0022088335161672967,0.007035429145981764
2019-02-05,0.0017328597634171938,0.0017328597634171938,0.004191829484902154
2019-02-06,0.000768209595759739,0.0007682095957599611,-0.001318167075939236
2019-02-07,0.0032650974143269007,0.0032650974143269007,-0.009532570629879666
2019-02-08,0.0013403039927639693,0.0013403039927639693,0.0012215223657656704
2019-02-11,-0.001529688058325318,-0.001529688058325429,0.0005545083055178424
2019-02-12,-0.0013403847185587958,-0.0013403847185587958,0.012859346049142628
2019-02-13,-0.0024918469382093633,-0.0024918469382093633,0.0032470560493027545
2019-02-14,0.004709025054527638,0.00470902505452786,-0.002218387005808675
2019-02-15,-0.0009565302057914504,-0.0009565302057914504,0.010897479720999526
2019-02-19,0.0017233148971829149,0.0017233148971829149,0.0017303959406560487
2019-02-20,-0.00019159882192187894,-0.00019159882192187894,0.002015605433666412
2019-02-21,-0.002963500455859025,-0.002963500455858914,-0.003556143472617901
2019-02-22,0.002972308894623188,0.002972308894623188,0.006200419709908589
2019-02-25,-0.0015290443332396375,-0.0015290443332395265,0.0013607634928238799
2019-02-26,0.002967510957853303,0.002967510957853303,-0.0007149991316381943
2019-02-27,-0.0035316742152877723,-0.0035316742152877723,-0.0004296859815176024
2019-02-28,-0.0025870747124646654,-0.0025870747124646654,-0.0018628546525067957
2019-03-01,-0.003281254977230308,-0.003281254977230308,0.006244175192537504
2019-03-04,-0.009256702463670607,-0.006280007528658982,-0.003637790507828975
2019-03-05,-0.0013601710223044572,-0.0013601710223045682,-0.0013601710223045682
2019-03-06,-0.006056761177111958,-0.006056761177111958,-0.006056761177112069
2019-03-07,-0.008365353786963348,-0.008365353786963237,-0.008365353786963237
2019-03-08,-0.0020000467570852054,-0.0020000467570852054,-0.0020000467570850944
2019-03-11,0.014501129122705736,0.014501129122705958,0.014501129122705736
2019-03-12,0.00377106844298547,0.003771068442985248,0.003771068442985248
2019-03-13,0.006619284127661107,0.006619284127661107,0.006619284127661107
2019-03-14,-0.0006398103142016831,-0.0006398103142016831,-0.0006398103142017941
2019-03-15,0.0049405249852108035,0.0049405249852108035,0.0049405249852108035
2019-03-18,0.00362593298254299,0.00362593298254299,0.00362593298254299
2019-03-19,0.00024776986021057823,0.00024776986021057823,0.00024776986021057823
2019-03-20,-0.0030095164307166744,-0.0030095164307166744,-0.0030095164307165634
2019-03-21,0.011294508899890365,0.011294508899890365,0.011294508899890365
2019-03-22,-0.019246316050036794,-0.019246316050036683,-0.019246316050036683
2019-03-25,-0.0007521175061521168,-0.0007521175061522278,-0.0007521175061521168
2019-03-26,0.007454172903694989,0.007454172903694989,0.007454172903694989
2019-03-27,-0.005229316973724307,-0.005229316973724307,-0.005229316973724307
2019-03-28,0.003790579290930518,0.003790579290930518,0.003790579290930518
2019-03-29,0.006305500243529272,0.00630550024352905,0.006305500243529272
2019-04-01,0.011859216336003175,0.011859216336003175,0.011859216336003175
2019-04-02,0.0004898291947015299,0.0004898291947015299,0.0004898291947015299
2019-04-03,0.0015736631394085432,0.0015736631394085432,0.0015736631394083211
2019-04-04,0.0026532044585343417,0.0026532044585341197,0.0026532044585343417
2019-04-05,0.004840290566821892,0.004840290566822114,0.004840290566821892
2019-04-08,0.0007624566442752112,0.0007624566442752112,0.0007624566442752112
2019-04-09,-0.005124445600397376,-0.005124445600397487,-0.005124445600397487
2019-04-10,0.0034106662602624294,0.0034106662602626514,0.0034106662602624294
2019-04-11,-0.00027754766910748074,-0.00027754766910748074,-0.00027754766910748074
2019-04-12,0.006765655435348572,0.006765655435348572,0.006765655435348794
2019-04-15,-0.0006545463335607682,-0.0006545463335606572,-0.0006545463335607682
2019-04-16,0.0006549750450750569,0.0006549750450750569,0.0006549750450750569
2019-04-17,-0.00244686270122052,-0.002446862701220409,-0.00244686270122052
2019-04-18,0.001969161333717384,0.001969161333717384,0.001969161333717384
2019-04-22,0.0008621923376883611,0.0008621923376881391,0.0008621923376881391
2019-04-23,0.00899173212483273,0.00899173212483273,0.00899173212483273
2019-04-24,-0.0022194137729674157,-0.0022194137729673047,-0.0022194137729674157
2019-04-25,-0.0006160044647798291,-0.0006160044647798291,-0.0006160044647799401
2019-04-26,0.004656982273155252,0.004656982273155252,0.004656982273155474
2019-04-29,0.0015677604397061895,0.0015677604397061895,0.0015677604397061895
2019-04-30,0.0005102597667125952,0.0005102597667125952,0.0005102597667125952
2019-05-01,-0.007516818751677756,-0.007516818751677645,-0.007516818751677756
2019-05-02,-0.00215882774090137,-0.002158827740901481,-0.002158827740901481
2019-05-03,0.00978801177283617,0.00978801177283617,0.009788011772836391
2019-05-06,-0.004115292100278944,-0.004115292100278833,-0.0041152921002790555
2019-05-07,-0.016699422259710328,-0.01669942225971044,-0.016699422259710328
2019-05-08,-0.0013895915090531563,-0.0013895915090530453,-0.0013895915090530453
2019-05-09,-0.0030258063912580457,-0.0030258063912581568,-0.0030258063912580457
2019-05-10,0.005023435294274181,0.005023435294274181,0.005023435294273959
2019-05-13,-0.025130438913886,-0.02513043891388589,-0.025130438913886
2019-05-14,0.009043990377985534,0.009043990377985534,0.009043990377985756
2019-05-15,0.005857706251938488,0.005857706251938488,0.005857706251938488
2019-05-16,0.00926112114205302,0.00926112114205302,0.00926112114205302
2019-05-17,-0.0064650923123060755,-0.0064650923123060755,-0.0064650923123060755
2019-05-20,-0.006612044848290477,-0.006612044848290477,-0.006612044848290477
2019-05-21,0.009015295130750056,0.009015295130750278,0.009015295130750056
2019-05-22,-0.0030713987003508914,-0.0030713987003510024,-0.0030713987003510024
2019-05-23,-0.012218544341037862,-0.012218544341037751,-0.012218544341037751
2019-05-24,0.0022685396821873205,0.0022685396821873205,0.0022685396821870984
2019-05-28,-0.009300754974060799,-0.009300754974060799,-0.009300754974060688
2019-05-29,-0.006710609208876894,-0.006710609208876894,-0.006710609208876783
2019-05-30,0.002731034573894453,0.002731034573894453,0.002731034573894453
2019-05-31,-0.013475212527762181,-0.013475212527762181,-0.013475212527762293
2019-06-03,-0.0025427302245734085,-0.0025427302245734085,-0.0025427302245732974
2019-06-04,0.021706621726524933,0.02170662172652471,0.02170662172652471
2019-06-05,0.008662168159436323,0.008662168159436323,0.008662168159436323
2019-06-06,0.006502578914892032,0.00650257891489181,0.00650257891489181
2019-06-07,0.010006980084850126,0.010006980084850348,0.010006980084850126
2019-06-10,0.004589016733120621,0.004589016733120621,0.004589016733120399
2019-06-11,-0.00024213548652851635,-0.00024213548652862737,-0.00024213548652840533
2019-06-12,-0.0017653653908005218,-0.0017653653908005218,-0.0017653653908005218
2019-06-13,0.004126352575871239,0.004126352575871239,0.004126352575871239
2019-06-14,-0.0011048924737504517,-0.0011048924737504517,-0.0011048924737504517
2019-06-17,0.00038008343943851663,0.00038008343943851663,0.00038008343943851663
2019-06-18,0.010470856123007577,0.010470856123007355,0.010470856123007355
2019-06-19,0.0022572927089736794,0.0022572927089736794,0.0022572927089736794
2019-06-20,0.009554547138143743,0.009554547138143965,0.009554547138143743
2019-06-21,-0.001453849848026545,-0.001453849848026656,-0.001453849848026545
2019-06-24,-0.00122419672894436,-0.001224196728944471,-0.001224196728944471
2019-06-25,-0.009808116418850155,-0.009808116418850155,-0.009808116418850155
2019-06-26,-0.0009974257349590898,-0.0009974257349590898,-0.0009974257349592008
2019-06-27,0.003545743958231151,0.0035457439582313732,0.0035457439582313732
2019-06-28,0.005146039249199763,0.005146039249199763,0.005146039249199541
2019-07-01,0.009078316467368897,0.009078316467368897,0.009078316467369119
2019-07-02,0.0026044901841686396,0.0026044901841686396,0.0026044901841684176
2019-07-03,0.007995266805708834,0.007995266805708834,0.007995266805708834
2019-07-05,-0.0011380785478316557,-0.0011380785478318778,-0.0011380785478316557
2019-07-08,-0.005495021988262017,-0.005495021988262017,-0.005495021988261906
2019-07-09,0.0012469272028761136,0.0012469272028761136,0.0012469272028761136
2019-07-10,0.0047779823567981605,0.0047779823567981605,0.0047779823567981605
2019-07-11,0.0023444404048491574,0.0023444404048489353,0.0023444404048491574
2019-07-12,0.004476859202404482,0.004476859202404704,0.004476859202404482
2019-07-15,0.00033235767365868973,0.0003323576736584677,0.0003323576736584677
2019-07-16,-0.003225243129726385,-0.003225243129726274,-0.003225243129726163
2019-07-17,-0.006804793285358657,-0.006804793285358546,-0.006804793285358657
2019-07-18,0.0036607117556224367,0.0036607117556224367,0.0036607117556224367
2019-07-19,-0.005554776956242069,-0.005554776956242069,-0.00555477695624218
2019-07-22,0.0024563676339615093,0.002456367633961287,0.002456367633961287
2019-07-23,0.007149722298366079,0.007149722298366301,0.007149722298366301
2019-07-24,0.004699554551389928,0.004699554551389706,0.004699554551389928
2019-07-25,-0.0047767145870601935,-0.0047767145870601935,-0.0047767145870600825
2019-07-26,0.006700070828448812,0.006700070828449034,0.006700070828448812
2019-07-29,-0.0018213624248690774,-0.0018213624248691884,-0.0018213624248689664
2019-07-30,-0.0024544575993770135,-0.0024544575993770135,-0.0024544575993770135
2019-07-31,-0.010940236080142496,-0.010940236080142607,-0.010940236080142607
2019-08-01,-0.008708191510037433,-0.008708191510037322,-0.008708191510037322
2019-08-02,-0.0075295046763189655,-0.0075295046763190765,-0.0075295046763190765
2019-08-05,-0.030072832464719812,-0.0300728324647197,-0.0300728324647197
2019-08-06,0.014022759876988422,0.0140227598769882,0.014022759876988422
2019-08-07,0.0005907884565257149,0.0005907884565257149,0.0005907884565257149
2019-08-08,0.01961982182795774,0.01961982182795796,0.01961982182795774
2019-08-09,-0.006811496999133193,-0.006811496999133193,-0.006811496999133082
2019-08-12,-0.012173514556663156,-0.012173514556663267,-0.012173514556663267
2019-08-13,0.01555183081030842,0.01555183081030842,0.01555183081030842
2019-08-14,-0.02956769216104338,-0.02956769216104349,-0.02956769216104338
2019-08-15,0.0026419587350297036,0.0026419587350297036,0.0026419587350297036
2019-08-16,0.014754960498849723,0.014754960498849723,0.014754960498849723
2019-08-19,0.012048018932232507,0.012048018932232507,0.012048018932232507
2019-08-20,-0.007662771299021154,-0.007662771299021154,-0.007662771299021043
2019-08-21,0.008135547369639617,0.008135547369639395,0.008135547369639617
2019-08-22,-0.000308076683866787,-0.00030807668386667597,-0.000308076683866787
2019-08-23,-0.025687536225232566,-0.025687536225232566,-0.025687536225232677
2019-08-26,0.011058363306560626,0.011058363306560626,0.011058363306560626
2019-08-27,-0.003923345866815753,-0.003923345866815642,-0.003923345866815642
2019-08-28,0.007041576436231933,0.007041576436231933,0.007041576436231711
2019-08-29,0.01277284209928764,0.01277284209928764,0.01277284209928764
2019-08-30,-0.0004440171297500628,-0.0004440171297500628,-0.0004440171297499518
2019-09-03,-0.005847316314925521,-0.005847316314925521,-0.005847316314925632
2019-09-04,0.0113501544199055,0.0113501544199055,0.011350154419905722
2019-09-05,0.012855659613108639,0.012855659613108639,0.012855659613108639
2019-09-06,0.0007720619606459422,0.0007720619606459422,0.0007720619606459422
2019-09-09,0.0005032834498757133,0.0005032834498757133,0.0005032834498757133
2019-09-10,-0.00023452778500909766,-0.00023452778500898663,-0.00023452778500909766
2019-09-11,0.007110791161183627,0.007110791161183627,0.007110791161183849
2019-09-12,0.0034641047158139315,0.0034641047158139315,0.0034641047158139315
2019-09-13,-0.000663978065331583,-0.000663978065331805,-0.000663978065331583
2019-09-16,-0.00308891918888643,-0.0030889191888863188,-0.0030889191888863188
2019-09-17,0.0025321419814714474,0.0025321419814714474,0.0025321419814712254
2019-09-18,0.0005982475501744577,0.0005982475501744577,0.0005982475501746798
2019-09-19,-6.684482951868631e-05,-6.684482951857529e-05,-6.684482951879733e-05
2019-09-20,-0.004724467225724949,-0.004724467225724949,-0.004724467225724727
2019-09-23,-0.00023485703572656558,-0.00023485703572645455,-0.0002348570357266766
2019-09-24,-0.007846882029623359,-0.00784688202962347,-0.007846882029623359
2019-09-25,0.0059148069896088895,0.0059148069896088895,0.0059148069896086675
2019-09-26,-0.002083156733802549,-0.002083156733802438,-0.002083156733802438
2019-09-27,-0.005387290042865089,-0.0053872900428653114,-0.0053872900428653114
2019-09-30,0.004637664876704806,0.004637664876704806,0.004637664876704806
2019-10-01,-0.011894434591577019,-0.011894434591576908,-0.011894434591577019
2019-10-02,-0.01766489955944439,-0.01766489955944439,-0.01766489955944428
2019-10-03,0.008192454357178747,0.008192454357178747,0.008192454357178969
2019-10-04,0.013532454582607434,0.013532454582607212,0.013532454582607212
2019-10-07,-0.004314807710553259,-0.004314807710553148,-0.004314807710553037
2019-10-08,-0.015524138327866921,-0.01552413832786681,-0.015524138327867032
2019-10-09,0.009495940372685752,0.009495940372685752,0.009495940372685974
2019-10-10,0.006763675599713137,0.006763675599713137,0.006763675599713137
2019-10-11,0.010366855231971117,0.010366855231971117,0.01036685523197134
2019-10-14,-0.0011137952950345253,-0.0011137952950345253,-0.0011137952950345253
2019-10-15,0.009900058065358097,0.009900058065358097,0.009900058065358097
2019-10-16,-0.0016057166174798798,-0.0016057166174799908,-0.0016057166174799908
2019-10-17,0.0029489439355911973,0.0029489439355911973,0.0029489439355911973
2019-10-18,-0.004376713351534112,-0.004376713351534001,-0.004376713351534001
2019-10-21,0.006778773509141356,0.006778773509141134,0.006778773509141356
2019-10-22,-0.0032667834145981844,-0.0032667834145981844,-0.0032667834145982955
2019-10-23,0.0029097652425404963,0.0029097652425407183,0.0029097652425407183
2019-10-24,0.001634215547294815,0.001634215547294371,0.001634215547294593
2019-10-25,0.004094818051379789,0.004094818051380011,0.004094818051380011
2019-10-28,0.005636699066540629,0.005636699066540629,0.005636699066540407
2019-10-29,-0.00029680233020423774,-0.0002968023302041267,-0.0002968023302039047
2019-10-30,0.0030672376218152664,0.0030672376218150443,0.0030672376218150443
2019-10-31,-0.0026633998053988694,-0.0026633998053988694,-0.0026633998053989805
2019-11-01,0.009263899490793426,0.009263899490793426,0.009263899490793648
2019-11-04,0.004017641176288667,0.0040176411762884445,0.0040176411762884445
2019-11-05,-0.00110619930285627,-0.00110619930285627,-0.001106199302856381
2019-11-06,0.00022805405408377055,0.00022805405408377055,0.00022805405408377055
2019-11-07,0.0035166791302667644,0.0035166791302665423,0.0035166791302667644
2019-11-08,0.0024661819303306576,0.0024661819303308796,0.0024661819303306576
2019-11-11,-0.0019098805806062602,-0.0019098805806063712,-0.0019098805806062602
2019-11-12,0.002108017060587164,0.002108017060587164,0.002108017060587164
2019-11-13,0.00032396395660860833,0.00032396395660860833,0.0003239639566083863
2019-11-14,0.0014555106830380637,0.0014555106830380637,0.0014555106830382858
2019-11-15,0.007236250002724098,0.007236250002723876,0.007236250002723876
2019-11-18,0.0007377572590392401,0.0007377572590392401,0.0007377572590392401
2019-11-19,-0.00028861579325067943,-0.00028861579325079045,-0.00028861579325079045
2019-11-20,-0.0037183797427075005,-0.0037183797427075005,-0.0037183797427075005
2019-11-21,-0.0016091827279245408,-0.0016091827279245408,-0.0016091827279246518
2019-11-22,0.0022238970115446843,0.0022238970115446843,0.0022238970115446843
2019-11-25,0.007750423688599017,0.007750423688599017,0.007750423688599017
2019-11-26,0.002265506026693842,0.002265506026693842,0.002265506026693842
2019-11-27,0.004457626772822021,0.004457626772822243,0.004457626772822243
2019-11-29,-0.0037088235168341033,-0.0037088235168342143,-0.0037088235168342143
2019-12-02,-0.008494734760325362,-0.008494734760325251,-0.008494734760325362
2019-12-03,-0.006706539880194318,-0.006706539880194207,-0.006706539880194207
2019-12-04,0.006170201638297623,0.006170201638297401,0.006170201638297401
2019-12-05,0.001798049889062181,0.001798049889062181,0.001798049889062181
2019-12-06,0.009133879137866785,0.009133879137866785,0.009133879137866785
2019-12-09,-0.0031442171972495547,-0.0031442171972495547,-0.0031442171972496658
2019-12-10,-0.0011148484053316032,-0.0011148484053316032,-0.0011148484053314922
2019-12-11,0.0028388019005956,0.0028388019005956,0.002838801900595378
2019-12-12,0.008618984421294051,0.008618984421294051,0.008618984421294051
2019-12-13,0.0005990921621346068,0.0005990921621346068,0.0005990921621346068
2019-12-16,0.006869650739520283,0.006869650739520283,0.006869650739520283
2019-12-17,0.00021957549301032664,0.00021957549301032664,0.00021957549301032664
2019-12-18,6.237530216668397e-05,6.237530216668397e-05,6.237530216646192e-05
2019-12-19,0.004098572159026981,0.004098572159026981,0.004098572159027203
2019-12-20,0.0043846487997949435,0.0043846487997949435,0.0043846487997947214
2019-12-23,0.0015277235945236889,0.0015277235945236889,0.0015277235945234668
2019-12-24,3.1241357036693174e-05,3.1241357036693174e-05,3.124135703691522e-05
2019-12-26,0.0053232982403204065,0.0053232982403201845,0.0053232982403201845
2019-12-27,-0.00024776824107930473,-0.0002477682410791937,-0.0002477682410791937
2019-12-30,-0.005513377966925748,-0.005513377966925748,-0.00551337796692597
2019-12-31,0.002429526027089457,0.002429526027089235,0.002429526027089457
2020-01-02,0.0,0.0,0.0
2020-01-03,0.00238855810737304,0.0038921409445340505,0.00238855810737304
2020-01-06,0.0038152832439215523,0.0038152832439213302,0.0038152832439215523
2020-01-07,-0.0028118528818330546,-0.0028118528818328326,-0.0028118528818330546
2020-01-08,0.005329755550281812,0.005329755550281812,0.005329755550281812
2020-01-09,0.0067804661417889545,0.0067804661417889545,0.0067804661417889545
2020-01-10,-0.002877492195425324,-0.002877492195425435,-0.002877492195425324
2020-01-13,0.006877169885747048,0.006877169885747048,0.006877169885747048
2020-01-14,-0.0015249969630035665,-0.0015249969630035665,-0.0015249969630035665
2020-01-15,0.002260495972536969,0.002260495972536969,0.002260495972536969
2020-01-16,0.008317891007862288,0.008317891007862288,0.008317891007862288
2020-01-17,0.0031127864007414185,0.0031127864007411965,0.0031127864007414185
2020-01-21,-0.00195827324949005,-0.001958273249489939,-0.00195827324949005
2020-01-22,0.00012065673735683902,0.00012065673735661697,0.00012065673735683902
2020-01-23,0.0011469617264452392,0.0011469617264452392,0.0011469617264452392
2020-01-24,-0.008893010688934666,-0.008893010688934555,-0.008893010688934666
2020-01-27,-0.016029751322992225,-0.016029751322992225,-0.016029751322992225
2020-01-28,0.010479243979687025,0.010479243979687025,0.010479243979687025
2020-01-29,-0.0008260108082667195,-0.0008260108082667195,-0.0008260108082667195
2020-01-30,0.0032456332437516,0.003245633243751822,0.0032456332437516
2020-01-31,-0.018158023632194653,-0.018158023632194653,-0.018158023632194653
2020-02-03,0.007428663290228954,0.007428663290229176,0.007428663290228954
2020-02-04,0.015241192111092428,0.015241192111092206,0.015241192111092428
2020-02-05,0.01154786328116475,0.01154786328116475,0.01154786328116475
2020-02-06,0.0033647741920910246,0.0033647741920912466,0.0033647741920910246
2020-02-07,-0.00532990929597188,-0.005329909295971991,-0.00532990929597188
2020-02-10,0.007465808778101879,0.007465808778101879,0.007465808778101879
2020-02-11,0.0017329068991756014,0.0017329068991756014,0.0017329068991756014
2020-02-12,0.0064429103959131595,0.0064429103959129375,0.0064429103959131595
2020-02-13,-0.0010671099562912234,-0.0010671099562908903,-0.0010671099562912234
2020-02-14,0.001602076116987483,0.001602076116987261,0.001602076116987483
2020-02-18,-0.002576977522802948,-0.002576977522803059,-0.002576977522802948
2020-02-19,0.004781235715548782,0.004781235715548782,0.004781235715548782
2020-02-20,-0.004108035419256861,-0.004108035419256972,-0.004108035419256861
2020-02-21,-0.010298507299150494,-0.010298507299150383,-0.010298507299150494
2020-02-24,-0.033165192706187896,-0.033165192706187896,-0.033165192706187896
2020-02-25,-0.03030250035341009,-0.0303025003534102,-0.03030250035341009
2020-02-26,-0.0036777114305662773,-0.0036777114305662773,-0.0036777114305662773
2020-02-27,-0.04491196842596934,-0.04491196842596923,-0.04491196842596934
2020-02-28,-0.004201612889578987,-0.004201612889578987,-0.004201612889578987
2020-03-02,0.04330670169869144,0.04330670169869144,0.04330670169869144
2020-03-03,-0.028632444942784607,-0.028632444942784607,-0.028632444942784607
2020-03-04,0.04203305440523253,0.04203305440523253,0.04203305440523253
2020-03-05,-0.033241739261780534,-0.03324173926178042,-0.033241739261780534
2020-03-06,-0.016531288938967048,-0.016531288938967048,-0.016531288938967048
2020-03-09,-0.07809450006566832,-0.07809450006566832,-0.07809450006566832
2020-03-10,0.051744830302423495,0.051744830302423495,0.051744830302423495
2020-03-11,-0.04874798973163064,-0.04874798973163064,-0.04874798973163064
2020-03-12,-0.095677395598736,-0.095677395598736,-0.095677395598736
2020-03-13,0.08548639013424397,0.08548639013424397,0.08548639013424397
2020-03-16,-0.1094236335014227,-0.1094236335014227,-0.1094236335014227
2020-03-17,0.053991772334476495,0.053991772334476495,0.053991772334476495
2020-03-18,-0.05063299458072379,-0.0506329945807239,-0.05063299458072379
2020-03-19,0.002125239940806045,0.002125239940806045,0.002125239940806045
2020-03-20,-0.04309433305065269,-0.04309433305065269,-0.04309433305065269
2020-03-23,-0.025568138523694217,-0.025568138523694106,-0.025568138523694217
2020-03-24,0.09060325945836323,0.09060325945836323,0.09060325945836323
2020-03-25,0.01497006419427338,0.01497006419427338,0.01497006419427338
2020-03-26,0.058389801015809706,0.05838980101580993,0.058389801015809706
2020-03-27,-0.029785584237364437,-0.029785584237364437,-0.029785584237364437
2020-03-30,0.03247584880882304,0.03247584880882304,0.03247584880882304
2020-03-31,-0.014905529724725253,-0.014905529724725253,-0.014905529724725253
2020-04-01,-0.045004900814416104,-0.045004900814416215,-0.045004900814416104
2020-04-02,-0.009485072195600353,-0.006509063398992154,0.023075440836357375
2020-04-03,0.0007387775678120434,0.0007387775678122654,-0.014454213187073739
2020-04-06,-0.004510551476523239,-0.00451055147652335,0.0671662975485614
2020-04-07,-0.004448352898372421,-0.004448352898372421,0.0010195491269802126
2020-04-08,-0.0012411376108909522,-0.0012411376108911742,0.03356793814381742
2020-04-09,0.0021538198495019145,0.0021538198495019145,0.015217755403604372
2020-04-13,-0.0021491908795252535,-0.0021491908795253645,-0.00913018179105407
2020-04-14,0.0013254905561308483,0.0013254905561308483,0.02949265553853886
2020-04-15,0.008936016481348563,0.008936016481348563,-0.021248006061267977
2020-04-16,0.0010661798929829658,0.0010661798929827437,0.004824532504223766
2020-04-17,-0.002621743869815285,-0.002621743869815063,0.02701541437451538
2020-04-20,0.0026286354787676824,0.0026286354787674604,-0.01761792701018139
2020-04-21,0.002785285599550935,0.002785285599551157,-0.030363410362569065
2020-04-22,-0.003104384573640706,-0.003104384573640706,0.02219467451727386
2020-04-23,0.0006557060482297317,0.0006557060482297317,-7.202978745535216e-05
2020-04-24,0.0002455631684958881,0.0002455631684958881,0.01393921622956995
2020-04-27,-0.005321876041999518,-0.005321876041999518,0.014418117628747007
2020-04-28,0.004362714711426019,0.004362714711425797,-0.004598357707802592
2020-04-29,-0.0004915621903818224,-0.0004915621903816003,0.026178474524117146
2020-04-30,-0.0023783164459045825,-0.0023783164459048045,-0.009310530711402754
2020-05-01,0.0013823858256627464,0.0013823858256627464,-0.026473717709630806
2020-05-04,0.00016444258864023453,0.00016444258864045658,0.0027585248316792654
2020-05-05,-0.0007390961758019232,-0.0007390961758019232,0.009239093535952758
2020-05-06,-0.0036996154727472197,-0.0036996154727471087,-0.0067785306887658825
2020-05-07,0.006106039914034245,0.006106039914034023,0.012066759479465672
2020-05-08,-0.0032807100283485102,-0.003280710028348399,0.01654585573021472
2020-05-11,-0.002797450058979911,-0.002797450058980022,0.00020560472548591946
2020-05-12,0.003300372053380851,0.003300372053380629,-0.019931801630628243
2020-05-13,0.00205612237218733,0.00205612237218733,-0.017685689496996226
2020-05-14,0.0015595437806150692,0.0015595437806150692,0.011967268280660637
2020-05-15,-0.0006555308031476192,-0.0006555308031475082,0.004596910866530468
2020-05-18,-0.006150303814974389,-0.0061503038149745,0.030459762478702856
2020-05-19,0.0028051410660721032,0.0028051410660721032,-0.010271667061036216
2020-05-20,0.000246898234821602,0.000246898234821602,0.016988668849524435
2020-05-21,0.0006585279479953687,0.0006585279479953687,-0.006904290715352257
2020-05-22,0.0018904363976739447,0.0018904363976739447,0.0018991757640549611
2020-05-26,-0.002625571213181521,-0.002625571213181521,0.012320564624969776
2020-05-27,0.0008230060902598701,0.0008230060902596481,0.014879188592889836
2020-05-28,-0.000904326276555345,-0.000904326276555234,-0.0018452723826944961
2020-05-29,0.0032081568132409366,0.0032081568132407146,0.004455959895920403
2020-06-01,-0.0003938148772858474,-0.0003938148772857364,0.004041693629930343
2020-06-02,0.0008288117733976641,0.00383580870411393,0.00827995513085944
2020-06-03,0.013308505317488617,0.013308505317488617,0.013308505317488839
2020-06-04,-0.0026265506498130975,-0.0026265506498130975,-0.0026265506498133195
2020-06-05,0.025629317200602797,0.025629317200602575,0.025629317200602797
2020-06-08,0.012087458431206954,0.012087458431206954,0.012087458431206954
2020-06-09,-0.007456434446094451,-0.007456434446094451,-0.007456434446094562
2020-06-10,-0.005580172331298816,-0.005580172331298816,-0.005580172331298816
2020-06-11,-0.0576492051790346,-0.05764920517903449,-0.05764920517903449
2020-06-12,0.01197603394647051,0.011976033946470288,0.011976033946470288
2020-06-15,0.009335495415337514,0.009335495415337514,0.009335495415337514
2020-06-16,0.01924768189870063,0.01924768189870063,0.01924768189870063
2020-06-17,-0.00415368916451031,-0.004153689164510199,-0.004153689164510199
2020-06-18,0.0003851007032451559,0.00038510070324493384,0.0003851007032451559
2020-06-19,-0.005715104573400076,-0.005715104573399965,-0.005715104573400076
2020-06-22,0.006415295272893307,0.006415295272893307,0.006415295272893307
2020-06-23,0.004603532476432859,0.004603532476432859,0.004603532476432859
2020-06-24,-0.025508729402108132,-0.025508729402108243,-0.025508729402108243
2020-06-25,0.010720647348678947,0.010720647348679169,0.010720647348679169
2020-06-26,-0.02375143458911344,-0.02375143458911355,-0.02375143458911355
2020-06-29,0.014697573691864418,0.014697573691864418,0.01469757369186464
2020-06-30,0.012809467195298962,0.012809467195298962,0.012809467195298962
2020-07-01,0.007004819988407851,0.007004819988407851,0.007004819988407851
2020-07-02,0.005507103731598795,0.005507103731598795,0.005507103731598795
2020-07-06,0.015437067944463756,0.015437067944463534,0.015437067944463756
2020-07-07,-0.010313855204298839,-0.01031385520429895,-0.010313855204298839
2020-07-08,0.007648858467744546,0.007648858467744546,0.007648858467744546
2020-07-09,-0.005693045614445724,-0.005693045614445724,-0.005693045614445835
2020-07-10,0.010210502723494441,0.010210502723494663,0.010210502723494663
2020-07-13,-0.008658769402027255,-0.008658769402027255,-0.008658769402027255
2020-07-14,0.012959151297302629,0.012959151297302629,0.012959151297302629
2020-07-15,0.009187027828373662,0.009187027828373662,0.00918702782837344
2020-07-16,-0.0032933694760687304,-0.0032933694760686194,-0.0032933694760686194
2020-07-17,0.002898818776914336,0.002898818776914336,0.002898818776914336
2020-07-20,0.008081604743493509,0.008081604743493509,0.008081604743493509
2020-07-21,0.002127915871626085,0.002127915871626085,0.002127915871626085
2020-07-22,0.005691899055724869,0.005691899055724869,0.005691899055724869
2020-07-23,-0.011931927671168685,-0.011931927671168685,-0.011931927671168796
2020-07-24,-0.006440254832891346,-0.006440254832891235,-0.006440254832891346
2020-07-27,0.007292431816570133,0.007292431816569911,0.007292431816570133
2020-07-28,-0.006342468204663887,-0.006342468204663887,-0.006342468204663998
2020-07-29,0.012298681890286156,0.012298681890286378,0.012298681890286378
2020-07-30,-0.0035677044882919118,-0.003567704488292023,-0.003567704488292023
2020-07-31,0.007902156008822603,0.007902156008822603,0.007902156008822603
2020-08-03,0.006951998045748864,0.006951998045748864,0.006951998045748864
2020-08-04,0.0038626236074412734,0.0038626236074412734,0.0038626236074412734
2020-08-05,0.006211131361955724,0.006211131361955946,0.006211131361955946
2020-08-06,0.0066843397954086115,0.0066843397954086115,0.0066843397954086115
2020-08-07,0.0007179109695008012,0.0007179109695008012,0.0007179109695008012
2020-08-10,0.002988934626810602,0.002988934626810602,0.002988934626810602
2020-08-11,-0.008254721767575468,-0.008254721767575468,-0.008254721767575357
2020-08-12,0.013942490346746439,0.013942490346746439,0.013942490346746439
2020-08-13,-0.0018077211608321653,-0.0018077211608322763,-0.0018077211608321653
2020-08-14,2.978545203569105e-05,2.978545203569105e-05,2.9785452035469007e-05
2020-08-17,0.0031762970093140996,0.0031762970093140996,0.0031762970093140996
2020-08-18,0.002160605429621043,0.002160605429621043,0.002160605429621043
2020-08-19,-0.004163763310597979,-0.004163763310597979,-0.004163763310597868
2020-08-20,0.0031136162070781737,0.0031136162070781737,0.0031136162070781737
2020-08-21,0.003547345304731886,0.003547345304731664,0.003547345304731886
2020-08-24,0.010133234849614592,0.010133234849614814,0.010133234849614592
2020-08-25,0.0034993464276431574,0.0034993464276431574,0.0034993464276429354
2020-08-26,0.010025272669016427,0.010025272669016427,0.01002527266901665
2020-08-27,0.002186768725431776,0.002186768725431776,0.002186768725431776
2020-08-28,0.006459299204947699,0.006459299204947699,0.006459299204947699
2020-08-31,-0.0036223561736881127,-0.0036223561736881127,-0.0036223561736882237
2020-09-01,0.009418680192174067,0.009418680192173845,0.009418680192173845
2020-09-02,0.014463789649124648,0.014463789649124648,0.01446378964912487
2020-09-03,-0.03441424403026838,-0.03441424403026838,-0.03441424403026849
2020-09-04,-0.00816468449578489,-0.00816468449578489,-0.008164684495784669
2020-09-08,-0.02732321673380711,-0.027323216733807,-0.02732321673380722
2020-09-09,0.01974764827884412,0.01974764827884412,0.01974764827884412
2020-09-10,-0.017363720977525143,-0.017363720977525143,-0.017363720977525143
2020-09-11,0.0005092193273708023,0.0005092193273708023,0.0005092193273708023
2020-09-14,0.013171208607333673,0.013171208607333673,0.013171208607333451
2020-09-15,0.0050521954519346934,0.005052195451934471,0.0050521954519346934
2020-09-16,-0.003968762027309891,-0.003968762027310002,-0.003968762027310002
2020-09-17,-0.008795010686260096,-0.008795010686260096,-0.008795010686260207
2020-09-18,-0.011512776702263583,-0.011512776702263583,-0.011512776702263583
2020-09-21,-0.011129301640450007,-0.011129301640450007,-0.011129301640450007
2020-09-22,0.01018410154046201,0.010184101540462231,0.010184101540462231
2020-09-23,-0.023190888134050125,-0.023190888134050236,-0.023190888134050236
2020-09-24,0.002664981764267882,0.002664981764268104,0.002664981764268104
2020-09-25,0.016167604097701016,0.016167604097700794,0.016167604097700794
2020-09-28,0.01660881375940293,0.01660881375940293,0.01660881375940293
2020-09-29,-0.005445657582880847,-0.005445657582880958,-0.005445657582880847
2020-09-30,0.007582001464812249,0.007582001464812249,0.007582001464812471
2020-10-01,0.006419932786187799,0.006419932786187799,0.006419932786187577
2020-10-02,-0.009494398794593906,-0.009494398794593906,-0.009494398794593795
2020-10-05,0.017733066386504737,0.017733066386504737,0.017733066386504515
2020-10-06,-0.014215865581074794,-0.014215865581074905,-0.014215865581074905
2020-10-07,0.017406543129391938,0.017406543129391938,0.017406543129391938
2020-10-08,0.008862617198674316,0.008862617198674316,0.008862617198674094
2020-10-09,0.008930095930531845,0.008930095930531845,0.008930095930532067
2020-10-12,0.016087624129604405,0.016087624129604627,0.016087624129604627
2020-10-13,-0.006526381173558082,-0.006526381173558082,-0.006526381173558193
2020-10-14,-0.006283289726677577,-0.006283289726677688,-0.006283289726677688
2020-10-15,-0.0012358265106896527,-0.0012358265106897637,-0.0012358265106896527
2020-10-16,-0.0006043475507833129,-0.0006043475507833129,-0.0006043475507832019
2020-10-19,-0.015203287230199147,-0.015203287230199036,-0.015203287230199147
2020-10-20,0.004005682488809503,0.004005682488809281,0.004005682488809281
2020-10-21,-0.0018929013309282317,-0.0018929013309282317,-0.0018929013309282317
2020-10-22,0.0054853816480975315,0.0054853816480975315,0.0054853816480977535
2020-10-23,0.003395041754625572,0.003395041754625572,0.003395041754625794
2020-10-26,-0.018479935366158107,-0.018479935366158107,-0.018479935366158107
2020-10-27,-0.003447552059625214,-0.003447552059625214,-0.003447552059625214
2020-10-28,-0.034178519553998976,-0.03417851955399909,-0.03417851955399909
2020-10-29,0.010163277320645037,0.010163277320645037,0.010163277320645037
2020-10-30,-0.010424715690027897,-0.010424715690027897,-0.010424715690027786
2020-11-02,0.011208276120075356,0.011208276120075134,0.011208276120075356
2020-11-03,0.017655987224070024,0.017655987224070024,0.017655987224070024
2020-11-04,0.02234947128117737,0.02234947128117759,0.02234947128117759
2020-11-05,0.01950261009833909,0.01950261009833909,0.01950261009833887
2020-11-06,-0.00022862441977111736,-0.00022862441977111736,-0.00022862441977100634
2020-11-09,0.012565690217154035,0.012565690217154035,0.012565690217153813
2020-11-10,-0.001466646210516953,-0.001466646210516953,-0.001466646210516842
2020-11-11,0.007428862806788228,0.007428862806788228,0.00742886280678845
2020-11-12,-0.009700932595727352,-0.00970093259572724,-0.009700932595727352
2020-11-13,0.013844186020804505,0.013844186020804505,0.013844186020804727
2020-11-16,0.0124826866766643,0.0124826866766643,0.012482686676664079
2020-11-17,-0.00537823454497921,-0.005378234544979099,-0.005378234544978988
2020-11-18,-0.01203486417527444,-0.01203486417527444,-0.012034864175274329
2020-11-19,0.004210042602859954,0.004210042602859954,0.0042100426028597315
2020-11-20,-0.006847549676456399,-0.006847549676456399,-0.006847549676456399
2020-11-23,0.005994388426275865,0.005994388426275643,0.005994388426275865
2020-11-24,0.016113854627079816,0.016113854627079816,0.016113854627079816
2020-11-25,-0.001541813621014687,-0.001541813621014687,-0.001541813621014687
2020-11-27,0.0027849330777589554,0.0027849330777589554,0.0027849330777589554
2020-11-30,-0.0044271044918761104,-0.0044271044918761104,-0.004427104491875999
2020-12-01,0.010937581250257677,0.010937581250257677,0.010937581250257455
2020-12-02,0.002103516060226296,0.002103516060226296,0.002103516060226296
2020-12-03,-0.000272705359855574,-0.000272705359855685,-0.000272705359855685
2020-12-04,0.008617421755840793,0.008617421755840793,0.008617421755840793
2020-12-07,-0.0020548053665060406,-0.0020548053665059296,-0.0020548053665060406
2020-12-08,0.002926291467487463,0.002926291467487241,0.002926291467487241
2020-12-09,-0.008969038760209602,-0.008969038760209491,-0.008969038760209602
2020-12-10,-0.0003269584699606698,-0.0003269584699606698,-0.0003269584699605588
2020-12-11,-0.0011724730926673255,-0.0011724730926673255,-0.0011724730926675475
2020-12-14,-0.004477158263714531,-0.004477158263714531,-0.00447715826371442
2020-12-15,0.01351928267608371,0.01351928267608371,0.01351928267608371
2020-12-16,0.0015694040517124641,0.0015694040517124641,0.0015694040517124641
2020-12-17,0.005591928401434743,0.005591928401434743,0.005591928401434743
2020-12-18,-0.003992912313974584,-0.003992912313974362,-0.003992912313974473
2020-12-21,-0.003575274426252273,-0.003575274426252384,-0.003575274426252273
2020-12-22,-0.0016853631179639672,-0.0016853631179638562,-0.0016853631179640782
2020-12-23,0.0008985176567017916,0.0008985176567017916,0.0008985176567017916
2020-12-24,0.0038904098734411363,0.0038904098734411363,0.0038904098734411363
2020-12-28,0.008590700003830554,0.008590700003830332,0.008590700003830554
2020-12-29,-0.001907706118177921,-0.0019077061181778099,-0.0019077061181778099
2020-12-30,0.001426706743954398,0.001426706743954398,0.001426706743954398
2020-12-31,0.00508117542658959,0.00508117542658959,0.00508117542658959
2021-01-04,0.0,0.0,0.0
2021-01-05,0.007263840493520357,0.008774736254260507,0.007263840493520357
2021-01-06,0.005978739282975543,0.0059787392829753205,0.005978739282975543
2021-01-07,0.014857398591648252,0.014857398591648252,0.014857398591648252
2021-01-08,0.005697673903205525,0.005697673903205525,0.005697673903205525
2021-01-11,-0.006740521258104981,-0.006740521258104981,-0.006740521258104981
2021-01-12,0.0002108989148625895,0.00021089891486236745,0.0002108989148625895
2021-01-13,0.002693091437587114,0.002693091437587114,0.002693091437587114
2021-01-14,-0.0035021994367678833,-0.0035021994367678833,-0.0035021994367678833
2021-01-15,-0.007292538691798689,-0.007292538691798689,-0.007292538691798689
2021-01-19,0.007851771105696459,0.007851771105696237,0.007851771105696459
2021-01-20,0.013839013097133979,0.013839013097133979,0.013839013097133979
2021-01-21,0.0009118153381688643,0.0009118153381690863,0.0009118153381688643
2021-01-22,-0.0035398409172407996,-0.0035398409172407996,-0.0035398409172407996
2021-01-25,0.003943782299774989,0.003943782299774767,0.003943782299774989
2021-01-26,-0.0015606874087463751,-0.0015606874087463751,-0.0015606874087463751
2021-01-27,-0.024440685049319066,-0.024440685049318955,-0.024440685049319066
2021-01-28,0.008600241997579916,0.008600241997579916,0.008600241997579916
2021-01-29,-0.020019576876670553,-0.020019576876670664,-0.020019576876670553
2021-02-01,0.01664561525715702,0.01664561525715702,0.01664561525715702
2021-02-02,0.014140216066375721,0.014140216066375721,0.014140216066375721
2021-02-03,0.0007862383335790479,0.0007862383335788259,0.0007862383335790479
2021-02-04,0.011365743471086764,0.011365743471086986,0.011365743471086764
2021-02-05,0.003935830596076828,0.00393583059607705,0.003935830596076828
2021-02-08,0.007221973890623401,0.007221973890623401,0.007221973890623401
2021-02-09,-0.0006658564794110866,-0.0006658564794111976,-0.0006658564794110866
2021-02-10,-0.00043572922210732834,-0.00043572922210732834,-0.00043572922210732834
2021-02-11,0.0016153757076717845,0.0016153757076717845,0.0016153757076717845
2021-02-12,0.004939589201850225,0.004939589201850225,0.004939589201850225
2021-02-16,-0.0008659020704113729,-0.0008659020704113729,-0.0008659020704113729
2021-02-17,0.00022936602340872803,0.00022936602340895007,0.00022936602340872803
2021-02-18,-0.004255859037820553,-0.004255859037820775,-0.004255859037820553
2021-02-19,-0.0017659490913861653,-0.0017659490913861653,-0.0017659490913861653
2021-02-22,-0.007691607850319415,-0.007691607850319304,-0.007691607850319415
2021-02-23,0.0012140343081108451,0.001214034308110623,0.0012140343081108451
2021-02-24,0.011019343007416138,0.01101934300741636,0.011019343007416138
2021-02-25,-0.02409566512161443,-0.02409566512161454,-0.02409566512161443
2021-02-26,-0.005152474997699108,-0.005152474997699108,-0.005152474997699108
2021-03-01,0.024240099608968668,0.024240099608968446,0.024240099608968668
2021-03-02,-0.007803333136561452,-0.00780333313656123,-0.007803333136561452
2021-03-03,-0.0132457545276089,-0.0132457545276089,-0.0132457545276089
2021-03-04,-0.012374798212103966,-0.012374798212103966,-0.012374798212103966
2021-03-05,0.01839651087988492,0.018396510879885142,0.01839651087988492
2021-03-08,-0.0049784486516053494,-0.0049784486516053494,-0.0049784486516053494
2021-03-09,0.014277267854460929,0.014277267854460929,0.014277267854460929
2021-03-10,0.006224730408761703,0.006224730408761481,0.006224730408761703
2021-03-11,0.010138971182605427,0.010138971182605871,0.010138971182605427
2021-03-12,0.0013468616165202008,0.0013468616165202008,0.0013468616165202008
2021-03-15,0.005963553968804769,0.005963553968804769,0.005963553968804769
2021-03-16,-0.0012612751138161293,-0.0012612751138160183,-0.0012612751138161293
2021-03-17,0.0034101179231544876,0.0034101179231542655,0.0034101179231544876
2021-03-18,-0.014549719642337311,-0.014549719642337089,-0.014549719642337311
2021-03-19,-0.0018503857186512596,-0.0018503857186513706,-0.0018503857186512596
2021-03-22,0.007984916517992824,0.007984916517992824,0.007984916517992824
2021-03-23,-0.007870719803094284,-0.007870719803094395,-0.007870719803094284
2021-03-24,-0.005083693985145743,-0.005083693985145521,-0.005083693985145743
2021-03-25,0.005625509791168382,0.0056255097911681595,0.005625509791168382
2021-03-26,0.01611520510962028,0.01611520510962028,0.01611520510962028
2021-03-29,-0.0005050677201268172,-0.0005050677201268172,-0.0005050677201268172
2021-03-30,-0.0026529869357009295,-0.0026529869357009295,-0.0026529869357009295
2021-03-31,0.004053336989545242,0.004053336989545464,0.004053336989545242
2021-04-01,0.01079898770728227,0.01079898770728227,0.01079898770728227
2021-04-05,0.014353000912468827,0.014353000912468827,0.014353000912468827
2021-04-06,-0.0005904381348361687,-0.0005904381348362797,-0.0005904381348361687
2021-04-07,0.0011571532122607309,0.0011571532122605088,0.0011571532122607309
2021-04-08,0.004746921580444985,0.004746921580445207,0.004746921580444985
2021-04-09,0.007270308611095455,0.007270308611095233,0.007270308611095455
2021-04-12,0.00036440318762598345,0.00036440318762598345,0.00036440318762598345
2021-04-13,0.002963706265906252,0.002963706265906474,0.002963706265906252
2021-04-14,-0.003415264904160109,-0.003415264904159998,-0.003415264904160109
2021-04-15,0.010742401381259592,0.01074240138125937,0.010742401381259592
2021-04-16,0.003342692028694305,0.003342692028694305,0.003342692028694305
2021-04-19,-0.004913119828336532,-0.004913119828336199,-0.004913119828336532
2021-04-20,-0.0073217139981323065,-0.0073217139981324175,-0.0073217139981323065
2021-04-21,0.009462360108296153,0.009462360108296153,0.009462360108296153
2021-04-22,-0.009133401844107936,-0.009133401844108047,-0.009133401844107936
2021-04-23,0.010842672320402036,0.010842672320402036,0.010842672320402036
2021-04-26,0.002087401351984264,0.002087401351984264,0.002087401351984264
2021-04-27,-0.00021523336345175004,-0.00021523336345175004,-0.00021523336345175004
2021-04-28,-0.00028764262280056574,-0.0002876426228004547,-0.00028764262280056574
2021-04-29,0.006372995324324782,0.00637299532432456,0.006372995324324782
2021-04-30,-0.006570694776350083,-0.006570694776349861,-0.006570694776350083
2021-05-03,0.0021568442127644083,0.0021568442127641863,0.0021568442127644083
2021-05-04,-0.006169431801958725,-0.006169431801958725,-0.006169431801958725
2021-05-05,0.00031297818855713366,0.00031297818855713366,0.00031297818855713366
2021-05-06,0.007985753323809686,0.007985753323809686,0.007985753323809686
2021-05-07,0.007277860569789407,0.007277860569789185,0.007277860569789407
2021-05-10,-0.009902623861569038,-0.009902623861568927,-0.009902623861569038
2021-05-11,-0.008924620863319688,-0.008924620863319799,-0.008924620863319688
2021-05-12,-0.021245312338954547,-0.021245312338954547,-0.021245312338954547
2021-05-13,0.012012699945362248,0.012012699945362248,0.012012699945362248
2021-05-14,0.015355355231965184,0.015355355231965184,0.015355355231965184
2021-05-17,-0.0025446452045313483,-0.0025446452045314594,-0.0025446452045313483
2021-05-18,-0.008615570162786246,-0.008615570162786135,-0.008615570162786246
2021-05-19,-0.002621857416333584,-0.002621857416333695,-0.002621857416333584
2021-05-20,0.01075798678127704,0.010757986781277262,0.01075798678127704
2021-05-21,-0.0008187903933760676,-0.0008187903933761786,-0.0008187903933760676
2021-05-24,0.010194355752125794,0.010194355752125572,0.010194355752125794
2021-05-25,-0.0022186729861383148,-0.0022186729861383148,-0.0022186729861383148
2021-05-26,0.0019846702362358304,0.0019846702362358304,0.0019846702362358304
2021-05-27,0.0005248848963783637,0.0005248848963783637,0.0005248848963783637
2021-05-28,0.001788669452209124,0.001788669452209124,0.001788669452209124
2021-06-01,-0.0008809713013512299,-0.0008809713013513409,-0.0008809713013512299
2021-06-02,0.001572716829588039,0.001572716829588261,0.001572716829588039
2021-06-03,-0.003711230760408135,-0.003711230760408135,-0.003711230760408135
2021-06-04,0.009145641655499137,0.009145641655498915,0.009145641655499137
2021-06-07,-0.0009702075941184773,-0.0009702075941183663,-0.0009702075941184773
2021-06-08,0.00021336515271785927,0.00021336515271785927,0.00021336515271785927
2021-06-09,-0.0014919931644392648,-0.0014919931644393758,-0.0014919931644392648
2021-06-10,0.004648250980785473,0.004648250980785473,0.004648250980785473
2021-06-11,0.0016525140369889613,0.0016525140369889613,0.0016525140369889613
2021-06-14,0.0022388539098872062,0.002238853909886984,0.0022388539098872062
2021-06-15,-0.001834142291169627,-0.001834142291169627,-0.001834142291169627
2021-06-16,-0.005583327260126558,-0.005583327260126447,-0.005583327260126558
2021-06-17,-0.00033158392084065014,-0.00033158392084065014,-0.00033158392084065014
2021-06-18,-0.013490338228166254,-0.013490338228166143,-0.013490338228166254
2021-06-21,0.014316035145870876,0.014316035145870876,0.014316035145870876
2021-06-22,0.0053461357899979856,0.005346135789998208,0.0053461357899979856
2021-06-23,-0.0012052395544164263,-0.0012052395544165373,-0.0012052395544164263
2021-06-24,0.005915503387092791,0.005915503387092791,0.005915503387092791
2021-06-25,0.003552053484238815,0.003552053484238815,0.003552053484238815
2021-06-28,0.0020158852339571265,0.0020158852339571265,0.0020158852339571265
2021-06-29,0.0005383154646545485,0.0005383154646547705,0.0005383154646545485
2021-06-30,0.0008417081302440899,0.0008417081302436458,0.0008417081302440899
2021-07-01,0.005536470299454255,0.005536470299454477,0.005536470299454255
2021-07-02,0.0076435279410072,0.0076435279410072,0.0076435279410072
2021-07-06,-0.0018214823523000634,-0.0018214823523000634,-0.0018214823523000634
2021-07-07,0.00353385610924839,0.003533856109248612,0.00353385610924839
2021-07-08,-0.008147715015089818,-0.008147715015089929,-0.008147715015089818
2021-07-09,0.010674565188096619,0.01067456518809684,0.010674565188096619
2021-07-12,0.003582062181022083,0.003582062181021861,0.003582062181022083
2021-07-13,-0.0034090862284404944,-0.0034090862284404944,-0.0034090862284404944
2021-07-14,0.001492260953441793,0.001492260953441793,0.001492260953441793
2021-07-15,-0.0034155007412670635,-0.0034155007412669525,-0.0034155007412670635
2021-07-16,-0.007843370216515821,-0.007843370216515821,-0.007843370216515821
2021-07-19,-0.014767986923154508,-0.014767986923154619,-0.014767986923154508
2021-07-20,0.014330404990878565,0.014330404990878343,0.014330404990878565
2021-07-21,0.008096174823552404,0.008096174823552627,0.008096174823552404
2021-07-22,0.0020943007044604833,0.0020943007044602613,0.0020943007044604833
2021-07-23,0.010287704846807078,0.010287704846807078,0.010287704846807078
2021-07-26,0.002455094289028237,0.002455094289028237,0.002455094289028237
2021-07-27,-0.004557784059542214,-0.004557784059542103,-0.004557784059542214
2021-07-28,-0.00041001189548972583,-0.00041001189548983685,-0.00041001189548972583
2021-07-29,0.004147376305794204,0.004147376305793982,0.004147376305794204
2021-07-30,-0.004856295259186072,-0.004856295259186072,-0.004856295259186072
2021-08-02,-0.002098229444887023,-0.002098229444887023,-0.002098229444887023
2021-08-03,0.008135738363774347,0.008135738363774347,0.008135738363774347
2021-08-04,-0.004919276175308518,-0.004919276175308296,-0.004919276175308518
2021-08-05,0.006332913972587173,0.006332913972586951,0.006332913972587173
2021-08-06,0.0016525119114676468,0.0016525119114676468,0.0016525119114676468
2021-08-09,-0.0008132787695330768,-0.0008132787695330768,-0.0008132787695330768
2021-08-10,0.0012437879086935055,0.0012437879086937276,0.0012437879086935055
2021-08-11,0.002484929302334349,0.002484929302334127,0.002484929302334349
2021-08-12,0.002996784370488559,0.002996784370488781,0.002996784370488559
2021-08-13,0.0018201725953972403,0.0018201725953972403,0.0018201725953972403
2021-08-16,0.0023544158547013083,0.0023544158547013083,0.0023544158547013083
2021-08-17,-0.006555187973096399,-0.006555187973096399,-0.006555187973096399
2021-08-18,-0.010945064584911401,-0.010945064584911401,-0.010945064584911401
2021-08-19,0.0015482596705671536,0.0015482596705673757,0.0015482596705671536
2021-08-20,0.007957122061817978,0.007957122061817756,0.007957122061817978
2021-08-23,0.00879672556769262,0.00879672556769262,0.00879672556769262
2021-08-24,0.0015872541907666626,0.0015872541907666626,0.0015872541907666626
2021-08-25,0.002098419820750985,0.002098419820750985,0.002098419820750985
2021-08-26,-0.0059031282343174896,-0.0059031282343174896,-0.0059031282343174896
2021-08-27,0.00894090402343628,0.008940904023436058,0.00894090402343628
2021-08-30,0.004397467108962605,0.004397467108962827,0.004397467108962605
2021-08-31,-0.0014812880351373625,-0.0014812880351374735,-0.0014812880351373625
2021-09-01,0.0005314161853522403,0.0005314161853524624,0.0005314161853522403
2021-09-02,0.0030764616235630093,0.0030764616235627873,0.0030764616235630093
2021-09-03,-0.00024290343494204336,-0.00024290343494193234,-0.00024290343494204336
2021-09-07,-0.0035753698350161622,-0.0035753698350161622,-0.0035753698350161622
2021-09-08,-0.0012181561751476444,-0.0012181561751475334,-0.0012181561751476444
2021-09-09,-0.004280397855445428,-0.004280397855445539,-0.004280397855445428
2021-09-10,-0.007884654206780861,-0.007884654206780861,-0.007884654206780861
2021-09-13,0.0025594782926405824,0.0025594782926408044,0.0025594782926405824
2021-09-14,-0.005396438573365359,-0.005396438573365359,-0.005396438573365359
2021-09-15,0.008352513676311624,0.008352513676311624,0.008352513676311624
2021-09-16,-0.001585276449892814,-0.001585276449892814,-0.001585276449892814
2021-09-17,-0.009740946114425886,-0.009740946114425997,-0.009740946114425886
2021-09-20,-0.01667434948370894,-0.016674349483708828,-0.01667434948370894
2021-09-21,-0.0009447129788767716,-0.0009447129788768827,-0.0009447129788767716
2021-09-22,0.009755012194987867,0.009755012194987867,0.009755012194987867
2021-09-23,0.012149979332359617,0.012149979332359617,0.012149979332359617
2021-09-24,0.0016473311100926313,0.0016473311100926313,0.0016473311100926313
2021-09-27,-0.002861017287015377,-0.002861017287015488,-0.002861017287015377
2021-09-28,-0.02015188381978017,-0.02015188381978017,-0.02015188381978017
2021-09-29,0.0016832615568036502,0.0016832615568036502,0.0016832615568036502
2021-09-30,-0.012222361496838974,-0.012222361496838863,-0.012222361496838974
2021-10-01,0.011884327280136997,0.011884327280136997,0.011884327280136997
2021-10-04,-0.012896261105424633,-0.012896261105424744,-0.012896261105424633
2021-10-05,0.010404922601927158,0.010404922601927158,0.010404922601927158
2021-10-06,0.00415598007600626,0.00415598007600626,0.00415598007600626
2021-10-07,0.008645708705106392,0.008645708705106392,0.008645708705106392
2021-10-08,-0.001823632558234256,-0.0018236325582344781,-0.001823632558234256
2021-10-11,-0.00723974738606703,-0.007239747386066808,-0.00723974738606703
2021-10-12,-0.0024614980437046574,-0.0024614980437047684,-0.0024614980437046574
2021-10-13,0.003597630083474357,0.003597630083474579,0.003597630083474357
2021-10-14,0.01682082847824895,0.01682082847824895,0.01682082847824895
2021-10-15,0.007615542520026386,0.007615542520026386,0.007615542520026386
2021-10-18,0.0029603325103315647,0.0029603325103315647,0.0029603325103315647
2021-10-19,0.007715093650185745,0.007715093650185745,0.007715093650185745
2021-10-20,0.003927606348205215,0.003927606348205215,0.003927606348205215
2021-10-21,0.0026083527292575237,0.0026083527292575237,0.0026083527292575237
2021-10-22,-0.0010362100192337076,-0.0010362100192338186,-0.0010362100192337076
2021-10-25,0.005362773549228761,0.005362773549228761,0.005362773549228761
2021-10-26,0.0009000342437031073,0.0009000342437028852,0.0009000342437031073
2021-10-27,-0.004430217649496471,-0.00443021764949636,-0.004430217649496471
2021-10-28,0.009648910449911119,0.009648910449910897,0.009648910449911119
2021-10-29,0.002029176197748228,0.00202917619774845,0.002029176197748228
2021-11-01,0.0017200600493494367,0.0017200600493496587,0.0017200600493494367
2021-11-02,0.004043179448625089,0.004043179448625089,0.004043179448625089
2021-11-03,0.006105265031711049,0.006105265031710827,0.006105265031711049
2021-11-04,0.004712578357497943,0.004712578357497943,0.004712578357497943
2021-11-05,0.0034695671947455597,0.0034695671947455597,0.0034695671947455597
2021-11-08,0.0008537203550846861,0.0008537203550846861,0.0008537203550846861
2021-11-09,-0.0033053010479855427,-0.0033053010479855427,-0.0033053010479855427
2021-11-10,-0.008044953669156585,-0.008044953669156696,-0.008044953669156585
2021-11-11,0.0003237379971499088,0.00032373799714968676,0.0003237379971499088
2021-11-12,0.007546493606379379,0.007546493606379379,0.007546493606379379
2021-11-15,0.00034250678938541057,0.00034250678938541057,0.00034250678938541057
2021-11-16,0.003957897188071158,0.003957897188071158,0.003957897188071158
2021-11-17,-0.0024292040132970483,-0.0024292040132970483,-0.0024292040132970483
2021-11-18,0.003396398451554594,0.003396398451554594,0.003396398451554594
2021-11-19,-0.0017881701531110572,-0.0017881701531111682,-0.0017881701531110572
2021-11-22,-0.002815273861006551,-0.00281527386100644,-0.002815273861006551
2021-11-23,0.001325952030557298,0.001325952030557298,0.001325952030557298
2021-11-24,0.0026699268984593516,0.0026699268984593516,0.0026699268984593516
2021-11-26,-0.022303137197962175,-0.022303137197962064,-0.022303137197962175
2021-11-29,0.01226665407884786,0.01226665407884786,0.01226665407884786
2021-11-30,-0.01945774783697074,-0.01945774783697063,-0.01945774783697074
2021-12-01,-0.011107221187110827,-0.011107221187110938,-0.011107221187110827
2021-12-02,0.01531637869389968,0.01531637869389968,0.01531637869389968
2021-12-03,-0.008701426575988491,-0.008701426575988713,-0.008701426575988491
2021-12-06,0.011843417699721082,0.011843417699721082,0.011843417699721082
2021-12-07,0.02068474258430708,0.02068474258430708,0.02068474258430708
2021-12-08,0.0026479531544385537,0.0026479531544385537,0.0026479531544385537
2021-12-09,-0.006751637248578635,-0.006751637248578524,-0.006751637248578635
2021-12-10,0.00941362464499318,0.00941362464499318,0.00941362464499318
2021-12-13,-0.008858385467373608,-0.008858385467373608,-0.008858385467373608
2021-12-14,-0.006879993554988806,-0.006879993554988695,-0.006879993554988806
2021-12-15,0.015624969192423288,0.015624969192423288,0.015624969192423288
2021-12-16,-0.008818311214292551,-0.00881831121429233,-0.008818311214292551
2021-12-17,-0.01064301806473067,-0.01064301806473067,-0.01064301806473067
2021-12-20,-0.010633355409267242,-0.010633355409267242,-0.010633355409267242
2021-12-21,0.017758823509654187,0.017758823509654187,0.017758823509654187
2021-12-22,0.009998795089018797,0.00999879508901902,0.009998795089018797
2021-12-23,0.006222071624005343,0.006222071624005121,0.006222071624005343
2021-12-27,0.014152304037380992,0.014152304037380992,0.014152304037380992
2021-12-28,-0.0008172525028188327,-0.0008172525028186106,-0.0008172525028188327
2021-12-29,0.0012791776389848852,0.0012791776389846632,0.0012791776389848852
2021-12-30,-0.002764413050813319,-0.002764413050813319,-0.002764413050813319
2021-12-31,-0.002520379669829431,-0.002520379669829542,-0.002520379669829431
2022-01-03,0.0,0.0,0.0
2022-01-04,-0.004977391438572232,-0.003484857525730134,-0.004977391438572232
2022-01-05,-0.01920201479298711,-0.019202014792987,-0.01920201479298711
2022-01-06,-0.0009395128389212415,-0.0009395128389212415,-0.0009395128389212415
2022-01-07,-0.003953361232545971,-0.003953361232545971,-0.003953361232545971
2022-01-10,-0.0012445144398554042,-0.0012445144398555152,-0.0012445144398554042
2022-01-11,0.009108359337260952,0.009108359337260952,0.009108359337260952
2022-01-12,0.0027035177708931712,0.0027035177708933933,0.0027035177708931712
2022-01-13,-0.01377859103890422,-0.013778591038904331,-0.01377859103890422
2022-01-14,0.0004090452475156159,0.00040904524751583793,0.0004090452475156159
2022-01-18,-0.017709580758721977,-0.017709580758721977,-0.017709580758721977
2022-01-19,-0.010383589964794715,-0.010383589964794715,-0.010383589964794715
2022-01-20,-0.011067901810805636,-0.011067901810805636,-0.011067901810805636
2022-01-21,-0.019630868636643317,-0.019630868636643428,-0.019630868636643317
2022-01-24,0.004246878239750673,0.004246878239750895,0.004246878239750673
2022-01-25,-0.01220891672208435,-0.01220891672208435,-0.01220891672208435
2022-01-26,-0.0025088279326753726,-0.0025088279326753726,-0.0025088279326753726
2022-01-27,-0.004937995216556357,-0.004937995216556246,-0.004937995216556357
2022-01-28,0.024835270076550175,0.024835270076550175,0.024835270076550175
2022-01-31,0.018011008304968934,0.018011008304968934,0.018011008304968934
2022-02-01,0.006757108821755953,0.006757108821756175,0.006757108821755953
2022-02-02,0.009714029631795906,0.009714029631795906,0.009714029631795906
2022-02-03,-0.02350487551527236,-0.02350487551527236,-0.02350487551527236
2022-02-04,0.004702055938193839,0.004702055938193839,0.004702055938193839
2022-02-07,-0.003209187550262338,-0.003209187550262449,-0.003209187550262338
2022-02-08,0.008227814651572851,0.008227814651572851,0.008227814651572851
2022-02-09,0.014635993948788784,0.014635993948788784,0.014635993948788784
2022-02-10,-0.017965675675963855,-0.017965675675963855,-0.017965675675963855
2022-02-11,-0.01971838609556764,-0.01971838609556753,-0.01971838609556764
2022-02-14,-0.003269444929599463,-0.0032694449295996852,-0.003269444929599463
2022-02-15,0.0161268199792155,0.0161268199792155,0.0161268199792155
2022-02-16,0.0011209100340507927,0.0011209100340507927,0.0011209100340507927
2022-02-17,-0.021361538048794926,-0.021361538048795037,-0.021361538048794926
2022-02-18,-0.006474970000900249,-0.006474970000900138,-0.006474970000900249
2022-02-22,-0.01073175932998438,-0.010731759329984492,-0.01073175932998438
2022-02-23,-0.017738581909533258,-0.017738581909533258,-0.017738581909533258
2022-02-24,0.015049062778827116,0.015049062778827116,0.015049062778827116
2022-02-25,0.022064049375030814,0.022064049375031036,0.022064049375030814
2022-02-28,-0.002558438159107057,-0.002558438159107057,-0.002558438159107057
2022-03-01,-0.015230198095190106,-0.015230198095190106,-0.015230198095190106
2022-03-02,-0.00681428855777233,-0.0038302553736694334,0.01839610239405065
2022-03-03,0.004307908793177884,0.004307908793177662,-0.004978467208594628
2022-03-04,0.009920811488172365,0.009920811488172143,-0.0081247405423851
2022-03-07,-0.004247996770335161,-0.00424799677033505,-0.029479053618148177
2022-03-08,-0.006487592167160328,-0.006487592167160328,-0.007581794174490009
2022-03-09,-0.006172098136715709,-0.00617209813671582,0.026810872794151175
2022-03-10,-0.004591339992432886,-0.004591339992432886,-0.004515613552211306
2022-03-11,-0.0002709066889288181,-0.00027090668892870706,-0.012715116705589002
2022-03-14,-0.012662611013815939,-0.01266261101381616,-0.007308392231885175
2022-03-15,-0.00045842303607701584,-0.00045842303607701584,0.021990688578889417
2022-03-16,-0.00137420091098861,-0.00137420091098861,0.022174168695649366
2022-03-17,-0.001927630493795518,-0.001927630493795407,0.012511025144981147
2022-03-18,0.002942809892776399,0.002942809892776399,0.010952641805038965
2022-03-21,-0.013019142832377706,-0.013019142832377817,-0.000292402351469101
2022-03-22,-0.005480659801314514,-0.005480659801314514,0.011701265575344122
2022-03-23,0.006724954608638312,0.006724954608638312,-0.012878365243265688
2022-03-24,-0.005566925132997946,-0.005566925132997835,0.015074388504740854
2022-03-25,-0.010262971503870899,-0.010262971503870899,0.004883523798580258
2022-03-28,0.002262555079569406,0.002262555079569406,0.0071131866865845605
2022-03-29,0.004984317838642172,0.004984317838642172,0.012370732215050584
2022-03-30,0.003931146568856958,0.00393114656885718,-0.006174849668612592
2022-03-31,0.0018642721035770915,0.0018642721035770915,-0.015391215415467396
2022-04-01,-0.006511373321940295,-0.006511373321940406,0.0028340044070318537
2022-04-04,0.006116148334426974,0.009139031103584161,0.008566656759556146
2022-04-05,-0.012631314983390096,-0.012631314983390096,-0.012631314983390096
2022-04-06,-0.009999122518356551,-0.009999122518356551,-0.009999122518356551
2022-04-07,0.005038878284455484,0.005038878284455484,0.005038878284455484
2022-04-08,-0.002674231509648295,-0.002674231509648295,-0.002674231509648295
2022-04-11,-0.017092173752834783,-0.017092173752834783,-0.017092173752834783
2022-04-12,-0.0037051844141023915,-0.0037051844141023915,-0.0037051844141023915
2022-04-13,0.011453672102416768,0.011453672102416768,0.011453672102416768
2022-04-14,-0.012451878753066081,-0.012451878753066192,-0.012451878753066081
2022-04-18,0.00041113991484453827,0.00041113991484453827,0.00041113991484453827
2022-04-19,0.016142654654739852,0.016142654654740074,0.016142654654739852
2022-04-20,-0.0007414409095628516,-0.0007414409095630736,-0.0007414409095629626
2022-04-21,-0.014953597862132795,-0.014953597862132906,-0.014953597862132795
2022-04-22,-0.0274391974179784,-0.02743919741797829,-0.02743919741797829
2022-04-25,0.005797616816809237,0.005797616816809237,0.005797616816809015
2022-04-26,-0.028960703029004775,-0.028960703029004664,-0.028960703029004775
2022-04-27,0.002811752416221891,0.002811752416221891,0.002811752416221891
2022-04-28,0.02525944232571553,0.02525944232571553,0.025259442325715753
2022-04-29,-0.03695583506465938,-0.03695583506465938,-0.03695583506465949
2022-05-02,0.0060196541542920645,0.0060196541542922866,0.0060196541542922866
2022-05-03,-0.006394631544293539,-0.003409337497856768,0.004583955015679431
2022-05-04,0.0064677753048547615,0.0064677753048547615,0.030453080210405936
2022-05-05,-0.01002909592875667,-0.01002909592875667,-0.035542964270966704
2022-05-06,-0.005705073413062034,-0.005705073413062145,-0.005968884754121717
2022-05-09,0.007419582351971599,0.007419582351971599,-0.032017353045864616
2022-05-10,0.003338862794279862,0.003338862794279862,0.0023106431067470012
2022-05-11,0.006165015675623886,0.006165015675623886,-0.015886166883656405
2022-05-12,0.0033073619490540107,0.0033073619490537887,-0.0010438388378198882
2022-05-13,-0.005235352223665113,-0.005235352223665113,0.023907721019996053
2022-05-16,0.004190859086633081,0.004190859086633081,-0.004057595129336677
2022-05-17,-0.007569925726337523,-0.007569925726337634,0.020570335551547858
2022-05-18,0.007138595471092968,0.007138595471092746,-0.04031137164592191
2022-05-19,0.003592653082165276,0.003592653082165498,-0.0061247265776605
2022-05-20,0.004643974059181044,0.004643974059181044,0.0004366095528771652
2022-05-23,-0.006067226292105432,-0.006067226292105432,0.018709863552091477
2022-05-24,0.008623443643512418,0.008623443643512418,-0.007633603994165794
2022-05-25,0.002017385707701713,0.002017385707701713,0.008834853633777229
2022-05-26,-0.0004792905048388585,-0.00047929050483874747,0.019981491670231888
2022-05-27,0.0014383920687319751,0.0014383920687319751,0.024549065301910034
2022-05-31,-0.010439237098221588,-0.010439237098221588,-0.005610917384172742
2022-06-01,-0.005630583789400956,-0.005630583789401067,-0.008088612713119558
2022-06-02,0.0014618403021329218,0.0014618403021331439,0.01904379485621921
2022-06-03,-0.0019462181970973935,-0.0019462181970973935,-0.01641183099374688
2022-06-06,-0.007507954464469724,-0.007507954464469724,0.0030447692563257966
2022-06-07,0.0040281219370759125,0.0040281219370759125,0.009592245726223414
2022-06-08,-0.0037183170641362784,-0.0037183170641362784,-0.010872143184489369
2022-06-09,-0.0008840476563365396,-0.0008840476563365396,-0.023783059889403213
2022-06-10,-0.009829704398168215,-0.009829704398168215,-0.028995451560883678
2022-06-13,-0.01777028937406344,-0.01777028937406344,-0.03796819538522256
2022-06-14,-0.007984452116133967,-0.007984452116133967,-0.003013344738324264
2022-06-15,0.013957913606593264,0.013957913606593264,0.014256296544701064
2022-06-16,0.006531178669217708,0.006531178669217486,-0.03309610344806069
2022-06-17,0.00029968296650495496,0.00029968296650495496,0.0021559293804278568
2022-06-21,-0.005189642134054928,-0.005189642134055039,0.025173557967893778
2022-06-22,0.012640260817220916,0.012640260817220916,-0.0018131285791349594
2022-06-23,0.005647317075635927,0.005647317075635927,0.009802696107800157
2022-06-24,-0.003546382584054708,-0.003546382584054708,0.03179377278044915
2022-06-27,-0.005635155159590899,-0.005635155159590788,-0.0038195747559410798
2022-06-28,0.0012923116638079435,0.0012923116638079435,-0.020432949158319502
2022-06-29,0.008042549846726255,0.008042549846726255,-0.0008142957228024494
2022-06-30,0.007683205298683271,0.007683205298683271,-0.008124306247192736
2022-07-01,0.010720179205870206,0.010720179205870206,0.010576448843111264
2022-07-05,0.003680983473854038,0.003680983473854038,0.001888758387074363
2022-07-06,-0.00849245509680363,-0.00849245509680363,0.00337731846321776
2022-07-07,-0.0061325155734113235,-0.0061325155734114345,0.014977006355389788
2022-07-08,-0.006071532671310109,-0.006071532671310109,-0.0008228064661620627
2022-07-11,0.007882287481535855,0.007882287481536077,-0.01142348478148858
2022-07-12,0.0023463645901482533,0.0023463645901480312,-0.008848764380838037
2022-07-13,0.004291584484032995,0.004291584484032995,-0.005251605978023877
2022-07-14,-0.005535781725114375,-0.005535781725114264,-0.002428638768715019
2022-07-15,0.0034182093749297593,0.0034182093749297593,0.019105083939800593
2022-07-18,-0.0029197175122023244,-0.0029197175122023244,-0.00825689857045786
2022-07-19,-0.004587675801043134,-0.004587675801043023,0.027019088730410923
2022-07-20,-0.0009806163992613914,-0.0009806163992613914,0.006373310471702309
2022-07-21,0.011385781388825178,0.011385781388825178,0.010183094919505864
2022-07-22,0.011451932108161866,0.011451932108161866,-0.009278181980042599
2022-07-25,-0.0035503069272865284,-0.0035503069272865284,0.0012148683152017892
2022-07-26,0.0003853696203750534,0.0003853696203750534,-0.011830756638421591
2022-07-27,0.002021375590385066,0.002021375590385066,0.02596626155387205
2022-07-28,0.009894562609461532,0.009894562609461532,0.012542395933048622
2022-07-29,0.00038067742537761795,0.00038067742537761795,0.014578678983015791
2022-08-01,0.0058480264664282355,0.0058480264664282355,-0.0029613105659768157
2022-08-02,-0.013825911633647325,-0.013825911633647214,-0.00659721491084031
2022-08-03,0.004129283591900013,0.004129283591900013,0.01565939754464063
2022-08-04,0.005068215465514392,0.005068215465514614,-0.0006753096752750709
2022-08-05,-0.014462410079143728,-0.01446241007914384,-0.0016903501671180488
2022-08-08,0.005889238540356612,0.005889238540356612,-0.0011609416545834694
2022-08-09,-0.0029751304238514464,-0.0029751304238513354,-0.0039707636884128705
2022-08-10,0.0005777623280227573,0.0005777623280227573,0.02100393645804144
2022-08-11,-0.006638658928143526,-0.006638658928143415,0.0
2022-08-12,0.0039711984944599266,0.0039711984944597045,0.01692884587025767
2022-08-15,0.003183167624754457,0.003183167624754679,0.004120838742911914
2022-08-16,-0.0011540495555910635,-0.0011540495555909525,0.00195853342608876
2022-08-17,-0.006739016308210166,-0.006739016308210166,-0.0070979265555152216
2022-08-18,0.001938448235308643,0.001938448235308643,0.0029066092909375563
2022-08-19,-0.008609711077646742,-0.008609711077646853,-0.013438200216609575
2022-08-22,-0.0043913022240270605,-0.0043913022240271715,-0.020822355836348505
2022-08-23,-0.0024501339947907708,-0.0024501339947906597,-0.002419219584622545
2022-08-24,-0.0033408489370542194,-0.0033408489370544414,0.0032009669038008948
2022-08-25,0.00640800605798808,0.0064080060579883025,0.014117583909121878
2022-08-26,-0.0011755275919658192,-0.0011755275919657082,-0.03384896746874344
2022-08-29,-0.005688102657528726,-0.005688102657528726,-0.006612190165563581
2022-08-30,-0.00029562992563414436,-0.0002956299256342554,-0.010978028392464423
2022-08-31,-0.004143762050546895,-0.004143762050546784,-0.007609215770564726
2022-09-01,-0.007949238683608306,-0.007949238683608417,0.0031379949255347928
2022-09-02,0.00560194588103724,0.00560194588103724,-0.010544363180384764
2022-09-06,-0.011142435471643064,-0.011142435471643175,-0.0037731157439623297
2022-09-07,0.006539720836327145,0.006539720836327145,0.017964905209541637
2022-09-08,-0.003698120885054501,-0.003698120885054279,0.006536386800654492
2022-09-09,0.0001004364772643207,0.00010043647726409866,0.015535204117248513
2022-09-12,-0.002407775390407596,-0.002407775390407485,0.010747729314671384
2022-09-13,-0.005630939809926017,-0.005630939809926017,-0.0434824401281263
2022-09-14,0.0005056632693245522,0.0005056632693245522,0.0038157635467981343
2022-09-15,-0.0034365777901529393,-0.0034365777901530503,-0.011353312270845572
2022-09-16,0.000811760425764918,0.000811760425764918,-0.007628934124167208
2022-09-19,-0.0028376154452410818,-0.0028376154452409708,0.007754857696448125
2022-09-20,-0.006199473142167955,-0.006199473142167955,-0.011478539223154227
2022-09-21,0.003988701587292143,0.003988701587292365,-0.017443764762905545
2022-09-22,-0.015074761446860374,-0.015074761446860596,-0.008399775628965434
2022-09-23,0.00124120320419574,0.00124120320419574,-0.016754959913737766
2022-09-26,-0.016628949470406162,-0.01662894947040605,-0.009892579822617376
2022-09-27,-0.0068269662685876975,-0.0068269662685878085,-0.002552688629687938
2022-09-28,0.02252576044431831,0.022525760444318088,0.019676188112379256
2022-09-29,-0.004654515833418249,-0.004654515833418249,-0.020888912561054407
2022-09-30,-0.0025976614590678127,-0.0025976614590679237,-0.015463495547191619
2022-10-03,0.011868025110150393,0.011868025110150393,0.026401266969970916
2022-10-04,0.0020631945340436886,0.0020631945340436886,0.030986558600778036
2022-10-05,-0.009471028143431592,-0.009471028143431592,-0.0023281127889307474
2022-10-06,-0.005508164983157204,-0.005508164983157315,-0.01031586184476152
2022-10-07,-0.004911601666823029,-0.004911601666822918,-0.027893942489252477
2022-10-10,-0.005881277573791532,-0.005881277573791532,-0.0076353096836598855
2022-10-11,0.0025357624440314197,0.0025357624440314197,-0.006332909972757483
2022-10-12,0.003266469389377802,0.003266469389377802,-0.0032986760012650995
2022-10-13,-0.004201274794305099,-0.00420127479430521,0.02639137865104102
2022-10-14,-0.005589988412651126,-0.005589988412651126,-0.022788745904938512
2022-10-17,0.0010605633751930021,0.0010605633751930021,0.0256967622969273
2022-10-18,0.0025432847500732603,0.0025432847500734823,0.011749749001394472
2022-10-19,-0.010463489388585656,-0.010463489388585656,-0.007086385519014526
2022-10-20,-0.007476044418573302,-0.007476044418573413,-0.008385403383119883
2022-10-21,0.002259932565755074,0.002259932565755074,0.024301344375728506
2022-10-24,-0.0012886657152183512,-0.0012886657152183512,0.012236428921737819
2022-10-25,0.012470233570870182,0.012470233570870182,0.015968613704059775
2022-10-26,0.0050967238685206695,0.0050967238685206695,-0.007534192412415375
2022-10-27,0.007078396045827162,0.007078396045827162,-0.005339616270874203
2022-10-28,-0.005140510587769653,-0.005140510587769653,0.02379044291552379
2022-10-31,-0.004533827993031148,-0.0045338279930310366,-0.007223193736808575
2022-11-01,-0.00018021778597820948,-0.0001802177859783205,-0.004375951673780798
2022-11-02,-0.001698775519570428,-0.001698775519570428,-0.025096187507376855
2022-11-03,-0.004360247541046358,-0.004360247541046358,-0.010296956219329911
2022-11-04,-0.0021362351450572303,-0.0021362351450571193,0.014393336366689047
2022-11-07,-0.003532842335295938,-0.003532842335295716,0.009565449767275691
2022-11-08,0.0066607183984990215,0.0066607183984990215,0.0053955227819986185
2022-11-09,0.0034145814738169022,0.0034145814738169022,-0.020602300842125332
2022-11-10,0.022439860756075847,0.022439860756075847,0.05495410589836269
2022-11-11,-0.0020806029442467233,-0.0020806029442466123,0.009678735212036882
2022-11-14,-0.00239735043267697,-0.002397350432676859,-0.00850677916983611
2022-11-15,0.007418411677136971,0.007418411677136971,0.008529248279308455
2022-11-16,0.00736351292255244,0.007363512922552662,-0.007628899041646875
2022-11-17,-0.00679481628871581,-0.006794816288715699,-0.0030599493056449045
2022-11-18,-0.003524410956923907,-0.003524410956924018,0.004540541280916521
2022-11-21,-0.000624127986491918,-0.000624127986491918,-0.003636174752600918
2022-11-22,0.005724715943755232,0.005724715943755454,0.013456971219873326
2022-11-23,0.0053820094663472595,0.0053820094663470375,0.006301605638700192
2022-11-25,-0.00030881939565241545,-0.0003088193956525265,-0.0002237221698127012
2022-11-28,0.00041203597376493484,0.0004120359737651569,-0.015957093252224608
2022-11-29,-0.004220306020855102,-0.004220306020855102,-0.0017171568085417865
2022-11-30,0.008992881750168102,0.008992881750168102,0.03150052499519562
2022-12-01,0.010922267031370225,0.010922267031370225,-0.0007359872869332484
2022-12-02,0.002819150115527913,0.0058321270312484685,-0.0011537513527365428
2022-12-05,-0.017989231169653896,-0.017989231169653896,-0.017989231169653896
2022-12-06,-0.014414636741935993,-0.014414636741935882,-0.014414636741935993
2022-12-07,-0.0017013330482271716,-0.0017013330482272826,-0.0017013330482271716
2022-12-08,0.007834024790427163,0.007834024790427163,0.007834024790427163
2022-12-09,-0.007470397617597713,-0.007470397617597602,-0.007470397617597602
2022-12-12,0.014417237656153548,0.014417237656153548,0.01441723765615377
2022-12-13,0.007569910977531125,0.007569910977531125,0.007569910977531125
2022-12-14,-0.006393654626225986,-0.006393654626226097,-0.006393654626225986
2022-12-15,-0.024461545815825048,-0.024461545815825048,-0.024461545815825048
2022-12-16,-0.011806230517979022,-0.011806230517979133,-0.011806230517979022
2022-12-19,-0.00847970249165253,-0.008479702491652419,-0.008479702491652419
2022-12-20,0.0013683994281565859,0.001368399428156808,0.0013683994281565859
2022-12-21,0.01495262212984061,0.014952622129840387,0.014952622129840387
2022-12-22,-0.014266277672469907,-0.014266277672469796,-0.014266277672469907
2022-12-23,0.005752459039676472,0.005752459039676472,0.005752459039676472
2022-12-27,-0.003943695489253551,-0.003943695489253551,-0.003943695489253662
2022-12-28,-0.012427905781228321,-0.01242790578122821,-0.01242790578122821
2022-12-29,0.018000546194413714,0.018000546194413714,0.018000546194413936
2022-12-30,-0.002634285564565686,-0.002634285564565686,-0.002634285564565686
2023-01-03,0.0,0.0,0.0
2023-01-04,-0.0022158020156711755,-0.000719125718694591,1.3673057224661278e-05
2023-01-05,-0.0014389661648833707,-0.0014389661648832597,-0.01141344421288959
2023-01-06,0.012869344088711543,0.012869344088711543,0.022931794376160664
2023-01-09,0.00254137746364691,0.002541377463647132,-0.0005666448269729951
2023-01-10,-0.0062864633490172794,-0.0062864633490173905,0.00701270984056146
2023-01-11,0.006428006127646935,0.006428006127646935,0.012647872045784547
2023-01-12,0.008921453645387434,0.008921453645387434,0.0036408048745546484
2023-01-13,-0.0053257418707919335,-0.0053257418707919335,0.0038795554127668552
2023-01-17,-0.0031314507736850405,-0.0031314507736850405,-0.0018318796027319006
2023-01-18,0.013579226523808607,0.013579226523808607,-0.01578801608828595
2023-01-19,-0.0018996905744551595,-0.0018996905744552706,-0.007279660983704361
2023-01-20,-0.006611265239081177,-0.006611265239081177,0.018629023168984737
2023-01-23,-0.0032267871744730003,-0.0032267871744728893,0.011998627342807433
2023-01-24,0.005766351535351877,0.005766351535351877,-0.0010734300935140162
2023-01-25,0.0011065962233571813,0.0011065962233574034,0.00037487704968164337
2023-01-26,-0.003617211756082095,-0.003617211756082206,0.010990354669102587
2023-01-27,-0.0015127671295425138,-0.0015127671295425138,0.0022975721543583294
2023-01-30,-0.0031305025111001417,-0.0031305025111001417,-0.012546832947207598
2023-01-31,0.00506505943608726,0.00506505943608726,0.014703494464065603
2023-02-01,0.007192658829277887,0.007192658829277887,0.010627672454092796
2023-02-02,0.004732543616998264,0.007751269336428335,0.014556989778103935
2023-02-03,-0.01062911024172486,-0.010629110241724748,-0.010629110241724748
2023-02-06,-0.006111417860116819,-0.006111417860116819,-0.006111417860116819
2023-02-07,0.013078533893258859,0.013078533893259081,0.013078533893259081
2023-02-08,-0.010934524091624875,-0.010934524091624986,-0.010934524091624875
2023-02-09,-0.008669224521750007,-0.008669224521750007,-0.008669224521750118
2023-02-10,0.0023338018909186964,0.0023338018909186964,0.0023338018909189184
2023-02-13,0.011738835434946582,0.011738835434946582,0.011738835434946582
2023-02-14,-0.00046020854623851637,-0.00046020854623851637,-0.0004602085462386274
2023-02-15,0.003247367508553367,0.003247367508553145,0.003247367508553145
2023-02-16,-0.01376883107066662,-0.01376883107066662,-0.01376883107066662
2023-02-17,-0.0024982295162851997,-0.0024982295162850887,-0.0024982295162850887
2023-02-21,-0.020060951744074296,-0.020060951744074407,-0.020060951744074185
2023-02-22,-0.0013780517223562772,-0.0013780517223561661,-0.0013780517223561661
2023-02-23,0.005319271066065223,0.005319271066065001,0.005319271066065223
2023-02-24,-0.010682312347813583,-0.010682312347813583,-0.010682312347813694
2023-02-27,0.003405843725257096,0.003405843725257096,0.003405843725257096
2023-02-28,-0.0036959509210152675,-0.0036959509210152675,-0.0036959509210152675
2023-03-01,-0.003835863136222417,-0.003835863136222417,-0.003835863136222417
2023-03-02,0.007777295956620023,0.007777295956619801,0.007777295956619801
2023-03-03,0.016037605797673216,0.016037605797672994,0.016037605797672994
2023-03-06,0.0006931161126222385,0.0006931161126224605,0.0006931161126224605
2023-03-07,-0.015328883460585474,-0.015328883460585585,-0.015328883460585474
2023-03-08,0.0016320983847799564,0.0016320983847801784,0.0016320983847801784
2023-03-09,-0.018449811298357877,-0.018449811298357877,-0.018449811298357988
2023-03-10,-0.014429491730757027,-0.014429491730757027,-0.014429491730757027
2023-03-13,-0.0014252820882890704,-0.0014252820882890704,-0.0014252820882890704
2023-03-14,0.016530085938712302,0.016530085938712302,0.016530085938712302
2023-03-15,-0.006254321725367551,-0.006254321725367551,-0.006254321725367551
2023-03-16,0.01754504060229478,0.01754504060229478,0.01754504060229478
2023-03-17,-0.011692639585236697,-0.011692639585236697,-0.011692639585236808
2023-03-20,0.00961561958721946,0.00961561958721946,0.00961561958721946
2023-03-21,0.013130809191266968,0.013130809191266968,0.013130809191266968
2023-03-22,-0.01704672207800839,-0.017046722078008503,-0.01704672207800839
2023-03-23,0.002703132867101221,0.002703132867100999,0.002703132867100999
2023-03-24,0.006562317697633935,0.006562317697634157,0.006562317697633935
2023-03-27,0.001869811627109863,0.001869811627109863,0.001869811627109863
2023-03-28,-0.002244634806711554,-0.002244634806711554,-0.002244634806711554
2023-03-29,0.014534805492768976,0.014534805492768754,0.014534805492768754
2023-03-30,0.005855343550946079,0.0058553435509463014,0.0058553435509463014
2023-03-31,0.014094581982270649,0.014094581982270649,0.014094581982270649
2023-04-03,0.0038106022314881027,0.0038106022314881027,0.0038106022314881027
2023-04-04,-0.0055481579771146095,-0.005548157977114498,-0.0055481579771146095
2023-04-05,-0.0026182430785609556,-0.0026182430785610666,-0.0026182430785608446
2023-04-06,0.0039009994131218306,0.0039009994131220527,0.0039009994131220527
2023-04-10,0.0010262589081027063,0.0010262589081024842,0.0010262589081027063
2023-04-11,0.00026846021956461463,0.00026846021956461463,0.00026846021956461463
2023-04-12,-0.0040759216449690605,-0.0040759216449689495,-0.0040759216449689495
2023-04-13,0.013282797961150505,0.013282797961150505,0.013282797961150505
2023-04-14,-0.0024427678638192507,-0.0024427678638192507,-0.0024427678638193617
2023-04-17,0.0035882743780331072,0.0035882743780333293,0.0035882743780333293
2023-04-18,0.0006521178700162888,0.0006521178700162888,0.0006521178700160668
2023-04-19,-0.0001689061155171201,-0.00016890611551723111,-0.0001689061155171201
2023-04-20,-0.0054570894445475915,-0.0054570894445474805,-0.0054570894445475915
2023-04-21,0.0007768749876666536,0.0007768749876666536,0.0007768749876666536
2023-04-24,0.0010432772949393598,0.0010432772949393598,0.0010432772949393598
2023-04-25,-0.01587393177842178,-0.015873931778421668,-0.015873931778421668
2023-04-26,-0.00423545257711444,-0.004235452577114551,-0.00423545257711444
2023-04-27,0.019907926264709275,0.019907926264709275,0.019907926264709053
2023-04-28,0.008535106465280329,0.008535106465280329,0.008535106465280329
2023-05-01,-0.0010097822511898613,-0.0010097822511898613,-0.0010097822511899723
2023-05-02,-0.011238882951136508,-0.011238882951136508,-0.011238882951136397
2023-05-03,-0.006864417437265069,-0.006864417437265069,-0.006864417437264958
2023-05-04,-0.007082785109090328,-0.007082785109090328,-0.007082785109090217
2023-05-05,0.018512631002797653,0.018512631002797653,0.018512631002797653
2023-05-08,0.0002664953680788784,0.0002664953680788784,0.0002664953680788784
2023-05-09,-0.004385422308878506,-0.004385422308878395,-0.004385422308878506
2023-05-10,0.004672491975553639,0.004672491975553639,0.004672491975553639
2023-05-11,-0.001743958295085335,-0.001743958295085335,-0.001743958295085224
2023-05-12,-0.0013104277613934512,-0.0013104277613934512,-0.0013104277613934512
2023-05-15,0.003450194510494331,0.003450194510494553,0.003450194510494331
2023-05-16,-0.006682493503109788,-0.006682493503109899,-0.00668249350311001
2023-05-17,0.012138777364691933,0.012138777364691933,0.012138777364691933
2023-05-18,0.009633089917948201,0.009633089917948201,0.009633089917948201
2023-05-19,-0.0014549662955997134,-0.0014549662955997134,-0.0014549662955996023
2023-05-22,0.0004062055415268162,0.0004062055415268162,0.0004062055415268162
2023-05-23,-0.011222855785945396,-0.011222855785945507,-0.011222855785945396
2023-05-24,-0.0072449768012031734,-0.007244976801203062,-0.0072449768012031734
2023-05-25,0.008659974205849963,0.008659974205849963,0.008659974205849963
2023-05-26,0.012950614142771322,0.012950614142771322,0.012950614142771322
2023-05-30,0.00038094755315953854,0.0003809475531593165,0.00038094755315953854
2023-05-31,-0.005545075901445595,-0.005545075901445595,-0.005545075901445484
2023-06-01,0.009500908800490038,0.00950090880049026,0.009500908800490038
2023-06-02,0.014461233260247175,0.014461233260246953,0.014461233260247175
2023-06-05,-0.0019162754404429272,-0.0019162754404427051,-0.0019162754404428162
2023-06-06,0.0021773465805001724,0.0021773465805001724,0.0021773465805001724
2023-06-07,-0.003457747919944909,-0.00345774791994502,-0.00345774791994502
2023-06-08,0.006048777892504242,0.006048777892504464,0.006048777892504242
2023-06-09,0.0017940375917500084,0.0017940375917502305,0.0017940375917502305
2023-06-12,0.009072232058388252,0.009072232058388252,0.009072232058388252
2023-06-13,0.006592724483602375,0.006592724483602153,0.006592724483602375
2023-06-14,0.0011908993826883485,0.0011908993826885705,0.0011908993826883485
2023-06-15,0.012397742935372547,0.012397742935372325,0.012397742935372547
2023-06-16,-0.003406357713433228,-0.003406357713433228,-0.003406357713433228
2023-06-20,-0.005188097342600284,-0.005188097342600395,-0.005188097342600395
2023-06-21,-0.005123776103645006,-0.005123776103645006,-0.005123776103645006
2023-06-22,0.003609692901579642,0.003609692901579864,0.003609692901579864
2023-06-23,-0.007560147406905915,-0.007560147406906137,-0.007560147406905915
2023-06-26,-0.004085625431801576,-0.004085625431801465,-0.004085625431801576
2023-06-27,0.010963225363546103,0.010963225363546103,0.010963225363546325
2023-06-28,0.0005045435126189712,0.0005045435126187492,0.0005045435126189712
2023-06-29,0.00394131384987384,0.00394131384987384,0.00394131384987384
2023-06-30,0.011800572328192871,0.011800572328192871,0.011800572328192871
2023-07-03,0.0011508634807269047,0.0011508634807269047,0.0011508634807269047
2023-07-05,-0.001487497557271178,-0.001487497557271067,-0.001487497557271178
2023-07-06,-0.007830526958561457,-0.007830526958561568,-0.007830526958561568
2023-07-07,-0.0025247215782114862,-0.002524721578211264,-0.0025247215782113752
2023-07-10,0.0025311119311208774,0.0025311119311206554,0.0025311119311206554
2023-07-11,0.006368466628352332,0.006368466628352332,0.006368466628352332
2023-07-12,0.008045997552762696,0.008045997552762918,0.008045997552762696
2023-07-13,0.007936779166373142,0.00793677916637292,0.00793677916637292
2023-07-14,-0.0006227376226836112,-0.0006227376226836112,-0.0006227376226836112
2023-07-17,0.0034721444237921784,0.0034721444237921784,0.0034721444237921784
2023-07-18,0.007430715158172729,0.007430715158172729,0.007430715158172951
2023-07-19,0.002223784015379593,0.002223784015379593,0.002223784015379371
2023-07-20,-0.0066347138160965935,-0.0066347138160963715,-0.0066347138160964825
2023-07-21,0.0,0.0,0.0
2023-07-24,0.004467409289568014,0.004467409289568014,0.004467409289567792
2023-07-25,0.002729993969081246,0.002729993969081246,0.002729993969081468
2023-07-26,0.00015374415118563078,0.00015374415118540874,0.00015374415118540874
2023-07-27,-0.006629990322230217,-0.006629990322230217,-0.006629990322230328
2023-07-28,0.009790364480256608,0.009790364480256608,0.009790364480256608
2023-07-31,0.0019040052219059245,0.0019040052219061465,0.0019040052219059245
2023-08-01,-0.0028616097156412,-0.0028616097156412,-0.0028616097156412
2023-08-02,-0.013910702781173567,-0.013910702781173678,-0.013910702781173567
2023-08-03,-0.0028660024454673083,-0.0028660024454673083,-0.0028660024454673083
2023-08-04,-0.004522727226096257,-0.004522727226096146,-0.004522727226096146
2023-08-07,0.008728489892785296,0.008728489892785074,0.008728489892785074
2023-08-08,-0.004348534332770382,-0.004348534332770271,-0.00434853433277016
2023-08-09,-0.006685141443425802,-0.006685141443425913,-0.006685141443425802
2023-08-10,0.00035876946632495965,0.0003587694663247376,0.0003587694663247376
2023-08-11,-0.00058311176439374,-0.000583111764393851,-0.000583111764393851
2023-08-14,0.005520062860038921,0.005520062860039365,0.005520062860039143
2023-08-15,-0.011648916207172899,-0.01164891620717301,-0.01164891620717301
2023-08-16,-0.00733809695755383,-0.007338096957553941,-0.007338096957553941
2023-08-17,-0.007619726040616559,-0.007619726040616448,-0.007619726040616448
2023-08-18,0.000481185998659317,0.000481185998659317,0.000481185998659317
2023-08-21,0.0065063091912958,0.0065063091912958,0.006506309191295578
2023-08-22,-0.0027086347726139604,-0.0027086347726140714,-0.0027086347726137383
2023-08-23,0.01113785500893627,0.01113785500893627,0.01113785500893627
2023-08-24,-0.013859223013909516,-0.013859223013909405,-0.013859223013909516
2023-08-25,0.007049714555938946,0.007049714555938946,0.007049714555938946
2023-08-28,0.006341461196515352,0.006341461196515352,0.00634146119651513
2023-08-29,0.014454721180120478,0.014454721180120478,0.014454721180120478
2023-08-30,0.004118917872557359,0.004118917872557359,0.004118917872557359
2023-08-31,-0.0014634035059158945,-0.0014634035059160055,-0.0014634035059161166
2023-09-01,0.0018650764885848048,0.0018650764885848048,0.0018650764885848048
2023-09-05,-0.004321737613855348,-0.0043217376138551256,-0.004321737613855237
2023-09-06,-0.006722523940093761,-0.006722523940093872,-0.00672252394009365
2023-09-07,-0.0030701693208236014,-0.0030701693208236014,-0.0030701693208237124
2023-09-08,0.0015060113029727873,0.0015060113029727873,0.0015060113029727873
2023-09-11,0.006576583948365355,0.006576583948365355,0.006576583948365133
2023-09-12,-0.005485455170274323,-0.005485455170274323,-0.005485455170274212
2023-09-13,0.0011659429869186333,0.0011659429869188553,0.0011659429869188553
2023-09-14,0.00862226838997282,0.00862226838997282,0.00862226838997282
2023-09-15,-0.012048198717856784,-0.012048198717856895,-0.012048198717857006
2023-09-18,0.0005863179581944156,0.0005863179581946376,0.0005863179581948597
2023-09-19,-0.002073700242464227,-0.002073700242464227,-0.002073700242464227
2023-09-20,-0.009193361806370093,-0.009193361806369982,-0.009193361806369982
2023-09-21,-0.01652842718934633,-0.01652842718934655,-0.01652842718934655
2023-09-22,-0.0022485835771975937,-0.0022485835771974827,-0.0022485835771974827
2023-09-25,0.004205286191780955,0.004205286191780955,0.004205286191780955
2023-09-26,-0.014691274582096292,-0.014691274582096181,-0.014691274582096292
2023-09-27,0.00039922850002582777,0.0003992285000256057,0.00039922850002582777
2023-09-28,0.005797235571361581,0.005797235571361581,0.005797235571361581
2023-09-29,-0.0024268410510680516,-0.0024268410510679406,-0.0024268410510679406
2023-10-02,-0.0003975862053650081,-0.0003975862053650081,-0.00039758620536511913
2023-10-03,-0.013386233602487696,-0.013386233602487807,-0.013386233602487807
2023-10-04,0.0072819807960529115,0.0072819807960526894,0.0072819807960526894
2023-10-05,-0.0003767538409183979,-0.0003767538409181759,-0.0003767538409181759
2023-10-06,0.011872889791437968,0.011872889791437746,0.011872889791437968
2023-10-09,0.006402109308006665,0.006402109308006665,0.006402109308006665
2023-10-10,0.00520488106930217,0.00520488106930217,0.005204881069301948
2023-10-11,0.004096306420702245,0.004096306420702245,0.004096306420702245
2023-10-12,-0.006096438609385357,-0.006096438609385357,-0.006096438609385357
2023-10-13,-0.004980692946559007,-0.004980692946558896,-0.004980692946559007
2023-10-16,0.010521293502573803,0.010521293502573803,0.010521293502573803
2023-10-17,-4.593770614802484e-05,-4.593770614813586e-05,-4.593770614802484e-05
2023-10-18,-0.013325159481197835,-0.013325159481197835,-0.013325159481197946
2023-10-19,-0.00878627754271688,-0.008786277542716991,-0.00878627754271688
2023-10-20,-0.01228814027831604,-0.012288140278315929,-0.012288140278315929
2023-10-23,-0.0017330258208601013,-0.0017330258208601013,-0.0017330258208599902
2023-10-24,0.007539297844937787,0.007539297844937787,0.007539297844937787
2023-10-25,-0.014352274963949196,-0.014352274963949196,-0.014352274963949307
2023-10-26,-0.011974642931195656,-0.011974642931195656,-0.011974642931195656
2023-10-27,-0.004532795672202217,-0.004532795672202328,-0.004532795672202217
2023-10-30,0.011955898365193729,0.011955898365193729,0.011955898365193729
2023-10-31,0.006280381790441103,0.006280381790441103,0.006280381790440881
2023-11-01,0.010664691247419755,0.010664691247419755,0.010664691247419977
2023-11-02,0.004814624728174621,0.007833597060858066,0.019164236800371715
2023-11-03,0.007698482742598989,0.007698482742598767,0.009123483683182831
2023-11-06,-0.005783871380466432,-0.005783871380466321,0.0023004516022135935
2023-11-07,0.005707626486610051,0.005707626486610051,0.002845922811025803
2023-11-08,0.00403851228346519,0.00403851228346519,0.0007324199123486252
2023-11-09,-0.009892518658361826,-0.009892518658361604,-0.007798728101199526
2023-11-10,0.0010979586271469,0.001097958627146678,0.015604954192212084
2023-11-13,-0.0005485166714669365,-0.0005485166714669365,-0.0009533215038348697
2023-11-14,0.015033791357367488,0.01503379135736771,0.019400783930326737
2023-11-15,-0.0077838152690785645,-0.0077838152690785645,0.00211712476939363
2023-11-16,0.007518104631135669,0.007518104631135447,0.0012231032171465817
2023-11-17,0.0006485789977928036,0.0006485789977928036,0.0012437485749883237
2023-11-20,0.001405061298856758,0.001405061298856758,0.007697646973265915
2023-11-21,0.0012949558017998353,0.0012949558017998353,-0.002179472264966731
2023-11-22,-0.00032316037507429396,-0.00032316037507429396,0.003860856688096659
2023-11-24,-0.0051752535051659,-0.005175253505166122,0.0006152583229561692
2023-11-27,0.0075864953070627905,0.0075864953070630126,-0.0018008540764695713
2023-11-28,0.0044098689886415965,0.0044098689886415965,0.0009900947357737166
2023-11-29,0.005247275938194518,0.005247275938194518,-0.0007033709637728203
2023-11-30,-0.004900206924315587,-0.004900206924315698,0.003937389890417808
2023-12-01,0.00943531066394021,0.00943531066394021,0.005915855135182113
2023-12-04,-0.004436217727362246,-0.001445039613373278,-0.005249354505640347
2023-12-05,-0.00019712999514054363,-0.00019712999514076568,-0.00019712999514076568
2023-12-06,-0.004029729599364096,-0.004029729599363874,-0.004029729599363874
2023-12-07,0.007630517058181185,0.0076305170581814075,0.0076305170581814075
2023-12-08,0.0042990810778074096,0.0042990810778071875,0.0042990810778074096
2023-12-11,0.003889562713336847,0.003889562713336847,0.003889562713336847
2023-12-12,0.0045670463737028655,0.0045670463737028655,0.0045670463737026434
2023-12-13,0.013790217632763335,0.013790217632763335,0.013790217632763557
2023-12-14,0.0032093987584640438,0.0032093987584640438,0.0032093987584638217
2023-12-15,-0.0016465279846737957,-0.0016465279846737957,-0.0016465279846737957
2023-12-18,0.0056250888080024986,0.0056250888080024986,0.0056250888080024986
2023-12-19,0.006080888558689157,0.006080888558688935,0.006080888558689157
2023-12-20,-0.013857292868214244,-0.013857292868214355,-0.013857292868214244
2023-12-21,0.009481935526338248,0.00948193552633847,0.009481935526338248
2023-12-22,0.0020097867761843524,0.0020097867761843524,0.0020097867761843524
2023-12-26,0.004222440322714904,0.004222440322714682,0.004222440322714904
2023-12-27,0.0018080853378112938,0.0018080853378115158,0.0018080853378115158
2023-12-28,0.0003777903707899988,0.0003777903707899988,0.0003777903707899988
2023-12-29,-0.002895034567458432,-0.002895034567458432,-0.002895034567458321
2024-01-02,0.0,0.0,0.0
2024-01-03,-0.004978670540609742,-0.0034861385464206585,-0.004978670540609742
2024-01-04,-0.003221006521007097,-0.003221006521006986,-0.003221006521007097
2024-01-05,0.0013695625547327506,0.0013695625547325285,0.0013695625547327506
2024-01-08,0.014276142326451469,0.014276142326451469,0.014276142326451469
2024-01-09,-0.0015173092049582948,-0.0015173092049581838,-0.0015173092049582948
2024-01-10,0.0056555426872197945,0.0056555426872197945,0.0056555426872197945
2024-01-11,-0.0004406430412424722,-0.0004406430412424722,-0.0004406430412424722
2024-01-12,0.0006927821246200949,0.0006927821246200949,0.0006927821246200949
2024-01-16,-0.0036712991848998344,-0.0036712991848998344,-0.0036712991848998344
2024-01-17,-0.005558629120554048,-0.005558629120554048,-0.005558629120554048
2024-01-18,0.008892804945121346,0.008892804945121346,0.008892804945121346
2024-01-19,0.012466017614288782,0.012466017614288782,0.012466017614288782
2024-01-22,0.0021144766293070827,0.0021144766293073047,0.0021144766293070827
2024-01-23,0.0029164192965691615,0.0029164192965691615,0.0029164192965691615
2024-01-24,0.0010933126058942921,0.0010933126058942921,0.0010933126058942921
2024-01-25,0.00543884142451212,0.00543884142451212,0.00543884142451212
2024-01-26,-0.001270453392287485,-0.001270453392287485,-0.001270453392287485
2024-01-29,0.007919381068000275,0.007919381068000275,0.007919381068000275
2024-01-30,-0.0007734882337022686,-0.0007734882337022686,-0.0007734882337022686
2024-01-31,-0.016317396592104072,-0.016317396592104072,-0.016317396592104072
2024-02-01,0.013088243385340759,0.013088243385340537,0.013088243385340759
2024-02-02,0.010527345896630402,0.010527345896630624,0.010527345896630402
2024-02-05,-0.0036411212279222616,-0.0036411212279223726,-0.0036411212279222616
2024-02-06,0.002903296810174316,0.002903296810174094,0.002903296810174316
2024-02-07,0.008340343964781116,0.008340343964780894,0.008340343964781116
2024-02-08,0.0004418983685636757,0.0004418983685636757,0.0004418983685636757
2024-02-09,0.00577932941690662,0.005779329416907064,0.00577932941690662
2024-02-12,-0.0004390393376605406,-0.0004390393376606516,-0.0004390393376605406
2024-02-13,-0.01377315601908169,-0.013773156019081911,-0.01377315601908169
2024-02-14,0.009087717382374016,0.009087717382374016,0.009087717382374016
2024-02-15,0.006899796528982094,0.006899796528982094,0.006899796528982094
2024-02-16,-0.004979972192162729,-0.004979972192162729,-0.004979972192162729
2024-02-20,-0.00550536084322828,-0.005505360843228169,-0.00550536084322828
2024-02-21,0.0009057847460316459,0.0009057847460314239,0.0009057847460316459
2024-02-22,0.02069547359013213,0.02069547359013213,0.02069547359013213
2024-02-23,0.0006896938035239053,0.0006896938035239053,0.0006896938035239053
2024-02-26,-0.0036624892391067254,-0.0036624892391067254,-0.0036624892391067254
2024-02-27,0.0018575652385470764,0.0018575652385468544,0.0018575652385470764
2024-02-28,-0.0013215656359363281,-0.001321565635936106,-0.0013215656359363281
2024-02-29,0.003594930678976649,0.003594930678976649,0.003594930678976649
2024-03-01,0.009388320968662489,0.009388320968662267,0.009388320968662489
2024-03-04,-0.0010724808912875305,-0.0010724808912873085,-0.0010724808912875305
2024-03-05,-0.009993971737729868,-0.009993971737729757,-0.009993971737729868
2024-03-06,0.005067159247770903,0.0050671592477704586,0.005067159247770903
2024-03-07,0.009926370346830415,0.009926370346830415,0.009926370346830415
2024-03-08,-0.006002115368710315,-0.0060021153687100925,-0.006002115368710315
2024-03-11,-0.0008599654929838385,-0.0008599654929839495,-0.0008599654929838385
2024-03-12,0.010757433934537097,0.010757433934537097,0.010757433934537097
2024-03-13,-0.001567579929561358,-0.001567579929561358,-0.001567579929561358
2024-03-14,-0.001976722296110456,-0.001976722296110567,-0.001976722296110456
2024-03-15,-0.006866621980632481,-0.006866621980632592,-0.006866621980632481
2024-03-18,0.005943123520943949,0.005943123520944171,0.005943123520943949
2024-03-19,0.0055572273176931475,0.0055572273176931475,0.0055572273176931475
2024-03-20,0.009249402694908149,0.009249402694908149,0.009249402694908149
2024-03-21,0.0033045469982364573,0.0033045469982364573,0.0033045469982364573
2024-03-22,-0.001895828125220933,-0.001895828125221044,-0.001895828125220933
2024-03-25,-0.0027627018670888237,-0.0027627018670887127,-0.0027627018670888237
2024-03-26,-0.0018470850305898345,-0.0018470850305899456,-0.0018470850305898345
2024-03-27,0.00840390128704338,0.00840390128704338,0.00840390128704338
2024-03-28,-0.00019115304320382887,-0.0001911530432039399,-0.00019115304320382887
2024-04-01,-0.0017398673121422625,-0.0017398673121421515,-0.0017398673121422625
2024-04-02,-0.00635791961577481,-0.006357919615774921,-0.00635791961577481
2024-04-03,0.0010984169872829685,0.0010984169872829685,0.0010984169872829685
2024-04-04,-0.01220615604832942,-0.01220615604832942,-0.01220615604832942
2024-04-05,0.010447018952042919,0.010447018952042697,0.010447018952042919
2024-04-08,0.0005592485270637937,0.0005592485270637937,0.0005592485270637937
2024-04-09,0.0011566969768881386,0.0011566969768881386,0.0011566969768881386
2024-04-10,-0.010012983815937515,-0.010012983815937293,-0.010012983815937515
2024-04-11,0.007546719431144933,0.007546719431144933,0.007546719431144933
2024-04-12,-0.013803096677538873,-0.013803096677538873,-0.013803096677538873
2024-04-15,-0.012528035229721457,-0.012528035229721568,-0.012528035229721457
2024-04-16,-0.0018237698460004115,-0.0018237698460004115,-0.0018237698460004115
2024-04-17,-0.005918270721091967,-0.005918270721091967,-0.005918270721091967
2024-04-18,-0.0020577941117486676,-0.0020577941117486676,-0.0020577941117486676
2024-04-19,-0.008728310287310914,-0.008728310287311025,-0.008728310287310914
2024-04-22,0.009209223639820463,0.009209223639820463,0.009209223639820463
2024-04-23,0.011866617014163916,0.011866617014163916,0.011866617014163916
2024-04-24,-0.00047477474141222054,-0.00047477474141222054,-0.00047477474141222054
2024-04-25,-0.0037987587828579583,-0.0037987587828578473,-0.0037987587828579583
2024-04-26,0.009473829310949755,0.009473829310949533,0.009473829310949755
2024-04-29,0.0035415053910734517,0.003541505391073674,0.0035415053910734517
2024-04-30,-0.015841202983064906,-0.015841202983065017,-0.015841202983064906
2024-05-01,-0.0032472021430118847,-0.0032472021430118847,-0.0032472021430118847
2024-05-02,0.009353443441858067,0.009353443441858067,0.009353443441858067
2024-05-03,0.012395256153738154,0.012395256153737932,0.012395256153738154
2024-05-06,0.010326938503174787,0.01032693850317501,0.010326938503174787
2024-05-07,0.0011034264304021768,0.0011034264304019548,0.0011034264304021768
2024-05-08,9.672134683258449e-05,9.672134683280653e-05,9.672134683258449e-05
2024-05-09,0.00576189641039937,0.005761896410399592,0.00576189641039937
2024-05-10,0.0012880452787931151,0.0012880452787931151,0.0012880452787931151
2024-05-13,0.00013421871437180322,0.00013421871437158117,0.00013421871437180322
2024-05-14,0.004588035509807131,0.004588035509807353,0.004588035509807131
2024-05-15,0.012383318564627155,0.012383318564627155,0.012383318564627155
2024-05-16,-0.002057648556520686,-0.002057648556520464,-0.002057648556520686
2024-05-17,0.0014374286500424827,0.0014374286500422606,0.0014374286500424827
2024-05-20,0.0011521851699716201,0.0011521851699716201,0.0011521851699716201
2024-05-21,0.002452510759075155,0.002452510759075155,0.002452510759075155
2024-05-22,-0.0028793330278347185,-0.0028793330278349405,-0.0028793330278347185
2024-05-23,-0.007304094973100028,-0.007304094973099806,-0.007304094973100028
2024-05-24,0.006616635547303185,0.006616635547303185,0.006616635547303185
2024-05-28,0.0006985875025946608,0.0006985875025946608,0.0006985875025946608
2024-05-29,-0.007002465409604586,-0.007002465409604697,-0.007002465409604586
2024-05-30,-0.006633746666733775,-0.006633746666733664,-0.006633746666733775
2024-05-31,0.009108165895193476,0.009108165895193254,0.009108165895193476
2024-06-03,0.0008153583340810844,0.0008153583340810844,0.0008153583340810844
2024-06-04,0.0011178083574776565,0.0011178083574776565,0.0011178083574776565
2024-06-05,0.01188508170131497,0.01188508170131497,0.01188508170131497
2024-06-06,-1.868653409564658e-05,-1.86865340957576e-05,-1.868653409564658e-05
2024-06-07,-0.0012154701067457196,-0.0012154701067456086,-0.0012154701067457196
2024-06-10,0.0030894414176951823,0.0030894414176954044,0.0030894414176951823
2024-06-11,0.002408336857466331,0.002408336857466553,0.002408336857466331
2024-06-12,0.008213376461439603,0.008213376461439603,0.008213376461439603
2024-06-13,0.0020131698731635783,0.0020131698731633563,0.0020131698731635783
2024-06-14,0.0006085063699716731,0.0006085063699716731,0.0006085063699716731
2024-06-17,0.007958910221575355,0.007958910221575577,0.007958910221575355
2024-06-18,0.0025407121528528975,0.0025407121528528975,0.0025407121528528975
2024-06-20,-0.002716544837253032,-0.002716544837253032,-0.002716544837253032
2024-06-21,-0.0013404904271935303,-0.0013404904271936413,-0.0013404904271935303
2024-06-24,-0.003250874173535423,-0.003250874173535201,-0.003250874173535423
2024-06-25,0.0038509684777765507,0.0038509684777763287,0.0038509684777765507
2024-06-26,0.001248036721894108,0.001248036721894108,0.001248036721894108
2024-06-27,0.0015764724631708305,0.0015764724631710525,0.0015764724631708305
2024-06-28,-0.003935092412651886,-0.003935092412651997,-0.003935092412651886
2024-07-01,0.002058070220223307,0.002058070220223307,0.002058070220223307
2024-07-02,0.0067297191878716855,0.0067297191878716855,0.0067297191878716855
2024-07-03,0.004462763358313415,0.004462763358313637,0.004462763358313415
2024-07-05,0.00576649129051976,0.005766491290519538,0.00576649129051976
2024-07-08,0.001153687531366021,0.001153687531366021,0.001153687531366021
2024-07-09,0.0009724431209321427,0.0009724431209321427,0.0009724431209321427
2024-07-10,0.009895287551016096,0.009895287551016096,0.009895287551016096
2024-07-11,-0.008622664527645374,-0.008622664527645263,-0.008622664527645374
2024-07-12,0.006307644912908028,0.006307644912907806,0.006307644912908028
2024-07-15,0.0027502945306059345,0.0027502945306061566,0.0027502945306059345
2024-07-16,0.005930227551637524,0.005930227551637524,0.005930227551637524
2024-07-17,-0.014021344049971574,-0.014021344049971574,-0.014021344049971574
2024-07-18,-0.007684830624340111,-0.007684830624340222,-0.007684830624340111
2024-07-19,-0.006640697294749587,-0.006640697294749365,-0.006640697294749587
2024-07-22,0.010309899385924082,0.01030989938592386,0.010309899385924082
2024-07-23,-0.0015686753676522613,-0.0015686753676521503,-0.0015686753676522613
2024-07-24,-0.022662373657600487,-0.022662373657600487,-0.022662373657600487
2024-07-25,-0.005210401360493111,-0.005210401360493111,-0.005210401360493111
2024-07-26,0.011199677243803441,0.011199677243803441,0.011199677243803441
2024-07-29,0.0005877660449546962,0.0005877660449546962,0.0005877660449546962
2024-07-30,-0.005066489846381694,-0.005066489846381805,-0.005066489846381694
2024-07-31,0.0162546493941369,0.01625464939413712,0.0162546493941369
2024-08-01,-0.01416089772791096,-0.01416089772791096,-0.01416089772791096
2024-08-02,-0.018618465583101207,-0.018618465583101207,-0.018618465583101207
2024-08-05,-0.029123731060897606,-0.029123731060897717,-0.029123731060897606
2024-08-06,0.009219621998645566,0.009219621998645788,0.009219621998645566
2024-08-07,-0.0066839087950150144,-0.006683908795014903,-0.0066839087950150144
2024-08-08,0.02311740208643176,0.02311740208643176,0.02311740208643176
2024-08-09,0.004409783108547893,0.004409783108547671,0.004409783108547893
2024-08-12,0.0005251819392879664,0.0005251819392881885,0.0005251819392879664
2024-08-13,0.016445457845939204,0.016445457845939204,0.016445457845939204
2024-08-14,0.0031548723144527724,0.0031548723144527724,0.0031548723144527724
2024-08-15,0.017140221567987446,0.017140221567987446,0.017140221567987446
2024-08-16,0.0022420117925041616,0.0022420117925041616,0.0022420117925041616
2024-08-19,0.009561331973907405,0.009561331973907405,0.009561331973907405
2024-08-20,-0.0016259572939691935,-0.0016259572939691935,-0.0016259572939691935
2024-08-21,0.0034366969502579447,0.0034366969502579447,0.0034366969502579447
2024-08-22,-0.007848785276715065,-0.007848785276715176,-0.007848785276715065
2024-08-23,0.010625422141984808,0.010625422141984808,0.010625422141984808
2024-08-26,-0.0023837106752643278,-0.002383710675264439,-0.0023837106752643278
2024-08-27,0.0013729062119203217,0.0013729062119203217,0.0013729062119203217
2024-08-28,-0.005804990250471764,-0.005804990250471764,-0.005804990250471764
2024-08-29,8.930257271066999e-05,8.930257271066999e-05,8.930257271066999e-05
2024-08-30,0.009546108600853476,0.009546108600853254,0.009546108600853476
2024-09-03,-0.02057890461708045,-0.02057890461708045,-0.02057890461708045
2024-09-04,-0.002046808041376691,-0.002046808041376802,-0.002046808041376691
2024-09-05,-0.002432422016352409,-0.002432422016352298,-0.002432422016352409
2024-09-06,-0.016830061169659682,-0.016830061169659793,-0.016830061169659682
2024-09-09,0.01119600514425767,0.011196005144257892,0.01119600514425767
2024-09-10,0.0043558432423733695,0.0043558432423731475,0.0043558432423733695
2024-09-11,0.01025921618027037,0.01025921618027037,0.01025921618027037
2024-09-12,0.00842313754247681,0.008423137542477033,0.00842313754247681
2024-09-13,0.005222868726185714,0.005222868726185936,0.005222868726185714
2024-09-16,0.0014766934860208636,0.0014766934860206415,0.0014766934860208636
2024-09-17,0.0004087469851710157,0.00040874698517123775,0.0004087469851710157
2024-09-18,-0.0029659591584655365,-0.0029659591584654255,-0.0029659591584655365
2024-09-19,0.017064470201915594,0.017064470201915594,0.017064470201915594
2024-09-20,-0.0017287267010226426,-0.0017287267010226426,-0.0017287267010226426
2024-09-23,0.0024988464537973876,0.0024988464537973876,0.0024988464537973876
2024-09-24,0.002861468217643548,0.002861468217643326,0.002861468217643548
2024-09-25,-0.002205585632772178,-0.002205585632772067,-0.002205585632772178
