date,strategy,strategy_no_costs,spy
2016-01-04,0.0,0.0,0.0
2016-01-05,0.001963050653589038,0.003465995229569252,-0.001696032353380561
2016-01-06,0.004551658958445781,0.004551658958445781,-0.012614485248228502
2016-01-07,-0.001478907534924967,-0.001478907534925078,-0.02399165666307046
2016-01-08,-9.674458122799212e-05,-9.67445812278811e-05,-0.010976423005055191
2016-01-11,-0.0017319711650760627,-0.0017319711650759517,0.0009899369800312474
2016-01-12,0.002662772660047441,0.002662772660047441,0.008068257461905537
2016-01-13,0.0009474986193500623,0.0009474986193502843,-0.024940557490074844
2016-01-14,-0.002566506574781746,-0.002088395086589201,0.016416903819580053
2016-01-15,0.004650999806544931,0.004650999806544931,-0.021465794264166616
2016-01-19,-0.0012964101177639353,-0.0012964101177639353,0.0013307986811228467
2016-01-20,0.004914784317241683,0.004914784317241683,-0.012814743733104872
2016-01-21,-0.0024908417784710313,-0.0024908417784709203,0.005601902524081437
2016-01-22,-0.0022202320746361748,-0.0022202320746361748,0.020514910830279343
2016-01-25,0.0033369445572197787,0.0033369445572197787,-0.015116452597792374
2016-01-26,0.0007390469224921592,0.0007390469224921592,0.013643113984610045
2016-01-27,-0.0024644044461875625,-0.0014717860946460437,-0.010883131118148204
2016-01-28,-2.0298917925432036e-05,0.00047281012772071307,0.005208630204326381
2016-01-29,0.004369678847418568,0.004869456466469746,0.024377583756477472
2016-02-01,-0.0013323429595749614,-0.0008298280384267942,-0.0003612558403183197
2016-02-02,0.003751188830673602,0.004250360367557882,-0.018022003062555303
2016-02-03,0.0013773317505505478,0.0018758099798132921,0.005994785334435315
2016-02-04,0.0035091277899941264,0.004009576991035546,0.0015686784081219152
2016-02-05,0.0003373495980549812,0.0003277110581703102,-0.019050344565891275
2016-02-08,0.006349758440842734,0.006844458725594027,-0.013461321808526883
2016-02-09,-0.00021472583282200475,-0.00021452958308154635,5.39181149210588e-05
2016-02-10,0.0037754020364382246,0.003775009390455386,-0.000862545476890908
2016-02-11,0.010531515525343815,0.01052857251514916,-0.013008307955313714
2016-02-12,-0.0073282457799080936,-0.007328393778858078,0.02061686373902094
2016-02-16,-0.007684050402641862,-0.007681733685902747,0.016878659382641548
2016-02-17,-0.0009984563711182837,-0.0009991745721602552,0.016334528419140515
2016-02-18,0.007968789997703452,0.00796714242675467,-0.0040959136720886136
2016-02-19,-0.001031815337948161,-0.0010313067946967625,-0.00046831859644203
2016-02-22,-0.0038657970808788633,-0.0038643810272398493,0.01447893998139449
2016-02-23,0.004183588702730168,0.00418250494716399,-0.012629545081511373
2016-02-24,0.0005671859829945447,0.0005669059555526434,0.004575787488583227
2016-02-25,0.002924655023656575,0.0029246844117529758,0.012112053469631956
2016-02-26,-0.006437917460888509,-0.005943331358149506,-0.002301762918790473
2016-02-29,0.002617970859378538,0.002614729325126852,-0.007842802802899618
2016-03-01,-0.0018124043306908533,-0.0017975868059406652,0.02350713697563811
2016-03-02,0.00136780606666842,0.0013707899504407095,0.004492702998206477
2016-03-03,0.004594902963162895,0.00459525727427601,0.003919436509997265
2016-03-04,-0.002391462769989916,-0.0018919846543420382,0.0032535816508312276
2016-03-07,0.0003913815445979463,0.0003915852370821593,0.000798174328986212
2016-03-08,-0.0014228332624336426,-0.001427589530670792,-0.010917683104429088
2016-03-09,-0.0022577430655130737,-0.001756460836867313,0.004939559624523415
2016-03-10,-0.0005503307174653527,-5.203755183846859e-05,0.0008024687425773891
2016-03-11,0.002068055526353474,0.002075082672451156,0.016137166139512216
2016-03-14,-0.0028359496128692596,-0.0023385752702435036,-0.0012824304522421892
2016-03-15,-0.0025006981302716502,-0.002506573888488184,-0.0016295800634807955
2016-03-16,0.007728232916978994,0.008226093672744739,0.005787016158250946
2016-03-17,0.004226155715599367,0.00473247035430302,0.006344340839048446
2016-03-18,0.0009453205839309309,0.000947521490932024,0.003929619049156008
2016-03-21,-0.0030219338356960446,-0.0030193637122599704,0.0014189751583075783
2016-03-22,-0.0007070959962512946,-0.0007079257466335864,-0.0005373811045408239
2016-03-23,-0.007071968123038119,-0.00707701283791673,-0.006599496003831251
2016-03-24,-0.0011380332380672709,-0.001138659474847703,-0.0004429070120902656
2016-03-28,0.0030223916933904693,0.0030225235585146226,0.0005906266152029271
2016-03-29,0.012747526473848358,0.012748016508133064,0.009250116039449807
2016-03-30,-0.0005902996374662628,-0.00058482818272243,0.004387741183200289
2016-03-31,0.0024309540212545944,0.0024292695061818304,-0.0024269460670182097
2016-04-01,-0.0006346630979526813,-0.0006357983911892129,0.006811612405701606
2016-04-04,-0.0034726668885330936,-0.003476961071562701,-0.003237644577584353
2016-04-05,-0.0026542703202060425,-0.002662724021160856,-0.009987878363535319
2016-04-06,0.0024967905256441103,0.002501516725647468,0.010921229555514556
2016-04-07,-0.002364379383615889,-0.0023731413135408275,-0.011965876094902295
2016-04-08,0.0034400007372468178,0.003446776833909704,0.002696656660856167
2016-04-11,0.0035036515940840562,0.003508263706257786,-0.002347182247036672
2016-04-12,0.0040114272787228344,0.004017099270011704,0.009312696375750384
2016-04-13,0.0024278372580153196,0.0024355784499039412,0.01010118985056141
2016-04-14,-0.0055816669448433,-0.005064994468681028,4.807860452626933e-05
2016-04-15,0.0013802678502028431,0.0013785726727271186,-0.0011055811803354354
2016-04-18,0.0037432671416026686,0.003745572089090654,0.007026646978166573
2016-04-19,0.00834927967452126,0.0083539234475698,0.003154382541953993
2016-04-20,-0.0006570817662453488,-0.00014300914515319452,0.0009526097913528098
2016-04-21,-0.006580257987071958,-0.0065790717415400435,-0.005378407481038239
2016-04-22,-0.002030288914476319,-0.0020314319030808603,0.0
2016-04-25,-0.0004684382817869981,-0.0004685761181050241,-0.001722622826713316
2016-04-26,0.006096497267336298,0.006099937895758467,0.0014859918465575106
2016-04-27,0.0033956618170454256,0.0033986180664413723,0.0020581895397211447
2016-04-28,-0.0017245082446741833,-0.0017207615722057978,-0.009075855016367651
2016-04-29,0.0011558184318507525,0.0011602461645185969,-0.005398993606777758
2016-05-02,0.0019599923367563665,0.0019517514657638735,0.007948711667605579
2016-05-03,-0.011506863478191076,-0.011508865916013189,-0.008703395220749033
2016-05-04,-0.003948479307901875,-0.003946110029846794,-0.005578124875502022
2016-05-05,-0.0015374074195306786,-0.001001657874634243,-0.00019494317063184496
2016-05-06,0.004887037318338283,0.004883308876120207,0.0036589354661609175
2016-05-09,-0.00685755133062238,-0.0068532561880658704,0.0008263948659976705
2016-05-10,0.007904865208180789,0.008421139345285544,0.012433645127915005
2016-05-11,-0.0014337762130294252,-0.00043280759822672543,-0.009354657246744003
2016-05-12,-0.0005983395556025117,-0.0005992551708098315,0.00029065450061227516
2016-05-13,-0.007083118141900324,-0.0070901229464255255,-0.008714392279523309
2016-05-16,0.006042936646902142,0.007061518337736938,0.00986537874102833
2016-05-17,-0.004598567783868246,-0.004097134527661361,-0.009333568801133452
2016-05-18,-0.009369580770054675,-0.008866907942663649,0.0002928193693976233
2016-05-19,-0.002875043991285242,-0.002873172101207855,-0.0034649692167176838
2016-05-20,0.0030528919382581954,0.003051725197534827,0.006317380850532128
2016-05-23,-0.001381601146565492,-0.0013805859516549113,-0.0013622931008568928
2016-05-24,0.0008250853863303043,0.0008239494492381372,0.012962077943646344
2016-05-25,0.0025375399695164447,0.0030546578704782057,0.006783149285816359
2016-05-26,-0.00027514838945619235,0.00023070538209091218,0.0002869660238955518
2016-05-27,0.0007158169917145241,0.0007153302677498363,0.004298857794156508
2016-05-31,-0.0013221054416429068,-0.0013208376403249789,-0.0019026541682207743
2016-06-01,0.0017623410612859214,0.0017611517980453684,0.002049252249170852
2016-06-02,0.0026865353915386248,0.00268927739573277,0.003043726472393482
2016-06-03,0.009481366580378126,0.009484248467213297,-0.0029870750654420464
2016-06-06,0.004320116441152377,0.0043232465158862254,0.00508863170935725
2016-06-07,0.005523048592176449,0.005524843903187859,0.0015610184225285373
2016-06-08,0.008471474289704739,0.008470830685410657,0.0032597519890360527
2016-06-09,-0.0032182435043262014,-0.0032224357822092653,-0.0013655892089041721
2016-06-10,-0.01272675712767779,-0.01273307039693572,-0.009477548339113961
2016-06-13,-0.004855955690801328,-0.004351615295034472,-0.007711728383551497
2016-06-14,-0.002270623813976025,-0.0022696290396727603,-0.00196662130130576
2016-06-15,0.003993053412319814,0.003992597374896212,-0.0013942716251797993
2016-06-16,-0.003574605181325463,-0.0035722488354534843,0.0029846349947801887
2016-06-17,0.004942249576990854,0.004938004146076924,-0.0037241532855220028
2016-06-20,0.004066828655807209,0.004062763096418287,0.00644000255297561
2016-06-21,-0.0026774467802820334,-0.0021657038634201875,0.002838254321963829
2016-06-22,-0.0011034851318604266,-0.0011032504341359495,-0.0016308816091090694
2016-06-23,0.01190058097468838,0.01190831960735328,0.013022457413687238
2016-06-24,-0.027649721481109002,-0.02767874819099636,-0.03590884453170007
2016-06-27,-0.006817127819206181,-0.006311288479226906,-0.017909980653237678
2016-06-28,0.010297393746115047,0.010805863573973395,0.018035967210669357
2016-06-29,0.009504812743863944,0.010010961470160229,0.017027639966891384
2016-06-30,0.0059044566143393595,0.005908336220997068,0.01364551805723635
2016-07-01,0.007046533276598321,0.007044057130596526,0.0021002757362003077
2016-07-05,-0.005374466027521341,-0.005375341627534946,-0.007193038961438969
2016-07-06,0.001495536448679502,0.0014978091589219478,0.00599799182305083
2016-07-07,-0.007756717724451412,-0.007753107866352749,-0.0006203768838818347
2016-07-08,0.011793180147281923,0.011794736161642616,0.01489040289792909
2016-07-11,0.0002124048491767283,0.00021406533134582517,0.003527039879044125
2016-07-12,0.002510884042093764,0.003031960614921836,0.0072633106417812066
2016-07-13,-0.00014853275347903594,-0.00014922460710242724,-0.00013935143270060735
2016-07-14,0.0026645032529513113,0.0026675047835320598,0.005583356847290943
2016-07-15,-0.002470925016065828,-0.0024722311171322398,-0.001341848463770945
2016-07-18,0.0023000970880628913,0.0023000424993837587,0.002687386084167631
2016-07-19,-0.0031958063999371067,-0.003198205207253779,-0.001016758635208448
2016-07-20,-0.00041098338059397665,-0.00040641581539424543,0.004163043655225129
2016-07-21,9.38135998134193e-05,9.164096912450681e-05,-0.0037772648740920234
2016-07-22,0.002218943390986494,0.0022187182642965375,0.0044853367153681045
2016-07-25,-0.005592148662230012,-0.005590063695252168,-0.0027159040381125044
2016-07-26,0.0013021157462811406,0.0013034786406436183,0.0004616058179740534
2016-07-27,0.0007776126290677254,0.0007788803422270618,-0.0010612283786834986
2016-07-28,0.000694212659126503,0.000693268337148778,0.0011546660301433587
2016-07-29,0.00836236810027069,0.008364134094309028,0.0016146846083799904
2016-08-01,-0.0036519398077092813,-0.0036536574291642365,-0.0008289925569322509
2016-08-02,-0.0047362202521361585,-0.004736306905773091,-0.006407486542837737
2016-08-03,0.0012429531593034504,0.0012408360816460462,0.0029224828482521392
2016-08-04,0.0023603391795392614,0.0023620879135151096,0.0010642761489254582
2016-08-05,0.0018845636604822857,0.0018859327256248726,0.008179127429738031
2016-08-08,0.0025106600723971972,0.0025104965877327245,-0.0005959863067186433
2016-08-09,0.0037423736078443515,0.0037443796648590766,0.0005963417182168751
2016-08-10,-0.001068599489487898,-0.001066511671355852,-0.002475223891997058
2016-08-11,0.003636480705780709,0.0036384965419702375,0.004640607085997894
2016-08-12,0.0003185969684240675,0.0003172648967038061,-0.0008686098636662143
2016-08-15,0.005998553308984356,0.005997680577903841,0.0028834706471354554
2016-08-16,-0.0017573359917539833,-0.0017570330079744734,-0.005157586969937289
2016-08-17,0.00048640490102669354,0.00048605077935337526,0.001881134728282996
2016-08-18,0.005115181683976067,0.005115311704130487,0.0022437977310709734
2016-08-19,-0.005491607325327608,-0.005492551877939289,-0.0014620751538957366
2016-08-22,-0.003058144171974919,-0.0030561904265349327,-4.568741606691962e-05
2016-08-23,0.001081317854329411,0.0010829878757341316,0.002013378642638841
2016-08-24,-0.005288679552124975,-0.005287313373208757,-0.0051148971780110575
2016-08-25,0.0005783960673071409,0.0005760757176263009,-0.0006882237570486893
2016-08-26,-0.005215242040217172,-0.0052155868425598495,-0.0018840407559921335
2016-08-29,0.003928083578402353,0.0039275017831985615,0.004924529175110326
2016-08-30,-0.00446279452055387,-0.004461310399513807,-0.0016484058269221613
2016-08-31,-0.0060100481665298355,-0.006008267536289802,-0.0028440845126229686
2016-09-01,0.0009847669194689157,0.0009875584854381891,4.593121701135239e-05
2016-09-02,0.01045345511875917,0.010454048590092357,0.004508156670794072
2016-09-06,0.010524426529723296,0.01052240065595389,0.003022321942910855
2016-09-07,0.0013448493234122783,0.0013445525597792773,-9.158035471046322e-05
2016-09-08,-0.0013763413359456633,-0.0013767444010026608,-0.0022827489610784957
2016-09-09,-0.02323440653938691,-0.023232305513663287,-0.02393511101512147
2016-09-12,0.006663495062990243,0.006664161694579951,0.01434762401130274
2016-09-13,-0.017474615589739284,-0.01747592043395163,-0.014375607561062376
2016-09-14,6.449942313357937e-05,6.360978923303229e-05,-0.0003753592525760352
2016-09-15,0.006462158126137929,0.006463257169886161,0.009993006445679464
2016-09-16,-0.004162381042780883,-0.0041667721199738494,-0.0038655791783077653
2016-09-19,0.0039852866155838385,0.003985829165851884,0.00018782807107675659
2016-09-20,0.001608152211900471,0.0016104633220483944,4.6717958743336396e-05
2016-09-21,0.016251095849456387,0.01625168893479101,0.011245609198420103
2016-09-22,0.008172687527486122,0.00817364980878188,0.006301072026692278
2016-09-23,-0.005883994807045156,-0.005885378872125924,-0.005479141229618234
2016-09-26,-0.004158005266575948,-0.004160437320724797,-0.008102224875268904
2016-09-27,-0.0001414173922446027,-0.00013908035079446268,0.006208016119474857
2016-09-28,0.008200198044681528,0.008199920898529722,0.00496315676662773
2016-09-29,-0.00807828531715915,-0.008080268691418868,-0.009046925544723305
2016-09-30,0.0022329245994838764,0.002235813169076728,0.007546260577323993
2016-10-03,-0.0016130776541892766,-0.0016134445647385531,-0.002404227607703091
2016-10-04,-0.011029952985592284,-0.01102421552617483,-0.005097769630561522
2016-10-05,0.00412424845204562,0.005125386842567581,0.004425268558121642
2016-10-06,-0.0010140741636837092,-0.0010151340947495147,0.0006955435166293711
2016-10-07,-0.0021325288603313286,-0.002128963836976361,-0.003429343922579875
2016-10-10,0.004168949388179355,0.00416216386910695,0.005208704206040471
2016-10-11,-0.009418381208381565,-0.009409303157378424,-0.01263001504307315
2016-10-12,-0.00167951006601319,-0.001677827851122582,0.0013121665482085376
2016-10-13,-0.0008461833438302424,-0.0008432422047905952,-0.003275615920133923
2016-10-14,-0.00028061098595533185,-0.0002834239759884616,0.0005164564394535276
2016-10-17,-0.0002936707415256423,-0.0002911907609368658,-0.0034722297909202116
2016-10-18,0.006580108282825181,0.006575493411965505,0.006262469117979563
2016-10-19,0.003172893081222039,0.0031701679156750373,0.0026667939713751476
2016-10-20,-0.0023820702607710853,-0.0023805932744520586,-0.001866385228815437
2016-10-21,0.0006871518767286311,0.0006875496473024434,0.00046740612906037704
2016-10-24,0.0010485354032236938,0.0010461308469733588,0.004253036908334229
2016-10-25,-0.001323983453709321,-0.0013228429295849553,-0.0033509198212964275
2016-10-26,-0.004670939492740334,-0.004668440291194176,-0.002007667596653828
2016-10-27,-0.002228101818796846,-0.002229320042293481,-0.0026667544968306256
2016-10-28,-0.0022687815889866902,-0.0022663292224546217,-0.00295551431699026
2016-10-31,-0.0009119352470063902,-0.0009102004454839552,4.716140861793505e-05
2016-11-01,-0.0024811520066152504,-0.0024786228646435093,-0.0072452815596660836
2016-11-02,-0.005096183548617517,-0.005088025906886173,-0.0060185317295770036
2016-11-03,-5.56382346588169e-05,0.0009394237237498881,-0.004577201362954919
2016-11-04,-0.0011507291169480238,-0.0011477822946569516,-0.0011017653234726144
2016-11-07,0.0015166605845431391,0.0015042434724574782,0.022056955057440986
2016-11-08,0.0007336000616888771,0.0017443530668403984,0.004503640944656606
2016-11-09,-0.007788851818937181,-0.0077752244278215255,0.010602523452654777
2016-11-10,-0.008034862498658257,-0.008026834379267989,0.0024953268874918777
2016-11-11,-0.009518354277701424,-0.009018599175230513,-0.0023047733956615968
2016-11-14,-0.005100032199436,-0.004102487975301328,0.0007853886179332026
2016-11-15,0.0012995656990479887,0.001298262657712046,0.007802763045137606
2016-11-16,-0.0017930909369048287,-0.0012985671312157887,-0.001878104440582673
2016-11-17,-0.0014527242958407571,-0.0009505713771896795,0.005140389296738546
2016-11-18,-0.0040603747891531095,-0.004060557784102303,-0.002237623088647611
2016-11-21,0.0019773018625897087,0.0019767412125004657,0.007551547631002187
2016-11-22,0.00023652398959117527,0.0007351117791905004,0.0019535385709430475
2016-11-23,-0.0019182600140031925,-0.0014174940627041943,0.0005441746620840071
2016-11-25,-0.0007852428083126028,-0.00028166716587740837,0.00371518210909505
2016-11-28,0.002804654872045953,0.0028055326311644535,-0.0046951465767332
2016-11-29,-0.002297019658053623,-0.0022953445699619435,0.0019504527622593582
2016-11-30,-0.0008180947854671272,-0.00032311125316619727,-0.002399107003553169
2016-12-01,-0.0013714002842465378,-0.0013765979356596958,-0.003675418686641563
2016-12-02,0.0034060173438967833,0.00391396554697887,0.0005010264654594643
2016-12-05,0.0016034604900336813,0.0016024835412147276,0.006008737423371935
2016-12-06,3.32176951045593e-05,3.340570533771903e-05,0.0031672418501833555
2016-12-07,0.0052129085706655864,0.006223614730071381,0.013081016162097558
2016-12-08,6.743613477855348e-05,6.91579183902391e-05,0.0024486308589539707
2016-12-09,5.71506019153567e-06,5.219819821489224e-06,0.0060402807063209
2016-12-12,-0.0009194921929378541,-0.0009241256533334408,-0.0011476523492913726
2016-12-13,0.005399054513652191,0.005404612992217839,0.0066738084134938536
2016-12-14,-0.013160986112818907,-0.013170081647870924,-0.008254006407553471
2016-12-15,-0.0016739834789584185,-0.0011665291568092595,0.004117251735652916
2016-12-16,0.001168163349692497,0.0011682123949428025,-0.001956124392211933
2016-12-19,0.0014427782770773945,0.0014443834851622928,0.002177652528619456
2016-12-20,0.0009129111748062968,0.0009113785434857746,0.0038573693270460563
2016-12-21,-0.0005705978836803016,-0.0005694871399496426,-0.0027828182529151535
2016-12-22,-0.0010956392108328883,-0.0010953030229576832,-0.0017271896375231632
2016-12-23,0.0014825958401043504,0.0014823323055521698,0.0014641058803039897
2016-12-27,0.0020690502530424926,0.0020672852776764117,0.002481414183370223
2016-12-28,-8.475409851693705e-05,-8.285769676885657e-05,-0.008264775523578405
2016-12-29,0.0021158992492649187,0.0021163831598622895,-0.0002227478600295152
2016-12-30,-0.0002864757985234778,0.00021449843237086874,-0.0036550189132423805
2017-01-03,0.0,0.0,0.0
2017-01-04,0.0022120866899866254,0.0037154048200214174,0.00275084551898952
2017-01-05,0.00601689171989106,0.006522842391138317,-0.0007945375951906586
2017-01-06,-0.0016111907883645804,-0.0016103149873410993,0.003577909182319594
2017-01-09,-0.00433899439013985,-0.004341339366711328,-0.003300677060958934
2017-01-10,-0.0012272613499417773,-0.0012308908635837446,0.0
2017-01-11,0.005021286465879404,0.005523136895377423,0.0028256907647170593
2017-01-12,0.0032015508903469048,0.00320030972120966,-0.002509949065789052
2017-01-13,-0.0001762664728868213,-0.0001772616873068067,0.0022956897302053303
2017-01-17,0.0002594781484266395,0.00026181941229674877,-0.0035233858801857476
2017-01-18,-0.004859249332279658,-0.004860368592576103,0.0022099712104712843
2017-01-19,-0.004810871610168133,-0.00431644334566228,-0.003704931267826006
2017-01-20,0.00373122961913408,0.004232988373765512,0.003674519921334385
2017-01-23,0.004209092558666194,0.004209620431367966,-0.0026023009893492155
2017-01-24,0.0014863129486684112,0.0019898552998487418,0.006411821761518777
2017-01-25,0.0020687561279524314,0.0020644781989649363,0.00865547847575554
2017-01-26,-0.0008024029495806717,-0.00029380557563774,-0.001045791929342954
2017-01-27,-0.0013558880041045773,-0.0013545978036049178,-0.0015694006681764572
2017-01-30,-0.0041589173092737575,-0.004156960275476185,-0.006201825094785729
2017-01-31,0.0026541437320393158,0.002654553435829987,-8.805307852055577e-05
2017-02-01,0.0019676739173628555,0.001965726501890863,0.00039557113344046435
2017-02-02,0.0010313521917906243,0.001031019488917151,0.0006594147175433829
2017-02-03,0.0029781904615280297,0.0029770556269383963,0.006892698686812304
2017-02-06,-0.0013375455077078158,-0.0013344737432817722,-0.0017877462933811872
2017-02-07,-0.0011278250835693449,-0.0011263440976008177,4.35283709543377e-05
2017-02-08,0.0035180870342201853,0.003518372190969732,0.0013106047022404255
2017-02-09,0.001258158073825788,0.0012544924488850917,0.0059326188579080785
2017-02-10,0.0041424361418436195,0.0041400220446379254,0.003946183698355865
2017-02-13,-0.0009873563671921604,-0.00048421310732660316,0.0054427883821197565
2017-02-14,-0.0006711774443390883,-0.0006734549401886669,0.00399493877253243
2017-02-15,0.002201374509729348,0.0021986154787727585,0.00522084519485988
2017-02-16,-0.0005695053433312225,-6.431015702446086e-05,-0.0008516207220197192
2017-02-17,-0.0008481309495429468,-0.00033916499072894624,0.0015761941706546878
2017-02-21,0.005199383726151696,0.005203150056537931,0.005955147799732385
2017-02-22,-0.0007558333024109132,-0.0007571115790733218,-0.0008878789390097674
2017-02-23,0.0023479989040597893,0.002349421845776467,0.0006771949125281562
2017-02-24,-0.0017398241694686067,-0.0017366337802406928,0.001268956307289848
2017-02-27,-0.000281026467847445,-0.0002782455742237344,0.001562669992039245
2017-02-28,-0.0029093162150315433,-0.0029113275498866553,-0.0026990730228516613
2017-03-01,0.005708367772670586,0.005703975380336734,0.013997461658209032
2017-03-02,-0.009096248394871331,-0.009094465505174343,-0.0062974429680603405
2017-03-03,0.0027169114394376415,0.0027136110848549055,0.0006297170068023661
2017-03-06,-0.0019349551661612674,-0.001936230703687758,-0.002978377428373591
2017-03-07,-0.0026820454057666643,-0.0026830790214621425,-0.0029863779617934627
2017-03-08,-0.00982572157501016,-0.009830067229324446,-0.0018567031119507416
2017-03-09,-0.0034701547714649505,-0.002960590630449622,0.0012681624911941025
2017-03-10,0.004054327058990337,0.004557525447016264,0.003504121576205277
2017-03-13,0.002041045577948264,0.0020387662001053464,0.000504883341382989
2017-03-14,-0.0023567925213776597,-0.0023550853930649485,-0.003826542521268017
2017-03-15,0.012587805681565367,0.01258588911533609,0.008653552360811112
2017-03-16,0.00015152763644632472,0.00015006891771518482,-0.0019671064593972387
2017-03-17,0.001167055601257072,0.0011678097243672525,-0.0017560240802324545
2017-03-20,0.002649720909592146,0.0026495898450529243,-0.0010969834224331398
2017-03-21,-0.0031071913103331017,-0.0031039798314113076,-0.01283935932503033
2017-03-22,0.002181847487968236,0.0021817054264028357,0.0023528977341129576
2017-03-23,-0.0002733186070945637,-0.0002737044824474566,-0.0010668306117275206
2017-03-24,0.0010574597786530138,0.0010572152686505465,-0.0007268422746218306
2017-03-27,0.0002555140378099896,0.0007734185971708385,-0.0010260180697763133
2017-03-28,0.0006781583396924251,0.0006759043280040178,0.0072768650983841
2017-03-29,0.0017962651174374678,0.0017965658041485533,0.000934799992784896
2017-03-30,-0.0026218177550952904,-0.002116322856320685,0.0031844221163634945
2017-03-31,-0.000691159813961173,-0.00018770988331229255,-0.0023276304964056083
2017-04-03,0.002329819461266869,0.0028332149005416696,-0.001739405083699186
2017-04-04,0.0002773282877654992,0.0002783224679983043,0.00063722725354598
2017-04-05,-0.0038386839290655006,-0.0033437131668757614,-0.00297245933100021
2017-04-06,0.0008984006453995885,0.0008992356236570132,0.0028110008695301225
2017-04-07,0.0004958586410532817,0.0004969092011224419,-0.001019432926068431
2017-04-10,0.0015786338160046487,0.0015817178767116857,0.0005956206952661969
2017-04-11,0.004124742674341153,0.004123673430025843,-0.0011898559314651447
2017-04-12,0.0007967212188937367,0.0007963373770845106,-0.004381821437653977
2017-04-13,-0.0018789522023761052,-0.0018763954791346515,-0.006494801997070532
2017-04-17,0.004755679810483526,0.00475037532147593,0.00885960282320064
2017-04-18,-0.0026866812290515796,-0.002687248721637947,-0.002984367244703412
2017-04-19,-0.006621738965781554,-0.006627123974786597,-0.0018384650816789527
2017-04-20,0.004714908594259493,0.005230365383297908,0.008139344597635212
2017-04-21,-0.0004753635177100479,-0.0004749016182993282,-0.0031869020707160356
2017-04-24,0.0051207932392747235,0.005117361623431904,0.01099776044563705
2017-04-25,0.0018161819209332464,0.0018128190619397522,0.005818589434265498
2017-04-26,-0.0012088255471889298,-0.0012069551347714258,-0.000628922377870822
2017-04-27,-0.0008404124398644353,-0.0008396633044447377,0.0008390414363321774
2017-04-28,-0.0013067513055475821,-0.001305576242228379,-0.002179382399111529
2017-05-01,0.001193842443731219,0.0011922308824698913,0.0025201358295641185
2017-05-02,0.002213502456566596,0.002213469479702024,0.00037716273000909517
2017-05-03,-0.006452583718373539,-0.00645038193757097,-0.0012146134935870911
2017-05-04,-0.002852664385646575,-0.0028523887355672572,0.0011741154995335013
2017-05-05,0.005073778385074501,0.0055973566591096535,0.003936881598367581
2017-05-08,-0.003310877204901752,-0.0033105199065325275,-0.00016704575378767572
2017-05-09,0.00029826842806968124,0.00029743848947827445,-0.0009177244124360939
2017-05-10,0.0005897098674776391,0.0010960447508681082,0.0017960666612844012
2017-05-11,-0.0011055562652155793,-0.0006072592007811961,-0.00204294264254945
2017-05-12,0.0023741846361373664,0.0023709894514858387,-0.0016709172261326621
2017-05-15,0.002850805060752082,0.003349852900998762,0.0055234185620463006
2017-05-16,-0.0005728373039665113,0.00042361955173597643,-0.0009156479307579346
2017-05-17,-0.0034828989127208,-0.0029736378538978148,-0.017743944801854705
2017-05-18,-0.003280372228421702,-0.003278901755235153,0.004028486722193136
2017-05-19,0.007648484876812356,0.008158205088297121,0.006504049372601628
2017-05-22,0.0023697473476977926,0.002370515787216254,0.00507741280822227
2017-05-23,-0.0007898804648461821,-0.0007890405850393689,0.0022130998350069486
2017-05-24,0.0034918675539650224,0.0034941842538942502,0.0023326513650256953
2017-05-25,0.0015425619328033324,0.001541870202824036,0.0047793295046363315
2017-05-26,0.0004590410903189124,0.00045518946011990913,-0.00020651590980869106
2017-05-30,-0.002392545549995684,-0.0023944980863671583,-0.0008690386487688606
2017-05-31,-0.00029193684482520244,-0.0002915158813040497,-0.0002481884040724802
2017-06-01,0.004754865644900352,0.00475513022332108,0.007952131478014213
2017-06-02,0.00689310488493744,0.006894775428983424,0.0033285322605132173
2017-06-05,-0.0020726480957411475,-0.002073759468562586,-0.0007370751098079165
2017-06-06,0.0006703510960179848,0.0006675975387313571,-0.003197072952353941
2017-06-07,0.00012098238852575882,0.00012440518529288624,0.0018501068745409022
2017-06-08,-0.0009717442029948398,-0.0009724265837603996,0.0004927023723459989
2017-06-09,-0.0026777074305455173,-0.00267290143236798,-0.0015180064115530856
2017-06-12,-0.00031747830372286234,-0.00031281995018150877,-0.00020526131618348042
2017-06-13,0.0035098652522171925,0.00350923551200899,0.004889637945718395
2017-06-14,-0.00018526422788001096,-0.00018445438300607186,-0.0012672663503431325
2017-06-15,-0.003882882954798661,-0.003878341948285513,-0.0019244196074722497
2017-06-16,0.0013963328147452714,0.00139428645565709,0.00021838018204922705
2017-06-19,0.0020324492404275585,0.002031525421315461,0.00832535924038269
2017-06-20,-0.004654708002342023,-0.004653566698785028,-0.006744076434880397
2017-06-21,0.00023064870568423324,0.0002295101001363875,-0.0002469701255956025
2017-06-22,0.001613954455090827,0.0016136180322341431,-0.00045305944800644316
2017-06-23,0.0028338798175149282,0.0028342065961937113,0.001194331740263177
2017-06-26,0.001881382966285372,0.001884085034725702,0.0006580207993931442
2017-06-27,-0.005079551872833155,-0.005081583246639987,-0.008056213726402639
2017-06-28,0.004618954720631674,0.004617840791714345,0.008950486731214014
2017-06-29,-0.008601166941104466,-0.008602611426624218,-0.008788756428805167
2017-06-30,0.00038606397067875164,0.0003858895663606532,0.0018644326242092113
2017-07-03,-6.137901902114606e-05,-5.484640744690683e-05,0.0016958077053925713
2017-07-05,-0.0027494063006299196,-0.0022385451874377127,0.0023118927611947004
2017-07-06,-0.008002551842338002,-0.007999436517230452,-0.00914453699877471
2017-07-07,0.001811531802386579,0.0018097830734833398,0.006485062479682835
2017-07-10,0.0011276734238094832,0.0011277772907634098,0.0010739886122603792
2017-07-11,0.001977066470079558,0.002473810938215415,-0.0007426491027647808
2017-07-12,0.007274136515436513,0.007271978658015543,0.007514636743868319
2017-07-13,0.0008667224015532771,0.0013675708063407566,0.0016802325883327196
2017-07-14,0.006114385735058736,0.006116124091884556,0.004664140212380374
2017-07-17,-0.0001651602291130594,0.000333541279395666,-0.00012220277489904952
2017-07-18,0.002148748579112514,0.0021511606290185448,0.0005296578656774908
2017-07-19,0.0042298205999604654,0.004227576411454992,0.005413921746416861
2017-07-20,5.260058577793991e-05,5.3249529587739985e-05,0.000445435060221433
2017-07-21,0.0006958994454073775,0.0006998562428355282,-0.0008904022458564587
2017-07-24,-0.0003501773254134255,-0.0003497904169867949,-0.00024309875776518108
2017-07-25,-0.0010524299004368576,-0.0010535453128717176,0.0024307230038966843
2017-07-26,0.005445727262126665,0.005447046361737984,4.047546507490729e-05
2017-07-27,-0.0016320366603670422,-0.0016315929542640717,-0.0009292619935543645
2017-07-28,0.000986090042280896,0.0009893790497395027,-0.0011730527651607758
2017-07-31,0.0007937087112783736,0.0007935582860545409,-0.0005669713323782632
2017-08-01,0.0028085076798627373,0.002806663764695294,0.0022286611472213114
2017-08-02,-0.0017184535127389156,-0.0017186321791836656,0.00048497668197966526
2017-08-03,-0.0004054762829670544,-0.0004044745732240118,-0.0019397487893374477
2017-08-04,-7.369077733210272e-05,-7.759790668793176e-05,0.0018220799862256332
2017-08-07,0.001243634354595624,0.0012424223932165912,0.0018594565555216658
2017-08-08,-0.001706529838533588,-0.0017042080679454674,-0.0024611118621885586
2017-08-09,-0.00012966572889561157,-0.00012351268475163657,-4.0430467745489196e-05
2017-08-10,-0.007975957712208381,-0.007968115797751918,-0.014115145929636919
2017-08-11,0.00031221505680867345,0.0003145085457660901,0.0014767562337769657
2017-08-14,0.002996635137716641,0.003498610897469945,0.009913122207047653
2017-08-15,-0.0030750447046646867,-0.0025743239989183264,-0.0001214314606141631
2017-08-16,0.005175058417594691,0.005174464190949912,0.001744156034887645
2017-08-17,-0.006191107253370909,-0.006191078491800006,-0.015590818088710212
2017-08-18,-0.00028808677026559426,-0.0002929844256291947,-0.0015630745732605478
2017-08-21,0.001011586757031946,0.0015169612031080693,0.0007825795131821689
2017-08-22,0.002177538296652237,0.00267563676445981,0.010457077139737647
2017-08-23,0.0031125762030979054,0.0031161307902121127,-0.0035854826138762563
2017-08-24,-0.001532693391271489,-0.001533482946325715,-0.002330339201413567
2017-08-25,0.004058448495775524,0.00405881641678163,0.0023357823666285693
2017-08-28,0.000923516125119983,0.0009192465120086979,4.0948797307205353e-05
2017-08-29,-0.0009418294187971687,-0.0009418999153540941,0.0011448642199956005
2017-08-30,0.0015408966482683972,0.0015429357483576212,0.004737533676253625
2017-08-31,0.005722505206485762,0.005722521201293018,0.006016116427005613
2017-09-01,0.0025596667939136175,0.0030656761105907204,0.001414177905088021
2017-09-05,-0.002769061079511914,-0.002766686978582955,-0.007181982714383972
2017-09-06,0.0038950618599264963,0.003898081297831313,0.003413722885612147
2017-09-07,0.005262582216708056,0.005259596671790767,-0.0001216108201410604
2017-09-08,-0.0032062670835876217,-0.0032102289163431497,-0.001174621083821048
2017-09-11,0.004809072561947625,0.004807681579259038,0.010665891039904896
2017-09-12,-0.00016946732777400886,-0.00016810327105476475,0.003370856505470421
2017-09-13,-0.0026238669286510197,-0.002620262005245455,0.0004798929229237192
2017-09-14,0.002896494853939835,0.002895384536940382,-0.0003198220590546752
2017-09-15,0.0016169035782951369,0.001618391445128875,0.0013461314344491715
2017-09-18,-0.0014904760081135837,-0.0014903911423611582,0.0021268930704736455
2017-09-19,0.00023392304838631972,0.00023280400285718983,0.0010012624308339824
2017-09-20,-0.0014202937917525693,-0.001415318489209283,0.00035983329965727506
2017-09-21,-0.002999044293889086,-0.002999491568460022,-0.002679429617243101
2017-09-22,-0.00017784339780779757,-0.00017579284659752226,0.00020055962877929545
2017-09-25,0.0013662078377925102,0.0013740924503951035,-0.002044581868579809
2017-09-26,-0.003795034517046547,-0.003797665544658657,0.000602720339240026
2017-09-27,-0.0035038368550751597,-0.0035040326652533427,0.0038944047357221123
2017-09-28,0.0019667777769143413,0.0019657843228833016,0.0011998310109004873
2017-09-29,0.00209900119528883,0.0020952815279215997,0.0035148714845603113
2017-10-02,-0.0021157928425425965,-0.002119007786772098,0.004338727464618941
2017-10-03,0.003511746354774248,0.0035102854816757567,0.0021399330624551904
2017-10-04,0.001348963055137098,0.0013489504541392972,0.0011864977648667896
2017-10-05,0.003769246580033192,0.003772941575004962,0.005925181568549043
2017-10-06,-0.0035733814547751486,-0.0035794404271363156,-0.0011387742844010118
2017-10-09,0.0014667052764190114,0.00146630018440419,-0.0016510707346215625
2017-10-10,0.006594937757512076,0.0065975451608499824,0.0026382478492343875
2017-10-11,0.0028382597406251264,0.002837810957116549,0.0015709011252587057
2017-10-12,0.0005050484605861882,0.0005041597479447102,-0.0014900806420820034
2017-10-13,0.0058826516213355,0.005884569246644267,0.0012174061360679111
2017-10-16,-0.0014949854518873096,-0.0014929461222120688,0.0013335274125303442
2017-10-17,-0.002295454995189794,-0.002294929857284189,0.0007051498232426567
2017-10-18,0.00017030935098438782,0.00016989767067254746,0.0009786579758328529
2017-10-19,-0.0020252690439586107,-0.0020265203546552257,0.0002735316864954651
2017-10-20,0.00018436569873458986,0.00018685657782890885,0.005160831196651783
2017-10-23,-0.0027589981263669294,-0.0027575993655898356,-0.003889525010949524
2017-10-24,0.000708570759689664,0.0007134133858570646,0.0017569223135767142
2017-10-25,-0.0020992876210232936,-0.002097560681945665,-0.004950114204787415
2017-10-26,-0.0028503213773879432,-0.002846575660517159,0.0012928547104611443
2017-10-27,0.004677635004697311,0.00567549985454896,0.00817606874263932
2017-10-30,0.0006317117096050762,0.0016403386659094021,-0.0037248490967894954
2017-10-31,0.0016903480197461018,0.0021894608997596876,0.001557595743367557
2017-11-01,0.002065768844153215,0.0020650388587826196,0.0013223911599951066
2017-11-02,0.0025263053181940887,0.0030304870151418584,0.0003880928541741824
2017-11-03,-0.0007253791432640933,-0.00072627081631782,0.0033387785311129736
2017-11-06,0.006349882472710178,0.006853889017952142,0.0015475540846028313
2017-11-07,-0.00234685225953013,-0.0018470076361279952,-0.0006952488643849897
2017-11-08,0.002726077646238778,0.0027264456673565807,0.0017008752107221525
2017-11-09,-0.0014238827678223487,-0.0014211281367889628,-0.0036276716075827053
2017-11-10,-0.002709561950989814,-0.0027123075891181125,-0.00030987363355927666
2017-11-13,-0.0002991447221033505,-0.0002982570406842022,0.0009299090549756972
2017-11-14,-0.003866345620950673,-0.003863379930468591,-0.0023225450250289326
2017-11-15,-0.004624928011772833,-0.004623224064908671,-0.005005446315905493
2017-11-16,0.007053422871304615,0.007049826100371082,0.008501159758154131
2017-11-17,0.003642731767362184,0.0036469178957379,-0.0029388127245350004
2017-11-20,-0.002440679545610891,-0.0024458099116030363,0.0017063541384387815
2017-11-21,0.007239000790731032,0.007236206511562315,0.006542786811286394
2017-11-22,0.0027871820221057053,0.0027903749711428727,-0.0008843135586729112
2017-11-24,0.001681936751020796,0.0016798375404427635,0.0023095564843853555
2017-11-27,-0.003948868214848744,-0.003944823630976257,-0.0004992418882107108
2017-11-28,0.0025156386010249943,0.002514302632838694,0.010145217896162073
2017-11-29,-0.0055113583540911115,-0.005511732841599892,-0.0006089327367835295
2017-11-30,-0.0019013340126096123,-0.0019042257988445277,0.008755041755306836
2017-12-01,0.0005384800537895362,0.0005402188471310687,-0.0020754609749101816
2017-12-04,-0.003905770771024608,-0.003905501756954477,-0.0012102124848367701
2017-12-05,-0.003660549208106212,-0.0036622643370133323,-0.0035965811494327316
2017-12-06,-0.006391963819426749,-0.005875231112728807,0.00019017663803100326
2017-12-07,0.0020848211616635304,0.0020829004795921424,0.00315288571772232
2017-12-08,0.00532509734130282,0.005322146396875338,0.005453104620037896
2017-12-11,0.002063823311422519,0.002062513953428491,0.003013006009587871
2017-12-12,-0.001395609816770893,-0.0013954543826391053,0.0017650595286711201
2017-12-13,0.0028707469684416953,0.002871405641602154,-0.00011245229639667009
2017-12-14,-0.002445448834195174,-0.0024444520366911915,-0.004086357582188782
2017-12-15,0.0027331528244260994,0.002731680390909874,0.008327217860012448
2017-12-18,0.00640514235715095,0.006400907990363969,0.006341542921576515
2017-12-19,-0.00525439747947698,-0.005253964058621552,-0.0038405102333698427
2017-12-20,-0.0016297309639679014,-0.001630290873568696,-0.0005242161035560189
2017-12-21,0.0025896244931666867,0.0031048066979719735,0.00205998786453776
2017-12-22,0.0026493062126400346,0.0026481546593517535,-0.0002616412957743286
2017-12-26,0.0021959164215084037,0.0032004545424164643,-0.0011965177880248756
2017-12-27,0.002402855599519027,0.002403975413954207,0.0004869407346761445
2017-12-28,0.004128311267742157,0.004129378895820102,0.002057165756028212
2017-12-29,0.0019285473221277716,0.0019300362786494052,-0.003770438603515225
2018-01-02,0.0,0.0,0.0
2018-01-03,0.00030168892567838945,0.001802141459066986,0.004108092076632097
2018-01-04,0.001159618005673435,0.001159618005673213,0.004214713307501228
2018-01-05,0.002327173916204961,0.00283092228736459,0.006663891916109943
2018-01-08,5.415519733875662e-05,5.388956086771479e-05,0.0018287585586245214
2018-01-09,-0.00017382033657120655,-0.00017608921579248538,0.002263566978269349
2018-01-10,-0.0006857122956661632,-0.0006854963533047265,-0.0015299230506967687
2018-01-11,0.0039553549435231705,0.003953713869362163,0.00729616287367052
2018-01-12,0.007368800532278064,0.007364842112733694,0.006519203886003355
2018-01-16,-0.0018080074758811682,-0.0018068893354288296,-0.003418673849963194
2018-01-17,0.0031402817406689376,0.0031376329896413147,0.009531758310115324
2018-01-18,-0.0011686035380026327,-0.0011695746589802658,-0.0016808410972969368
2018-01-19,0.0031054434711839107,0.0031026561548641585,0.004549713333354077
2018-01-22,0.00384416008858679,0.0038421034555526923,0.008130557691373275
2018-01-23,0.00416990504380732,0.004169298649671749,0.0021227699435746317
2018-01-24,0.00512634405759127,0.005122979509093906,-0.00038822709932162525
2018-01-25,-0.0024106208228964476,-0.0024084274527043092,0.00042381920542133855
2018-01-26,0.006715978418586621,0.006711310333967768,0.011577761894707495
2018-01-29,-0.0070840952845916405,-0.007081901524501166,-0.006630127841302125
2018-01-30,-0.007714628066454399,-0.007712039742674981,-0.010256882954202573
2018-01-31,0.0026882913377601625,0.0026871435111981423,0.0004970713419818473
2018-02-01,-0.0006369655997493506,-0.0006390953427556356,-0.0011355632741827382
2018-02-02,-0.016907280777115452,-0.016900968699370744,-0.02176990483455743
2018-02-05,-0.019717137132172935,-0.019703547961639645,-0.04182224417093183
2018-02-06,0.008254922470057435,0.008248561616237327,0.01970183311049012
2018-02-07,-0.011133616766453858,-0.011129570342462647,-0.005424497381336324
2018-02-08,-0.017609550055607714,-0.017600329627460942,-0.0375092703984079
2018-02-09,0.002666825021722552,0.002664532681099896,0.015021660237433787
2018-02-12,0.009335797202312257,0.009330940527997544,0.014684543672399908
2018-02-13,0.0027315227997537495,0.0027309952391851855,0.00248740145184545
2018-02-14,0.01379200922181556,0.013782153550205845,0.013496201843272049
2018-02-15,0.00714521992389594,0.00714185314138116,0.012760258571196115
2018-02-16,0.00036100045295750505,0.0003619634317371112,0.0002928584342496432
2018-02-20,-0.0068949750795246345,-0.006892140387300794,-0.006261214234073664
2018-02-21,-0.0032222735813245418,-0.003222134934613985,-0.004974211832767805
2018-02-22,0.0037872801231972897,0.0037861220864989775,0.001296176823578854
2018-02-23,0.008467008538157739,0.008464726197563,0.015939238904999042
2018-02-26,0.00656700950793998,0.006564384435237214,0.01161231789491679
2018-02-27,-0.013446071520294423,-0.013441083008280175,-0.012486532226350877
2018-02-28,-0.007274753191177097,-0.007270059948487506,-0.010129819402294626
2018-03-01,-0.004894759194934206,-0.004890210844624487,-0.014540916580615404
2018-03-02,0.0026298025104691813,0.002626654731916922,0.005154848195324746
2018-03-05,0.0035645308518961194,0.003562140677646042,0.011558126675881963
2018-03-06,0.005355615024661198,0.005352944709290153,0.002534971240559347
2018-03-07,-0.0028337908189033367,-0.0028324377980851745,-0.0003665775519043901
2018-03-08,0.0001235490738864531,0.00012447445922014744,0.004839052341124805
2018-03-09,0.009003969626343533,0.008998481557657145,0.017402475797139383
2018-03-12,0.00046150001873113133,0.00046241118865997244,-0.0012549941877011417
2018-03-13,-0.003634159627570077,-0.0036315713221998225,-0.006463089957696511
2018-03-14,7.431818802361434e-06,8.38171640626939e-06,-0.0051315817477212144
2018-03-15,-0.0021293968632458693,-0.0021285504462201787,-0.0010893697775582467
2018-03-16,-0.0003019905076548923,-0.00030241000753550296,0.0010845385680275932
2018-03-19,-0.0063411314058055,-0.006338485891087431,-0.013530684374158608
2018-03-20,0.0021645304726936043,0.0021624994276123743,0.0017006838729141105
2018-03-21,0.006998981779067215,0.006995938602071483,-0.0019192203215481207
2018-03-22,-0.014138737835147963,-0.014129800849827956,-0.024997006281226364
2018-03-23,-0.0028317060829377017,-0.0023165769747858223,-0.021314665920538767
2018-03-26,0.007305911522419883,0.0078048675050603755,0.027359041341031398
2018-03-27,-0.006651127327548245,-0.006158639704631708,-0.017011694099533403
2018-03-28,-0.004390726967637315,-0.004390050767825615,-0.0029548072322920227
2018-03-29,0.0063230205533151285,0.006819049396366017,0.01277765629043004
2018-04-02,-0.009279353263990986,-0.00829621500910871,-0.021584575176795462
2018-04-03,0.0009684488201113783,0.0019683443294740144,0.012816721761802263
2018-04-04,0.0037241025900012215,0.004251365846847488,0.010699054971383015
2018-04-05,0.0008515083914228949,0.0013696350033014504,0.007892464780515418
2018-04-06,-0.007741455805319819,-0.007740735710253022,-0.022285970943954014
2018-04-09,0.005091302927430208,0.005600383127812192,0.004928401332611632
2018-04-10,0.007816714407651526,0.008317696179326317,0.01590038551104045
2018-04-11,0.001284075450665112,0.001280819434469116,-0.0052424378802266025
2018-04-12,-0.0013009574179446703,-0.0012962354987733349,0.008227174474605414
2018-04-13,-0.0006643211580978914,-0.0006654532135708102,-0.00293297847576357
2018-04-16,0.0014073982080398117,0.0014108044972256373,0.008221875239717624
2018-04-17,0.00324393337329254,0.0032476834112706854,0.010698321637781838
2018-04-18,0.004997586656395159,0.004995425575607948,0.0007403267123571311
2018-04-19,-0.003975026738900933,-0.003975819402882941,-0.005547636737814443
2018-04-20,-0.006232645312707286,-0.0062337786962788355,-0.00847946939613764
2018-04-23,-0.0031434711881540567,-0.0031419687208772418,-0.00014991035972367062
2018-04-24,-0.002319883700976244,-0.001806440016532851,-0.013467718640062798
2018-04-25,-0.0014048239281780894,-0.0014052378118527553,0.002471797644137075
2018-04-26,0.0037407443306081145,0.0037402660530441167,0.010165758222081767
2018-04-27,0.0014875656877102461,0.0014876744297851463,0.0009390542700380422
2018-04-30,-0.004283345879343314,-0.003784241529045884,-0.0076910025732381815
2018-05-01,-0.004415492377997654,-0.003920082636965638,0.001776924260432411
2018-05-02,-0.001403872101884418,-0.0009011582309879085,-0.006717451541688013
2018-05-03,0.0018448506209522986,0.0023430094606373686,-0.002203610149055568
2018-05-04,0.00207176797077957,0.0025765540438642542,0.012946682930007558
2018-05-07,-0.0006874458254598759,-0.00018685459584244501,0.0033832361756540585
2018-05-08,-3.821343753418471e-05,-3.819405749039273e-05,0.0
2018-05-09,0.002407995001299179,0.0024116147285810907,0.00966569159316566
2018-05-10,0.005315114368978913,0.005317147352855489,0.009350416423010266
2018-05-11,-0.0027126795481638988,-0.0017182933303792058,0.00305124763912068
2018-05-14,0.0003973763401341479,0.0008999230294264304,0.00047671839649621184
2018-05-15,-0.009202426853571866,-0.009200604348709174,-0.006887094461925702
2018-05-16,0.0016683326141577748,0.0026660674384979544,0.004205045516890715
2018-05-17,2.737405647046387e-06,2.1392952576082536e-06,-0.0008449713716942586
2018-05-18,0.001002544814852513,0.001005415399690568,-0.0024996065056120953
2018-05-21,0.003942438241644863,0.003939196170749337,0.007518314157885175
2018-05-22,-0.0006874360228470433,-0.0006871471262792639,-0.0027803393517307207
2018-05-23,0.0018152311280461575,0.0018179681575147821,0.002751868159878823
2018-05-24,-0.0006732345147872909,-0.000669998365158242,-0.00204882529974193
2018-05-25,-0.001975376264326978,-0.0019694515981176774,-0.002382692292155264
2018-05-29,-3.9742508037843294e-05,0.0004516878875979735,-0.011501339232849128
2018-05-30,0.0014794150574735099,0.0014767099880701462,0.013344620071841451
2018-05-31,-0.002252636195841151,-0.0017534705841372178,-0.00612563929830956
2018-06-01,-0.0005870148821217613,-0.0005845034580318487,0.00981801516332137
2018-06-04,-0.0014477872317028018,-0.0014426845220009143,0.004750878734008923
2018-06-05,0.0012317550173799319,0.0012297963366536546,0.0007276426493036947
2018-06-06,0.00035983146896167995,0.00036085463582580246,0.008360670536741166
2018-06-07,0.00047307839417820574,0.0009763657838135487,-0.00010798129408629009
2018-06-08,-0.00014114258411923597,0.0003555146908218454,0.002956291509401243
2018-06-11,-0.000792011553512495,-0.0002896304545637607,0.0013299003048887759
2018-06-12,-0.00013465027350634262,-0.0001377579033827736,0.0012926847153256205
2018-06-13,-0.003725025346731914,-0.003223950437362677,-0.0031914827424862624
2018-06-14,0.0006231950133763764,0.0011292294276479264,0.0025180163948210765
2018-06-15,-0.005612107506929753,-0.005115098562714082,-0.001275458821172304
2018-06-18,0.001375839868425821,0.001375446874297248,-0.0020571180198599714
2018-06-19,-0.0011951483813245067,-0.0011933110635795607,-0.003832913579683961
2018-06-20,0.00033493851051225043,0.00033316361131663363,0.001706315984209228
2018-06-21,-0.00015164320953298116,-0.00015031049506963878,-0.006269102629588574
2018-06-22,0.004970615980198323,0.004968344144569148,0.00182352292280763
2018-06-25,-0.0039018748028503136,-0.003899331935453554,-0.013612948154032356
2018-06-26,0.0027740578581036957,0.002772970639404404,0.0022140063314155523
2018-06-27,0.0007541790794143299,0.0007557123522665687,-0.008284055286406411
2018-06-28,0.0018602402171277177,0.0018588225779545553,0.005717028481935893
2018-06-29,0.0021557946155821295,0.002154402657183141,0.0014398674525986088
2018-07-02,-0.00443042540890437,-0.004428681372987242,0.0021377807903133483
2018-07-03,0.0017935783061082677,0.001793926537459356,-0.0035309002066936657
2018-07-05,0.00436520288810649,0.004363102011356812,0.00815788258577732
2018-07-06,0.0034966083725451735,0.003495327757937927,0.008458210097118446
2018-07-09,-0.0003173210702671625,-0.0003183698331470364,0.009004465912484605
2018-07-10,0.0001873055030419124,0.00018681672110276715,0.0035983287998042623
2018-07-11,-0.0064876634616579665,-0.0064836583628870015,-0.007314261685950507
2018-07-12,0.0025220072166289853,0.003022516428048183,0.009065713442555579
2018-07-13,0.000732761967008333,0.0007332257566048384,0.0007876908721797804
2018-07-16,-0.004204928827257759,-0.003708851011924419,-0.0008943453865113415
2018-07-17,-0.0017968661348499726,-0.0013046249354708994,0.004045320003391861
2018-07-18,-0.0009002152997674706,-0.0009001546578882857,0.002103646120768632
2018-07-19,0.003125217666984703,0.003125021915630244,-0.003771360588163075
2018-07-20,-0.004135107914459923,-0.004134797718829852,-0.0011429969807824625
2018-07-23,-0.003295303846707842,-0.0032960880670172,0.001859649926955198
2018-07-24,0.0004682328582532591,0.00046834439423415475,0.0050319713835722535
2018-07-25,0.003445738373796692,0.0039555776438235934,0.008522239603585557
2018-07-26,-0.0003764544708351192,-0.0003762437211196623,-0.002359018545113667
2018-07-27,-0.0028232315854580525,-0.002823889695648729,-0.006776530766738675
2018-07-30,-0.0004383452095051421,-0.00043521340266572395,-0.005222945006732482
2018-07-31,0.003333765826785795,0.003329256233093769,0.004929266458104209
2018-08-01,-0.002669976145593722,-0.002675827170998568,-0.0016711394970367888
2018-08-02,-7.346260545726402e-05,0.0004292462042887468,0.005447984189256516
2018-08-03,0.004225365392573899,0.004224532987155749,0.0042845294653020005
2018-08-06,-3.906941335651837e-05,0.00045965394109259705,0.0036673428416968967
2018-08-07,0.00047505057351959756,0.0004785832130169698,0.003302320638059353
2018-08-08,-0.0026178665030713866,-0.0026226385328566026,-0.00042052121762747863
2018-08-09,0.0014101548918328266,0.0019129828600428223,-0.0013654078284350835
2018-08-10,0.0004891331315266534,0.0004910036222052216,-0.006700615806956356
2018-08-13,-0.0011382405236793902,-0.0011378220408495565,-0.0037432694368122466
2018-08-14,0.0012066484631085839,0.001205572400474697,0.006380547457365715
2018-08-15,0.0016724835594528198,0.0016728924346758323,-0.007467328876730517
2018-08-16,0.002485023036398859,0.0024836601723996488,0.008091643033774742
2018-08-17,0.0023924893091302746,0.002391521083895176,0.003520174601925552
2018-08-20,0.0025528317048315596,0.002553106682327888,0.0021400789883696536
2018-08-21,-0.0015421131407671318,-0.0015420416073983478,0.002345189066315756
2018-08-22,0.00019062670239144985,0.00019142752579770494,-0.0005937800140681793
2018-08-23,-0.0007059126511269609,-0.0007056167218435494,-0.0013278484670969926
2018-08-24,0.002175504136702644,0.002174581278804988,0.006018446897929186
2018-08-27,-0.0008425533533138463,-0.0003431061767745769,0.007894984483689083
2018-08-28,0.0005230634299628889,0.0005207739122237154,0.00048340803859647785
2018-08-29,0.0026262224482194174,0.0026304157744556633,0.005380828247327996
2018-08-30,-0.0011209261831769401,-0.0011212295705664843,-0.004048134246127377
2018-08-31,0.0009536767863209672,0.0009537763555924617,3.4042176352055975e-05
2018-09-04,-0.004380144057622437,-0.004380833533807693,-0.0017219874859982776
2018-09-05,-0.0002158633742276317,-0.00021778595556953828,-0.002691256153824928
2018-09-06,3.738393917229743e-05,3.446371231086154e-05,-0.003010309113196885
2018-09-07,-0.005718812439515331,-0.00522301619166321,-0.0019435428851407588
2018-09-10,0.0014234607308762914,0.0014230448110235105,0.001738874157978687
2018-09-11,-0.0003757107023611983,0.00012955091930222373,0.0032975621679642853
2018-09-12,0.0018661931367496276,0.00186872650591563,0.00024147750281433566
2018-09-13,-6.948320028332677e-05,-7.4931229689712e-05,0.005915188835533103
2018-09-14,-0.003020181091980878,-0.003021855514996452,0.0001719204788774853
2018-09-17,0.0003351512231908327,0.0008442161772999057,-0.0052943474731736995
2018-09-18,-0.0026613334920432274,-0.0026620803075898536,0.00542570869345238
2018-09-19,-0.0021526578624891934,-0.0016505383360546633,0.0010660419838810498
2018-09-20,0.0029524277498140794,0.002950942360306019,0.00810397001981955
2018-09-21,-0.00016864337680388974,0.0003363232367792346,-0.0009140483798296684
2018-09-24,-0.002192182203619497,-0.0021933923108602427,-0.003321905325580632
2018-09-25,0.000727480462376473,0.0012402405304892117,-0.0009277444403889001
2018-09-26,-0.0023449853547000687,-0.0018431149759110532,-0.002992148434981412
2018-09-27,0.0016704492975661012,0.0016685960756239737,0.0027940597809654744
2018-09-28,0.002764441728998701,0.002758993069115201,0.00010306826290351623
2018-10-01,0.0011661310799571112,0.001667753739440725,0.0034742612062759193
2018-10-02,0.0013743563902843814,0.0013749596356149585,-0.0005827181502434664
2018-10-03,-0.0038007520742068257,-0.003802566771386906,0.0005489616448886014
2018-10-04,-0.005819321926306631,-0.005817714649689387,-0.007815787813559183
2018-10-05,-0.0025867677338928807,-0.002586674434169156,-0.005597030889530452
2018-10-08,0.0020936116007364003,0.0020927651126574354,0.0
2018-10-09,0.0021515658988804365,0.002151442474246368,-0.0014590171604822455
2018-10-10,-0.010787800316097051,-0.010782165683387412,-0.031663474692038784
2018-10-11,-0.008749216917842917,-0.008742730222987882,-0.022026339969826503
2018-10-12,0.004174711042396639,0.005153354369272112,0.013888099858530678
2018-10-15,-0.00025657227198550014,0.00024108114679721737,-0.005616912716155498
2018-10-16,0.0016225469894979305,0.002127207776748463,0.021865855314946447
2018-10-17,-0.004456283374857817,-0.0034595418187061133,0.00017818658803969711
2018-10-18,-0.0035145918118640873,-0.003014497411539474,-0.014440967886746203
2018-10-19,5.4783320194262686e-05,5.4192973145905654e-05,-0.0005427313849886151
2018-10-22,-0.0032490999151593147,-0.002752565020466169,-0.004488588264746518
2018-10-23,-0.007219629884277268,-0.0062417753276964305,-0.005090636825545891
2018-10-24,0.005179644913079651,0.005679933691930872,-0.0302984910440115
2018-10-25,-0.0008676671918472767,-0.0003635705807719658,0.017940211525071526
2018-10-26,-0.0003154102606801601,-0.0003273640156734592,-0.01758709727625163
2018-10-29,-0.0005301637921274471,-3.075446124078951e-05,-0.005540635399224891
2018-10-30,-0.001832843469926404,-0.0013321627056142038,0.014818867257449186
2018-10-31,-0.004032765694104157,-0.004036650813777354,0.010680849563283523
2018-11-01,0.001501113043242519,0.0015027262671853947,0.010641631660504913
2018-11-02,-0.0060205169956539795,-0.006021641652575349,-0.0059228925402705634
2018-11-05,0.00012503057905877135,0.0006252107626916192,0.005516643266578525
2018-11-06,-0.0006282484787614173,-0.00012663146558755667,0.006327870044667838
2018-11-07,0.0019938241276200586,0.0019988113176252487,0.021409228814528225
2018-11-08,-0.0009481303358990223,-0.00044900372078016115,-0.0018150877516831532
2018-11-09,0.0009554492954217952,0.0009500837213831659,-0.009767828065918138
2018-11-12,-0.0007477803506521497,-0.0007566596809086557,-0.018685488133020844
2018-11-13,0.00040040440228250596,0.0008907524972932013,-0.0018709756843833247
2018-11-14,0.0013290345310472684,0.0013294060817381492,-0.00683685848543103
2018-11-15,-0.0005529307457835531,-0.0005523202433793672,0.010436673058951795
2018-11-16,0.004339930395826697,0.004339310377604599,0.0026007865418542497
2018-11-19,0.0014627513899811984,0.0014627611954014519,-0.016914887527615607
2018-11-20,-0.0018645335061499013,-0.0018637175570654918,-0.018505862442727894
2018-11-21,-2.1124545626638458e-05,-2.1210803274995804e-05,0.0034076602222188335
2018-11-23,0.0001667039719248642,0.0001669126025851675,-0.006678799042735495
2018-11-26,-0.00035273500536892044,-0.00035294946936670346,0.016144262427891798
2018-11-27,0.0015233784045420862,0.0015231160338120553,0.0033645384755796037
2018-11-28,0.0013930687322181168,0.0013923379987450524,0.02302525762189922
2018-11-29,0.002180318853956864,0.0021805073607024106,-0.0021851896556832617
2018-11-30,0.003215066731153904,0.003214457158989381,0.006095219537697094
2018-12-03,0.002716712937049337,0.002716453516851125,0.013241315865513359
2018-12-04,-0.004455466392655816,-0.003969920912663016,-0.032402384973374554
2018-12-06,0.002589736543733734,0.0030602169411941826,-0.0015170253752517793
2018-12-07,0.00018356017217757703,0.0001847616272856456,-0.023235866825162543
2018-12-10,-0.001180600825779643,-0.00068133326195019,0.001897015380304623
2018-12-11,-0.0018044924759670344,-0.0018041852827326288,0.0002274374791173539
2018-12-12,-0.004031480753018735,-0.004028401875767251,0.005035240235142346
2018-12-13,0.0009718568914605097,0.000970257642686212,-0.0003391754660617696
2018-12-14,-9.963646197297393e-05,-0.00010159175025270528,-0.018464405343252444
2018-12-17,-0.00406236005865257,-0.0035614122792880787,-0.019618786185908732
2018-12-18,0.003750110588100597,0.004251193164034328,-0.001096364794337723
2018-12-19,0.00190230730901364,0.0018983115580690768,-0.014975824238063984
2018-12-20,0.0014935239240796427,0.001500424236676734,-0.016277993963117243
2018-12-21,-3.425013728630688e-06,-5.61510384100572e-06,-0.020489440550005233
2018-12-24,0.003923635675088244,0.003927151810591223,-0.026422846529909227
2018-12-26,-0.004443877720059275,-0.004443149848364469,0.050524996530377564
2018-12-27,0.003378338800472669,0.0033804716861602913,0.007677315346365177
2018-12-28,0.0051939162753862345,0.005193343674117612,-0.001290218430713086
2018-12-31,0.003388201828069093,0.0033872811958430837,0.00875904821779816
2019-01-02,0.0,0.0,0.0
2019-01-03,0.005683319639494533,0.0071918446189540575,-0.017668112031938854
2019-01-04,-0.00807811476112874,-0.00807811476112874,0.03349559021641402
2019-01-07,-0.001740569550959803,-0.001740569550959914,0.007884684958124
2019-01-08,-0.0025323801395085166,-0.0025323801395085166,0.00939526667311985
2019-01-09,0.001554349535233479,0.001554349535233479,0.004673487204997828
2019-01-10,-0.0013896217638765807,-0.0013896217638765807,0.003527636366311926
2019-01-11,0.002774290022052206,0.002774290022052206,0.00038620038073133856
2019-01-14,-8.184146778733581e-05,-8.184146778744683e-05,-0.006100957264578044
2019-01-15,-0.0010876112205364663,-0.0010876112205364663,0.011460977902915781
2019-01-16,5.518312175123441e-05,5.5183121751456454e-05,0.002419974861054719
2019-01-17,-0.0008979987980917148,-0.00039574932312569366,0.007586703308684051
2019-01-18,-0.0030359580442645973,-0.003032718882020502,0.013310017539516661
2019-01-22,0.0008528237979250619,0.0013509324828615554,-0.013510722895772376
2019-01-23,0.0007940131904020653,0.001299853939028095,0.002092363896330829
2019-01-24,0.002426004137521476,0.0024263792364855874,0.0005315899726903162
2019-01-25,0.002950009269710341,0.0034495818128399414,0.008461538012364933
2019-01-28,0.0006446915437807732,0.0006391663282847571,-0.007600298931966898
2019-01-29,0.003988961555899229,0.003987820223936511,-0.0013271787299771187
2019-01-30,0.007047241039912944,0.007054482995075384,0.015830981782868125
2019-01-31,0.00553291536438838,0.005534359260603194,0.008782701483493582
2019-02-01,-0.005386297846716626,-0.005387551647504929,0.0004811846721017865
2019-02-04,-0.00027063346040578917,-0.000269680030082986,0.007035429145981764
2019-02-05,0.0045738954944059,0.004578503010150392,0.004191829484902154
2019-02-06,-0.004439434536233189,-0.003942372042306186,-0.001318167075939236
2019-02-07,-0.0003125208746773689,0.0001827716284961145,-0.009532570629879666
2019-02-08,0.00036079081719386785,0.00036123806372012623,0.0012215223657656704
2019-02-11,-0.0016724441155622216,-0.0016723823057918086,0.0005545083055178424
2019-02-12,-8.757724993646576e-06,-9.367360423895299e-06,0.012859346049142628
2019-02-13,-0.002718355305301623,-0.002219721622299442,0.0032470560493027545
2019-02-14,0.0029856541493586963,0.0029830527937715345,-0.002218387005808675
2019-02-15,0.0033750564772925262,0.003378793506245703,0.010897479720999526
2019-02-19,0.00465919160535222,0.0046577264711593624,0.0017303959406560487
2019-02-20,-0.00032795937020724253,0.0001759222441308772,0.002015605433666412
2019-02-21,-0.003502354662131002,-0.0035016149009078346,-0.003556143472617901
2019-02-22,0.005506302333992075,0.005505202693132594,0.006200419709908589
2019-02-25,0.0008580379183724673,0.0008591144196505862,0.0013607634928238799
2019-02-26,0.00035859586243791597,0.000360821823091273,-0.0007149991316381943
2019-02-27,-0.004766081661148558,-0.004765708755397058,-0.0004296859815176024
2019-02-28,-0.0036629223534360156,-0.0036617990178293702,-0.0018628546525067957
2019-03-01,-0.0016854161854644722,-0.001681795171483147,0.006244175192537504
2019-03-04,-0.00016687986595997906,-0.0001686864417872469,-0.003637790507828975
2019-03-05,0.0023458677259637906,0.0023451612588696324,-0.0013601710223045682
2019-03-06,-0.002831178383278954,-0.0028310137969880245,-0.006056761177112069
2019-03-07,-0.006594991837010622,-0.006598140454713852,-0.008365353786963237
2019-03-08,-0.0007734080961981915,-0.00027464074234240243,-0.0020000467570850944
2019-03-11,0.00693505560435459,0.006931268785571598,0.014501129122705736
2019-03-12,0.0033335601514945523,0.0038393517604529137,0.003771068442985248
2019-03-13,0.004650540249472757,0.0046525211234449415,0.006619284127661107
2019-03-14,-0.0029444313428867996,-0.002943089148596978,-0.0006398103142017941
2019-03-15,0.0058124950482760784,0.005815014313970579,0.0049405249852108035
2019-03-18,0.002098257751403043,0.0020989685329022567,0.00362593298254299
2019-03-19,0.00029687247875087586,0.000297740474534125,0.00024776986021057823
2019-03-20,0.0025713509412863544,0.002570305940261308,-0.0030095164307165634
2019-03-21,0.0041944156981990055,0.004191940355306345,0.011294508899890365
2019-03-22,-0.010961868264458219,-0.010965932798242983,-0.019246316050036683
2019-03-25,0.0024188427861309147,0.002418367484796624,-0.0007521175061521168
2019-03-26,0.0029230493062386564,0.002924018246970972,0.007454172903694989
2019-03-27,-0.0034396856234972795,-0.0034377505357882088,-0.005229316973724307
2019-03-28,0.0005925814858551703,0.0005909570829223387,0.003790579290930518
2019-03-29,0.00317462280005798,0.0031751108783475424,0.006305500243529272
2019-04-01,0.004959196427420487,0.0049630575216605965,0.011859216336003175
2019-04-02,0.0016603900398497462,0.001659719691843975,0.0004898291947015299
2019-04-03,0.0017649807431077136,0.0017679758301847315,0.0015736631394083211
2019-04-04,0.0014385675256229913,0.0014367774951764556,0.0026532044585343417
2019-04-05,0.003627251101205875,0.003626691316412467,0.004840290566821892
2019-04-08,-0.00036273966381894507,0.00014813568762273022,0.0007624566442752112
2019-04-09,-0.0025670155502492964,-0.002566570448545469,-0.005124445600397487
2019-04-10,0.005473436629442219,0.005474994884318463,0.0034106662602624294
2019-04-11,-0.005271323843076936,-0.005271218905875008,-0.00027754766910748074
2019-04-12,0.004652900563090423,0.004652046498880846,0.006765655435348794
2019-04-15,-0.002371308564853347,-0.0023710366753355583,-0.0006545463335607682
2019-04-16,-0.004373679980281153,-0.004373385232696814,0.0006549750450750569
2019-04-17,-0.0018592234892846893,-0.0018601471919981183,-0.00244686270122052
2019-04-18,0.001998158762815949,0.001998693953478181,0.001969161333717384
2019-04-22,-0.0022013926002383277,-0.0021977904920731373,0.0008621923376881391
2019-04-23,0.004236469750947158,0.004234881570885252,0.00899173212483273
2019-04-24,-0.0027487898582966297,-0.0027491966136761192,-0.0022194137729674157
2019-04-25,-0.0009753972499998431,-0.0009758155407456615,-0.0006160044647799401
2019-04-26,0.0025517544286486338,0.002544630061225739,0.004656982273155474
2019-04-29,-0.0013358752709848876,-0.0008250488988876814,0.0015677604397061895
2019-04-30,0.002453553658495977,0.002453353091879773,0.0005102597667125952
2019-05-01,-0.004496776780186118,-0.0044947503057989335,-0.007516818751677756
2019-05-02,-0.0011675069638708013,-0.0011683536253916937,-0.002158827740901481
2019-05-03,0.008026782572162494,0.00802341891904046,0.009788011772836391
2019-05-06,-0.005911711379660067,-0.005907442336426705,-0.0041152921002790555
2019-05-07,-0.010850652294237761,-0.010843441775192586,-0.016699422259710328
2019-05-08,-0.0011711201286948025,-0.0011714913589839782,-0.0013895915090530453
2019-05-09,-0.0025575024501376387,-0.0025548059290881886,-0.0030258063912580457
2019-05-10,0.005028898521139524,0.005025994830067715,0.005023435294273959
2019-05-13,-0.010986567277742276,-0.010978266418780747,-0.025130438913886
2019-05-14,0.004911177002709488,0.005414293220921129,0.009043990377985756
2019-05-15,0.0036722161057509695,0.0036720045525675538,0.005857706251938488
2019-05-16,0.0017196837487079009,0.0017180209321050466,0.00926112114205302
2019-05-17,-0.004908624180015808,-0.004403992103722554,-0.0064650923123060755
2019-05-20,-0.004361027452558619,-0.003860145983730634,-0.006612044848290477
2019-05-21,0.003270802769276493,0.0032686116903917206,0.009015295130750056
2019-05-22,-0.00205695703895159,-0.0015606947706043872,-0.0030713987003510024
2019-05-23,-0.002667387911671315,-0.002173487166351018,-0.012218544341037751
2019-05-24,0.002770153346435711,0.0027686585457304957,0.0022685396821870984
2019-05-28,-0.00401703180677937,-0.004012905061945737,-0.009300754974060688
2019-05-29,-0.004454261034417262,-0.0044522341642930785,-0.006710609208876783
2019-05-30,0.004119976087457955,0.0041197225156546224,0.002731034573894453
2019-05-31,0.0017319208219865878,0.001734340624387487,-0.013475212527762293
2019-06-03,0.00502868253368427,0.005028565976319177,-0.0025427302245732974
2019-06-04,0.0034505403075844043,0.003447007004863778,0.02170662172652471
2019-06-05,0.005218446032365209,0.005215837568965265,0.008662168159436323
2019-06-06,0.0025480102837056595,0.0025466631683797036,0.00650257891489181
2019-06-07,0.006641472922521929,0.006640158951785491,0.010006980084850126
2019-06-10,-0.0026622068490500528,-0.002663312391010586,0.004589016733120399
2019-06-11,0.00016826050722684727,0.0006694319815185867,-0.00024213548652840533
2019-06-12,-0.0014419662205215067,-0.0014465711227377165,-0.0017653653908005218
2019-06-13,0.0027196547248904412,0.0027174822225282114,0.004126352575871239
2019-06-14,-0.0030426864678293475,-0.0030466282113811305,-0.0011048924737504517
2019-06-17,0.0014570879344237841,0.001960233092489716,0.00038008343943851663
2019-06-18,0.005276309601324414,0.005274715047381084,0.010470856123007355
2019-06-19,0.004000294003691618,0.004503885067753899,0.0022572927089736794
2019-06-20,0.010814530873950678,0.010816483685946343,0.009554547138143743
2019-06-21,-0.003517784250375633,-0.003012202574241063,-0.001453849848026545
2019-06-24,0.0025755218758525267,0.002576434230444846,-0.001224196728944471
2019-06-25,-0.00591325422546396,-0.005908741745236035,-0.009808116418850155
2019-06-26,-0.002362095859779645,-0.0023583954757659953,-0.0009974257349592008
2019-06-27,0.004073240905494213,0.004071191629741566,0.0035457439582313732
2019-06-28,0.0007713907801005782,0.0007656058108274078,0.005146039249199541
2019-07-01,0.0008452348123473286,0.0008445121518496634,0.009078316467369119
2019-07-02,0.004084025739099051,0.004073740078215371,0.0026044901841684176
2019-07-03,0.005092687171081911,0.005604080221844665,0.007995266805708834
2019-07-05,-0.006121965745017777,-0.006122055697365125,-0.0011380785478316557
2019-07-08,-0.004258895721702904,-0.0037529025488786116,-0.005495021988261906
2019-07-09,0.0006595666163682345,0.0006608143481094952,0.0012469272028761136
2019-07-10,0.009988788230667733,0.009994622607716774,0.0047779823567981605
2019-07-11,-0.003454390951578956,-0.0034523301455665623,0.0023444404048491574
2019-07-12,0.002305737896274751,0.002305836782542814,0.004476859202404482
2019-07-15,-0.0010895284994197896,-0.0010943221436857664,0.0003323576736584677
2019-07-16,-0.005045326161447816,-0.005048161198381251,-0.003225243129726163
2019-07-17,-0.0011721186743800516,-0.0011759440663200449,-0.006804793285358657
2019-07-18,0.0043555578010825435,0.00486309310270161,0.0036607117556224367
2019-07-19,-0.007751622109754219,-0.0077486907347819045,-0.00555477695624218
2019-07-22,0.0005281015343223672,0.000528061720733275,0.002456367633961287
2019-07-23,0.0030786689443422777,0.003076349969643788,0.007149722298366301
2019-07-24,0.002405874830419652,0.002405393123205757,0.004699554551389928
2019-07-25,-0.0064145363198623295,-0.006412217594658043,-0.0047767145870600825
2019-07-26,0.0028089244412368153,0.002807433584781638,0.006700070828448812
2019-07-29,0.0014466329638536113,0.0014463742907377952,-0.0018213624248689664
2019-07-30,-0.0016650285953293542,-0.001663965690047231,-0.0024544575993770135
2019-07-31,-0.009744816686657054,-0.009239180215669385,-0.010940236080142607
2019-08-01,0.0033512199780085794,0.004359688242759674,-0.008708191510037322
2019-08-02,-0.0018598588740986743,-0.0018559236858696204,-0.0075295046763190765
2019-08-05,-0.0070136463815856365,-0.006997810106418867,-0.0300728324647197
2019-08-06,0.007403942592842272,0.007910198669844215,0.014022759876988422
2019-08-07,0.004254998014062039,0.004252913291384441,0.0005907884565257149
2019-08-08,0.00711160251531151,0.00710853795399613,0.01961982182795774
2019-08-09,-0.0034518928802890203,-0.0029543531754038233,-0.006811496999133082
2019-08-12,0.0005316080984070215,0.001029507420496234,-0.012173514556663267
2019-08-13,3.858749896945568e-05,3.68598625226646e-05,0.01555183081030842
2019-08-14,-0.00303471319443005,-0.003030002654158759,-0.02956769216104338
2019-08-15,0.006394440711461558,0.006394412260974036,0.0026419587350297036
2019-08-16,0.0017015270423914597,0.0016994046536762397,0.014754960498849723
2019-08-19,-0.0011424035240702457,-0.001144155673900582,0.012048018932232507
2019-08-20,0.001027274806503664,0.0010289276272443804,-0.007662771299021043
2019-08-21,0.00019232904424115738,0.00019094649587181323,0.008135547369639617
2019-08-22,-0.0008088187627660615,-0.000809509871657621,-0.000308076683866787
2019-08-23,-5.384227844529299e-05,-5.057213760994994e-05,-0.025687536225232677
2019-08-26,0.0026187148647160985,0.002616955708265589,0.011058363306560626
2019-08-27,0.002651372181120548,0.002652174898496451,-0.003923345866815642
2019-08-28,0.0013930452170474172,0.001392544740110857,0.007041576436231711
2019-08-29,0.0012108721771124653,0.0012093509906512256,0.01277284209928764
2019-08-30,-0.0002450010826245963,-0.00024475006234259133,-0.0004440171297499518
2019-09-03,0.004119054375703701,0.004118069807325098,-0.005847316314925632
2019-09-04,0.005114444114075578,0.00511271576097716,0.011350154419905722
2019-09-05,-0.007530813887696497,-0.007035233885260728,0.012855659613108639
2019-09-06,-0.00015463472624477337,-0.0001529236426565106,0.0007720619606459422
2019-09-09,-0.002900333693023671,-0.0028973991797833776,0.0005032834498757133
2019-09-10,-0.005294492530852679,-0.005290960269646927,-0.00023452778500909766
2019-09-11,0.0029885759835068804,0.002989880191363259,0.007110791161183849
2019-09-12,0.0020525776036364185,0.0020545030435337175,0.0034641047158139315
2019-09-13,-0.005003273409289188,-0.004490188739671552,-0.000663978065331583
2019-09-16,0.00023420038675658894,0.00023026024051064908,-0.0030889191888863188
2019-09-17,-0.0016073294643463854,-0.001119465086923177,0.0025321419814712254
2019-09-18,-0.003056494523811737,-0.0025626343972348087,0.0005982475501746798
2019-09-19,0.001960607407251125,0.0019598564694267573,-6.684482951879733e-05
2019-09-20,0.002703784136057763,0.002705294381461165,-0.004724467225724727
2019-09-23,0.001209373049558149,0.0012094821830572755,-0.0002348570357266766
2019-09-24,0.0002532717765215686,0.00025563148276397385,-0.007846882029623359
2019-09-25,-0.004530838221764921,-0.004531855731117029,0.0059148069896086675
2019-09-26,0.0023344681933248346,0.002334372619733127,-0.002083156733802438
2019-09-27,-0.002761032860040924,-0.0027589430980164975,-0.0053872900428653114
2019-09-30,-0.0006437713712040827,-0.0006430470587521775,0.004637664876704806
2019-10-01,-0.0033601944472048118,-0.003357118122098046,-0.011894434591577019
2019-10-02,-0.0038930684822974237,-0.00388935325745543,-0.01766489955944428
2019-10-03,0.005658063700581417,0.006151462146606335,0.008192454357178969
2019-10-04,0.004239924046382626,0.004238966931519705,0.013532454582607212
2019-10-07,-0.004556878431723366,-0.0040552029578100335,-0.004314807710553037
2019-10-08,-0.00288980119614457,-0.0023931312787116577,-0.015524138327867032
2019-10-09,0.0007738855395105215,0.0007722657345339279,0.009495940372685974
2019-10-10,-0.0031829197408267396,-0.003184407805139511,0.006763675599713137
2019-10-11,-0.002346475179472951,-0.0018443177496364482,0.01036685523197134
2019-10-14,0.0007888121413692772,0.0007863655360151878,-0.0011137952950345253
2019-10-15,0.0010225821949694236,0.0010278459706405396,0.009900058065358097
2019-10-16,0.0016658969462706175,0.0021689489667469086,-0.0016057166174799908
2019-10-17,0.0027974917999340487,0.00279800404256636,0.0029489439355911973
2019-10-18,-0.0004197670579546564,-0.0004221518034670524,-0.004376713351534001
2019-10-21,0.003413976691633014,0.0034167960598789904,0.006778773509141356
2019-10-22,-0.00045515097581949604,-0.00045457290173067655,-0.0032667834145982955
2019-10-23,0.002248236936259085,0.002247226801249891,0.0029097652425407183
2019-10-24,0.0012955088578312512,0.0012948520656232976,0.001634215547294593
2019-10-25,0.0006332624615044136,0.0006364664339879589,0.004094818051380011
2019-10-28,-0.0017097190140270557,-0.0012089712055030066,0.005636699066540407
2019-10-29,-0.0007253691400811446,-0.0007259699252504248,-0.0002968023302039047
2019-10-30,0.0036324103973124355,0.004136179615756186,0.0030672376218150443
2019-10-31,0.0002583842824190885,0.00026142072790547033,-0.0026633998053989805
2019-11-01,0.005312656558112083,0.005309052691202076,0.009263899490793648
2019-11-04,-1.3226334239391235e-05,0.00048801027954392673,0.0040176411762884445
2019-11-05,-0.0046465695516186845,-0.004643039492829959,-0.001106199302856381
2019-11-06,-0.0013164989687909356,-0.001321249637880606,0.00022805405408377055
2019-11-07,-0.0019899852648759264,-0.001989354924107234,0.0035166791302667644
2019-11-08,-0.002231120890615501,-0.0022287268019417494,0.0024661819303306576
2019-11-11,-0.0028450261240248187,-0.0028467871795012645,-0.0019098805806062602
2019-11-12,-0.0013437621451775073,-0.0013427983779131791,0.002108017060587164
2019-11-13,0.0006535279242629866,0.00065421057999826,0.0003239639566083863
2019-11-14,0.0013246228993193387,0.0013223790375247457,0.0014555106830382858
2019-11-15,0.004948514651451408,0.00494862195081569,0.007236250002723876
2019-11-18,-0.00036420618255772474,-0.00036912408773170924,0.0007377572590392401
2019-11-19,-0.0004961611043018399,1.1557714539867092e-05,-0.00028861579325079045
2019-11-20,-0.001789134542099613,-0.0017863763023447943,-0.0037183797427075005
2019-11-21,-0.004042473832410742,-0.003534637591061096,-0.0016091827279246518
2019-11-22,-0.00019372836094655455,-0.0001939438151581374,0.0022238970115446843
2019-11-25,0.004027342135493939,0.004025353236047247,0.007750423688599017
2019-11-26,0.0037151648582007812,0.0037161519733861503,0.002265506026693842
2019-11-27,0.0004387456069847584,0.0004359781992968603,0.004457626772822243
2019-11-29,-0.0074749988484128504,-0.007481203947905302,-0.0037088235168342143
2019-12-02,-0.004361253525696718,-0.003854658986345627,-0.008494734760325362
2019-12-03,0.0015751530989858153,0.0015788612573632843,-0.006706539880194207
2019-12-04,0.003597295606438511,0.0035935235721273884,0.006170201638297401
2019-12-05,-0.0003357282982093812,0.0001663741070900837,0.001798049889062181
2019-12-06,0.0037636764909911857,0.0037650237245061557,0.009133879137866785
2019-12-09,-0.0020015504948097673,-0.002001188981638591,-0.0031442171972496658
2019-12-10,0.0007137995934274333,0.0007156676752515523,-0.0011148484053314922
2019-12-11,0.0025094122028204158,0.00250590402996953,0.002838801900595378
2019-12-12,0.004189003095920407,0.004191379123109407,0.008618984421294051
2019-12-13,0.002804733481532651,0.00280585584367965,0.0005990921621346068
2019-12-16,0.006704724619903013,0.006704839576386901,0.006869650739520283
2019-12-17,-0.0001903261500336706,-0.000188035465260028,0.00021957549301032664
2019-12-18,0.002789750701879923,0.0027886535624936926,6.237530216646192e-05
2019-12-19,0.0033424232202292625,0.0033429431395444187,0.004098572159027203
2019-12-20,0.0020474038498494718,0.0020457589408053867,0.0043846487997947214
2019-12-23,0.000483636914899499,0.00048352012578445347,0.0015277235945234668
2019-12-24,0.0021558068698370736,0.0021569329961490524,3.124135703691522e-05
2019-12-26,0.006115005304410559,0.00611571454025106,0.0053232982403201845
2019-12-27,0.0017026803701643,0.001702757494133067,-0.0002477682410791937
2019-12-30,-0.00311925300015492,-0.0031186270816025985,-0.00551337796692597
2019-12-31,0.0019807656783725758,0.0019766249520387635,0.002429526027089457
2020-01-02,0.0,0.0,0.0
2020-01-03,0.0002593143853930613,0.0017597033569709541,0.00238855810737304
2020-01-06,0.003134675186409197,0.003134675186408975,0.0038152832439215523
2020-01-07,-0.002350411761778304,-0.0023504117617781928,-0.0028118528818330546
2020-01-08,-0.0008834199669346399,-0.0008834199669348619,0.005329755550281812
2020-01-09,0.0008766616083271117,0.0008766616083275558,0.0067804661417889545
2020-01-10,0.00205404832447198,0.00205404832447198,-0.002877492195425324
2020-01-13,0.004187155287818767,0.004187155287818767,0.006877169885747048
2020-01-14,-0.0011126145212009275,-0.0011126145212008165,-0.0015249969630035665
2020-01-15,0.0007309832689561535,0.0007309832689561535,0.002260495972536969
2020-01-16,0.004055976299520703,0.004055976299520481,0.008317891007862288
2020-01-17,0.0029525145761077898,0.0029525145761077898,0.0031127864007414185
2020-01-21,-0.005035990980435279,-0.005035990980435723,-0.00195827324949005
2020-01-22,-0.0015251079986058347,-0.0015251079986057237,0.00012065673735683902
2020-01-23,-0.0014355161853568665,-0.0014355161853568665,0.0011469617264452392
2020-01-24,-0.005526474642710721,-0.005526474642710499,-0.008893010688934666
2020-01-27,-0.01478301844210761,-0.014271839004663667,-0.016029751322992225
2020-01-28,0.003340014386907564,0.0033367743586147913,0.010479243979687025
2020-01-29,0.0017690076075784766,0.0017705600051578507,-0.0008260108082667195
2020-01-30,-0.0018284817225325822,-0.0018273410941098689,0.0032456332437516
2020-01-31,-0.009501595820526343,-0.009494566278952732,-0.018158023632194653
2020-02-03,0.002791284671573191,0.002789598961454809,0.007428663290228954
2020-02-04,0.008202495984945157,0.008195780812339626,0.015241192111092428
2020-02-05,0.004114030211030739,0.0041098697169472675,0.01154786328116475
2020-02-06,0.002734424245894873,0.0027333919590164513,0.0033647741920910246
2020-02-07,-0.003672335976799057,-0.003668375779429023,-0.00532990929597188
2020-02-10,0.005140448618550675,0.005138868180097456,0.007465808778101879
2020-02-11,0.003932622471370273,0.003929678878808351,0.0017329068991756014
2020-02-12,0.004420964838913521,0.004417710630965077,0.0064429103959131595
2020-02-13,-0.0015302901193293694,-0.0015293417727937353,-0.0010671099562912234
2020-02-14,0.002897933447497447,0.002897677575836699,0.001602076116987483
2020-02-18,-0.00044068723312995495,-0.0004398168868802177,-0.002576977522802948
2020-02-19,0.0012144063758805501,0.0012138422638545698,0.004781235715548782
2020-02-20,-0.0011513030116934164,-0.0011495973120508873,-0.004108035419256861
2020-02-21,0.00019042695331816795,0.0001922029233776268,-0.010298507299150494
2020-02-24,-0.017811373546003928,-0.017799138607227705,-0.033165192706187896
2020-02-25,-0.009019091382617916,-0.008016834243235182,-0.03030250035341009
2020-02-26,-0.0018987163720926015,-0.0018973291486586996,-0.0036777114305662773
2020-02-27,-0.013442543138770802,-0.01342413474049331,-0.04491196842596934
2020-02-28,-0.008405553888866435,-0.007466575302679357,-0.004201612889578987
2020-03-02,0.0003255125003542858,0.0003245722622144953,0.04330670169869144
2020-03-03,0.007614785002054925,0.008105089567574053,-0.028632444942784607
2020-03-04,0.0008729771562032695,0.001375144679563567,0.04203305440523253
2020-03-05,0.007245167726529056,0.008244708050182625,-0.033241739261780534
2020-03-06,-0.003981690989673159,-0.003522941011896208,-0.016531288938967048
2020-03-09,-0.0051679596307351305,-0.00469092404262772,-0.07809450006566832
2020-03-10,-0.018818114737676805,-0.018817900411258526,0.051744830302423495
2020-03-11,-0.008902980670870364,-0.008903481017311643,-0.04874798973163064
2020-03-12,-0.006301787739472542,-0.006298625351196296,-0.095677395598736
2020-03-13,-0.010427536291033768,-0.010425708744005946,0.08548639013424397
2020-03-16,0.020375015049479472,0.020377851168450034,-0.1094236335014227
2020-03-17,-0.02640325151463574,-0.025953992984294016,0.053991772334476495
2020-03-18,-0.014463293710728742,-0.013971243467200245,-0.05063299458072379
2020-03-19,0.00038766671362933103,0.000873865821361397,0.002125239940806045
2020-03-20,0.025477374774032446,0.025477374774032446,-0.04309433305065269
2020-03-23,0.011834542800997827,0.011834542800997827,-0.025568138523694217
2020-03-24,-0.007694508259796451,-0.007199845181632858,0.09060325945836323
2020-03-25,-0.001783728201968482,-0.0017896603278254597,0.01497006419427338
2020-03-26,0.004125963751823392,0.0041302450126650125,0.058389801015809706
2020-03-27,0.005117036252027418,0.005111287174959234,-0.029785584237364437
2020-03-30,0.002655562422700042,0.0026564190053735004,0.03247584880882304
2020-03-31,-0.003697137752968649,-0.0037109791403948655,-0.014905529724725253
2020-04-01,0.004927987113063859,0.004930150808198475,-0.045004900814416104
2020-04-02,0.002757931979292305,0.0027644766736971693,0.023075440836357375
2020-04-03,0.0014189712449064196,0.0014206829839689128,-0.014454213187073739
2020-04-06,0.0007276582617250504,0.0007408314841934605,0.0671662975485614
2020-04-07,-0.004599635570301297,-0.004600014024537025,0.0010195491269802126
2020-04-08,-0.002520177868910012,-0.002523378050061753,0.03356793814381742
2020-04-09,0.006127029875632406,0.00613698369583382,0.015217755403604372
2020-04-13,0.0011117789178622939,0.0011199160677994868,-0.00913018179105407
2020-04-14,0.0024492514154670353,0.0024520463970860717,0.02949265553853886
2020-04-15,0.006511812854641974,0.006505790229725639,-0.021248006061267977
2020-04-16,0.0007365353731456636,0.0007357144359600998,0.004824532504223766
2020-04-17,-0.005484125694902642,-0.0054912564418325704,0.02701541437451538
2020-04-20,0.003384373549929931,0.00338626167191447,-0.01761792701018139
2020-04-21,0.0011643475523683833,0.0011603008886265087,-0.030363410362569065
2020-04-22,0.0007062828229098539,0.0007158115761103367,0.02219467451727386
2020-04-23,0.0022410925090365907,0.00224504170881068,-7.202978745535216e-05
2020-04-24,-0.0005328734301032201,-0.000534809441745443,0.01393921622956995
2020-04-27,-0.005547554450503367,-0.005548116162487182,0.014418117628747007
2020-04-28,0.0028549187106383656,0.0028511649631237646,-0.004598357707802592
2020-04-29,0.0005309997614735273,0.0005335493271176883,0.026178474524117146
2020-04-30,-0.0050627613669792515,-0.005069447667244487,-0.009310530711402754
2020-05-01,0.0021884979145532224,0.0021905111748314887,-0.026473717709630806
2020-05-04,0.0007289610627245757,0.0007303698074767606,0.0027585248316792654
2020-05-05,0.00010487711664053379,0.00010698204435710679,0.009239093535952758
2020-05-06,-0.005257677521917525,-0.005261560148906885,-0.0067785306887658825
2020-05-07,0.007667186716496355,0.0076710831391610945,0.012066759479465672
2020-05-08,-0.0037451670517474334,-0.003746324476622487,0.01654585573021472
2020-05-11,-0.003380811068067646,-0.0033822654805805152,0.00020560472548591946
2020-05-12,0.003400028705137448,0.003400277310942501,-0.019931801630628243
2020-05-13,0.0033376377530816015,0.0033408343328980017,-0.017685689496996226
2020-05-14,0.002802047092028248,0.0028051423927071273,0.011967268280660637
2020-05-15,0.0004245247993190926,0.000427212071297145,0.004596910866530468
2020-05-18,-0.006393978932911826,-0.006394584561561278,0.030459762478702856
2020-05-19,0.003983496669499598,0.003986426067341453,-0.010271667061036216
2020-05-20,0.0006151872758914934,0.0006161017670109903,0.016988668849524435
2020-05-21,-0.0019835437745998608,-0.0019901018291604844,-0.006904290715352257
2020-05-22,0.00257989498355804,0.002581610874411,0.0018991757640549611
2020-05-26,-0.004616662242179714,-0.004621614156103182,0.012320564624969776
2020-05-27,0.0009896532224065169,0.0009900685108434892,0.014879188592889836
2020-05-28,-0.0017297262166526828,-0.0012302407512552183,-0.0018452723826944961
2020-05-29,0.004105457567471049,0.004105631717684188,0.004455959895920403
2020-06-01,0.001174899300548482,0.0011763241898885557,0.004041693629930343
2020-06-02,-0.0008054042351862689,-0.0008008755942539025,0.00827995513085944
2020-06-03,-0.004788825469468683,-0.00477972278705896,0.013308505317488839
2020-06-04,-0.0013894003915834174,-0.0003899148549668663,-0.0026265506498133195
2020-06-05,0.006246450524363345,0.00729230782969581,0.025629317200602797
2020-06-08,0.006706629205347037,0.008217923053998932,0.012087458431206954
2020-06-09,-0.005113940645295911,-0.005124470971767381,-0.007456434446094562
2020-06-10,-0.0005971084814482275,-0.0006062379602355117,-0.005580172331298816
2020-06-11,-0.0353854438709863,-0.03492039481039222,-0.05764920517903449
2020-06-12,0.008805306987965,0.009814337295070308,0.011976033946470288
2020-06-15,0.0006948851936443567,0.000693397272377716,0.009335495415337514
2020-06-16,0.0017496498657447734,0.0017459048958787804,0.01924768189870063
2020-06-17,0.0006560550312042501,0.0006569467467143486,-0.004153689164510199
2020-06-18,0.0012195964554291283,0.001220598045072574,0.0003851007032451559
2020-06-19,-0.0020295125560477745,-0.0015375331338508547,-0.005715104573400076
2020-06-22,0.003705408341887262,0.0037096463025518833,0.006415295272893307
2020-06-23,0.0019736835898045424,0.0024788731879166193,0.004603532476432859
2020-06-24,-0.010629069915792155,-0.010636552099759777,-0.025508729402108243
2020-06-25,0.0019163325863977843,0.0024120309744291024,0.010720647348679169
2020-06-26,-0.0039389636385741555,-0.003935990500234965,-0.02375143458911355
2020-06-29,0.003758821676536739,0.0037575883543898847,0.01469757369186464
2020-06-30,0.0014400823290732223,0.0014386152273457853,0.012809467195298962
2020-07-01,0.0015168888412484538,0.0015154947996187662,0.007004819988407851
2020-07-02,0.0057101277363933445,0.005708034526984429,0.005507103731598795
2020-07-06,0.009663493159343117,0.01016600413946156,0.015437067944463756
2020-07-07,-0.0048322016982761395,-0.004837060153269901,-0.010313855204298839
2020-07-08,0.007470292027701664,0.007470749581239167,0.007648858467744546
2020-07-09,-0.002205808777471896,-0.0022103449421569943,-0.005693045614445835
2020-07-10,0.0012501630300547628,0.0012547772339517316,0.010210502723494663
2020-07-13,-0.0030617059324186124,-0.0030633492508432836,-0.008658769402027255
2020-07-14,0.005548758718403324,0.0055532602348093985,0.012959151297302629
2020-07-15,0.003946479349112186,0.003950122795700173,0.00918702782837344
2020-07-16,-0.005319964493190277,-0.005320545651640751,-0.0032933694760686194
2020-07-17,0.0036865209552829903,0.003687623948101626,0.002898818776914336
2020-07-20,0.005323155990454076,0.005322932588968321,0.008081604743493509
2020-07-21,0.004606334827181646,0.00460507391018794,0.002127915871626085
2020-07-22,0.003345650068200312,0.0033453486096908236,0.005691899055724869
2020-07-23,-0.0028381001386541538,-0.0028406127987392615,-0.011931927671168796
2020-07-24,-0.0008181751117440905,-0.0008204680543456577,-0.006440254832891346
2020-07-27,0.00886689357168935,0.008869036617833004,0.007292431816570133
2020-07-28,-0.0012292536170867008,-0.0012317842863001083,-0.006342468204663998
2020-07-29,0.008181604792544928,0.00818275804617774,0.012298681890286378
2020-07-30,-0.00541455296680593,-0.00490452228506344,-0.003567704488292023
2020-07-31,-0.0021438572249137255,-0.0021439250123299614,0.007902156008822603
2020-08-03,0.0034203188602008883,0.0034121861534233133,0.006951998045748864
2020-08-04,0.008886678314353746,0.00939290388158276,0.0038626236074412734
2020-08-05,0.0040211592199101975,0.004529729577510855,0.006211131361955946
2020-08-06,0.005561206586977452,0.005559243842692796,0.0066843397954086115
2020-08-07,-0.006547092674011323,-0.00653676133014669,0.0007179109695008012
2020-08-10,0.0020310710205835303,0.0020308452837671798,0.002988934626810602
2020-08-11,-0.015198720162753476,-0.015198303277646041,-0.008254721767575357
2020-08-12,0.011111811009318906,0.011111300755384024,0.013942490346746439
2020-08-13,0.0009569381028369239,0.0009502377742818258,-0.0018077211608321653
2020-08-14,-0.0020141897824180743,-0.002013118025745997,2.9785452035469007e-05
2020-08-17,0.01152356253971143,0.01152184118325672,0.0031762970093140996
2020-08-18,0.001114394707937727,0.0011114713529498665,0.002160605429621043
2020-08-19,-0.01203936894361013,-0.012042074587501284,-0.004163763310597868
2020-08-20,-0.0010133656910327193,-0.0004932175647689441,0.0031136162070781737
2020-08-21,-0.002488568714946293,-0.0019817389567278187,0.003547345304731886
2020-08-24,0.006753305827040146,0.006753164812146384,0.010133234849614592
2020-08-25,0.00437299161564475,0.004372093963538548,0.0034993464276429354
2020-08-26,0.003882092343177046,0.0038755936460315166,0.01002527266901665
2020-08-27,-0.002876092588495416,-0.002867486522525886,0.002186768725431776
2020-08-28,0.009522715563835105,0.009521229464448444,0.006459299204947699
2020-08-31,-0.007033113125159418,-0.007034661656047825,-0.0036223561736882237
2020-09-01,0.0051700799417901955,0.005167852202857759,0.009418680192173845
2020-09-02,0.0029051563525199775,0.0029129011865256516,0.01446378964912487
2020-09-03,-0.017672473691474733,-0.017669622065044632,-0.03441424403026849
2020-09-04,-0.0029912707292027996,-0.0029923969318470522,-0.008164684495784669
2020-09-08,-0.015911700291249886,-0.01590984333124923,-0.02732321673380722
2020-09-09,0.013725428095555214,0.013723495175534062,0.01974764827884412
2020-09-10,-0.011782403039978573,-0.011782628579939725,-0.017363720977525143
2020-09-11,0.00357022408590546,0.0035656515127626687,0.0005092193273708023
2020-09-14,0.011317413743444638,0.011323903684490988,0.013171208607333451
2020-09-15,0.006198967567804248,0.006201919940678202,0.0050521954519346934
2020-09-16,0.003460598910126178,0.003461553416935992,-0.003968762027310002
2020-09-17,-0.004250416645065425,-0.004258115640221494,-0.008795010686260207
2020-09-18,-0.007369732620631453,-0.007377321142113535,-0.011512776702263583
2020-09-21,-0.020076908612068678,-0.020081873158678376,-0.011129301640450007
2020-09-22,-0.0012016037427597936,-0.0006968295025012727,0.010184101540462231
2020-09-23,-0.013372551050788162,-0.013365902497079252,-0.023190888134050236
2020-09-24,0.0009825808314725126,0.0009823390019503275,0.002664981764268104
2020-09-25,0.003073336774927826,0.0030722472354112185,0.016167604097700794
2020-09-28,0.010205284902337297,0.010200068909614446,0.01660881375940293
2020-09-29,-0.0033126229162139254,-0.0028008152349042748,-0.005445657582880847
2020-09-30,0.004578547554004997,0.00457782999780898,0.007582001464812471
2020-10-01,0.006343103499453884,0.006349837409998171,0.006419932786187577
2020-10-02,-0.003162901597651202,-0.0031527158258128907,-0.009494398794593795
2020-10-05,0.013715948459818827,0.013711853724220013,0.017733066386504515
2020-10-06,-0.006252342119810184,-0.0062524345288859084,-0.014215865581074905
2020-10-07,0.006955957800858892,0.006953137761208872,0.017406543129391938
2020-10-08,0.009055365547251615,0.009059206651881757,0.008862617198674094
2020-10-09,0.006716958515241567,0.006711563667652243,0.008930095930532067
2020-10-12,0.0037104812294925793,0.0037109182074837044,0.016087624129604627
2020-10-13,-0.008739546500677653,-0.008743753729884784,-0.006526381173558193
2020-10-14,-0.0029108733092219063,-0.002915475464839168,-0.006283289726677688
2020-10-15,-0.0014438100187201819,-0.0014405137258687306,-0.0012358265106896527
2020-10-16,-0.0016196505832843933,-0.0016223969030673135,-0.0006043475507832019
2020-10-19,-0.0060387185993052706,-0.00604337690841894,-0.015203287230199147
2020-10-20,0.007236982597912389,0.007236974233093996,0.004005682488809281
2020-10-21,-0.0012441369990024986,-0.0012449522064768015,-0.0018929013309282317
2020-10-22,-0.00013892317490582506,-0.00013895703347754917,0.0054853816480977535
2020-10-23,0.002205885789524853,0.0022077186075726285,0.003395041754625794
2020-10-26,-0.01312787059638476,-0.013128388700765714,-0.018479935366158107
2020-10-27,-0.002151020725909558,-0.0021577463232582694,-0.003447552059625214
2020-10-28,-0.02593914318184687,-0.025938079504836842,-0.03417851955399909
2020-10-29,0.0005039539176245889,0.0010225851325018631,0.010163277320645037
2020-10-30,-0.004449793680815439,-0.00394693466674112,-0.010424715690027786
2020-11-02,0.011885904608343933,0.012395502403498293,0.011208276120075356
2020-11-03,0.010813335470321706,0.011321963149620196,0.017655987224070024
2020-11-04,0.012799884082315582,0.012794389884626334,0.02234947128117759
2020-11-05,0.015505786530444654,0.01550046156580387,0.01950261009833887
2020-11-06,-0.00040365978981748984,-0.000406798961735344,-0.00022862441977100634
2020-11-09,0.008647364834889038,0.00866035266017251,0.012565690217153813
2020-11-10,0.005512965883602616,0.005517463815459367,-0.001466646210516842
2020-11-11,0.0036448226430718655,0.003644908489729648,0.00742886280678845
2020-11-12,-0.008036079071170987,-0.008038596865321934,-0.009700932595727352
2020-11-13,0.012166524558526959,0.012173834803956174,0.013844186020804727
2020-11-16,0.00936656600205965,0.009367523745337003,0.012482686676664079
2020-11-17,-0.0011903057281639207,-0.0011892276413185687,-0.005378234544978988
2020-11-18,-0.007503584871856983,-0.007509685267456545,-0.012034864175274329
2020-11-19,0.0025751789655212853,0.0025758379065663473,0.0042100426028597315
2020-11-20,0.0007057740486864361,0.0007026932484077708,-0.006847549676456399
2020-11-23,-0.001010261945385893,-0.0010088086627899617,0.005994388426275865
2020-11-24,0.008733985495231966,0.009238442600066232,0.016113854627079816
2020-11-25,0.00018765857603453284,0.00018773156881857211,-0.001541813621014687
2020-11-27,0.0025873212380904675,0.002587524549827913,0.0027849330777589554
2020-11-30,-0.01155373458509168,-0.011548317499632699,-0.004427104491875999
2020-12-01,0.009726081076600446,0.009718513915858429,0.010937581250257455
2020-12-02,-0.00023999493737902888,-0.00024070345314075592,0.002103516060226296
2020-12-03,0.004200830694180535,0.004200077150892323,-0.000272705359855685
2020-12-04,0.007188809960861464,0.007183320916845037,0.008617421755840793
2020-12-07,-0.0026452052598078257,-0.0026423980043172035,-0.0020548053665060406
2020-12-08,0.0005719453637615945,0.001079657243621801,0.002926291467487241
2020-12-09,-0.006458441871788789,-0.006463734399134502,-0.008969038760209602
2020-12-10,0.0041974165713289935,0.004703899833062186,-0.0003269584699605588
2020-12-11,-0.002180873094479563,-0.0021787975445872743,-0.0011724730926675475
2020-12-14,-0.0018709721783216615,-0.0018703437050866523,-0.00447715826371442
2020-12-15,0.010275146478539998,0.010269542552529431,0.01351928267608371
2020-12-16,0.002690027004391915,0.0031905225106541035,0.0015694040517124641
2020-12-17,0.008510869050336156,0.008511874396592622,0.005591928401434743
2020-12-18,-0.00477647912416701,-0.004774934885994009,-0.003992912313974473
2020-12-21,-0.008364960310991099,-0.008362348294397748,-0.003575274426252273
2020-12-22,-0.004057435729300396,-0.0040593800749826325,-0.0016853631179640782
2020-12-23,0.005765368414812455,0.005765812283583305,0.0008985176567017916
2020-12-24,0.0025592209037728075,0.002559940054756904,0.0038904098734411363
2020-12-28,0.002586737450121168,0.0025835999755752237,0.008590700003830554
2020-12-29,0.002877055578101473,0.0028774389100143516,-0.0019077061181778099
2020-12-30,0.005906624045480591,0.0059075014431762,0.001426706743954398
2020-12-31,0.0023557638268183467,0.0023564474837673988,0.00508117542658959
2021-01-04,0.0,0.0,0.0
2021-01-05,0.0053558673424551895,0.006863901143468576,0.007263840493520357
2021-01-06,-0.0006924912139433248,-0.0006924912139433248,0.005978739282975543
2021-01-07,0.004331174840691565,0.004331174840691565,0.014857398591648252
2021-01-08,0.004364593117434756,0.004364593117434978,0.005697673903205525
2021-01-11,-0.010865326816831056,-0.010372040274592043,-0.006740521258104981
2021-01-12,0.005994730150949312,0.0059916575922731585,0.0002108989148625895
2021-01-13,0.0027340982758081722,0.002734465264901731,0.002693091437587114
2021-01-14,0.004451314819548857,0.004447977439464568,-0.0035021994367678833
2021-01-15,-0.006231244996338536,-0.006226842410598232,-0.007292538691798689
2021-01-19,0.005419367654176721,0.00541696853932816,0.007851771105696459
2021-01-20,0.009761208903494856,0.009756590750773508,0.013839013097133979
2021-01-21,-0.0005674187198645431,-0.0005678432659680377,0.0009118153381688643
2021-01-22,-0.005027510905065147,-0.005024305696840536,-0.0035398409172407996
2021-01-25,0.005427521307444394,0.005426841447359276,0.003943782299774989
2021-01-26,0.00021865385288455386,0.00021838090816084232,-0.0015606874087463751
2021-01-27,-0.015782788571318207,-0.015774448507074545,-0.024440685049319066
2021-01-28,0.003345918186959951,0.003342942925510073,0.008600241997579916
2021-01-29,-0.012914503362536522,-0.012908960032093186,-0.020019576876670553
2021-02-01,0.01648092483936936,0.016473264687092426,0.01664561525715702
2021-02-02,0.008048285675964939,0.008043047104024037,0.014140216066375721
2021-02-03,0.0017273187976671878,0.001725271651939142,0.0007862383335790479
2021-02-04,0.004101880968132798,0.004099713718974218,0.011365743471086764
2021-02-05,0.004227834424649801,0.0042247508706132475,0.003935830596076828
2021-02-08,0.006314705397655773,0.006311860787953538,0.007221973890623401
2021-02-09,0.003924191489166118,0.003922674207331722,-0.0006658564794110866
2021-02-10,0.0009786542059664338,0.0009794027880691836,-0.00043572922210732834
2021-02-11,0.003096935213067642,0.0030950861599801094,0.0016153757076717845
2021-02-12,0.0034882767938411163,0.0034850356709683616,0.004939589201850225
2021-02-16,0.0012926030588500392,0.001288567961111653,-0.0008659020704113729
2021-02-17,-0.0004416473961990075,-0.00044111817503322825,0.00022936602340872803
2021-02-18,-0.005237459337043671,-0.005235034046153664,-0.004255859037820553
2021-02-19,0.0015203954667055708,0.0015177754941788635,-0.0017659490913861653
2021-02-22,-0.001576288371767376,-0.0015763139216385946,-0.007691607850319415
2021-02-23,0.003136329621492129,0.0031352178797954267,0.0012140343081108451
2021-02-24,0.0051051899807192935,0.005102148731285228,0.011019343007416138
2021-02-25,-0.01731139530121295,-0.017309538522651047,-0.02409566512161443
2021-02-26,-0.010288291878866818,-0.010279269918380685,-0.005152474997699108
2021-03-01,0.010426538460473811,0.010421024447037519,0.024240099608968668
2021-03-02,-0.0037030202545873525,-0.003700415171353555,-0.007803333136561452
2021-03-03,-0.004271430735890203,-0.004271945116335107,-0.0132457545276089
2021-03-04,-0.007322767612859771,-0.007321642781451532,-0.012374798212103966
2021-03-05,0.01124255536861063,0.011236549514861194,0.01839651087988492
2021-03-08,-0.007440947760132044,-0.007439301496865447,-0.0049784486516053494
2021-03-09,0.009894697223264526,0.00989226902407947,0.014277267854460929
2021-03-10,0.004227927894191463,0.004226928877785863,0.006224730408761703
2021-03-11,0.01227591451215515,0.012270012769383776,0.010138971182605427
2021-03-12,-0.0013028926577015598,-0.001305631631700943,0.0013468616165202008
2021-03-15,0.003671434732826384,0.0036703139444407284,0.005963553968804769
2021-03-16,-0.0007484745989930763,-0.0007482122195023866,-0.0012612751138161293
2021-03-17,0.001628878600034911,0.001627369131499412,0.0034101179231544876
2021-03-18,-0.018181633005556752,-0.018176180340729764,-0.014549719642337311
2021-03-19,0.003424576129924306,0.0034227075492248016,-0.0018503857186512596
2021-03-22,0.0024277224902200523,0.0024281119103446436,0.007984916517992824
2021-03-23,-0.011134281340814067,-0.011126877756243214,-0.007870719803094284
2021-03-24,-0.0014859086285199385,-0.00148459672606982,-0.005083693985145743
2021-03-25,0.0003993915343938337,0.0003985868205969023,0.005625509791168382
2021-03-26,0.016433835758837834,0.016424571586689307,0.01611520510962028
2021-03-29,-0.003184049971143854,-0.003184164721393601,-0.0005050677201268172
2021-03-30,-0.0029226096508996324,-0.002921672691026611,-0.0026529869357009295
2021-03-31,0.0004174463647161897,0.0004166027492891189,0.004053336989545242
2021-04-01,0.012421344717422178,0.012417672778963107,0.01079898770728227
2021-04-05,0.003061035804073464,0.0030583535642831894,0.014353000912468827
2021-04-06,0.0008384374162837549,0.0008402624404726389,-0.0005904381348361687
2021-04-07,-0.0012371679212045406,-0.0012368853956189474,0.0011571532122607309
2021-04-08,0.0038217672212093046,0.003821591413081693,0.004746921580444985
2021-04-09,-0.0008280581618140825,-0.0008288799753818354,0.007270308611095455
2021-04-12,-0.0007147145054685611,-0.0007146697702018479,0.00036440318762598345
2021-04-13,0.005517307364155899,0.005516681393994638,0.002963706265906252
2021-04-14,0.0032366170312971843,0.0032345912428504153,-0.003415264904160109
2021-04-15,0.009863692015309677,0.009862132196344131,0.010742401381259592
2021-04-16,0.0018411514863054812,0.0018391049183763553,0.003342692028694305
2021-04-19,-0.001297801816659172,-0.001297690810005081,-0.004913119828336532
2021-04-20,-0.003835991805261285,-0.003832937255135449,-0.0073217139981323065
2021-04-21,0.00479552206097944,0.004793594143436275,0.009462360108296153
2021-04-22,-0.0020888445681761514,-0.0020875526803021405,-0.009133401844107936
2021-04-23,0.008056243485410564,0.008052022982335094,0.010842672320402036
2021-04-26,0.002286931711160234,0.0022854425798302103,0.002087401351984264
2021-04-27,0.00026493150388740005,0.00026306295600075913,-0.00021523336345175004
2021-04-28,0.0016333991963997097,0.001633258655509895,-0.00028764262280056574
2021-04-29,0.0032978053210759306,0.003295567837716229,0.006372995324324782
2021-04-30,-0.006548350016132742,-0.006545076633090119,-0.006570694776350083
2021-05-03,0.0040730167952083285,0.004071964348184798,0.0021568442127644083
2021-05-04,-0.0033388030115358847,-0.0033367415521454724,-0.006169431801958725
2021-05-05,0.0007962470695999091,0.0007964381139651255,0.00031297818855713366
2021-05-06,0.006124520627525554,0.006121987998878087,0.007985753323809686
2021-05-07,0.008900424922563266,0.00889663885586156,0.007277860569789407
2021-05-10,-0.007603492573983517,-0.0070526197273265145,-0.009902623861569038
2021-05-11,-0.004436480557204137,-0.004434178356862883,-0.008924620863319688
2021-05-12,-0.01680813902085454,-0.01680513931979266,-0.021245312338954547
2021-05-13,0.000185698570781323,0.0006989247440465363,0.012012699945362248
2021-05-14,0.01208954132640927,0.012084648938265996,0.015355355231965184
2021-05-17,0.0020477379211008007,0.00255669841251982,-0.0025446452045313483
2021-05-18,0.0007186940428729471,0.0007193210103928482,-0.008615570162786246
2021-05-19,-0.006224115168129929,-0.006220690596118739,-0.002621857416333584
2021-05-20,0.005886443847513689,0.005885720049728871,0.01075798678127704
2021-05-21,-0.00043218462258720614,-0.00043173127131890254,-0.0008187903933760676
2021-05-24,0.00873367713487716,0.008730172165512196,0.010194355752125794
2021-05-25,0.0022624918653508796,0.0022659072536894698,-0.0022186729861383148
2021-05-26,0.0021910036317736026,0.0021890288534471836,0.0019846702362358304
2021-05-27,0.0026724721373110327,0.0026713653725967124,0.0005248848963783637
2021-05-28,0.002886117758025941,0.002886548883988871,0.001788669452209124
2021-06-01,0.009429858086721365,0.00942382762146532,-0.0008809713013512299
2021-06-02,0.0047437193915040865,0.004743786065684263,0.001572716829588039
2021-06-03,-0.00850192227591573,-0.008507424733932178,-0.003711230760408135
2021-06-04,0.00813176289564388,0.00813307698414456,0.009145641655499137
2021-06-07,0.002456129034351884,0.002456870315425963,-0.0009702075941184773
2021-06-08,0.0016897549403567247,0.001687410980588,0.00021336515271785927
2021-06-09,-0.00203518357009147,-0.002035137341760085,-0.0014919931644392648
2021-06-10,0.00511159506998049,0.005111196265027207,0.004648250980785473
2021-06-11,-0.0029657172231446483,-0.002969780351822826,0.0016525140369889613
2021-06-14,-0.00011129944892784849,-0.00011410680731649414,0.0022388539098872062
2021-06-15,-0.004420764438207159,-0.00442045899833976,-0.001834142291169627
2021-06-16,-0.009052432631574403,-0.009056223416939013,-0.005583327260126558
2021-06-17,-0.009711635937813878,-0.009721743356662427,-0.00033158392084065014
2021-06-18,-0.007610121554966542,-0.007098212746319277,-0.013490338228166254
2021-06-21,0.010218901163726812,0.010212184237336164,0.014316035145870876
2021-06-22,-0.00014504420113314875,-0.00014404483432528536,0.0053461357899979856
2021-06-23,0.00018363744685712113,0.0001825815140452658,-0.0012052395544164263
2021-06-24,0.004348214555516039,0.004345980298598118,0.005915503387092791
2021-06-25,0.002401387400987165,0.002399134729744734,0.003552053484238815
2021-06-28,-0.0006324463892876109,-0.0006305983288340533,0.0020158852339571265
2021-06-29,0.00044631670803840784,0.00044638004726271774,0.0005383154646545485
2021-06-30,-0.0012324387113095137,-0.0012309994672519142,0.0008417081302440899
2021-07-01,0.0016054309800070943,0.001604304408587831,0.005536470299454255
2021-07-02,0.004371039824585976,0.004370717249643219,0.0076435279410072
2021-07-06,-0.006895283265101915,-0.0068894026182787504,-0.0018214823523000634
2021-07-07,0.00034068491965477676,0.0003419103142547897,0.00353385610924839
2021-07-08,-0.005535813658946731,-0.005531688044911887,-0.008147715015089818
2021-07-09,0.009583338712781275,0.01008480161038161,0.010674565188096619
2021-07-12,0.0032411124881261966,0.0037448108464084306,0.003582062181022083
2021-07-13,-0.0027427911895632207,-0.0027409355051370987,-0.0034090862284404944
2021-07-14,0.001546010425260036,0.0015473607826663738,0.001492260953441793
2021-07-15,-0.0022567982506798145,-0.0017487661999857629,-0.0034155007412670635
2021-07-16,-0.005551924085504423,-0.00555400716629062,-0.007843370216515821
2021-07-19,-0.01809750173302016,-0.017098218281973665,-0.014767986923154508
2021-07-20,0.009539664556609928,0.00952878674577362,0.014330404990878565
2021-07-21,0.005254976525013166,0.005244034088540239,0.008096174823552404
2021-07-22,0.001162282427027872,0.0011634065233696589,0.0020943007044604833
2021-07-23,0.0046717748995330766,0.004665674297266165,0.010287704846807078
2021-07-26,0.0017347761524639793,0.0017324080563174693,0.002455094289028237
2021-07-27,-8.253758593390614e-05,-7.830445636836103e-05,-0.004557784059542214
2021-07-28,0.0011370441424276567,0.0011367700645159573,-0.00041001189548972583
2021-07-29,0.0038742421376196656,0.0038674507507971967,0.004147376305794204
2021-07-30,-0.003054162003039207,-0.0025552154031203145,-0.004856295259186072
2021-08-02,-0.0011385063355671132,-0.0011385551270434169,-0.002098229444887023
2021-08-03,0.0019157185080225236,0.0019144144381311179,0.008135738363774347
2021-08-04,-0.003839646741416236,-0.003327245080115504,-0.004919276175308518
2021-08-05,0.005078497445954788,0.0050743271942819135,0.006332913972587173
2021-08-06,-0.0039803206587989415,-0.003981303678745607,0.0016525119114676468
2021-08-09,-0.00419876546066178,-0.004197898207713435,-0.0008132787695330768
2021-08-10,0.0013740131063952887,0.0013726464861896215,0.0012437879086935055
2021-08-11,0.004411134323629717,0.004409588725086566,0.002484929302334349
2021-08-12,-0.0002320266599891152,-0.00023246218626093995,0.002996784370488559
2021-08-13,0.003150886252318852,0.0031520240720042114,0.0018201725953972403
2021-08-16,-0.0003840759227048407,-0.00038283857211296457,0.0023544158547013083
2021-08-17,-0.004862439239638472,-0.004860396270559453,-0.006555187973096399
2021-08-18,-0.006128161409102217,-0.006125481100902386,-0.010945064584911401
2021-08-19,-0.0021515631203050667,-0.002149567996885038,0.0015482596705671536
2021-08-20,-0.0013013636733036904,-0.0013014839018158364,0.007957122061817978
2021-08-23,0.008601424281683201,0.00859764998392043,0.00879672556769262
2021-08-24,0.0017980999296238753,0.002301838549116253,0.0015872541907666626
2021-08-25,1.3852091730104377e-05,1.04419638455866e-05,0.002098419820750985
2021-08-26,-0.0038079782542862484,-0.0033052626494320947,-0.0059031282343174896
2021-08-27,0.007952131570910348,0.007949776393178842,0.00894090402343628
2021-08-30,0.0024615004300772014,0.0029604290018248047,0.004397467108962605
2021-08-31,-0.00029573098813129306,-0.0002945867518109324,-0.0014812880351373625
2021-09-01,0.0036007537159203906,0.00359898690215954,0.0005314161853522403
2021-09-02,0.0037441495733741004,0.0037409735934048616,0.0030764616235630093
2021-09-03,0.002281651947484198,0.0022858004704349177,-0.00024290343494204336
2021-09-07,-0.008170899403106668,-0.008176573904956186,-0.0035753698350161622
2021-09-08,0.000988804112329822,0.0014956943103521247,-0.0012181561751476444
2021-09-09,-0.004677030614947619,-0.004673252334835731,-0.004280397855445428
2021-09-10,-0.0030005484483114353,-0.003000639191679144,-0.007884654206780861
2021-09-13,0.004549715205557803,0.004548010575171846,0.0025594782926405824
2021-09-14,-0.000706965345729782,-0.0007047165846402192,-0.005396438573365359
2021-09-15,0.003971500076797474,0.004487189108160594,0.008352513676311624
2021-09-16,-0.005941124347242144,-0.005451863644434618,-0.001585276449892814
2021-09-17,-0.007629695857808816,-0.007627340457068255,-0.009740946114425886
2021-09-20,-0.007132472937423362,-0.007126356166722636,-0.01667434948370894
2021-09-21,0.001514452333043037,0.0015133800667841424,-0.0009447129788767716
2021-09-22,0.006258878994562345,0.0062561846617044115,0.009755012194987867
2021-09-23,0.0029822679339621683,0.0029762046299692813,0.012149979332359617
2021-09-24,-0.0033060719095406865,-0.0033059273500413155,0.0016473311100926313
2021-09-27,-0.0013925465841088114,-0.0013931872262925582,-0.002861017287015377
2021-09-28,-0.01071475550232015,-0.010711322678506718,-0.02015188381978017
2021-09-29,0.001651739741422631,0.0016514351251109005,0.0016832615568036502
2021-09-30,-0.003294773095888992,-0.0027895654968929096,-0.012222361496838974
2021-10-01,0.008590025672079227,0.00858779492523043,0.011884327280136997
2021-10-04,4.2359362535826506e-05,4.170568423078613e-05,-0.012896261105424633
2021-10-05,0.0011680245531295874,0.0011658793618458674,0.010404922601927158
2021-10-06,-0.000532073526362975,-0.000531632069151633,0.00415598007600626
2021-10-07,0.002048721984626356,0.0020457385506640335,0.008645708705106392
2021-10-08,-0.0023611705530843796,-0.002361106568973037,-0.001823632558234256
2021-10-11,-0.0008363227823192654,-0.0008371197689359677,-0.00723974738606703
2021-10-12,0.003999346783738922,0.003999640548942862,-0.0024614980437046574
2021-10-13,0.0037429238115755936,0.0037420372190017925,0.003597630083474357
2021-10-14,0.006239454976204373,0.0072456266569675964,0.01682082847824895
2021-10-15,0.00046832009614905523,0.0004641302007049042,0.007615542520026386
2021-10-18,-0.0011628460236849936,-0.0006611289114586416,0.0029603325103315647
2021-10-19,0.0015680273991920401,0.0015654426948334965,0.007715093650185745
2021-10-20,0.005570744267043848,0.00556773832032853,0.003927606348205215
2021-10-21,-0.0034883349887859794,-0.0034879107066315695,0.0026083527292575237
2021-10-22,0.0032281615120057783,0.0032278270364198836,-0.0010362100192337076
2021-10-25,0.0019309435423082721,0.002436213504469986,0.005362773549228761
2021-10-26,0.00014329270011437245,0.00013953071841577014,0.0009000342437031073
2021-10-27,-0.005048934832712182,-0.004545485475800581,-0.004430217649496471
2021-10-28,0.004408360122722055,0.004910046818733527,0.009648910449911119
2021-10-29,-0.00470738641763413,-0.004709293952487537,0.002029176197748228
2021-11-01,0.004653067785134413,0.005158665242590343,0.0017200600493494367
2021-11-02,0.0023938687581281926,0.0023938943430716897,0.004043179448625089
2021-11-03,-0.0023574379830789693,-0.0023578288898756794,0.006105265031711049
2021-11-04,-0.00011162485421167823,-0.0001088492962830756,0.004712578357497943
2021-11-05,0.005762666004146544,0.00576252049993542,0.0034695671947455597
2021-11-08,-0.0004749063413381771,3.484512569884579e-05,0.0008537203550846861
2021-11-09,0.002293735480850989,0.0022951156889812196,-0.0033053010479855427
2021-11-10,-0.005851068705668316,-0.005842774680240748,-0.008044953669156585
2021-11-11,0.002518769869890747,0.002520391563901825,0.0003237379971499088
2021-11-12,0.0024541690952899486,0.002453839902338828,0.007546493606379379
2021-11-15,8.033888554281887e-05,7.951194877620082e-05,0.00034250678938541057
2021-11-16,-0.00242017186392518,-0.002422614351325625,0.003957897188071158
2021-11-17,0.0005441879101328873,0.000548440569056341,-0.0024292040132970483
2021-11-18,0.0008640889196760426,0.0008620321272336806,0.003396398451554594
2021-11-19,-0.006211747552585467,-0.00621258877875408,-0.0017881701531110572
2021-11-22,-0.00608771779886319,-0.006095881519113333,-0.002815273861006551
2021-11-23,0.002302708524596575,0.002297403012932797,0.001325952030557298
2021-11-24,0.0005548286715080231,0.001066974819526001,0.0026699268984593516
2021-11-26,-0.01728971943845037,-0.016785754191514957,-0.022303137197962175
2021-11-29,0.002132454710491949,0.0021302984761557564,0.01226665407884786
2021-11-30,-0.007883800178382971,-0.007877357670376228,-0.01945774783697074
2021-12-01,-0.0009996541400654202,-0.000512456915320203,-0.011107221187110827
2021-12-02,0.005950043386498294,0.005946181998280453,0.01531637869389968
2021-12-03,0.0019337971938988563,0.0019356842187554513,-0.008701426575988491
2021-12-06,0.0015072001917209032,0.0015041101631751985,0.011843417699721082
2021-12-07,0.003793494349831006,0.004293954635431696,0.02068474258430708
2021-12-08,0.002282199344766589,0.0022877655997479707,0.0026479531544385537
2021-12-09,-0.0048723319396498654,-0.0048775512082334105,-0.006751637248578635
2021-12-10,0.004343419779767155,0.004346974302867013,0.00941362464499318
2021-12-13,0.0016173003391171115,0.0016140046201438274,-0.008858385467373608
2021-12-14,-0.005634982910817765,-0.005636617282138046,-0.006879993554988806
2021-12-15,0.00502824797147583,0.005028227626083126,0.015624969192423288
2021-12-16,0.0008974265396330949,0.0008999518498244985,-0.008818311214292551
2021-12-17,-0.002839058757617252,-0.002843575474097748,-0.01064301806473067
2021-12-20,-0.004653042826676224,-0.004654204655402117,-0.010633355409267242
2021-12-21,0.006293448001846169,0.006300801475977558,0.017758823509654187
2021-12-22,0.005841049101423357,0.0058440573555902375,0.009998795089018797
2021-12-23,0.0007312108128831873,0.0007335511909325465,0.006222071624005343
2021-12-27,0.007840147904269568,0.008843664918879224,0.014152304037380992
2021-12-28,-0.000515497134203069,-0.0005169341838058283,-0.0008172525028188327
2021-12-29,-0.000849970920578591,-0.0003504380103276361,0.0012791776389848852
2021-12-30,0.00012875861435435176,0.00013035197213095984,-0.002764413050813319
2021-12-31,-0.0011326766835403346,-0.0006285020010556863,-0.002520379669829431
2022-01-03,0.0,0.0,0.0
2022-01-04,-0.001367141013604467,0.0001308082748749939,-0.004977391438572232
2022-01-05,-0.012848175043587262,-0.012347042115726015,-0.01920201479298711
2022-01-06,-0.0018789357868762568,-0.0018841206416471135,-0.0009395128389212415
2022-01-07,-0.0019556265182447685,-0.0014511555531141473,-0.003953361232545971
2022-01-10,-0.0035147560257883237,-0.003513164778841782,-0.0012445144398554042
2022-01-11,0.005875136037892803,0.006379436787527615,0.009108359337260952
2022-01-12,0.002679436435461424,0.00368570513378641,0.0027035177708931712
2022-01-13,-0.005642746821512223,-0.005642434605787727,-0.01377859103890422
2022-01-14,-0.0010870844622372644,-0.001087964412495701,0.0004090452475156159
2022-01-18,-0.007334945156234451,-0.007335778829713702,-0.017709580758721977
2022-01-19,0.0004502284883802776,0.0009668695004858563,-0.010383589964794715
2022-01-20,-0.00424379875784564,-0.00424068114595999,-0.011067901810805636
2022-01-21,-0.002120569709650466,-0.0016212156507783293,-0.019630868636643317
2022-01-24,-0.0032752549242897055,-0.0027868830465654915,0.004246878239750673
2022-01-25,0.0011782065523193719,0.001177000696965802,-0.01220891672208435
2022-01-26,-0.007038881200957747,-0.007038895985885807,-0.0025088279326753726
2022-01-27,0.00149070335813839,0.0014920241073115292,-0.004937995216556357
2022-01-28,0.000836241039986918,0.0013427918932642502,0.024835270076550175
2022-01-31,0.0005924192388753191,0.0005921193821474269,0.018011008304968934
2022-02-01,-0.00105958533599948,0.0004419339274484013,0.006757108821755953
2022-02-02,0.004143674898898109,0.004652636135504373,0.009714029631795906
2022-02-03,-0.007170282277042972,-0.006670644389781377,-0.02350487551527236
2022-02-04,-0.0037923707627131042,-0.0027978682450181536,0.004702055938193839
2022-02-07,0.00044822214404138805,0.0009449326004435932,-0.003209187550262338
2022-02-08,-0.003356109344940461,-0.0028574205023694788,0.008227814651572851
2022-02-09,0.003671816717446541,0.004175244831572389,0.014635993948788784
2022-02-10,-0.010341777386605577,-0.00985011357703558,-0.017965675675963855
2022-02-11,0.007177946731362406,0.0076822303928483215,-0.01971838609556764
2022-02-14,-0.002671598921906271,-0.002174744441945764,-0.003269444929599463
2022-02-15,-0.006326681209018026,-0.00632501711625999,0.0161268199792155
2022-02-16,0.0033278046848521647,0.003327185504523378,0.0011209100340507927
2022-02-17,0.007237508344730692,0.007236565121149896,-0.021361538048794926
2022-02-18,0.0026827766762977934,0.002683058479743483,-0.006474970000900249
2022-02-22,0.002664036643317713,0.0026626619437486454,-0.01073175932998438
2022-02-23,-0.001121934051160789,-0.0011239715587699761,-0.017738581909533258
2022-02-24,0.0011775509443803234,0.0011781324477562194,0.015049062778827116
2022-02-25,-0.003319516573635717,-0.0033180035913470407,0.022064049375030814
2022-02-28,0.012155756225388892,0.012155362785143842,-0.002558438159107057
2022-03-01,0.016322779870396875,0.01631950550164074,-0.015230198095190106
2022-03-02,-0.005979540101425207,-0.005984012299286134,0.01839610239405065
2022-03-03,0.005775831778878526,0.005775112962264295,-0.004978467208594628
2022-03-04,0.016751001560148637,0.016747661812731574,-0.0081247405423851
2022-03-07,0.0037951768958766063,0.0037912704445399736,-0.029479053618148177
2022-03-08,0.003682128112320715,0.0036772283867685385,-0.007581794174490009
2022-03-09,-0.02428750688884851,-0.024278867359005418,0.026810872794151175
2022-03-10,-0.0046031013726933745,-0.004603095659410528,-0.004515613552211306
2022-03-11,0.0016989052011684436,0.0016979483214949465,-0.012715116705589002
2022-03-14,-0.0161027868145891,-0.016101118957797755,-0.007308392231885175
2022-03-15,-0.007938312140650883,-0.007934673087515387,0.021990688578889417
2022-03-16,-0.0013414197933603322,-0.001341435861943574,0.022174168695649366
2022-03-17,0.00800293282983211,0.007998065245702124,0.012511025144981147
2022-03-18,0.001256739910085125,0.0012575582194329638,0.010952641805038965
2022-03-21,-0.0002902629634232712,-0.00029645113668963496,-0.000292402351469101
2022-03-22,-0.005169396990806097,-0.005169546386131096,0.011701265575344122
2022-03-23,0.00896473553121635,0.00946177356022404,-0.012878365243265688
2022-03-24,-0.002888842758690724,-0.002383140821826002,0.015074388504740854
2022-03-25,-0.005285694446225064,-0.004783272163820129,0.004883523798580258
2022-03-28,-0.007101456389909555,-0.006592895490330708,0.0071131866865845605
2022-03-29,0.009383114899250922,0.009393154006803073,0.012370732215050584
2022-03-30,0.0032800588120347474,0.003274713902770232,-0.006174849668612592
2022-03-31,-0.007011442142194402,-0.007014135304794555,-0.015391215415467396
2022-04-01,0.0015750913343981487,0.0015841707284318662,0.0028340044070318537
2022-04-04,0.004293747182730012,0.004289078417967662,0.008566656759556146
2022-04-05,-0.009297062665729716,-0.009294814759138736,-0.012631314983390096
2022-04-06,-0.0017261584193928314,-0.0017191986749572896,-0.009999122518356551
2022-04-07,-0.0021708282435958237,-0.0016625671817203092,0.005038878284455484
2022-04-08,0.00010752717799666911,0.0006034359402742329,-0.002674231509648295
2022-04-11,-0.005924189003449043,-0.005426032893195765,-0.017092173752834783
2022-04-12,0.008440699664068463,0.008438873654822876,-0.0037051844141023915
2022-04-13,0.006823684825064902,0.006821375462776391,0.011453672102416768
2022-04-14,-0.004416003735153051,-0.004418289704236633,-0.012451878753066081
2022-04-18,0.0004189146540867217,0.0004172647655262818,0.00041113991484453827
2022-04-19,-0.00676393394015351,-0.006763821746320509,0.016142654654739852
2022-04-20,0.007638130064287374,0.007638222968898711,-0.0007414409095629626
2022-04-21,-0.004730684513673422,-0.004731076948956026,-0.014953597862132795
2022-04-22,-0.007660150555701684,-0.007656136277318426,-0.02743919741797829
2022-04-25,-0.0014633512657791226,-0.0014594247162744711,0.005797616816809015
2022-04-26,0.0031739517505378068,0.0031756885340910035,-0.028960703029004775
2022-04-27,-0.003899936652912217,-0.003900781511374518,0.002811752416221891
2022-04-28,0.0046161908922295325,0.004613154573311684,0.025259442325715753
2022-04-29,-0.011609960456056778,-0.011606851235578919,-0.03695583506465949
2022-05-02,-0.0052703469395488645,-0.004764997082376099,0.0060196541542922866
2022-05-03,-0.0011575834527464135,-0.0011563762120797572,0.004583955015679431
2022-05-04,0.011191522882361138,0.01118917942706199,0.030453080210405936
2022-05-05,-0.008176974711617713,-0.008177808500376749,-0.035542964270966704
2022-05-06,-0.0033077141510836627,-0.003308802175987613,-0.005968884754121717
2022-05-09,-0.00536898646355588,-0.0053629107624797445,-0.032017353045864616
2022-05-10,-0.00016295654262077353,-0.00016136596200766462,0.0023106431067470012
2022-05-11,0.010176019842302875,0.010681054347956742,-0.015886166883656405
2022-05-12,0.0011730076558500446,0.0016749983306987293,-0.0010438388378198882
2022-05-13,-0.0039107038811391215,-0.003418489329356622,0.023907721019996053
2022-05-16,0.0062432140440285,0.0062421917856148035,-0.004057595129336677
2022-05-17,-0.008131630489992547,-0.008131351280572519,0.020570335551547858
2022-05-18,0.002268793798297475,0.0022712158253377357,-0.04031137164592191
2022-05-19,0.005095822711433939,0.0050950714697342026,-0.0061247265776605
2022-05-20,0.004109646714921089,0.004109913357452477,0.0004366095528771652
2022-05-23,-0.0038140248733701254,-0.003815149874526469,0.018709863552091477
2022-05-24,0.007056988103062434,0.007057768450672075,-0.007633603994165794
2022-05-25,0.0029026778085385896,0.003406274444107904,0.008834853633777229
2022-05-26,0.0012080865411971953,0.0012065751375216482,0.019981491670231888
2022-05-27,0.0030668844712713472,0.0035739483150547535,0.024549065301910034
2022-05-31,-0.00984178508239053,-0.009842086195449684,-0.005610917384172742
2022-06-01,-0.003855937694495104,-0.003856831568530561,-0.008088612713119558
2022-06-02,0.005103701250818382,0.005101870142979692,0.01904379485621921
2022-06-03,-0.0017756273861200267,-0.0012810416108862688,-0.01641183099374688
2022-06-06,-0.005408427819202144,-0.004908161288151303,0.0030447692563257966
2022-06-07,0.004470832977538475,0.004470610975096934,0.009592245726223414
2022-06-08,-0.0015884495846031355,-0.001589517160163867,-0.010872143184489369
2022-06-09,-0.0004547099762404194,-0.00045492471876751317,-0.023783059889403213
2022-06-10,-0.009829155068759698,-0.009829155343400675,-0.028995451560883678
2022-06-13,-0.017177898149416948,-0.01668755771609587,-0.03796819538522256
2022-06-14,-0.009662539700760697,-0.009170332804921189,-0.003013344738324264
2022-06-15,0.01174914809114247,0.011750249110392241,0.014256296544701064
2022-06-16,0.006179793957381774,0.006179969496846738,-0.03309610344806069
2022-06-17,-0.0056076355211091,-0.005604683402115618,0.0021559293804278568
2022-06-21,-0.004752353973997425,-0.004752573801614646,0.025173557967893778
2022-06-22,0.007774939285377203,0.007777384040223323,-0.0018131285791349594
2022-06-23,0.001278002229114561,0.00128020834179976,0.009802696107800157
2022-06-24,-0.0015689692674131228,-0.0015699720386618266,0.03179377278044915
2022-06-27,-0.005102538454182404,-0.005102808016174243,-0.0038195747559410798
2022-06-28,0.0029317974156379822,0.0029309681014866307,-0.020432949158319502
2022-06-29,0.0041266250374549784,0.004128602624524413,-0.0008142957228024494
2022-06-30,0.0018124805580792547,0.0018154568978929753,-0.008124306247192736
2022-07-01,0.009861018228000562,0.009861456356628606,0.010576448843111264
2022-07-05,-0.006700536466272222,-0.0066952379146456575,0.001888758387074363
2022-07-06,-0.009361940251569445,-0.009361491845401693,0.00337731846321776
2022-07-07,-0.002835671684579655,-0.002419474556647261,0.014977006355389788
2022-07-08,-0.00466876943369432,-0.0041668440222001335,-0.0008228064661620627
2022-07-11,0.006237426953783265,0.006233316501927044,-0.01142348478148858
2022-07-12,-0.005594128213000982,-0.0056140037588080505,-0.008848764380838037
2022-07-13,0.005238045239790656,0.0057267570470611595,-0.005251605978023877
2022-07-14,-0.004467855337369486,-0.003966667667564039,-0.002428638768715019
2022-07-15,0.004356716756557466,0.004868310253938635,0.019105083939800593
2022-07-18,-0.0044972068242830066,-0.004002657326728998,-0.00825689857045786
2022-07-19,-0.0031817246069263394,-0.003178200621264393,0.027019088730410923
2022-07-20,-0.0009472134519915576,-0.0009471298466237066,0.006373310471702309
2022-07-21,0.0066941120941717,0.0066823695498170466,0.010183094919505864
2022-07-22,0.007651798512829933,0.007642242910602448,-0.009278181980042599
2022-07-25,-0.0011254674096028427,-0.0006332929000600895,0.0012148683152017892
2022-07-26,-0.0012685833891122877,-0.0007726086011486943,-0.011830756638421591
2022-07-27,0.005463021948552305,0.005471648976071775,0.02596626155387205
2022-07-28,0.008360343219232735,0.008356510653920735,0.012542395933048622
2022-07-29,0.0010876489274034284,0.0010894176752827,0.014578678983015791
2022-08-01,0.00146932735520644,0.001458380193041009,-0.0029613105659768157
2022-08-02,-0.012393424194597213,-0.01238982714244885,-0.00659721491084031
2022-08-03,0.0020210907423776625,0.0020158046556999487,0.01565939754464063
2022-08-04,0.003497787089115967,0.003983419718091241,-0.0006753096752750709
2022-08-05,-0.014462410079143728,-0.014462410079143728,-0.0016903501671180488
2022-08-08,0.005889238540356612,0.005889238540356612,-0.0011609416545834694
2022-08-09,-0.0029751304238514464,-0.0029751304238513354,-0.0039707636884128705
2022-08-10,0.0005777623280227573,0.0005777623280227573,0.02100393645804144
2022-08-11,-0.004432592093003285,-0.003928537139531785,0.0
2022-08-12,0.002402582120078378,0.002398665373793296,0.01692884587025767
2022-08-15,0.0028604545694226324,0.003864459884437288,0.004120838742911914
2022-08-16,-0.002588605549059042,-0.002586463638057368,0.00195853342608876
2022-08-17,-0.006078135127464024,-0.005577762707238754,-0.0070979265555152216
2022-08-18,0.0006690642414208803,0.000669689128048212,0.0029066092909375563
2022-08-19,-0.009088900432667746,-0.008591073443020902,-0.013438200216609575
2022-08-22,-0.004905577845065845,-0.0048986776129277265,-0.020822355836348505
2022-08-23,0.0003033839553061579,0.0008078471800461173,-0.002419219584622545
2022-08-24,-0.0010137337897478949,-0.0010148966449518015,0.0032009669038008948
2022-08-25,0.002920266691881279,0.0029220054510674665,0.014117583909121878
2022-08-26,-0.006534424414205264,-0.006053026432901953,-0.03384896746874344
2022-08-29,-0.0034091773750063448,-0.0029254171592244527,-0.006612190165563581
2022-08-30,-0.004931969814908288,-0.004929711066877229,-0.010978028392464423
2022-08-31,-0.0069138562206607634,-0.006912500391765608,-0.007609215770564726
2022-09-01,-0.009683669111628324,-0.00920353104536209,0.0031379949255347928
2022-09-02,0.00560194588103724,0.00560194588103724,-0.010544363180384764
2022-09-06,-0.011142435471643175,-0.011142435471643286,-0.0037731157439623297
2022-09-07,0.006539720836327145,0.006539720836327145,0.017964905209541637
2022-09-08,-0.003698120885054279,-0.00369812088505439,0.006536386800654492
2022-09-09,0.0001004364772643207,0.0001004364772643207,0.015535204117248513
2022-09-12,-0.002407775390407485,-0.002407775390407596,0.010747729314671384
2022-09-13,-0.005630939809926128,-0.005630939809926017,-0.0434824401281263
2022-09-14,0.0005056632693245522,0.0005056632693245522,0.0038157635467981343
2022-09-15,-0.0034365777901530503,-0.0034365777901530503,-0.011353312270845572
2022-09-16,0.0008117604257651401,0.000811760425764918,-0.007628934124167208
2022-09-19,-0.0028376154452409708,-0.0028376154452410818,0.007754857696448125
2022-09-20,-0.006199473142168066,-0.006199473142167955,-0.011478539223154227
2022-09-21,0.003988701587292143,0.003988701587292143,-0.017443764762905545
2022-09-22,-0.015074761446860374,-0.015074761446860485,-0.008399775628965434
2022-09-23,0.00124120320419574,0.00124120320419574,-0.016754959913737766
2022-09-26,-0.016628949470406162,-0.01662894947040605,-0.009892579822617376
2022-09-27,-0.0068269662685876975,-0.0068269662685878085,-0.002552688629687938
2022-09-28,0.022525760444318088,0.02252576044431831,0.019676188112379256
2022-09-29,-0.004654515833418138,-0.004654515833418138,-0.020888912561054407
2022-09-30,-0.0025976614590679237,-0.0025976614590679237,-0.015463495547191619
2022-10-03,0.011868025110150615,0.011868025110150393,0.026401266969970916
2022-10-04,0.0020631945340434665,0.0020631945340434665,0.030986558600778036
2022-10-05,-0.009471028143431592,-0.009471028143431592,-0.0023281127889307474
2022-10-06,-0.005508164983157315,-0.005508164983157315,-0.01031586184476152
2022-10-07,-0.004911601666822807,-0.004911601666822918,-0.027893942489252477
2022-10-10,-0.005881277573791643,-0.005881277573791532,-0.0076353096836598855
2022-10-11,0.0025357624440314197,0.0025357624440311977,-0.006332909972757483
2022-10-12,0.003266469389377802,0.003266469389378024,-0.0032986760012650995
2022-10-13,-0.004201274794305321,-0.00420127479430521,0.02639137865104102
2022-10-14,-0.005589988412651126,-0.005589988412651237,-0.022788745904938512
2022-10-17,0.0010605633751930021,0.0010605633751930021,0.0256967622969273
2022-10-18,0.0025432847500732603,0.0025432847500732603,0.011749749001394472
2022-10-19,-0.010463489388585656,-0.010463489388585545,-0.007086385519014526
2022-10-20,-0.007476044418573302,-0.007476044418573413,-0.008385403383119883
2022-10-21,0.002259932565755074,0.002259932565755074,0.024301344375728506
2022-10-24,-0.0012886657152184622,-0.0012886657152183512,0.012236428921737819
2022-10-25,0.012470233570870182,0.01247023357086996,0.015968613704059775
2022-10-26,0.0050967238685206695,0.0050967238685208915,-0.007534192412415375
2022-10-27,0.007078396045827162,0.007078396045827162,-0.005339616270874203
2022-10-28,-0.005140510587769764,-0.005140510587769653,0.02379044291552379
2022-10-31,-0.0045338279930309255,-0.0045338279930310366,-0.007223193736808575
2022-11-01,-0.0001802177859783205,-0.00018021778597820948,-0.004375951673780798
2022-11-02,-0.001698775519570539,-0.001698775519570428,-0.025096187507376855
2022-11-03,-0.004360247541046247,-0.004360247541046469,-0.010296956219329911
2022-11-04,-0.0021362351450573414,-0.0021362351450572303,0.014393336366689047
2022-11-07,-0.004607532015054483,-0.00411177887555203,0.009565449767275691
2022-11-08,0.005697391175274458,0.006194697557079687,0.0053955227819986185
2022-11-09,0.0034145814738169022,0.0034145814738169022,-0.020602300842125332
2022-11-10,0.022439860756075847,0.022439860756075847,0.05495410589836269
2022-11-11,-0.0012057399470154495,-0.0007034021528043999,0.009678735212036882
2022-11-14,-0.004677869365505516,-0.004183847297179688,-0.00850677916983611
2022-11-15,0.008515774028202694,0.009028884806779436,0.008529248279308455
2022-11-16,0.0042391518867834765,0.004745050768331538,-0.007628899041646875
2022-11-17,-0.007280813693019805,-0.0067934393444335495,-0.0030599493056449045
2022-11-18,-0.002593316255157241,-0.002593751769186081,0.004540541280916521
2022-11-21,-0.0015054678751019734,-0.0010042226730268,-0.003636174752600918
2022-11-22,0.006735206636162783,0.007241297444912975,0.013456971219873326
2022-11-23,0.006338055476592608,0.006841569230119138,0.006301605638700192
2022-11-25,0.0006156134771706512,0.000615193697656613,-0.0002237221698127012
2022-11-28,-0.0045514507924826475,-0.00455715034894022,-0.015957093252224608
2022-11-29,-0.002623299519740274,-0.0026228518934233724,-0.0017171568085417865
2022-11-30,0.014165164241905615,0.014173735529910525,0.03150052499519562
2022-12-01,0.004129659906576766,0.005129323973284361,-0.0007359872869332484
2022-12-02,0.0004218258483015269,0.00042156662606029904,-0.0011537513527365428
2022-12-05,-0.013306728784374333,-0.013307688283426655,-0.017989231169653896
2022-12-06,-0.000809270470463419,-0.0008077463837624643,-0.014414636741935993
2022-12-07,0.003220337049562705,0.0032186948823718087,-0.0017013330482271716
2022-12-08,0.0013882583649826863,0.0018904394789742707,0.007834024790427163
2022-12-09,-0.005405055825605798,-0.00491128052915113,-0.007470397617597602
2022-12-12,0.0005358818666894027,0.0005340886997351468,0.01441723765615377
2022-12-13,0.010663178444996202,0.010661438411303958,0.007569910977531125
2022-12-14,-0.0006371747966913421,-0.0006366052996265026,-0.006393654626225986
2022-12-15,-0.014260693308458916,-0.014265038487527026,-0.024461545815825048
2022-12-16,-0.0007576477678420401,0.00023713852353157705,-0.011806230517979022
2022-12-19,-0.006287348271334037,-0.006289134755918746,-0.008479702491652419
2022-12-20,-0.0013864249879765866,-0.0013921870957799287,0.0013683994281565859
2022-12-21,0.002275283430581254,0.0022742973802094557,0.014952622129840387
2022-12-22,-0.0050302439023007794,-0.004533074623289224,-0.014266277672469907
2022-12-23,-0.00191407108586239,-0.0014170540379627727,0.005752459039676472
2022-12-27,-0.003912445751853344,-0.003914662712812267,-0.003943695489253662
2022-12-28,-0.005980066241952908,-0.00548609889776186,-0.01242790578122821
2022-12-29,0.0077567110873679734,0.008263246996244256,0.018000546194413936
2022-12-30,-0.005109371774203564,-0.004614624459549854,-0.002634285564565686
2023-01-03,0.0,0.0,0.0
2023-01-04,-0.0002271941193784377,0.0012724650894424538,1.3673057224661278e-05
2023-01-05,-0.004961951405815124,-0.004961951405815124,-0.01141344421288959
2023-01-06,0.017291189312779176,0.017291189312778954,0.022931794376160664
2023-01-09,0.0036161825687019977,0.0036161825687022198,-0.0005666448269729951
2023-01-10,-0.000815108959568267,-0.000815108959568378,0.00701270984056146
2023-01-11,0.005356831533590123,0.005864908568932847,0.012647872045784547
2023-01-12,0.008712550647056672,0.009218034395236607,0.0036408048745546484
2023-01-13,0.00269713749306022,0.002692684675793755,0.0038795554127668552
2023-01-17,-0.001863261809746608,-0.0018609311793778005,-0.0018318796027319006
2023-01-18,-0.005014459723613807,-0.005019235976551073,-0.01578801608828595
2023-01-19,0.001237678041754009,0.0012343517399053816,-0.007279660983704361
2023-01-20,0.0046994555642170255,0.005205975786215511,0.018629023168984737
2023-01-23,0.003347215485027144,0.0038502808112028664,0.011998627342807433
2023-01-24,0.0017029044749876654,0.0017033066577658573,-0.0010734300935140162
2023-01-25,0.0023505392812681603,0.002349599848409767,0.00037487704968164337
2023-01-26,0.003289953021523795,0.003293854681539088,0.010990354669102587
2023-01-27,0.0006626982524138292,0.000667976741559384,0.0022975721543583294
2023-01-30,-0.009614110777236617,-0.009615668472631844,-0.012546832947207598
2023-01-31,0.008045157014197057,0.008051675426838045,0.014703494464065603
2023-02-01,0.00961967805393904,0.009617910800715945,0.010627672454092796
2023-02-02,0.001595405626698021,0.001606104736347591,0.014556989778103935
2023-02-03,-0.015327665268764834,-0.015329495824922046,-0.010629110241724748
2023-02-06,-0.007485343910878184,-0.007485211571585992,-0.006111417860116819
2023-02-07,0.0036692794435595477,0.0036662275377175035,0.013078533893259081
2023-02-08,-0.002937687187792304,-0.0029385914632495957,-0.010934524091624875
2023-02-09,-0.004337137901890831,-0.004340542722932272,-0.008669224521750118
2023-02-10,-0.0017920320176068039,-0.0017893328310366607,0.0023338018909189184
2023-02-13,0.006117333560377691,0.006118726910775418,0.011738835434946582
2023-02-14,-0.0020373648828310165,-0.002040398625226869,-0.0004602085462386274
2023-02-15,-0.0029666892136510636,-0.0029631380728615264,0.003247367508553145
2023-02-16,-0.005542748599351888,-0.005544899392947555,-0.01376883107066662
2023-02-17,-0.0015040369971287548,-0.0015052605820391474,-0.0024982295162850887
2023-02-21,-0.013178374032502549,-0.013181883197192712,-0.020060951744074185
2023-02-22,-0.004115006634298757,-0.004117521578171801,-0.0013780517223561661
2023-02-23,0.004186507350071311,0.004723527458855514,0.005319271066065223
2023-02-24,-0.013103780567751633,-0.012599853113608672,-0.010682312347813694
2023-02-27,0.005597260803229975,0.0061038374668056505,0.003405843725257096
2023-02-28,-0.001718330309901539,-0.0017166754306012777,-0.0036959509210152675
2023-03-01,0.002106679077768847,0.002101614749433045,-0.003835863136222417
2023-03-02,0.0007618560656055262,0.0007594306204559143,0.007777295956619801
2023-03-03,0.011066991160066486,0.011065497618263143,0.016037605797672994
2023-03-06,-0.003575746101945998,-0.0030795900618106886,0.0006931161126224605
2023-03-07,-0.01192560073550597,-0.0114263725253968,-0.015328883460585474
2023-03-08,0.0016781980138413921,0.0016771938198560932,0.0016320983847801784
2023-03-09,-0.004238565697993413,-0.004233308798692215,-0.018449811298357988
2023-03-10,0.008495190058577018,0.009490660424694708,-0.014429491730757027
2023-03-13,0.010824585069666215,0.010825767003831643,-0.0014252820882890704
2023-03-14,-0.005139043055052306,-0.005143163223857772,0.016530085938712302
2023-03-15,0.005846285149379682,0.005854486333447095,-0.006254321725367551
2023-03-16,-0.0032276640420891844,-0.003233238302540964,0.01754504060229478
2023-03-17,0.008256495029936195,0.008779032369079731,-0.011692639585236808
2023-03-20,-0.00045926413097630014,3.8241277298789456e-05,0.00961561958721946
2023-03-21,-0.005909572946526609,-0.005410987172965398,0.013130809191266968
2023-03-22,0.005964856685778397,0.005953301535003508,-0.01704672207800839
2023-03-23,0.0028310416990835474,0.0033383832140707614,0.002703132867100999
2023-03-24,-0.0016330773456756376,-0.001633490536088078,0.006562317697633935
2023-03-27,-0.004709341287335134,-0.004709653018092008,0.001869811627109863
2023-03-28,0.0032088762289090855,0.003214332427351696,-0.002244634806711554
2023-03-29,0.0035180450481926417,0.0035177718565404525,0.014534805492768754
2023-03-30,0.0066109642979801375,0.006612639805425591,0.0058553435509463014
2023-03-31,0.003964784165658708,0.003962228863368722,0.014094581982270649
2023-04-03,0.005071666498111416,0.005070136779840695,0.0038106022314881027
2023-04-04,0.004264992939158274,0.004262799391193228,-0.0055481579771146095
2023-04-05,-0.001656005461550536,-0.0016590789448158727,-0.0026182430785608446
2023-04-06,0.0010336126980119431,0.0010351334592688666,0.0039009994131220527
2023-04-10,-0.004271334440342667,-0.004268683818199226,0.0010262589081027063
2023-04-11,0.0025293015356766535,0.002531053578032294,0.00026846021956461463
2023-04-12,0.0009862529361615024,0.000982205261626179,-0.0040759216449689495
2023-04-13,0.007842629374327892,0.007845569722836343,0.013282797961150505
2023-04-14,-0.006555051777661247,-0.006554378054245524,-0.0024427678638193617
2023-04-17,-0.0017992820270325005,-0.0017962149063550648,0.0035882743780333293
2023-04-18,0.0020114063496148304,0.002009760086655099,0.0006521178700160668
2023-04-19,-0.0037215236944172503,-0.0037246555559560246,-0.0001689061155171201
2023-04-20,0.001349697634379865,0.0013482237633291039,-0.0054570894445475915
2023-04-21,-0.002977861180221142,-0.0029810117936730496,0.0007768749876666536
2023-04-24,0.0023406740997933273,0.0023383787470201423,0.0010432772949393598
2023-04-25,-0.004113705233116383,-0.0041209576581219265,-0.015873931778421668
2023-04-26,-0.002107382847228889,-0.002103602228486934,-0.00423545257711444
2023-04-27,0.005545910837873036,0.005549897205544552,0.019907926264709053
2023-04-28,0.004723087311489627,0.0047233173876573,0.008535106465280329
2023-05-01,-0.006066484424569807,-0.005556618840189986,-0.0010097822511899723
2023-05-02,0.0008300498610904761,0.0013342481323797006,-0.011238882951136397
2023-05-03,0.002665355834998273,0.0026672928195494716,-0.006864417437264958
2023-05-04,0.0009534074333374942,0.0009528221129346814,-0.007082785109090217
2023-05-05,0.003162037239314852,0.003157761419198879,0.018512631002797653
2023-05-08,-0.0027760769732740886,-0.002275283349707613,0.0002664953680788784
2023-05-09,-0.0029275399355580545,-0.002429024846708816,-0.004385422308878506
2023-05-10,0.0025956433355436292,0.002598039144186437,0.004672491975553639
2023-05-11,-0.002257497418870158,-0.0017492574135862249,-0.001743958295085224
2023-05-12,-0.004816858269943491,-0.0043159443233454775,-0.0013104277613934512
2023-05-15,0.004544714223000179,0.004541337375843391,0.003450194510494331
2023-05-16,-0.007055805100944945,-0.007053914696099839,-0.00668249350311001
2023-05-17,0.0019344122303424083,0.0019318262705654288,0.012138777364691933
2023-05-18,-0.003716706273460657,-0.0037179499387334225,0.009633089917948201
2023-05-19,0.00124040744328191,0.001237944740059227,-0.0014549662955996023
2023-05-22,0.0005132997571750675,0.0005121368561837869,0.0004062055415268162
2023-05-23,-0.006291235308928611,-0.006287329113731088,-0.011222855785945396
2023-05-24,-0.00711050779584943,-0.007108258968787418,-0.0072449768012031734
2023-05-25,-0.002780369865087118,-0.0027821161817387363,0.008659974205849963
2023-05-26,0.006626287635885575,0.007149036384807905,0.012950614142771322
2023-05-30,0.0005117412582336112,0.0010112672385320653,0.00038094755315953854
2023-05-31,-0.0026527963513833797,-0.0026561193319384335,-0.005545075901445484
2023-06-01,0.006034642246943278,0.006529790760733345,0.009500908800490038
2023-06-02,-0.0011572094348455408,-0.0006574124485866362,0.014461233260247175
2023-06-05,-0.00044125999997601806,-0.0004411605945443542,-0.0019162754404428162
2023-06-06,0.0036132741935388513,0.0036158992758579256,0.0021773465805001724
2023-06-07,-0.007177748576245424,-0.007176300300040239,-0.00345774791994502
2023-06-08,0.006770450196874611,0.0072713508712582975,0.006048777892504242
2023-06-09,-0.0012236605355109287,-0.0012259215419350156,0.0017940375917502305
2023-06-12,0.0020955707257750422,0.0025968781734573287,0.009072232058388252
2023-06-13,0.000762418915021712,0.0007584774124345106,0.006592724483602375
2023-06-14,0.002614241505829229,0.0026136106369019085,0.0011908993826883485
2023-06-15,0.009837103134477498,0.01035131867646144,0.012397742935372547
2023-06-16,-0.0025929859408013733,-0.002592039412717795,-0.003406357713433228
2023-06-20,-0.009528629230669439,-0.009529770806433469,-0.005188097342600395
2023-06-21,-0.0022992759116187145,-0.0017958587535767956,-0.005123776103645006
2023-06-22,-0.0045624930406588105,-0.00456302816394516,0.003609692901579864
2023-06-23,-0.004453020586125622,-0.004448835645007976,-0.007560147406905915
2023-06-26,0.0011968193653932868,0.0011974750697856251,-0.004085625431801576
2023-06-27,0.002998090309098922,0.002994891411519429,0.010963225363546325
2023-06-28,0.00015458452191463579,0.00015646132373592359,0.0005045435126189712
2023-06-29,-0.004077105470884135,-0.004080212935681948,0.00394131384987384
2023-06-30,0.005849732312312117,0.006352803659380291,0.011800572328192871
2023-07-03,0.002947893988650474,0.0029513208933726887,0.0011508634807269047
2023-07-05,-0.004122639496476066,-0.004119452709409388,-0.001487497557271178
2023-07-06,-0.010720428208913613,-0.010718902505011618,-0.007830526958561568
2023-07-07,0.001554315085969149,0.002061806630801133,-0.0025247215782113752
2023-07-10,0.003510881680259592,0.004016016924585308,0.0025311119311206554
2023-07-11,0.007611878436839081,0.007613147912962193,0.006368466628352332
2023-07-12,0.013028573230192686,0.013033241541003493,0.008045997552762696
2023-07-13,0.008759021712722248,0.008761173704495473,0.00793677916637292
2023-07-14,-0.0050270169717027136,-0.004522829796775318,-0.0006227376226836112
2023-07-17,-0.0015027989324172264,-0.001003596735082768,0.0034721444237921784
2023-07-18,0.0022959689895325486,0.0022953939877945473,0.007430715158172951
2023-07-19,0.001158482343154743,0.0016648841526887281,0.002223784015379371
2023-07-20,-0.004090579390288784,-0.0040870903439649275,-0.0066347138160964825
2023-07-21,0.001269057687491859,0.001271148997839866,0.0
2023-07-24,0.006259038932467931,0.006264905520652064,0.004467409289567792
2023-07-25,0.00234986863052411,0.002350515185093105,0.002729993969081468
2023-07-26,0.002178639482480982,0.0021750643042484086,0.00015374415118540874
2023-07-27,-0.010187852179955659,-0.010183994173364797,-0.006629990322230328
2023-07-28,0.009092308738255284,0.009090803328937858,0.009790364480256608
2023-07-31,0.0026384432259767276,0.0026391814305484207,0.0019040052219059245
2023-08-01,-0.007554625100400503,-0.007553448752509295,-0.0028616097156412
2023-08-02,-0.013726083104207532,-0.013726765171514055,-0.013910702781173567
2023-08-03,-0.0005251097089756795,-0.0005200249345369556,-0.0028660024454673083
2023-08-04,-0.0009677583468712392,-0.0009664491907486195,-0.004522727226096146
2023-08-07,0.004334365986038424,0.004332357899166528,0.008728489892785074
2023-08-08,-0.006059704298161495,-0.006057238118449493,-0.00434853433277016
2023-08-09,5.2774517315556935e-05,0.0005672760352422035,-0.006685141443425802
2023-08-10,-0.0017778705632747194,-0.0017807899639172842,0.0003587694663247376
2023-08-11,-0.004566021612594895,-0.004566349277675297,-0.000583111764393851
2023-08-14,-0.002809678660005588,-0.002809109414389832,0.005520062860039143
2023-08-15,-0.009710189531831115,-0.00871446218557892,-0.01164891620717301
2023-08-16,-0.005196100098705414,-0.005194738720912917,-0.007338096957553941
2023-08-17,-0.0016322746456552961,-0.0011337478685112812,-0.007619726040616448
2023-08-18,0.00326274103893498,0.003262604307248562,0.000481185998659317
2023-08-21,-0.0034808596588516982,-0.0034821971774458005,0.006506309191295578
2023-08-22,-9.565303081271459e-05,-9.539620805842919e-05,-0.0027086347726137383
2023-08-23,0.009434407171722281,0.009435118258635633,0.01113785500893627
2023-08-24,-0.0064886075816327216,-0.005991468490084584,-0.013859223013909516
2023-08-25,0.0033828296333466845,0.003891237083868182,0.007049714555938946
2023-08-28,0.0026332007746512343,0.0026332924716709893,0.00634146119651513
2023-08-29,0.008090760765600669,0.008596339865846847,0.014454721180120478
2023-08-30,0.0008494787022421679,0.0013516757626936826,0.004118917872557359
2023-08-31,-0.004458080291519617,-0.0034640707644221225,-0.0014634035059161166
2023-09-01,0.0016103655223280722,0.0031082911172544136,0.0018650764885848048
2023-09-05,-0.005419274280988873,-0.004425847201849908,-0.004321737613855237
2023-09-06,-0.005487568856684444,-0.004000715788607612,-0.00672252394009365
2023-09-07,0.0014381874661000271,0.0014411696647405048,-0.0030701693208237124
2023-09-08,0.0007272703634404465,0.0007265020388451671,0.0015060113029727873
2023-09-11,0.0009556892903301861,0.000951700210735984,0.006576583948365133
2023-09-12,9.748548037569194e-05,0.0005985446737315492,-0.005485455170274212
2023-09-13,0.0009029089626897413,0.0014023413011634567,0.0011659429869188553
2023-09-14,0.0013177988088053372,0.0013160246238199669,0.00862226838997282
2023-09-15,-0.005439887889122752,-0.004943595558303038,-0.012048198717857006
2023-09-18,-6.528689839557789e-05,-6.699997078862818e-05,0.0005863179581948597
2023-09-19,-0.001902646261999874,-0.00190128218370611,-0.002073700242464227
2023-09-20,-0.0036779915263722707,-0.0036773490223992455,-0.009193361806369982
2023-09-21,-0.009746786780241101,-0.009750212220069665,-0.01652842718934655
2023-09-22,0.002604086898026603,0.0031093925770597775,-0.0022485835771974827
2023-09-25,-0.005005862397882366,-0.005006943790682117,0.004205286191780955
2023-09-26,-0.00287559767516965,-0.0028744448355220165,-0.014691274582096292
2023-09-27,-0.0019949123707159178,-0.001996114132026605,0.00039922850002582777
2023-09-28,0.002587601130629613,0.002587702671233094,0.005797235571361581
2023-09-29,-0.0020435374814206098,-0.0020424261632133733,-0.0024268410510679406
2023-10-02,-0.006745984146406925,-0.006746603662719286,-0.00039758620536511913
2023-10-03,-0.00849843411495299,-0.008498367559944264,-0.013386233602487807
2023-10-04,-0.00023730087875983852,0.00026496546702858836,0.0072819807960526894
2023-10-05,0.0002429339540694908,0.0007559576236995103,-0.0003767538409181759
2023-10-06,-0.001294093567775212,-0.0012874554732323906,0.011872889791437968
2023-10-09,0.013061895416911051,0.013058624866697066,0.006402109308006665
2023-10-10,-0.000853840343251866,-0.0008508156752492502,0.005204881069301948
2023-10-11,0.0033574507733797887,0.003357709088586125,0.004096306420702245
2023-10-12,-0.007479632672035441,-0.007478844119563233,-0.006096438609385357
2023-10-13,0.00785719624699599,0.007850925976083056,-0.004980692946559007
2023-10-16,-0.002715954138909682,-0.0027093386466983116,0.010521293502573803
2023-10-17,-0.00599456302324497,-0.005991434282720198,-4.593770614802484e-05
2023-10-18,-0.003800698036356742,-0.003805390525981278,-0.013325159481197946
2023-10-19,-0.0012763899455469074,-0.0007706364088660989,-0.00878627754271688
2023-10-20,8.043051015271807e-05,8.176676851756604e-05,-0.012288140278315929
2023-10-23,0.000991521765336456,0.001491983214246373,-0.0017330258208599902
2023-10-24,-0.0006135167255711949,-0.0006123232499574138,0.007539297844937787
2023-10-25,-0.003995887918640251,-0.00399827530881447,-0.014352274963949307
2023-10-26,0.003953070918466306,0.003954893699764428,-0.011974642931195656
2023-10-27,0.005165950380915385,0.005164148711056971,-0.004532795672202217
2023-10-30,-0.005804495881098659,-0.005803265289964554,0.011955898365193729
2023-10-31,-0.0029277313967374097,-0.0029273266852875013,0.006280381790440881
2023-11-01,0.007453351711222966,0.0074553797219854,0.010664691247419977
2023-11-02,0.006432772915395901,0.006432654574612284,0.019164236800371715
2023-11-03,0.005783458049709811,0.006316791937025723,0.009123483683182831
2023-11-06,-0.0031274381875798785,-0.0031246206142206967,0.0023004516022135935
2023-11-07,-0.0009684614824843063,-0.0009669361659370157,0.002845922811025803
2023-11-08,-0.0013418375713726283,-0.0013410298987578395,0.0007324199123486252
2023-11-09,-0.008333090139937771,-0.007833881926388786,-0.007798728101199526
2023-11-10,0.002529677181098977,0.003030623512248365,0.015604954192212084
2023-11-13,0.0014222434327499922,0.001932903424001875,-0.0009533215038348697
2023-11-14,0.012959470107575033,0.01295211517224959,0.019400783930326737
2023-11-15,-0.006642418430725994,-0.005148943665881145,0.00211712476939363
2023-11-16,-0.0023847828111139835,-0.0023808183659735915,0.0012231032171465817
2023-11-17,0.0016448006299991658,0.0026476679930809155,0.0012437485749883237
2023-11-20,0.0035889091656893246,0.004092674961035492,0.007697646973265915
2023-11-21,-0.0005056989130368672,0.0004979037766299488,-0.002179472264966731
2023-11-22,-0.0007071771584022946,-0.00020537663006248152,0.003860856688096659
2023-11-24,0.0003463993062626791,0.00034359054679389267,0.0006152583229561692
2023-11-27,-0.0010273998995260492,-0.000521947711121018,-0.0018008540764695713
2023-11-28,0.006199700920102913,0.006705600657581634,0.0009900947357737166
2023-11-29,0.001324076580552891,0.0018313416991022624,-0.0007033709637728203
2023-11-30,-0.0014440919551637066,-0.00145180150888502,0.003937389890417808
2023-12-01,0.011804694353996004,0.012310601002145871,0.005915855135182113
2023-12-04,-0.007123430398986219,-0.007121954598391378,-0.005249354505640347
2023-12-05,-0.0022287575505589574,-0.002224134401643818,-0.00019712999514076568
2023-12-06,0.0004147865723158617,0.00041665789034572853,-0.004029729599363874
2023-12-07,0.002722096503657623,0.0032241884398789278,0.0076305170581814075
2023-12-08,-0.0034560342990368476,-0.002954067704726282,0.0042990810778074096
2023-12-11,-0.00043918482651439383,6.618151277937301e-05,0.003889562713336847
2023-12-12,0.0012528952898092083,0.0017563927799078005,0.0045670463737026434
2023-12-13,0.01899177633780824,0.018987258724041833,0.013790217632763557
2023-12-14,0.011421742940757484,0.011423318851812247,0.0032093987584638217
2023-12-15,-0.006953340525145291,-0.006952856291120524,-0.0016465279846737957
2023-12-18,0.001250112181451657,0.0012492499706686644,0.0056250888080024986
2023-12-19,0.006558921997050771,0.006559890933307999,0.006080888558689157
2023-12-20,-0.009135989758967566,-0.009140391847425433,-0.013857292868214244
2023-12-21,0.009766275594417895,0.00977072125055467,0.009481935526338248
2023-12-22,0.0009374478030212963,0.0009346013855859869,0.0020097867761843524
2023-12-26,0.005393337620730687,0.005394569735840848,0.004222440322714904
2023-12-27,0.005016508243555151,0.005016893059669014,0.0018080853378115158
2023-12-28,0.0005162971815411144,0.0005198785105104964,0.0003777903707899988
2023-12-29,-0.00309227787066213,-0.0030909765140102463,-0.002895034567458321
2024-01-02,0.0,0.0,0.0
2024-01-03,-0.002133199309630851,-0.0006363991085955867,-0.004978670540609742
2024-01-04,-0.0018478559967085584,-0.0018478559967084474,-0.003221006521007097
2024-01-05,-0.0004479247216371274,-0.0004479247216371274,0.0013695625547327506
2024-01-08,0.00622410769905235,0.00622410769905235,0.014276142326451469
2024-01-09,-0.005253356810518972,-0.005253356810518861,-0.0015173092049582948
2024-01-10,0.001202130948998681,0.001202130948998681,0.0056555426872197945
2024-01-11,0.0002701769899589035,0.0002701769899584594,-0.0004406430412424722
2024-01-12,0.004470826667158478,0.0044708266671589225,0.0006927821246200949
2024-01-16,-0.011601675740100292,-0.011601675740100625,-0.0036712991848998344
2024-01-17,-0.011683109830514682,-0.011186149916590726,-0.005558629120554048
2024-01-18,0.0027038040980467137,0.0027013057765838955,0.008892804945121346
2024-01-19,0.004990970351727464,0.004988636836690263,0.012466017614288782
2024-01-22,0.0022531901836133628,0.0022536163587913993,0.0021144766293070827
2024-01-23,-0.0013152041287990412,-0.001315845146101502,0.0029164192965691615
2024-01-24,-0.0032179292122919145,-0.0032178488691171347,0.0010933126058942921
2024-01-25,0.004471680537893041,0.004980712368194862,0.00543884142451212
2024-01-26,-0.00023150383009662434,-0.00023101942550185495,-0.001270453392287485
2024-01-29,0.005661935323999501,0.005659380325391927,0.007919381068000275
2024-01-30,-0.0027689538249845436,-0.0027715476896236213,-0.0007734882337022686
2024-01-31,-0.004779813547458267,-0.004780146672480723,-0.016317396592104072
2024-02-01,0.010507143721604217,0.011013191489386953,0.013088243385340759
2024-02-02,-0.0074940773557455875,-0.006996586578307373,0.010527345896630402
2024-02-05,-0.007315773604342768,-0.0073114735325633395,-0.0036411212279222616
2024-02-06,0.00930088937251905,0.009307638351294223,0.002903296810174316
2024-02-07,0.0009474438849519373,0.0009476011711941901,0.008340343964781116
2024-02-08,-0.000502379838331457,-0.0005049560449615909,0.0004418983685636757
2024-02-09,0.0015968248001247964,0.0015981867962175933,0.00577932941690662
2024-02-12,0.0013027328020034368,0.001306043237369714,-0.0004390393376605406
2024-02-13,-0.015581337347489899,-0.015582981179219524,-0.01377315601908169
2024-02-14,0.007644753304794083,0.007648129549492122,0.009087717382374016
2024-02-15,0.009275777910809024,0.009273463243633095,0.006899796528982094
2024-02-16,-0.0016066588079191035,-0.001603384688626086,-0.004979972192162729
2024-02-20,0.0009863130064065029,0.0009865910891344587,-0.00550536084322828
2024-02-21,0.0009970966246857227,0.0009974783884740823,0.0009057847460316459
2024-02-22,0.0075154055457957725,0.007516766211907777,0.02069547359013213
2024-02-23,0.0018336425819325264,0.0018324518631807063,0.0006896938035239053
2024-02-26,-0.004036099314270514,-0.004036298815311756,-0.0036624892391067254
2024-02-27,0.0007745182067149248,0.0007751336145749299,0.0018575652385470764
2024-02-28,-0.0009186354960580845,-0.0009249062731124802,-0.0013215656359363281
2024-02-29,0.003713442961211566,0.003711809416321765,0.003594930678976649
2024-03-01,0.01114125826068979,0.011141846610511985,0.009388320968662489
2024-03-04,0.00289949921707211,0.0028969335793305184,-0.0010724808912875305
2024-03-05,-0.0035311109769784466,-0.003533805325518724,-0.009993971737729868
2024-03-06,0.007878245302509246,0.00788157391915112,0.005067159247770903
2024-03-07,0.005888337203266314,0.005888472321967209,0.009926370346830415
2024-03-08,0.0017255815139276542,0.0017242317821022368,-0.006002115368710315
2024-03-11,-0.0014111821181501671,-0.0014093444730167715,-0.0008599654929838385
2024-03-12,0.0021019058620943554,0.0021063784176660327,0.010757433934537097
2024-03-13,-0.0007753748736694099,-0.0007765624929477744,-0.001567579929561358
2024-03-14,-0.006778171654695964,-0.006777303410283597,-0.001976722296110456
2024-03-15,-0.0033129558754537713,-0.0033143779697923925,-0.006866621980632481
2024-03-18,0.0014146487611224057,0.0014148034724208447,0.005943123520943949
2024-03-19,8.420011137433292e-06,0.0005152768070750824,0.0055572273176931475
2024-03-20,0.007853740094821537,0.007848509690011829,0.009249402694908149
2024-03-21,0.0014873280135219158,0.0014860091695341193,0.0033045469982364573
2024-03-22,-0.006440883620863702,-0.0064412222582889145,-0.001895828125220933
2024-03-25,-0.0013276798540791113,-0.0008262389119441105,-0.0027627018670888237
2024-03-26,-0.0022384139938360637,-0.0017401087714709051,-0.0018470850305898345
2024-03-27,0.007315819599011952,0.007814442957882362,0.00840390128704338
2024-03-28,0.003389823299757788,0.003387661590462665,-0.00019115304320382887
2024-04-01,-0.0028298257277076244,-0.0023232127043364414,-0.0017398673121422625
2024-04-02,0.00020844482926851704,0.00021284994624970466,-0.00635791961577481
2024-04-03,0.004917724607359286,0.0049213150124369776,0.0010984169872829685
2024-04-04,-0.005627828177143135,-0.005623693820134945,-0.01220615604832942
2024-04-05,0.007218810452873203,0.007217696566259146,0.010447018952042919
2024-04-08,0.004721375672923855,0.004718723299103278,0.0005592485270637937
2024-04-09,0.0034663268586871965,0.0034617328665131897,0.0011566969768881386
2024-04-10,-0.013648323076424274,-0.013638826094361844,-0.010012983815937515
2024-04-11,0.006308813962565996,0.006304674273813093,0.007546719431144933
2024-04-12,-0.012737556519095028,-0.012730413709667543,-0.013803096677538873
2024-04-15,-0.0028105565216558492,-0.002808474583475995,-0.012528035229721457
2024-04-16,-0.00539599795141843,-0.004869349908535159,-0.0018237698460004115
2024-04-17,-0.003785318104745694,-0.0037801985690627538,-0.005918270721091967
2024-04-18,-0.00021282675128331263,-0.00021448112725497293,-0.0020577941117486676
2024-04-19,-0.0005313668893678347,-0.0005305327648539304,-0.008728310287310914
2024-04-22,0.0011409334553373895,0.001140692350380279,0.009209223639820463
2024-04-23,0.005715306300612788,0.005713225327465876,0.011866617014163916
2024-04-24,-0.0008410043057879291,-0.0008420795030278372,-0.00047477474141222054
2024-04-25,0.00020598850493813714,0.00020390354699606483,-0.0037987587828579583
2024-04-26,0.006014398188847192,0.006012872849569195,0.009473829310949755
2024-04-29,0.0031021403643971546,0.003102682303203208,0.0035415053910734517
2024-04-30,-0.015285201773874935,-0.014769340803643782,-0.015841202983064906
2024-05-01,-0.0022427638982361886,-0.0017400552770008293,-0.0032472021430118847
2024-05-02,0.0089597558919281,0.008957622989401504,0.009353443441858067
2024-05-03,0.00627216817190468,0.006271821815423184,0.012395256153738154
2024-05-06,0.0051231100031319254,0.005631879770048087,0.010326938503174787
2024-05-07,0.00033586247577632733,0.0003403553803245085,0.0011034264304021768
2024-05-08,-0.002879747104471586,-0.002882526832779675,9.672134683258449e-05
2024-05-09,0.009418431516283965,0.009423913645351556,0.00576189641039937
2024-05-10,0.001483367538280822,0.0014812262173422575,0.0012880452787931151
2024-05-13,0.0009964901133165949,0.0009976270940195153,0.00013421871437180322
2024-05-14,0.004885699485378536,0.004887039623203693,0.004588035509807131
2024-05-15,0.010648499813497025,0.01065005006066877,0.012383318564627155
2024-05-16,-0.001249342216319671,-0.0012490440747352505,-0.002057648556520686
2024-05-17,0.005948192952796916,0.005945205049491253,0.0014374286500424827
2024-05-20,0.0008605928609057845,0.000857287607028745,0.0011521851699716201
2024-05-21,-0.0018857655485685632,-0.0018850219345907249,0.002452510759075155
2024-05-22,-0.009553905002240515,-0.009553705784430822,-0.0028793330278347185
2024-05-23,-0.01106558001566027,-0.011070784326401517,-0.007304094973100028
2024-05-24,0.004374276480147321,0.004372487684565662,0.006616635547303185
2024-05-28,0.0034556123163429486,0.0034508161285318195,0.0006985875025946608
2024-05-29,-0.012127032228008261,-0.011629060806846336,-0.007002465409604586
2024-05-30,-0.0012103541711779853,-0.001207259214650036,-0.006633746666733775
2024-05-31,0.0005329981142392359,0.0005350187159329778,0.009108165895193476
2024-06-03,-9.00837937065635e-05,0.0004205633908633821,0.0008153583340810844
2024-06-04,-0.004239256699954841,-0.0042333989349852,0.0011178083574776565
2024-06-05,0.0076320235810787285,0.008134636613933655,0.01188508170131497
2024-06-06,0.0028774046209865123,0.0028757616825076937,-1.868653409564658e-05
2024-06-07,-0.014207129670478769,-0.013707112111698838,-0.0012154701067457196
2024-06-10,0.003994018051587833,0.004502544104726169,0.0030894414176951823
2024-06-11,-0.0025408876645374168,-0.002038234726470245,0.002408336857466331
2024-06-12,0.007517766169415019,0.007515761791504483,0.008213376461439603
2024-06-13,-0.0029772952761686344,-0.002975420661928574,0.0020131698731635783
2024-06-14,-7.333026415978772e-05,-7.525904947869311e-05,0.0006085063699716731
2024-06-17,0.0021079481525674293,0.002108628809252888,0.007958910221575355
2024-06-18,0.005306006285515252,0.005307444936788475,0.0025407121528528975
2024-06-20,0.0013174152545938345,0.0013178237367497125,-0.002716544837253032
2024-06-21,-0.0054898931167948195,-0.005491209896394067,-0.0013404904271935303
2024-06-24,0.004058579892629588,0.004060644130376545,-0.003250874173535423
2024-06-25,-0.0038044097362698315,-0.0038071896534196403,0.0038509684777765507
2024-06-26,-0.003121333982621488,-0.0031189381415637207,0.001248036721894108
2024-06-27,0.004858998233923106,0.004859141391283739,0.0015764724631708305
2024-06-28,0.00047688087650454847,0.00047450547028282664,-0.003935092412651886
2024-07-01,0.0020101934034384428,0.0020156098080881257,0.002058070220223307
2024-07-02,0.003031689536508342,0.0030308056762342606,0.0067297191878716855
2024-07-03,0.00772191032870273,0.007720817087909948,0.004462763358313415
2024-07-05,0.0060935950649223525,0.006092448496272329,0.00576649129051976
2024-07-08,-0.004361549730781844,-0.00436608950192785,0.001153687531366021
2024-07-09,-0.0006763330059954553,-0.0006793792441266433,0.0009724431209321427
2024-07-10,0.006800655116513843,0.00679733247105152,0.009895287551016096
2024-07-11,0.008277619623294097,0.008275239607894669,-0.008622664527645374
2024-07-12,0.004056238778421095,0.004052416151818949,0.006307644912908028
2024-07-15,-0.0022726611354149107,-0.0022751037354546977,0.0027502945306059345
2024-07-16,0.00777573830034628,0.0077707563933469,0.005930227551637524
2024-07-17,-0.005561414789950536,-0.005558776870584481,-0.014021344049971574
2024-07-18,-0.008258687983278556,-0.008258269546214003,-0.007684830624340111
2024-07-19,-0.009238765147200678,-0.009240812936380904,-0.006640697294749587
2024-07-22,0.005239782080134425,0.005743208772424069,0.010309899385924082
2024-07-23,-0.0020871346682478364,-0.0020857540162192434,-0.0015686753676522613
2024-07-24,-0.011713394555150525,-0.0117086692359899,-0.022662373657600487
2024-07-25,-0.005397035251112903,-0.005393203651697043,-0.005210401360493111
2024-07-26,0.011157563547274929,0.011154327742535886,0.011199677243803441
2024-07-29,-0.0002660931030832314,-0.0002651377968053703,0.0005877660449546962
2024-07-30,0.0021363100478755115,0.002136290229205917,-0.005066489846381694
2024-07-31,0.012264067287399927,0.01226159703655516,0.0162546493941369
2024-08-01,-0.007785609850304742,-0.007779673984260271,-0.01416089772791096
2024-08-02,-0.005722495850132847,-0.005711772703244966,-0.018618465583101207
2024-08-05,-0.019717805417916012,-0.019707048312135766,-0.029123731060897606
2024-08-06,-0.0030571727168404728,-0.0020802529667486303,0.009219621998645566
2024-08-07,-0.0041917014191172886,-0.00419118582829392,-0.0066839087950150144
2024-08-08,0.006654179654630887,0.006645164135924864,0.02311740208643176
2024-08-09,0.004953534597817555,0.005962041471568202,0.004409783108547893
2024-08-12,0.0025804168789702597,0.0025790434357344516,0.0005251819392879664
2024-08-13,0.00938708809462141,0.009391868556336558,0.016445457845939204
2024-08-14,-0.00045610390709871496,-0.00045648872887305014,0.0031548723144527724
2024-08-15,0.006138225637554839,0.0061437317759100996,0.017140221567987446
2024-08-16,0.007186927145107491,0.0071883092923428205,0.0022420117925041616
2024-08-19,0.006609228097559372,0.006613609166963963,0.009561331973907405
2024-08-20,-0.0010391857628236911,-0.0010436147936488949,-0.0016259572939691935
2024-08-21,0.003789025511454991,0.003791869456485575,0.0034366969502579447
2024-08-22,-0.006663056695161429,-0.0066655088487582725,-0.007848785276715065
2024-08-23,0.014000189469571378,0.0140037489617173,0.010625422141984808
2024-08-26,-0.002317985493340946,-0.0023221512637991992,-0.0023837106752643278
2024-08-27,0.0018786312705898478,0.0018797865627873112,0.0013729062119203217
2024-08-28,-0.004507447743030468,-0.004507770770718622,-0.005804990250471764
2024-08-29,0.0008001217708042407,0.0008014786520147421,8.930257271066999e-05
2024-08-30,0.002082841633324062,0.002082574209491872,0.009546108600853476
2024-09-03,-0.009237550345426726,-0.009246183186648271,-0.02057890461708045
2024-09-04,0.00039678483739891135,0.000394007468255575,-0.002046808041376691
2024-09-05,0.0010777780476354248,0.001077516529268685,-0.002432422016352409
2024-09-06,-0.010167839050188143,-0.010176251059043073,-0.016830061169659682
2024-09-09,0.007744895181676537,0.007746356735124582,0.01119600514425767
2024-09-10,0.0031791666648366412,0.0031716433918222986,0.0043558432423733695
2024-09-11,0.0031858884941520227,0.0031893252595096566,0.01025921618027037
2024-09-12,0.007502168094182915,0.007502886625847749,0.00842313754247681
2024-09-13,0.005798604195044854,0.005796318372040421,0.005222868726185714
2024-09-16,0.003121545690170313,0.00312412007937124,0.0014766934860208636
2024-09-17,-0.003107733289892889,-0.003106921641584548,0.0004087469851710157
2024-09-18,-0.003806303454567339,-0.003805832546874277,-0.0029659591584655365
2024-09-19,0.01213987325611976,0.01214814624634819,0.017064470201915594
2024-09-20,-0.000898227422422293,-0.0009033592753335817,-0.0017287267010226426
2024-09-23,0.0042370087644929555,0.004238512502988012,0.0024988464537973876
2024-09-24,0.009853099849643998,0.009863051701572978,0.002861468217643548
2024-09-25,-0.005051068245674029,-0.0050540217084845684,-0.002205585632772178
