date,strategy,strategy_no_costs,spy
2016-01-06,0.0,0.0,0.0
2016-01-07,-0.0018711167438735243,-0.0017211167438735409,-0.008040945121497445
2016-01-08,-0.0006485030687298776,-0.0006484056255584569,-0.010976423005055191
2016-01-11,-0.00012214609925653708,-0.00012212773384479014,0.0009899369800312474
2016-01-12,0.0020103753276587977,0.0021603677671395705,0.008068257461905537
2016-01-13,-0.0194351943007135,-0.01898380604283112,-0.024940557490074844
2016-01-14,0.005147265163426784,0.005746547301997085,0.016416903819580053
2016-01-15,-0.019601731548225643,-0.019138587934553586,-0.021465794264166616
2016-01-19,0.004049158426933985,0.00404709260522762,0.0013307986811230688
2016-01-20,-0.0120187963673416,-0.01125635947630288,-0.012814743733104983
2016-01-21,-0.0004044531076776714,4.794763811566405e-05,0.005601902524081437
2016-01-22,0.01676914552154507,0.016737903111948782,0.020514910830279343
2016-01-25,-0.005727499498781263,-0.004961610202269484,-0.015116452597792485
2016-01-26,0.0018436514612052424,0.0019732779685337487,0.013643113984610045
2016-01-27,-0.0010801776572177957,-0.0006411190966882918,-0.010883131118148093
2016-01-28,-0.0024046149110360515,-0.0022535783028678757,0.005208630204326381
2016-01-29,0.007509960819139572,0.007655760052444283,0.024377583756477472
2016-02-01,0.00029465892694968687,0.0004425242413379493,-0.0003612558403183197
2016-02-02,-0.0026048438415928743,-0.002301608798871868,-0.018022003062555303
2016-02-03,0.0,0.0,0.005994785334435315
2016-02-04,0.0,0.0,0.0015686784081219152
2016-02-05,-0.027884289570656584,-0.026684289570656605,-0.019050344565891275
2016-02-08,-0.019861141262547566,-0.019543730132066117,-0.013461321808526772
2016-02-09,0.004296791824240698,0.004289496396534087,5.391811492083676e-05
2016-02-10,0.005873785223190264,0.005868899525849569,-0.000862545476890686
2016-02-11,-0.011960622945527688,-0.01194229359578658,-0.013008307955313825
2016-02-12,0.01805914432084843,0.01803658164932198,0.02061686373902094
2016-02-16,0.018847751292554227,0.021260044209536977,0.016878659382641548
2016-02-17,-0.0010551518298477225,-0.000605383333294518,0.016334528419140515
2016-02-18,0.010664719119765964,0.01063447015569885,-0.0040959136720885025
2016-02-19,-0.002110615841020347,-0.001201436120412347,-0.000468318596442141
2016-02-22,0.00274470103699076,0.0028903673219964343,0.01447893998139449
2016-02-23,0.00013476505075149525,0.0002887949273384649,-0.012629545081511262
2016-02-24,0.004753495784623807,0.005052832792383333,0.004575787488583227
2016-02-25,0.004179726328661593,0.0044766943494314315,0.012112053469631956
2016-02-26,-0.002070913343950931,-0.0019216956636162186,-0.002301762918790584
2016-02-29,-0.0014027861399001917,-0.0011010819985942666,-0.007842802802899618
2016-03-01,0.005106709100665352,0.005405300910411803,0.02350713697563811
2016-03-02,0.002185643808825466,0.002789240940682891,0.004492702998206477
2016-03-03,-0.0007908803443767987,-0.0006370799787890347,0.003919436509997487
2016-03-04,0.003302413202963095,0.0032985041871629317,0.0032535816508312276
2016-03-07,-0.003132845651124816,-0.002678025046980226,0.000798174328986212
2016-03-08,0.006860222411848804,0.007607525018162198,-0.010917683104429088
2016-03-09,0.004243475922084405,0.005287083463990205,0.004939559624523193
2016-03-10,0.003498735320883739,0.0034978291970360065,0.0008024687425776111
2016-03-11,0.013828658481600531,0.014439996515393183,0.016137166139512216
2016-03-14,-0.004938191582273155,-0.003442114708902433,-0.0012824304522423002
2016-03-15,-0.0008315994000798188,-0.0005364751899158415,-0.0016295800634807955
2016-03-16,0.0009212934484554847,0.0013655811168711285,0.005787016158250946
2016-03-17,0.0022945339414479626,0.0024434253984155774,0.006344340839048446
2016-03-18,0.009973215273422431,0.011177838181847255,0.003929619049156008
2016-03-21,-0.0029982559891740257,-0.0020921596109260143,0.0014189751583075783
2016-03-22,0.005877810075654022,0.0061716483697227265,-0.0005373811045409349
2016-03-23,0.003310693689289934,0.0045036728337473075,-0.00659949600383114
2016-03-24,-0.003764734691249827,-0.003155200590410634,-0.0004429070120902656
2016-03-28,0.005828972960256529,0.006124103307435735,0.0005906266152029271
2016-03-29,0.015113292179688598,0.016299619770706153,0.009250116039449585
2016-03-30,-0.0007604386145367847,0.0002867953508991494,0.004387741183200289
2016-03-31,-0.0063958566547273055,-0.006083779421515834,-0.0024269460670180987
2016-04-01,-0.0009493546793101215,-0.0009471779331726715,0.006811612405701606
2016-04-04,-0.002771190773552701,-0.0024621456503860495,-0.003237644577584353
2016-04-05,-0.004272700459901579,-0.003217794663247564,-0.009987878363535208
2016-04-06,0.014881628240965394,0.014860853195090007,0.010921229555514556
2016-04-07,-0.015462927016335115,-0.013955602881779328,-0.011965876094902295
2016-04-08,0.01301560248313538,0.013279033391303763,0.002696656660856167
2016-04-11,0.005253969455157659,0.005536305290720023,-0.002347182247036672
2016-04-12,0.006284750925473093,0.007489637372316338,0.009312696375750384
2016-04-13,-0.0020645458070143174,-0.0011671815957534637,0.01010118985056141
2016-04-14,-0.005922188152652774,-0.005012699848912838,4.807860452626933e-05
2016-04-15,0.007643189118879068,0.007919642711130104,-0.0011055811803356574
2016-04-18,0.002173296751275089,0.002919973485396188,0.007026646978166573
2016-04-19,0.0037506186662426,0.004494788810048167,0.003154382541953993
2016-04-20,-0.0023808553495581197,-0.0014691857471589298,0.0009526097913530318
2016-04-21,-0.010932676040426026,-0.010319612585126925,-0.00537840748103835
2016-04-22,0.0020988815750504486,0.0027125118917599167,0.0
2016-04-25,0.004042395333754278,0.004327855124702351,-0.001722622826713427
2016-04-26,-0.000964641513878095,-0.0006610186537843177,0.0014859918465575106
2016-04-27,0.005405699022223764,0.005998657034671062,0.0020581895397211447
2016-04-28,-0.017154006854820936,-0.015358484120568838,-0.009075855016367762
2016-04-29,-0.008959576505658484,-0.008944198953545812,-0.005398993606777647
2016-05-02,0.014395381967019283,0.014376092219316794,0.007948711667605579
2016-05-03,-0.014835567399506089,-0.01361753575953717,-0.008703395220749033
2016-05-04,-0.014455578918272094,-0.014125274474536598,-0.005578124875502022
2016-05-05,-0.0034341240301114517,-0.003427268056039212,-0.00019494317063184496
2016-05-06,0.006266244144639277,0.006254158647046593,0.0036589354661609175
2016-05-09,-0.003961174686122448,-0.0030570808793189963,0.0008263948659978926
2016-05-10,0.013738092231662336,0.014600636827013957,0.012433645127914783
2016-05-11,-0.002243483378744915,-0.0011915625001845953,-0.009354657246744003
2016-05-12,0.005157744958257382,0.0062066276931349584,0.00029065450061227516
2016-05-13,-0.00992274658289094,-0.009459097287587204,-0.00871439227952342
2016-05-16,0.014383047003557747,0.01451139911558208,0.00986537874102833
2016-05-17,-0.009861629301488484,-0.008650599876229181,-0.00933356880113334
2016-05-18,-0.010164682668679426,-0.009848639200095266,0.0002928193693976233
2016-05-19,0.006914687321913471,0.006896069858619125,-0.0034649692167175727
2016-05-20,-0.0038496264527535518,-0.00324396478113842,0.006317380850531906
2016-05-23,-0.00705719905103952,-0.006433127566185859,-0.0013622931008568928
2016-05-24,0.010606313467797612,0.010879975046905965,0.012962077943646566
2016-05-25,0.0008297407892261521,0.002033652673954389,0.006783149285816359
2016-05-26,0.0029476430829640243,0.0029403583010512158,0.00028696602389532977
2016-05-27,-0.0009994711473038098,-0.0005508561248747101,0.00429885779415673
2016-05-31,0.0007424422245492224,0.0008939998908561453,-0.0019026541682206632
2016-06-01,0.0025140585039931107,0.0029624552160358864,0.002049252249170852
2016-06-02,-0.0014931539016129758,-0.0004375335239590328,0.003043726472393482
2016-06-03,-0.0007812676589293854,-0.00047810290381633536,-0.0029870750654419354
2016-06-06,0.003980365070356262,0.004601526772617381,0.00508863170935725
2016-06-07,0.007871305728504252,0.008451294431318201,0.0015610184225283152
2016-06-08,0.0043148044888305925,0.005526547549791205,0.0032597519890362747
2016-06-09,-0.004183459282651847,-0.0035990138828405627,-0.0013655892089042831
2016-06-10,-0.0094770991596278,-0.009169201198460653,-0.00947754833911385
2016-06-13,-0.006805390342040085,-0.006506214959992929,-0.007711728383551608
2016-06-14,-0.0014474719880602782,-0.001436274574976859,-0.00196662130130576
2016-06-15,-0.003807865922513143,-0.003205626192861577,-0.0013942716251796883
2016-06-16,0.004981133095859569,0.005272451673274947,0.0029846349947801887
2016-06-17,-0.000694050081686659,0.0008049804897478641,-0.0037241532855221138
2016-06-20,0.008432633127297251,0.00932913314272299,0.006440002552975388
2016-06-21,0.001535815402130103,0.0024335866987410526,0.002838254321963829
2016-06-22,0.004759029869955578,0.005204172300524723,-0.0016308816091088474
2016-06-23,0.009278278132184514,0.010164137946349072,0.013022457413687238
2016-06-24,-0.02087165425403581,-0.020101709118857558,-0.03590884453170029
2016-06-27,-0.016314043630654695,-0.015100788510487573,-0.017909980653237567
2016-06-28,0.019437747269164696,0.01940328013168724,0.018035967210669357
2016-06-29,0.009655121958341617,0.009946460969466386,0.01702763996689116
2016-06-30,0.00950749856116584,0.009940197180752897,0.01364551805723635
2016-07-01,-0.0038294118996033966,-0.0030757725819317017,0.0021002757362003077
2016-07-05,0.0,0.0,-0.007193038961438969
2016-07-06,0.0003813069610767439,0.0005313069610766163,0.00599799182305083
2016-07-07,-0.00012645133848432355,-0.00012643238085574549,-0.0006203768838819457
2016-07-08,0.004605077957718251,0.004905096584093549,0.014890402897929311
2016-07-11,-0.0009330001156352408,-0.0007798671286450842,0.003527039879043903
2016-07-12,-0.0013791863572917284,-0.0013785630728087028,0.007263310641781429
2016-07-13,0.0024566185425727305,0.003356868664378787,-0.0001393514327008294
2016-07-14,-0.006440401996798073,-0.006134388633519894,0.005583356847290943
2016-07-15,0.0007413046387212407,0.0010393424094068404,-0.001341848463770945
2016-07-18,0.0023186162634296625,0.0026177857222822176,0.002687386084167631
2016-07-19,-0.00027582245166757335,0.000626203788199442,-0.0010167586352082258
2016-07-20,-0.003883454376128692,-0.0023858095486299913,0.004163043655225129
2016-07-21,-0.0079709510066448,-0.007658989609527489,-0.0037772648740921344
2016-07-22,0.011373831829712522,0.011657045223601115,0.0044853367153683266
2016-07-25,-0.005346285952428587,-0.004144268741370971,-0.0027159040381126154
2016-07-26,0.0027223897163011213,0.0030219989787181323,0.0004616058179740534
2016-07-27,-0.008548597901171795,-0.007938583636706076,-0.0010612283786834986
2016-07-28,-0.0003886698010806544,-0.0003870238114911384,0.0011546660301433587
2016-07-29,0.004161350608638648,0.004456566102329473,0.0016146846083799904
2016-08-01,-0.01352917217907268,-0.012610971947371707,-0.0008289925569321399
2016-08-02,0.006433262193071165,0.006422048584387996,-0.006407486542837959
2016-08-03,0.010734378895560948,0.01161978476838188,0.0029224828482523613
2016-08-04,-5.866452809000222e-05,0.0011427284516629665,0.0010642761489252361
2016-08-05,0.008846271925543547,0.008830044172805751,0.008179127429738253
2016-08-08,-0.006697136351987654,-0.004932079383791588,-0.0005959863067187543
2016-08-09,-0.0005332011646919099,-0.00023666345747941353,0.0005963417182168751
2016-08-10,-0.003645539341793236,-0.003044042915483991,-0.00247522389199728
2016-08-11,-0.003463885525060384,-0.003154773870102434,0.004640607085997894
2016-08-12,-0.0012293088400227026,-0.0012324700802545108,-0.0008686098636661033
2016-08-15,0.002552459876854707,0.003460506754878745,0.0028834706471352334
2016-08-16,-0.012603811788296504,-0.011390978838513921,-0.0051575869699374
2016-08-17,0.010342841073544662,0.010325155274614195,0.001881134728282996
2016-08-18,0.0024146064349128693,0.0033096582487277537,0.0022437977310711954
2016-08-19,-0.00314583570182958,-0.0019398222835208534,-0.0014620751538958476
2016-08-22,0.002344923986128622,0.002637572019711598,-4.568741606669757e-05
2016-08-23,0.0006839242376555088,0.0018793393980569562,0.002013378642638841
2016-08-24,-0.01611117136494966,-0.015485336831841834,-0.0051148971780109465
2016-08-25,-0.0002505632412463932,0.0003434244847317913,-0.0006882237570490224
2016-08-26,-0.005150844905769003,-0.004237040012338156,-0.0018840407559919115
2016-08-29,0.007649183649083291,0.0076356315268519825,0.004924529175110326
2016-08-30,-0.013713120611896668,-0.013086052144684945,-0.0016484058269221613
2016-08-31,-0.0041073966084648195,-0.004096037725144219,-0.0028440845126228576
2016-09-01,0.007677882898261323,0.007958497510707652,4.593121701113034e-05
2016-09-02,0.0028053325040382493,0.004290026571004191,0.004508156670794072
2016-09-06,-0.0001437091002889357,0.0004543998248907055,0.003022321942910855
2016-09-07,-0.0017916256937083874,-0.0014867467691944691,-9.158035471013015e-05
2016-09-08,-0.005301559804003597,-0.004399811377275853,-0.0022827489610786067
2016-09-09,-0.025494924897036864,-0.024856921098799556,-0.02393511101512158
2016-09-12,0.011948940279819853,0.011927757690212148,0.014347624011302962
2016-09-13,-0.01324272494671408,-0.013212468411144762,-0.014375607561062598
2016-09-14,0.0064717482430902695,0.006462013635438746,-0.0003753592525760352
2016-09-15,0.00787971224023587,0.009379227638004917,0.009993006445679464
2016-09-16,-0.005761719749245109,-0.005013305855414041,-0.0038655791783077653
2016-09-19,0.005788057669530833,0.006231006529223038,0.00018782807107697863
2016-09-20,-0.00021628711556687108,0.0008413724274247691,4.6717958743336396e-05
2016-09-21,0.014668639370304604,0.015546167675573264,0.011245609198420103
2016-09-22,0.0029461496334304282,0.0039975400943008665,0.0063010720266925
2016-09-23,0.001391591688995053,0.0016908373816988398,-0.005479141229618345
2016-09-26,-0.006100482605694291,-0.0053506580810441795,-0.008102224875269126
2016-09-27,0.006411957946916402,0.007160709535796839,0.006208016119474857
2016-09-28,0.0038013772606966256,0.0037973711363079587,0.00496315676662773
2016-09-29,-0.01362020080594406,-0.013305556588903311,-0.009046925544723194
2016-09-30,0.008836116197383337,0.008827223155089214,0.007546260577323993
2016-10-03,-0.009506178963459733,-0.007997990502112584,-0.002404227607703091
2016-10-04,-0.013949524138520464,-0.013922718475073759,-0.005097769630561522
2016-10-05,-0.006266098012659871,-0.005662738744882767,0.00442526855812142
2016-10-06,-0.00011987373638844279,0.00047983360785108786,0.0006955435166295931
2016-10-07,-0.005793688161695454,-0.005480083252901391,-0.003429343922579986
2016-10-10,0.008218092992710258,0.008199299978529195,0.005208704206040471
2016-10-11,-0.013213539079085401,-0.01229722180364079,-0.01263001504307315
2016-10-12,0.008585886789475694,0.008565040623317088,0.0013121665482083156
2016-10-13,-0.000733650772788863,0.001052332375655718,-0.003275615920133812
2016-10-14,-0.0002527319976979303,0.0003416366833846052,0.0005164564394535276
2016-10-17,-0.007539783354775231,-0.007243510585161261,-0.0034722297909202116
2016-10-18,0.007736564769521559,0.007737099332475905,0.006262469117979341
2016-10-19,0.00577195185911461,0.006992950468177606,0.0026667939713751476
2016-10-20,-0.0036224121189757374,-0.0025785321073412693,-0.001866385228815437
2016-10-21,-0.0031581002510860934,-0.0024067114909560594,0.00046740612906037704
2016-10-24,0.005222022009253591,0.005210326412055766,0.004253036908334229
2016-10-25,-0.0033342556991422523,-0.0024292211150416243,-0.0033509198212966496
2016-10-26,-0.0006202180678641644,-0.00031606015698348866,-0.002007667596653717
2016-10-27,-0.011288147370462132,-0.010686547513010125,-0.0026667544968305146
2016-10-28,0.0009605873640108342,0.000955513401455832,-0.002955514316990593
2016-10-31,-0.0017941120920792475,-0.0014928816871265793,4.71614086181571e-05
2016-11-01,-0.009009987277753373,-0.008693104781266836,-0.0072452815596660836
2016-11-02,-0.004662255621926681,-0.004056864703726126,-0.006018531729577115
2016-11-03,-0.0011762982873112504,-0.0008604314014463155,-0.004577201362954697
2016-11-04,0.003662526833577928,0.004860414745983865,-0.0011017653234727254
2016-11-07,0.022895230853098303,0.023140674453346666,0.022056955057440764
2016-11-08,-0.0046399628185695985,-0.0034385308524622626,0.004503640944656384
2016-11-09,0.0007368367677533794,0.0008817592015293307,0.010602523452654777
2016-11-10,-0.00011867274816601547,3.530072248580929e-05,0.0024953268874918777
2016-11-11,0.0006899165193392509,0.0012899165193391848,-0.0023047733956615968
2016-11-14,-0.0139009938079524,-0.013010543898314686,0.0007853886179332026
2016-11-15,0.014564093460893046,0.01456778389464275,0.007802763045137384
2016-11-16,0.007047398491820456,0.007345673758533566,-0.001878104440582451
2016-11-17,0.004545092504314008,0.00574567044020724,0.005140389296738546
2016-11-18,0.0004270559388717121,0.0014724072196541371,-0.002237623088647611
2016-11-21,0.006750042759412489,0.007495148370007865,0.007551547631002187
2016-11-22,-0.0023959468996049837,-0.0016392966151596022,0.0019535385709430475
2016-11-23,0.004831417516066194,0.005280030956894999,0.0005441746620840071
2016-11-25,0.0012203641909325214,0.001967388185048158,0.003715182109094828
2016-11-28,-0.0061967751573273055,-0.005590959410003871,-0.004695146576733311
2016-11-29,-9.141144017454916e-05,0.0006595186531133113,0.0019504527622595802
2016-11-30,0.005914803851949646,0.0059184550333144514,-0.002399107003553169
2016-12-01,-0.006017832000316137,-0.004793712581203979,-0.003675418686641674
2016-12-02,0.008843554485149063,0.009733315621277772,0.0005010264654596863
2016-12-05,0.012831313008891287,0.012817613875613532,0.006008737423371935
2016-12-06,0.01015096570283558,0.011198218920619674,0.0031672418501833555
2016-12-07,0.0008999248277816729,0.001647652058496929,0.01308101616209778
2016-12-08,0.0024699220703634506,0.002906919572566613,0.0024486308589537487
2016-12-09,0.001902570616763244,0.002503124242412058,0.0060402807063209
2016-12-12,-0.0056466484092867475,-0.005191163474690508,-0.0011476523492913726
2016-12-13,0.001788357800077689,0.0023874650904056605,0.0066738084134938536
2016-12-14,-0.007171225358994171,-0.006713980592762847,-0.008254006407553471
2016-12-15,-0.004304186656501341,-0.004149277885481251,0.004117251735652916
2016-12-16,-0.005367154422573739,-0.005362229444312749,-0.001956124392211822
2016-12-19,0.005676781693934041,0.0062818763783523135,0.002177652528619456
2016-12-20,0.012468537832904358,0.013965021279282341,0.0038573693270458342
2016-12-21,-0.0036534397587842937,-0.0027468145232807384,-0.0027828182529152645
2016-12-22,-0.009693832499389266,-0.009066332654082854,-0.0017271896375229412
2016-12-23,-0.0020737770024980007,-0.0011827878350130216,0.0014641058803037676
2016-12-27,0.0027826198691767168,0.00277592992928799,0.002481414183370223
2016-12-28,-0.011660909256018481,-0.011327051012781864,-0.008264775523578294
2016-12-29,-0.0037565848259463186,-0.0037431741529035945,-0.0002227478600296262
2016-12-30,-0.005395794593144765,-0.0050865936808267564,-0.0036550189132422695
2017-01-03,0.0,0.0,0.0
2017-01-04,-0.00036202776946303583,8.797223053691461e-05,0.00275084551898952
2017-01-05,-0.0014691192692303234,-0.0011687134998482618,-0.0007945375951906586
2017-01-06,0.002974455172332968,0.0035730231561978965,0.003577909182319594
2017-01-09,-0.0031309449724239435,-0.002825780310429238,-0.003300677060958934
2017-01-10,-1.9198670665465656e-05,0.0002832850862657388,0.0
2017-01-11,0.005434228564863197,0.0057295577273859255,0.0028256907647170593
2017-01-12,-0.008057911186421296,-0.007004895839982983,-0.002509949065789052
2017-01-13,0.0018064705991309715,0.0021031937288567004,0.0022956897302053303
2017-01-17,0.0028895562703390443,0.0037893825775985324,-0.0035233858801857476
2017-01-18,0.00578970466029749,0.006682741666021785,0.0022099712104712843
2017-01-19,-0.005276006770680963,-0.00406956779231793,-0.003704931267826006
2017-01-20,-0.00011575406737229788,0.0007872401554271935,0.003674519921334385
2017-01-23,-0.010561364977840548,-0.010251504348921081,-0.0026023009893492155
2017-01-24,0.007618964852943222,0.007907557465119064,0.006411821761518777
2017-01-25,0.007886352398224439,0.008790052345104105,0.00865547847575554
2017-01-26,0.0004154864320464746,0.0019206158403479723,-0.001045791929342954
2017-01-27,0.0008723401635597483,0.0017636148436364074,-0.0015694006681764572
2017-01-30,-0.0029277936880168776,-0.002018494876656063,-0.006201825094785729
2017-01-31,-0.001652129960021953,-0.0016487954718531483,-8.805307852055577e-05
2017-02-01,-0.009171476671748335,-0.008857237373057658,0.00039557113344046435
2017-02-02,0.004781285842286875,0.0050691897445616085,0.0006594147175433829
2017-02-03,0.0069125937847420715,0.0075053743558886055,0.006892698686812304
2017-02-06,-0.0035191362861585196,-0.0023193716082765548,-0.0017877462933811872
2017-02-07,0.0005288326665036092,0.001125394790641332,4.35283709543377e-05
2017-02-08,0.005025257261219274,0.005319263061953405,0.0013106047022404255
2017-02-09,0.007421236601804049,0.008313607304120119,0.0059326188579080785
2017-02-10,0.010716023024337495,0.011906228480233816,0.003946183698355865
2017-02-13,0.0037580539451151918,0.004649142739382661,0.0054427883821197565
2017-02-14,0.0018462998349777493,0.002447027688394332,0.00399493877253243
2017-02-15,0.0016455082929534015,0.0029899417671304107,0.00522084519485988
2017-02-16,-0.0077539559175675565,-0.00713818895294327,-0.0008516207220197192
2017-02-17,0.0016126171718207072,0.0020571793195660604,0.0015761941706546878
2017-02-21,0.010993268678994639,0.010972258419351677,0.005955147799732385
2017-02-22,-0.0052692034237321606,-0.004367242267100502,-0.0008878789390097674
2017-02-23,-6.533321244994728e-05,0.00023864973195220074,0.0006771949125281562
2017-02-24,0.0011341473247485911,0.0020258591698458783,0.001268956307289848
2017-02-27,0.004809931681094337,0.005103554057910964,0.001562669992039245
2017-02-28,-0.0035776530594446854,-0.0029759810211894555,-0.0026990730228516613
2017-03-01,0.022437009425626542,0.022696277797465525,0.013997461658209032
2017-03-02,0.0023939451601477924,0.004038371173744837,-0.0062974429680603405
2017-03-03,-0.001457384715972343,-0.00039717470522748766,0.0006297170068023661
2017-03-06,-0.002631924030357946,-0.0020218404680836244,-0.002978377428373591
2017-03-07,-0.004440610169091919,-0.003834650547566376,-0.0029863779617934627
2017-03-08,-0.008063046172718247,-0.008049698523570181,-0.0018567031119507416
2017-03-09,-0.004970226517883369,-0.004969011196050754,0.0012681624911941025
2017-03-10,-0.0013337557265499234,-0.0010309473560332627,0.003504121576205277
2017-03-13,0.001707647838303128,0.0023164010774856525,0.000504883341382989
2017-03-14,-0.006735799006835186,-0.0064365816590001845,-0.003826542521268017
2017-03-15,0.020767869029878705,0.021648231273707408,0.008653552360811112
2017-03-16,-0.0025929939014665004,-0.0010920326558935267,-0.0019671064593972387
2017-03-17,-0.01138403144200606,-0.011069440971497313,-0.0017560240802324545
2017-03-20,-0.003377899084446301,-0.0030753912212327927,-0.0010969834224331398
2017-03-21,-0.035937603469683665,-0.03558835561361262,-0.01283935932503033
2017-03-22,0.0036667344033964877,0.003655158947879489,0.0023528977341129576
2017-03-23,0.002907531877645475,0.00289807246147622,-0.0010668306117275206
2017-03-24,-0.0022140717722917147,-0.0016035966186658257,-0.0007268422746218306
2017-03-27,-0.007778224913610354,-0.007760888407940092,-0.0010260180697763133
2017-03-28,0.011094306978570723,0.012896162802782385,0.0072768650983841
2017-03-29,-0.008017387925600139,-0.0065163797707575855,0.000934799992784896
2017-03-30,-0.0015439159149196469,-0.0009441545244540661,0.0031844221163634945
2017-03-31,-0.0033146748799339765,-0.002409754799327146,-0.0023276304964056083
2017-04-03,-0.0017207514726761408,-0.0017159211509580885,-0.001739405083699186
2017-04-04,0.0009281262262852419,0.0012250870668484293,0.00063722725354598
2017-04-05,-0.001826597767799809,-0.0009215130412049133,-0.00297245933100021
2017-04-06,0.0005020167294558231,0.0008019754074741758,0.0028110008695301225
2017-04-07,-0.002495554227342045,-0.0018920719386740226,-0.001019432926068431
2017-04-10,0.0012964147133818216,0.0018882803250996893,0.0005956206952661969
2017-04-11,-9.844611924214597e-06,0.0011861150835115186,-0.0011898559314651447
2017-04-12,-0.001773298837586812,-0.0011679738135691453,-0.004381821437653977
2017-04-13,-0.009598444326356814,-0.008689175089809709,-0.006494801997070532
2017-04-17,0.009387611032749987,0.009364041800226763,0.00885960282320064
2017-04-18,-0.007218817453349069,-0.0058628551446110455,-0.002984367244703412
2017-04-19,-0.0014645464444622558,-0.0013137363994049078,-0.0018384650816789527
2017-04-20,-0.00100858007033644,-0.0007214753835143028,0.008139344597635212
2017-04-21,-0.007121965267497088,-0.0059123502671303285,-0.0031869020707160356
2017-04-24,0.009843319948645846,0.009823786121856637,0.01099776044563705
2017-04-25,-0.0025575644040114476,-0.0013568900158713593,0.005818589434265498
2017-04-26,-0.0018493709741456144,-0.001251942750259749,-0.000628922377870822
2017-04-27,-0.01003365333093742,-0.009413203846934892,0.0008390414363321774
2017-04-28,-0.0037651800037638017,-0.0034579708806732334,-0.002179382399111529
2017-05-01,-0.0025123185128645975,-0.002502888256418645,0.0025201358295641185
2017-05-02,-0.005651225462003695,-0.005361478144452092,0.00037716273000909517
2017-05-03,-0.011132464205335424,-0.01080539568932104,-0.0012146134935870911
2017-05-04,0.0007918207420876122,0.0008516260793551833,0.0011741154995335013
2017-05-05,0.011368172887661565,0.012867047490040084,0.003936881598367581
2017-05-08,-0.007967335580910673,-0.006777258672079678,-0.00016704575378767572
2017-05-09,0.001557446757833425,0.0018614344532101867,-0.0009177244124360939
2017-05-10,0.001221522366898986,0.0018248591573370998,0.0017960666612844012
2017-05-11,-0.005674278846941494,-0.0050675538132674,-0.00204294264254945
2017-05-12,-0.004819313585748719,-0.004817273320601001,-0.0016709172261326621
2017-05-15,0.00495056073635225,0.005550778174659543,0.0055234185620463006
2017-05-16,-0.005141263031176679,-0.003622018608280708,-0.0009156479307579346
2017-05-17,-0.017695681303459776,-0.016765639699782398,-0.017743944801854705
2017-05-18,0.00496602452057715,0.00528383602836735,0.004028486722193136
2017-05-19,0.011736468524034427,0.012322252626723706,0.006504049372601628
2017-05-22,0.005495657265503606,0.006089552390009745,0.00507741280822227
2017-05-23,0.00018737087201992075,0.0012330776605271598,0.0022130998350069486
2017-05-24,0.0030545270190247553,0.003951642629579588,0.0023326513650256953
2017-05-25,0.0093967329639979,0.00998992687841782,0.0047793295046363315
2017-05-26,0.004277950756392812,0.005036765807229671,-0.00020651590980869106
2017-05-30,-0.003285600993412241,-0.0029819411115988848,-0.0008690386487688606
2017-05-31,-0.003419171125090492,-0.002512222320628421,-0.0002481884040724802
2017-06-01,0.010187851003781612,0.010774655851917947,0.007952131478014213
2017-06-02,0.0026311600110939803,0.003979391647568109,0.0033285322605132173
2017-06-05,-0.007261647854020281,-0.006797504083244088,-0.0007370751098079165
2017-06-06,-0.0037670586428205644,-0.002862519242411543,-0.003197072952353941
2017-06-07,0.003966299790219008,0.004253551011229595,0.0018501068745409022
2017-06-08,0.006480798541499633,0.007077210805602752,0.0004927023723459989
2017-06-09,0.004741622170157722,0.005654351551899417,-0.0015180064115530856
2017-06-12,0.002028627019490248,0.002629180191163094,-0.00020526131618348042
2017-06-13,0.006972390409782259,0.007854227921776147,0.004889637945718395
2017-06-14,0.0002689445091428322,0.0014471041905832482,-0.0012672663503431325
2017-06-15,-5.40199355510973e-05,0.0005466263375031311,-0.0019244196074722497
2017-06-16,-0.006020704140084487,-0.004212758631533031,0.00021838018204922705
2017-06-19,0.021543064168277226,0.021491804621493582,0.00832535924038269
2017-06-20,-0.0010320012837802262,0.00046988673557302185,-0.006744076434880397
2017-06-21,-0.0037650789903230786,-0.0028690274345400946,-0.0002469701255956025
2017-06-22,-0.006051325448576117,-0.005445620377758642,-0.00045305944800644316
2017-06-23,-0.005440478625890144,-0.0054292868059100385,0.001194331740263177
2017-06-26,0.008514878953817417,0.008801561914142608,0.0006580207993931442
2017-06-27,-0.0060496066389224,-0.005140543232441064,-0.008056213726402639
2017-06-28,0.007696067053173383,0.007984953835834085,0.008950486731214014
2017-06-29,-0.007896414806664254,-0.006084498549612571,-0.008788756428805167
2017-06-30,-0.0001906770504978006,-0.00019291861803472088,0.0018644326242092113
2017-07-03,-0.0005096272605897845,-0.0002131616300146133,0.0016958077053925713
2017-07-05,-0.001408354652589816,-0.0002112199049936203,0.0023118927611947004
2017-07-06,-0.00615847653778423,-0.005844183061447739,-0.00914453699877471
2017-07-07,0.00395743826256556,0.003946916069390793,0.006485062479682835
2017-07-10,-0.004814800550166476,-0.004206566143231449,0.0010739886122603792
2017-07-11,-0.0010867235345021209,-0.0007850179949732139,-0.0007426491027647808
2017-07-12,0.006395089834268397,0.007284380122437151,0.007514636743868319
2017-07-13,0.0007740833263689684,0.0024269803469887385,0.0016802325883327196
2017-07-14,0.003575636337614041,0.004325774130007121,0.004664140212380374
2017-07-17,-0.0002513878729929475,0.0006466118129127008,-0.00012220277489904952
2017-07-18,0.0016267318839957579,0.002079822389625452,0.0005296578656774908
2017-07-19,0.005611213186711206,0.006052831731563346,0.005413921746416861
2017-07-20,-0.007850749821016856,-0.006340557159882576,0.000445435060221433
2017-07-21,0.005805129105372675,0.005779186713715578,-0.0008904022458564587
2017-07-24,-0.006141630890322491,-0.005240419737096325,-0.00024309875776518108
2017-07-25,-0.0020429901003011786,-0.0011386164385466246,0.0024307230038966843
2017-07-26,-0.002300214690037272,-0.0019974852306927637,4.047546507490729e-05
2017-07-27,-0.01290190067823005,-0.012567192783314862,-0.0009292619935543645
2017-07-28,0.002531445141549016,0.0025288674679222467,-0.0011730527651607758
2017-07-31,-0.006415378061452648,-0.006401153222172162,-0.0005669713323782632
2017-08-01,-0.006364874401743603,-0.005770732481090168,0.0022286611472213114
2017-08-02,-0.00030504474321413344,-1.2313784296669184e-06,0.00048497668197966526
2017-08-03,-0.005237786053178484,-0.004043279235278474,-0.0019397487893374477
2017-08-04,0.002578505171877188,0.0034723520475405945,0.0018220799862256332
2017-08-07,0.006422784478847143,0.007020868588314855,0.0018594565555216658
2017-08-08,-0.012153611247213592,-0.011528862137600737,-0.0024611118621885586
2017-08-09,-0.0034479782217302635,-0.003436735101340793,-4.0430467745489196e-05
2017-08-10,-0.017710271665215216,-0.01737328796725679,-0.014115145929636919
2017-08-11,0.00019717244871775286,0.0007909764914244555,0.0014767562337769657
2017-08-14,0.007008737034620349,0.006995265764857095,0.009913122207047653
2017-08-15,-0.004934965333763697,-0.003886405215613453,-0.0001214314606141631
2017-08-16,-0.0051659329391138264,-0.004709833990126477,0.001744156034887645
2017-08-17,-0.00997304924028164,-0.009506981322176755,-0.015590818088710212
2017-08-18,0.0020999806733581483,0.0028471640539387,-0.0015630745732605478
2017-08-21,-0.004117276323789887,-0.003809893630071448,0.0007825795131821689
2017-08-22,0.006747155085709,0.0070401470903906915,0.010457077139737647
2017-08-23,-0.008414569268547889,-0.007217724795844038,-0.0035854826138762563
2017-08-24,-0.005132760664418812,-0.004523383534792869,-0.002330339201413567
2017-08-25,0.0034380597067240615,0.003429115321129439,0.0023357823666285693
2017-08-28,-0.0036433916463045612,-0.002734401521137131,4.0948797307205353e-05
2017-08-29,-0.00037804361094184724,-0.0003758007554426346,0.0011448642199956005
2017-08-30,0.0008161901363419322,0.0011164195516206732,0.004737533676253625
2017-08-31,0.0013077465145698852,0.002503345062181417,0.006016116427005613
2017-09-01,-0.0005063456589452509,0.00039713875684532773,0.001414177905088021
2017-09-05,-0.006521246252459645,-0.00502762059435502,-0.007181982714383972
2017-09-06,-0.0019765575630732446,-0.001673232930137547,0.003413722885612147
2017-09-07,-0.0022717340495140848,-0.0019686917318282315,-0.0001216108201410604
2017-09-08,0.010584408504307419,0.011183099666093543,-0.001174621083821048
2017-09-11,0.0032078023499078068,0.005013029065050079,0.010665891039904896
2017-09-12,-6.45297438311987e-05,0.0009838229510548135,0.003370856505470421
2017-09-13,-0.0025813123567272056,-0.0022794915467918564,0.0004798929229237192
2017-09-14,-0.007658358509959884,-0.006896489241343007,-0.0003198220590546752
2017-09-15,-0.005305688804362774,-0.004999260319405341,0.0013461314344491715
2017-09-18,-0.0004733840964772362,0.00013294283691811515,0.0021268930704736455
2017-09-19,-0.01031313294448688,-0.009993421215739096,0.0010012624308339824
2017-09-20,0.00112252964741133,0.0014255785294654544,0.00035983329965727506
2017-09-21,-0.006724402439960198,-0.0061259177451995495,-0.002679429617243101
2017-09-22,-0.0022633003546924657,-0.001967580745843689,0.00020055962877929545
2017-09-25,-0.012406851164058819,-0.01238108132106197,-0.002044581868579809
2017-09-26,0.0029194589389016645,0.003519953637956874,0.000602720339240026
2017-09-27,-0.0029562269970222488,-0.00204998373993992,0.0038944047357221123
2017-09-28,0.0008510491796942521,0.0020413194108521715,0.0011998310109004873
2017-09-29,0.00340348039606142,0.004009166818554233,0.0035148714845603113
2017-10-02,0.004774716315311345,0.005975562162816583,0.004338727464618941
2017-10-03,-0.00012322198925307504,0.0007803742579843842,0.0021399330624551904
2017-10-04,0.003149117888692876,0.0040451409803874405,0.0011864977648667896
2017-10-05,0.008089207001537257,0.009893592420389785,0.005925181568549043
2017-10-06,-0.0048625650750521165,-0.003961574117019806,-0.0011387742844010118
2017-10-09,0.002804749982006971,0.0030996502616253974,-0.0016510707346215625
2017-10-10,0.0010138071326402098,0.0016310475470124874,0.0026382478492343875
2017-10-11,0.007754165523174761,0.008039679294348012,0.0015709011252587057
2017-10-12,-0.002582448213584887,-0.0010820734061917081,-0.0014900806420820034
2017-10-13,0.0036342095038754962,0.004548417915464897,0.0012174061360679111
2017-10-16,0.0051612264272280495,0.005155693544641293,0.0013335274125303442
2017-10-17,0.005113754920369251,0.006325705532079562,0.0007051498232426567
2017-10-18,0.0038581966644615218,0.0053652691028243105,0.0009786579758328529
2017-10-19,0.004274578487271308,0.005178897610699007,0.0002735316864954651
2017-10-20,0.004793071142129124,0.006600873367521798,0.005160831196651783
2017-10-23,0.000889161656546289,0.0017922401266563526,-0.003889525010949524
2017-10-24,0.002104259419592136,0.0030006889315772334,0.0017569223135767142
2017-10-25,0.0007885318670137753,0.0010735228051674817,-0.004950114204787415
2017-10-26,-0.010745853295832775,-0.010139050815322181,0.0012928547104611443
2017-10-27,0.022078836691821868,0.022344700161568642,0.00817606874263932
2017-10-30,0.003418062777134301,0.004626887046915051,-0.0037248490967894954
2017-10-31,-0.0005465116867536812,3.4051787732636285e-05,0.001557595743367557
2017-11-01,0.0015395751100171218,0.0018347859031440095,0.0013223911599951066
2017-11-02,-0.003626909154447855,-0.0033213699597642865,0.0003880928541741824
2017-11-03,0.0016235416170662376,0.002824656300172368,0.0033387785311129736
2017-11-06,-0.002818655267039505,-0.0025113590418999188,0.0015475540846028313
2017-11-07,0.0062685736982408535,0.006860922724208018,-0.0006952488643849897
2017-11-08,-0.0009438256671624456,-4.522064366685452e-05,0.0017008752107221525
2017-11-09,-0.007369893572253372,-0.006766872471095309,-0.0036276716075827053
2017-11-10,0.0004917248826659115,0.0007931853139735434,-0.00030987363355927666
2017-11-13,0.009342182707674729,0.00992904281947915,0.0009299090549756972
2017-11-14,0.001121042228765745,0.0017229366457474082,-0.0023225450250289326
2017-11-15,-0.001551025084033264,-0.0006543864559096502,-0.005005446315905493
2017-11-16,0.010979147224531971,0.011859057529010286,0.008501159758154131
2017-11-17,-0.009014923259689889,-0.007201117400507218,-0.0029388127245350004
2017-11-20,0.0036299664321781666,0.003620001104731374,0.0017063541384387815
2017-11-21,0.004125235432358654,0.005021420572125512,0.006542786811286394
2017-11-22,-0.0006566517556912954,0.00038691683265268395,-0.0008843135586729112
2017-11-24,-0.0002833799516391844,0.0007602424529424834,0.0023095564843853555
2017-11-27,0.0003602674596945299,0.0006551847555860135,-0.0004992418882107108
2017-11-28,0.008009134259104211,0.009511268136387807,0.010145217896162073
2017-11-29,0.00035412903752907177,0.001860084712218324,-0.0006089327367835295
2017-11-30,0.005157855234289466,0.005446256104224112,0.008755041755306836
2017-12-01,-0.0009513271814743929,-5.4526003663069034e-05,-0.0020754609749101816
2017-12-04,-0.025589542331787007,-0.02525732511208101,-0.0012102124848367701
2017-12-05,0.0023361378921158416,0.0023352930519717763,-0.0035965811494327316
2017-12-06,0.008339223173343235,0.00832755431357457,0.00019017663803100326
2017-12-07,0.014695342123310695,0.015281152908621198,0.00315288571772232
2017-12-08,0.010366832326308417,0.011867463250383459,0.005453104620037896
2017-12-11,0.00498679483815101,0.006312647511924618,0.003013006009587871
2017-12-12,-0.007476223681172622,-0.0059686322431603545,0.0017650595286711201
2017-12-13,0.0004097735364887445,0.0005728573279510929,-0.00011245229639667009
2017-12-14,-0.0056219702256011805,-0.004699958868632725,-0.004086357582188782
2017-12-15,0.00955719899250096,0.009844606763111052,0.008327217860012448
2017-12-18,0.011108135158947485,0.013209650948279528,0.006341542921576515
2017-12-19,0.00014613429878918005,0.0010352111369751338,-0.0038405102333698427
2017-12-20,-0.00284560851100224,-0.0019409191820657368,-0.0005242161035560189
2017-12-21,-0.00024216739529425713,6.513422530507462e-05,0.00205998786453776
2017-12-22,0.0006185251427301974,0.0009214977269924596,-0.0002616412957743286
2017-12-26,-0.003952158426303143,-0.00364470176791698,-0.0011965177880248756
2017-12-27,0.004047250583488982,0.004341673669192803,0.0004869407346761445
2017-12-28,0.0025612514859725266,0.003457826149170895,0.002057165756028212
2017-12-29,-0.0035587753454671134,-0.002219624837993761,-0.003770438603515225
2018-01-02,0.0,0.0,0.0
2018-01-03,0.0021290559394753217,0.003179055939475317,0.004108092076632097
2018-01-04,0.004648729975198274,0.005854429563624253,0.004214713307501228
2018-01-05,0.005165698551360176,0.005757655484769586,0.006663891916109943
2018-01-08,0.002703468977125034,0.0034585678171339396,0.0018287585586245214
2018-01-09,-0.004502004079284694,-0.003598770033953702,0.002263566978269349
2018-01-10,-0.00864826853121492,-0.008329075975445965,-0.0015299230506967687
2018-01-11,0.002519457330000252,0.0028204411162988663,0.00729616287367052
2018-01-12,-0.0033354271297953986,-0.0030285841994650564,0.006519203886003355
2018-01-16,0.0031752923933645594,0.0037675183254779476,-0.003418673849963194
2018-01-17,0.00876095387357645,0.008742200924297894,0.009531758310115324
2018-01-18,-0.0002597088591667074,0.0012521940142220522,-0.0016808410972969368
2018-01-19,0.0032084856875234102,0.003200685020393612,0.004549713333354077
2018-01-22,0.0019944484251464,0.002873133651972948,0.008130557691373275
2018-01-23,-0.0004622528966419237,-0.00016324694283620378,0.0021227699435746317
2018-01-24,0.015208097127111131,0.0164059173612221,-0.00038822709932162525
2018-01-25,0.0050904400373259495,0.005966723125555351,0.00042381920542133855
2018-01-26,0.009180131080100074,0.010380384091301043,0.011577761894707495
2018-01-29,-0.012208448867236155,-0.010556350820873805,-0.006630127841302125
2018-01-30,-0.0019867335133680886,-0.0018312473354412662,-0.010256882954202573
2018-01-31,0.0002989603141905217,0.0002920650014939241,0.0004970713419818473
2018-02-01,-0.011688973102983002,-0.011363095511040977,-0.0011355632741827382
2018-02-02,-0.026740498744211028,-0.02668336288432982,-0.02176990483455743
2018-02-05,-0.02911018891862982,-0.029042952740509276,-0.04182224417093183
2018-02-06,0.02784915535773047,0.027768288530466423,0.01970183311049012
2018-02-07,-0.01265295703638969,-0.01203122633284548,-0.005424497381336324
2018-02-08,-0.030245769914975407,-0.029618538305725806,-0.0375092703984079
2018-02-09,0.013611357509060396,0.013583205690013589,0.015021660237433787
2018-02-12,0.017257961618794226,0.01876086828375345,0.014684543672399908
2018-02-13,-0.0018718714192607067,-0.0009617557402136212,0.00248740145184545
2018-02-14,0.015213411210037053,0.015932227824701828,0.013496201843272049
2018-02-15,0.0016679564932606805,0.002558128558181938,0.012760258571196115
2018-02-16,8.044233874771045e-05,0.0003816591096936772,0.0002928584342496432
2018-02-20,-0.0014014901256259593,-0.001251554966877011,-0.006261214234073664
2018-02-21,-0.002930622487059442,-0.0026303648881790265,-0.004974211832767805
2018-02-22,-0.00391914128655968,-0.0030198992769420174,0.001296176823578854
2018-02-23,0.010756334555303004,0.010746837233710949,0.015939238904999042
2018-02-26,0.01094583193802423,0.011546704217392234,0.01161231789491679
2018-02-27,-0.00462806816804695,-0.004165697820120884,-0.012486532226350877
2018-02-28,-0.015874243648733577,-0.014817561783359356,-0.010129819402294626
2018-03-01,-0.0027444954696237422,-0.0027386892911867022,-0.014540916580615404
2018-03-02,-0.0009581554899724676,-0.0009570836021330908,0.005154848195324746
2018-03-05,0.002337993645290082,0.0026365846073104215,0.011558126675881963
2018-03-06,0.008605258473052269,0.008594216767176421,0.002534971240559347
2018-03-07,-0.014926175180380419,-0.013440324085591593,-0.0003665775519043901
2018-03-08,-0.01171343635311084,-0.01055770231944464,0.004839052341124805
2018-03-09,0.021144670467866833,0.02177923457288422,0.017402475797139383
2018-03-12,0.001908115528079568,0.002673950039395079,-0.0012549941877011417
2018-03-13,-0.003559507190126765,-0.003098084752881536,-0.006463089957696511
2018-03-14,-0.0033770026365843586,-0.0027846147471134453,-0.0051315817477212144
2018-03-15,-0.0051869107314416185,-0.004285464571558761,-0.0010893697775582467
2018-03-16,0.0017259018130701964,0.0017251149286676704,0.0010845385680275932
2018-03-19,-0.007579414906667026,-0.007572739870881362,-0.013530684374158608
2018-03-20,0.0014733757506588674,0.001777832326361084,0.0017006838729141105
2018-03-21,-0.0031291115084609578,-0.002219267400436764,-0.0019192203215481207
2018-03-22,-0.027087010935864075,-0.026460548888131985,-0.024997006281226364
2018-03-23,-0.020422897587648037,-0.020381327170016394,-0.021314665920538767
2018-03-26,0.02555762671505568,0.025505434721217135,0.027359041341031398
2018-03-27,-0.015004088427032158,-0.01467472461348851,-0.017011694099533403
2018-03-28,0.0008727858182480119,0.0016202821478259466,-0.0029548072322920227
2018-03-29,0.018366819621200348,0.01879544897931007,0.01277765629043004
2018-04-02,-0.008305286826169711,-0.007382250576648541,-0.021584575176795462
2018-04-03,0.004077365495416485,0.0045186791947406935,0.012816721761802263
2018-04-04,0.006461044825593731,0.007045884026300353,0.010699054971383015
2018-04-05,0.002493999716782991,0.0030856646449763936,0.007892464780515418
2018-04-06,-0.0035199130043962468,-0.0032136799007833616,-0.022285970943954014
2018-04-09,-0.0013401958126127989,-0.0001412052066518399,0.004928401332611632
2018-04-10,0.01939271771491269,0.02012505187312197,0.01590038551104045
2018-04-11,-0.0017872452188114618,-0.0007323675710051436,-0.0052424378802266025
2018-04-12,-0.005548248560893976,-0.004791338062232087,0.008227174474605414
2018-04-13,0.0031380951029682524,0.004341293275939018,-0.00293297847576357
2018-04-16,0.0023386865382231115,0.002966366268236209,0.008221875239717624
2018-04-17,-0.0005832857410246195,0.0004895321296378707,0.010698321637781838
2018-04-18,0.0009884646552074106,0.001441694254402437,0.0007403267123571311
2018-04-19,0.0018461199208505974,0.0026054972690683353,-0.005547636737814443
2018-04-20,0.0021233776671492066,0.00243084123910009,-0.00847946939613764
2018-04-23,-0.0012623194516884206,0.0006759217294181052,-0.00014991035972367062
2018-04-24,-0.009972916373604201,-0.009953169500961256,-0.013467718640062798
2018-04-25,0.00698316875138838,0.006967869255513071,0.002471797644137075
2018-04-26,0.0062789452828202474,0.007178502361579797,0.010165758222081767
2018-04-27,-0.009567550582420203,-0.00836407611478207,0.0009390542700380422
2018-04-30,-0.006974707760510679,-0.006960768289859143,-0.0076910025732381815
2018-05-01,-0.005471438664115036,-0.004872606500880394,0.001776924260432411
2018-05-02,-0.011459526521824803,-0.010844153560460978,-0.006717451541688013
2018-05-03,-0.006437331725949513,-0.0064364806827209575,-0.002203610149055568
2018-05-04,0.010034686451376729,0.010010292351533723,0.012946682930007558
2018-05-07,0.00045982048495241123,0.0016569595996327457,0.0033832361756540585
2018-05-08,0.008081366318125172,0.008357687523987023,0.0
2018-05-09,-0.0019922609394170676,-0.0008076295947782031,0.00966569159316566
2018-05-10,0.007489350407158923,0.00808296770386474,0.009350416423010266
2018-05-11,0.0021323287190790907,0.002421838363815043,0.00305124763912068
2018-05-14,-0.00041334104818802064,0.0001913365124477373,0.00047671839649621184
2018-05-15,-0.006195525859304496,-0.005740541800468568,-0.006887094461925702
2018-05-16,-0.00439697191672439,-0.004240103541690243,0.004205045516890715
2018-05-17,-0.005058183249059045,-0.005049461228708085,-0.0008449713716942586
2018-05-18,-0.002082826825067219,-0.001775148536346416,-0.0024996065056120953
2018-05-21,0.008466602312035887,0.00906220897277632,0.007518314157885175
2018-05-22,-0.002270056655103936,-0.0013709043192352555,-0.0027803393517307207
2018-05-23,0.00029700084921713277,0.001190269760054985,0.002751868159878823
2018-05-24,0.0006665310227627064,0.0009585924509141197,-0.00204882529974193
2018-05-25,-0.010146766206144853,-0.009545658003545676,-0.002382692292155264
2018-05-29,-0.011429125719852551,-0.010813777679383518,-0.011501339232849128
2018-05-30,0.017098191890077663,0.017385001850025894,0.013344620071841451
2018-05-31,-0.011246050921660755,-0.010934436146290305,-0.00612563929830956
2018-06-01,0.009177919849797656,0.009466120546815171,0.00981801516332137
2018-06-04,0.005761444376720659,0.006663307644461769,0.004750878734008923
2018-06-05,-0.0037474854326284834,-0.0025516271847436656,0.0007276426493036947
2018-06-06,0.01020841612038148,0.01034200868109858,0.008360670536741166
2018-06-07,-0.0011445623448217424,0.00021420533473870407,-0.00010798129408629009
2018-06-08,0.0035712457601606573,0.0038621326276342405,0.002956291509401243
2018-06-11,-0.0006111757213080882,-0.0006102034003899748,0.0013299003048887759
2018-06-12,0.007102389234515227,0.007987883576151766,0.0012926847153256205
2018-06-13,-0.0017434501283767334,-0.0005371492640500186,-0.0031914827424862624
2018-06-14,0.002468022825621974,0.003058187443474303,0.0025180163948210765
2018-06-15,-0.0037089804464665033,-0.0031018990040593275,-0.001275458821172304
2018-06-18,0.0023537560661521795,0.002351644430291344,-0.0020571180198599714
2018-06-19,-0.007588252193502343,-0.0069809677100035605,-0.003832913579683961
2018-06-20,0.0009905737064990205,0.0009865943094511387,0.001706315984209228
2018-06-21,-0.008344023071257589,-0.00742966027017089,-0.006269102629588574
2018-06-22,-0.0016442712867180687,-0.001627981007994883,0.00182352292280763
2018-06-25,-0.012210074217713363,-0.012171852057721866,-0.013612948154032356
2018-06-26,-0.0018950015646411744,-0.00129425134702843,0.0022140063314155523
2018-06-27,-0.01020929379183766,-0.009602652993871419,-0.008284055286406411
2018-06-28,0.0004734327345108369,0.0007693103782600019,0.005717028481935893
2018-06-29,0.0022375966549437187,0.0028326400398113183,0.0014398674525986088
2018-07-02,0.0013565290394759177,0.002259051847604665,0.0021377807903133483
2018-07-03,-0.0031878970958835184,-0.0025766191961471563,-0.0035309002066936657
2018-07-05,0.0023460299466291357,0.002945157713345692,0.00815788258577732
2018-07-06,0.0048880929161136955,0.005626645714055911,0.008458210097118446
2018-07-09,0.005265063392524638,0.005843979130644605,0.009004465912484605
2018-07-10,0.003919676651825688,0.004817335676392087,0.0035983287998042623
2018-07-11,0.004350438894266562,0.004345155086873387,-0.007314261685950507
2018-07-12,0.0017443159754519932,0.0029523878650259405,0.009065713442555579
2018-07-13,-0.0038747833012403587,-0.0032684503555711064,0.0007876908721797804
2018-07-16,-0.004594521782860905,-0.004141354161181887,-0.0008943453865113415
2018-07-17,-0.0035009845811192486,-0.003500796703028719,0.004045320003391861
2018-07-18,-0.002784732458738781,-0.0018723846066173166,0.002103646120768632
2018-07-19,0.005534490562067562,0.005520590406957293,-0.003771360588163075
2018-07-20,-0.00861496716922494,-0.00710934568665722,-0.0011429969807824625
2018-07-23,-0.0017355348389159753,-0.0017309158563614258,0.001859649926955198
2018-07-24,0.001353741553701271,0.0013530750914252376,0.0050319713835722535
2018-07-25,0.019441414948936142,0.02032558088160008,0.008522239603585557
2018-07-26,0.0021583919970018517,0.003660730446344962,-0.002359018545113667
2018-07-27,-0.006208905935947584,-0.004720548860158824,-0.006776530766738675
2018-07-30,-0.0009684533151458341,-0.0006623671891148319,-0.005222945006732482
2018-07-31,0.008869447687688936,0.009149553277689959,0.004929266458104209
2018-08-01,-0.004848026007222006,-0.003925428849207546,-0.0016711394970367888
2018-08-02,0.006080833418816933,0.006060442892027007,0.005447984189256516
2018-08-03,-0.0026802446789533363,-0.0014818251955198702,0.0042845294653020005
2018-08-06,-0.0009939867003098124,-0.000992525790342369,0.0036673428416968967
2018-08-07,0.004143164701300384,0.005194167121153059,0.003302320638059353
2018-08-08,0.0017207127006289014,0.0026180848922503497,-0.00042052121762747863
2018-08-09,-0.006863751025160569,-0.00609919707565687,-0.0013654078284350835
2018-08-10,-0.004478200261008092,-0.00417957679408576,-0.006700615806956356
2018-08-13,-0.0028965445101545306,-0.0028920949553329356,-0.0037432694368122466
2018-08-14,0.006857263834081362,0.0071486358167187625,0.006380547457365715
2018-08-15,-0.0026912443562920885,-0.0023779783213175865,-0.007467328876730517
2018-08-16,0.004179997058181728,0.005081583254754163,0.008091643033774742
2018-08-17,0.00010568103589458921,0.0015998291130392417,0.003520174601925552
2018-08-20,0.014502889506007755,0.015078646115339156,0.0021400789883696536
2018-08-21,0.00838832318143301,0.00987776599028356,0.002345189066315756
2018-08-22,0.004126214032458053,0.004865610365030637,-0.0005937800140681793
2018-08-23,-0.0007645116401140406,0.0008887656822973433,-0.0013278484670969926
2018-08-24,0.004167410708747266,0.004461396961099595,0.006018446897929186
2018-08-27,-0.004447116667661288,-0.004140977081052322,0.007894984483689083
2018-08-28,-0.00023449321567037273,7.292273677994565e-05,0.00048340803859647785
2018-08-29,0.002749942629668878,0.0036572802141812133,0.005380828247327996
2018-08-30,-0.010916198600952387,-0.010009015768984053,-0.004048134246127377
2018-08-31,-0.003460123885195898,-0.003153312158091781,3.4042176352055975e-05
2018-09-04,0.0008989767166323048,0.0008980617971467986,-0.0017219874859982776
2018-09-05,0.008154640880384978,0.00843671859583206,-0.002691256153824928
2018-09-06,-0.007083032419163193,-0.00558127305173306,-0.003010309113196885
2018-09-07,-0.003094423338748875,-0.002782701670165477,-0.0019435428851407588
2018-09-10,0.005212330855951963,0.005195436882946991,0.001738874157978687
2018-09-11,0.00393483867855271,0.004520985250505483,0.0032975621679642853
2018-09-12,-0.0057255507952016504,-0.004208894347437986,0.00024147750281433566
2018-09-13,0.008154194348331867,0.008135606967112352,0.005915188835533103
2018-09-14,-0.001523172183726551,0.0002776967283106835,0.0001719204788774853
2018-09-17,0.0023105988782510245,0.002913143461722889,-0.0052943474731736995
2018-09-18,-0.0007477588407861502,-0.0007466853578356192,0.00542570869345238
2018-09-19,0.003687806470084043,0.003964623183638105,0.0010660419838810498
2018-09-20,0.006833402490621143,0.008027995503120389,0.00810397001981955
2018-09-21,0.0006805802825267104,0.0012765991043939273,-0.0009140483798296684
2018-09-24,-0.003205891411537931,-0.0026036042822009664,-0.003321905325580632
2018-09-25,-0.004562786145611786,-0.004243750950126524,-0.0009277444403889001
2018-09-26,-0.008331203643565765,-0.0080224496267014,-0.002992148434981412
2018-09-27,0.0005938149066251341,0.0005932912946959856,0.0027940597809654744
2018-09-28,0.007909559588182402,0.008193110095373823,0.00010306826290351623
2018-10-01,-0.004052461629357795,-0.0028444153124790317,0.0034742612062759193
2018-10-02,-0.006583819386799861,-0.0059698954341920185,-0.0005827181502434664
2018-10-03,-0.001962638478563594,-0.001356995591907273,0.0005489616448886014
2018-10-04,-0.003961394515133887,-0.003666364510872211,-0.007815787813559183
2018-10-05,-0.004990410633759712,-0.004391037941880005,-0.005597030889530452
2018-10-08,-0.00810246348485888,-0.007793315208545093,0.0
2018-10-09,-0.00546335479151272,-0.004541246746658789,-0.0014590171604822455
2018-10-10,-0.039097187395878086,-0.039018845814440484,-0.031663474692038784
2018-10-11,-0.005538256112612383,-0.00553204122113804,-0.022026339969826503
2018-10-12,0.0332499912794344,0.03318240313174181,0.013888099858530678
2018-10-15,-0.010131914284090326,-0.008030385128208417,-0.005616912716155498
2018-10-16,0.023289761607458992,0.02322430617261584,0.021865855314946447
2018-10-17,-0.0024475332579053655,-0.001549230506927901,0.00017818658803969711
2018-10-18,-0.001249182445541841,-0.0004931548406772457,-0.014440967886746203
2018-10-19,-0.005339368497479846,-0.004882570709479062,-0.0005427313849886151
2018-10-22,-0.0034789963567322113,-0.0028807706211555484,-0.004488588264746518
2018-10-23,-0.012139527779579162,-0.011823395554396154,-0.005090636825545891
2018-10-24,-0.029425397322067948,-0.029404618924276815,-0.0302984910440115
2018-10-25,-0.0021900274694157673,-0.002207058126024286,0.017940211525071526
2018-10-26,-0.022664193892228512,-0.02173166464363152,-0.01758709727625163
2018-10-29,-0.009747688033004298,-0.00972131072187854,-0.005540635399224891
2018-10-30,0.020745966289401174,0.020705570935535933,0.014818867257449186
2018-10-31,0.011956460608715247,0.012712426958258805,0.010680849563283523
2018-11-01,0.01481718674911181,0.015380659001003272,0.010641631660504913
2018-11-02,-0.0010075871376235002,-0.0005694774077737996,-0.0059228925402705634
2018-11-05,0.011706078384509766,0.012901204806542665,0.005516643266578525
2018-11-06,0.005728735663489415,0.006019455811731911,0.006327870044667838
2018-11-07,0.0013863056434759713,0.002289416128361532,0.021409228814528225
2018-11-08,-4.664414856514476e-05,0.00010314609624373361,-0.0018150877516831532
2018-11-09,0.0021782507383529826,0.0023244582240089517,-0.009767828065918138
2018-11-12,-0.005558651130036396,-0.005259971560152565,-0.018685488133020844
2018-11-13,0.0009920967843153328,0.0021917911891040642,-0.0018709756843833247
2018-11-14,-0.0037722667754498396,-0.0037680134065832815,-0.00683685848543103
2018-11-15,0.01171991768645908,0.012323688743611116,0.010436673058951795
2018-11-16,0.003992695818408887,0.004284387412691881,0.0026007865418542497
2018-11-19,-0.028619112305976024,-0.02769480308827832,-0.016914887527615607
2018-11-20,-0.03789512170799125,-0.037834661787700896,-0.018505862442727894
2018-11-21,-0.004741569732224837,-0.004731605142761164,0.0034076602222188335
2018-11-23,-0.007953112309257326,-0.007937085508109565,-0.006678799042735495
2018-11-26,0.008355432750434044,0.008338441879959246,0.016144262427891798
2018-11-27,0.0003445862843789449,0.0009615914505856082,0.0033645384755796037
2018-11-28,0.0173202782142734,0.018168402809127793,0.02302525762189922
2018-11-29,0.001025645156527366,0.0019274069839465557,-0.0021851896556832617
2018-11-30,-2.7065926649805228e-05,0.0002680739849210134,0.006095219537697094
2018-12-03,0.0,0.0,0.013241315865513359
2018-12-04,0.0,0.0,-0.032402384973374554
2018-12-06,0.013553278617462805,0.01490327861746299,-0.0015170253752517793
2018-12-07,-0.017656870271016034,-0.017528664056041254,-0.023235866825162543
2018-12-10,-0.0007994015395084153,-0.0008130184397561191,0.001897015380304623
2018-12-11,0.0007908012673609743,0.0007910377505531141,0.0002274374791173539
2018-12-12,0.004207596752229703,0.005445141589394575,0.005035240235142346
2018-12-13,-0.001518462389606956,-0.0012287004098396892,-0.0003391754660617696
2018-12-14,-0.010990503621747472,-0.010398754581245728,-0.018464405343252444
2018-12-17,-0.02172267916937065,-0.021694602044411537,-0.019618786185908732
2018-12-18,0.0004021494843469142,0.0003785158840841074,-0.001096364794337723
2018-12-19,-0.01344881783632279,-0.013145613788027255,-0.014975824238063984
2018-12-20,-0.01965741454719072,-0.018783381759160944,-0.016277993963117243
2018-12-21,-0.018508472058847758,-0.01819587944681922,-0.020489440550005233
2018-12-24,-0.029505517748190102,-0.029481376080822685,-0.026422846529909227
2018-12-26,0.03926145837568029,0.03921663668336972,0.050524996530377564
2018-12-27,-0.0071236138802219795,-0.00607376270243265,0.007677315346365177
2018-12-28,0.001059075843325319,0.0013626821673797807,-0.001290218430713086
2018-12-31,0.0005314840042076607,0.0006773591727486927,0.00875904821779816
2019-01-02,0.0,0.0,0.0
2019-01-03,0.0033820014071008764,0.004132001407100905,-0.017668112031938854
2019-01-04,0.0051065561078003086,0.005404126134133103,0.03349559021641402
2019-01-07,0.0006890253646150146,0.0011419368951128828,0.007884684958124
2019-01-08,-5.747251123855435e-05,0.0005466262372431085,0.00939526667311985
2019-01-09,0.0006763321931042565,0.0008264882425585984,0.004673487204997828
2019-01-10,0.0019350343910726764,0.0020843025257939463,0.003527636366311926
2019-01-11,-0.0002970462648698158,-0.00014807640987368753,0.00038620038073133856
2019-01-14,-0.003207915560331398,-0.003057742744919989,-0.006100957264578044
2019-01-15,0.003409202005175249,0.003557976627940329,0.011460977902915781
2019-01-16,0.00097465815571951,0.0011281772931392986,0.002419974861054719
2019-01-17,0.0030221056085952824,0.0034717251468325827,0.007586703308684051
2019-01-18,0.0012736049321762088,0.0017282265520750517,0.013310017539516661
2019-01-22,0.0003121780346486691,0.00031193453362199364,-0.013510722895772376
2019-01-23,0.0025422222926412275,0.002692525125815859,0.002092363896330829
2019-01-24,-0.0006209657719093986,-0.00017096012168793528,0.0005315899726903162
2019-01-25,-0.005912833814916585,-0.0051628338149165565,0.008461538012364933
2019-01-28,-0.0015618278092265347,-0.000811926527972906,-0.007600298931966898
2019-01-29,0.0015248595271084575,0.0015211075587777678,-0.0013271787299771187
2019-01-30,-0.0022624293608324297,-0.0022617759175943553,0.015830981782868125
2019-01-31,0.012810221178544356,0.01309959788402737,0.008782701483493582
2019-02-01,0.0003271099197723615,0.001834156223213812,0.0004811846721017865
2019-02-04,0.004744457515198919,0.00473540597473221,0.007035429145981764
2019-02-05,-0.0012391504669070352,-0.0007900326916232547,0.004191829484902154
2019-02-06,0.0017887847979944915,0.002532016503929979,-0.001318167075939236
2019-02-07,-0.0023667037775244593,-0.0016135680950887243,-0.009532570629879666
2019-02-08,0.004479100178525375,0.004930984538461525,0.0012215223657656704
2019-02-11,0.0001639940647246707,0.00046746769370353825,0.0005545083055178424
2019-02-12,0.006872650909435896,0.00717045912396741,0.012859346049142628
2019-02-13,0.004358350467499328,0.00585645425454806,0.0032470560493027545
2019-02-14,-0.0010302417523231355,-0.0005842310096813019,-0.002218387005808675
2019-02-15,0.002934264835591227,0.003966832437441115,0.010897479720999526
2019-02-19,-0.0001859113371789345,0.000572166296829657,0.0017303959406560487
2019-02-20,0.006804908045671354,0.007396845058050161,0.002015605433666412
2019-02-21,0.002982088026040053,0.004331209372317346,-0.003556143472617901
2019-02-22,0.010338568959435523,0.01093627688991572,0.006200419709908589
2019-02-25,-0.008182268963889516,-0.0069696599929404135,0.0013607634928238799
2019-02-26,-0.007230928140075754,-0.007217262849670059,-0.0007149991316381943
2019-02-27,0.002167750988752548,0.0024593323098878184,-0.0004296859815176024
2019-02-28,0.0066731158149795355,0.007263221874378667,-0.0018628546525067957
2019-03-01,0.0019164826213931008,0.002520665935193289,0.006244175192537504
2019-03-04,-0.003325065845527053,-0.0021250696693367876,-0.003637790507828975
2019-03-05,-0.0010624576095855653,-0.00015565043508070087,-0.0013601710223045682
2019-03-06,0.0006050777537125462,0.0005989688577667795,-0.006056761177112069
2019-03-07,-0.008068207579033815,-0.007144925039900718,-0.008365353786963237
2019-03-08,-0.004317932959696291,-0.004312425563772426,-0.0020000467570850944
2019-03-11,0.008274745547976137,0.008841633211815969,0.014501129122705736
2019-03-12,-0.004576507330642188,-0.0038194970656708627,0.003771068442985248
2019-03-13,0.0070813175440642695,0.007670961330835446,0.006619284127661107
2019-03-14,-0.0011714127418058773,-0.000871395766113503,-0.0006398103142017941
2019-03-15,0.003638123156797235,0.003933799258213799,0.0049405249852108035
2019-03-18,-0.0004335627172724621,1.248580303592206e-05,0.00362593298254299
2019-03-19,7.337173560983956e-05,0.0009740331914418476,0.00024776986021057823
2019-03-20,0.0026873674245149193,0.003289507228913857,-0.0030095164307165634
2019-03-21,0.017743218039971476,0.018317471063929558,0.011294508899890365
2019-03-22,-0.00563232254025503,-0.00427719832776885,-0.019246316050036683
2019-03-25,0.0035098306099803356,0.0038055823126104116,-0.0007521175061521168
2019-03-26,0.0023608528543410667,0.0029557093349281693,0.007454172903694989
2019-03-27,-0.006338153139112568,-0.005288140488957982,-0.005229316973724307
2019-03-28,0.0007270275370601098,0.0019358223580330236,0.003790579290930518
2019-03-29,0.011301695104102727,0.011280916085572246,0.006305500243529272
2019-04-01,0.011440756932201701,0.012330538645737521,0.011859216336003175
2019-04-02,-0.0003953759732071571,0.0013977999931467089,0.0004898291947015299
2019-04-03,-0.00045516566998904384,0.0001485469696764774,0.0015736631394083211
2019-04-04,-0.0027271035802549637,-0.0027221325582945655,0.0026532044585343417
2019-04-05,0.00800169701478648,0.00828418544624454,0.004840290566821892
2019-04-08,-0.005903492317058556,-0.004697118611036721,0.0007624566442752112
2019-04-09,0.0016459937957393755,0.0022404837680716216,-0.005124445600397487
2019-04-10,-0.0006801930677436951,-0.00037871657547938753,0.0034106662602624294
2019-04-11,0.002093585633445416,0.0026958976523325795,-0.00027754766910748074
2019-04-12,-0.008139426961308205,-0.006941282402804783,0.006765655435348794
2019-04-15,0.004587543281997064,0.0051939544900660994,-0.0006545463335607682
2019-04-16,-0.01961651634028616,-0.01926919222684098,0.0006549750450750569
2019-04-17,-0.023333550250558166,-0.023270846012809376,-0.00244686270122052
2019-04-18,-0.0023254015177202048,-0.0023169460141289067,0.001969161333717384
2019-04-22,0.005222109403682396,0.005514364495507129,0.0008621923376881391
2019-04-23,0.013376435701375256,0.014561906899994703,0.00899173212483273
2019-04-24,-0.007996883370200547,-0.007101706699359278,-0.0022194137729674157
2019-04-25,-0.0048645158322782045,-0.003964057740616145,-0.0006160044647799401
2019-04-26,0.0016737719083785851,0.001961768933363306,0.004656982273155474
2019-04-29,-0.006424475686641951,-0.005505694170946485,0.0015677604397061895
2019-04-30,0.010350839808377588,0.010328053589474306,0.0005102597667125952
2019-05-01,-0.00785845854658751,-0.006623066037872771,-0.007516818751677756
2019-05-02,-0.006324757464946984,-0.00601639429599965,-0.002158827740901481
2019-05-03,0.007289941501183117,0.007575086451985902,0.009788011772836391
2019-05-06,-0.011049769321449188,-0.010420002422760422,-0.0041152921002790555
2019-05-07,-0.012963051633249734,-0.012356001872655509,-0.016699422259710328
2019-05-08,-0.00412806707117408,-0.00411792627619012,-0.0013895915090530453
2019-05-09,-0.0043171586571140175,-0.004008736323328765,-0.0030258063912580457
2019-05-10,0.006047147936760311,0.006356542612240945,0.005023435294273959
2019-05-13,-0.031886844983712526,-0.030909672029429847,-0.025130438913886
2019-05-14,0.014113288529699952,0.014387777482268715,0.009043990377985756
2019-05-15,0.009486103756146225,0.010078836601814078,0.005857706251938488
2019-05-16,0.00717513039192208,0.007900933956977108,0.00926112114205302
2019-05-17,-0.009005939710053812,-0.008374123658576371,-0.0064650923123060755
2019-05-20,-0.011535773327270404,-0.011063929237447367,-0.006612044848290477
2019-05-21,0.007951094859288244,0.008824474133584337,0.009015295130750056
2019-05-22,-0.011049027294934177,-0.011034832013948392,-0.0030713987003510024
2019-05-23,-0.014760314937673158,-0.014435182144741598,-0.012218544341037751
2019-05-24,-0.004513622775249915,-0.004196609273256047,0.0022685396821870984
2019-05-28,-0.0037638019281692747,-0.0028658725692526366,-0.009300754974060688
2019-05-29,-0.0072227029780169705,-0.0072116455291652,-0.006710609208876783
2019-05-30,0.02283934448847491,0.022792432934045648,0.002731034573894453
2019-05-31,-0.015016577338351267,-0.013502410146307153,-0.013475212527762293
2019-06-03,0.002468068449420713,0.0027499904740995174,-0.0025427302245732974
2019-06-04,0.023148654163201554,0.023701422912150383,0.02170662172652471
2019-06-05,0.006927612976352471,0.007965555743853603,0.008662168159436323
2019-06-06,-0.0007402000218162952,-0.00013857490062507694,0.00650257891489181
2019-06-07,0.0028446940773618756,0.0029935171595802945,0.010006980084850126
2019-06-10,0.0022343709128773703,0.0023779921094126966,0.004589016733120399
2019-06-11,0.00041899115250032537,0.0005739589719753191,-0.00024213548652840533
2019-06-12,0.0003940093564858138,0.0011440093564860643,-0.0017653653908005218
2019-06-13,0.0028624584518941454,0.003460656621545599,0.004126352575871239
2019-06-14,0.0024825447120602195,0.0029325515472546915,-0.0011048924737504517
2019-06-17,0.0017740096495011404,0.002374701785957889,0.00038008343943851663
2019-06-18,0.011946396640778456,0.012850197374480787,0.010470856123007355
2019-06-19,0.004929531447190216,0.005529019553202952,0.0022572927089736794
2019-06-20,0.004718834736978206,0.005616595894109233,0.009554547138143743
2019-06-21,-0.005210200249636698,-0.004315167930091901,-0.001453849848026545
2019-06-24,0.0006961092218422671,0.0018984989572747857,-0.001224196728944471
2019-06-25,-0.0066801568758310115,-0.006365689580306921,-0.009808116418850155
2019-06-26,-0.005155453481711536,-0.004854873326367581,-0.0009974257349592008
2019-06-27,0.016352017784149853,0.016629721715389456,0.0035457439582313732
2019-06-28,0.0056827033425421725,0.006884479846126501,0.005146039249199541
2019-07-01,-0.003588865587797363,-0.0027054867867739585,0.009078316467369119
2019-07-02,0.012463868936129385,0.013491709452512879,0.0026044901841684176
2019-07-03,0.006009220302985563,0.006606915602688002,0.007995266805708834
2019-07-05,-0.003271862863713504,-0.0026693437312704793,-0.0011380785478316557
2019-07-08,-0.0006762746048355472,-0.0003759032407480989,-0.005495021988261906
2019-07-09,0.0009792114923554696,0.0023224323179484863,0.0012469272028761136
2019-07-10,-0.002591215432542149,-0.0025871780838531144,0.0047779823567981605
2019-07-11,-0.0005060252533003462,-0.0005053955781374464,0.0023444404048491574
2019-07-12,0.0234663054028057,0.02343336852484046,0.004476859202404482
2019-07-15,-0.0002699711554817741,0.0021362858079563285,0.0003323576736584677
2019-07-16,0.005287522275960521,0.005894983534764808,-0.003225243129726163
2019-07-17,-0.006752006362789276,-0.006482082785735477,-0.006804793285358657
2019-07-18,-0.002725108696384315,-0.002193608454784668,0.0036607117556224367
2019-07-19,-0.012131715495134143,-0.011250728166072088,-0.00555477695624218
2019-07-22,0.002943038053013103,0.002941418968395171,0.002456367633961287
2019-07-23,0.003345259869283801,0.00394250665396223,0.007149722298366301
2019-07-24,0.010990657117323277,0.0112937675479996,0.004699554551389928
2019-07-25,0.0004442577298997552,0.0016704710439914283,-0.0047767145870600825
2019-07-26,-0.0006325615567576159,0.0002637391372597442,0.006700070828448812
2019-07-29,-0.0048427522474771,-0.0036396538372015508,-0.0018213624248689664
2019-07-30,0.0010114446669620136,0.00161454304513442,-0.0024544575993770135
2019-07-31,-0.008747984054813362,-0.00812639361683487,-0.010940236080142607
2019-08-01,0.005474633273812701,0.005764611238719297,-0.008708191510037322
2019-08-02,-0.005529092980169237,-0.004318036648668033,-0.0075295046763190765
2019-08-05,-0.026912075694294213,-0.026551437411963752,-0.0300728324647197
2019-08-06,0.015950640480660194,0.016231196221945243,0.014022759876988422
2019-08-07,0.0013465025680425846,0.001631189189150506,0.0005907884565257149
2019-08-08,0.017962911100956047,0.01854509604623744,0.01961982182795774
2019-08-09,-0.009271940410937596,-0.008355204334146049,-0.006811496999133082
2019-08-12,-0.006023265735214944,-0.0058501465302546185,-0.012173514556663267
2019-08-13,0.008745726960611488,0.009320857507226332,0.01555183081030842
2019-08-14,-0.018449810088850827,-0.01783074132438056,-0.02956769216104338
2019-08-15,-0.00043373701486271177,0.00031086979182792795,0.0026419587350297036
2019-08-16,0.013360438613096992,0.013940538994622553,0.014754960498849723
2019-08-19,0.010483193771597898,0.010619995400266369,0.012048018932232507
2019-08-20,-0.007597084198007975,-0.006392608633852714,-0.007662771299021043
2019-08-21,0.00229244348455504,0.0024374367526709406,0.008135547369639617
2019-08-22,-7.887758191871264e-05,0.0002166131656975434,-0.000308076683866787
2019-08-23,-0.005872304095052572,-0.005718321636710488,-0.025687536225232677
2019-08-26,3.292635643981079e-05,0.0010831686099577187,0.011058363306560626
2019-08-27,-0.009186713664831259,-0.00887200964139101,-0.003923345866815642
2019-08-28,0.009705047140699863,0.00999541797572423,0.007041576436231711
2019-08-29,0.010844966135457046,0.011591321874315774,0.01277284209928764
2019-08-30,-0.006740935288077954,-0.0056817741349705075,-0.0004440171297499518
2019-09-03,0.0077768712757326774,0.008069235072532654,-0.005847316314925632
2019-09-04,0.0036224304704457477,0.004075210573828647,0.011350154419905722
2019-09-05,0.0028519316195729782,0.0034411031865793085,0.012855659613108639
2019-09-06,-0.002796690986285544,-0.0023443577091977197,0.0007720619606459422
2019-09-09,-0.014236031973725916,-0.013778332161529239,0.0005032834498757133
2019-09-10,-0.016239171923007722,-0.015777820581212576,-0.00023452778500909766
2019-09-11,0.0067265767249500286,0.0067185229131832,0.007110791161183849
2019-09-12,0.00903576436590936,0.009023738053233865,0.0034641047158139315
2019-09-13,-0.008362614894671272,-0.007756063179189643,-0.000663978065331583
2019-09-16,-0.0047913574402190795,-0.004484773904531614,-0.0030889191888863188
2019-09-17,0.020501471471632948,0.02107524817565487,0.0025321419814712254
2019-09-18,0.005111665427141254,0.006606703673180503,0.0005982475501746798
2019-09-19,-0.00632324982250787,-0.005122163326329754,-6.684482951879733e-05
2019-09-20,-4.0994113438941326e-05,0.00026865019496380427,-0.004724467225724727
2019-09-23,-0.003905309502556853,-0.003597208223727444,-0.0002348570357266766
2019-09-24,-0.00709766010294377,-0.006792240009096395,-0.007846882029623359
2019-09-25,0.010859796208868122,0.010840078074326298,0.0059148069896086675
2019-09-26,-0.006769539579303485,-0.005571331438883553,-0.002083156733802438
2019-09-27,-0.0033987808380219198,-0.003084916079466371,-0.0053872900428653114
2019-09-30,0.008677707886621366,0.008956757499716028,0.004637664876704806
2019-10-01,-0.011483972161741351,-0.010568650896245035,-0.011894434591577019
2019-10-02,-0.026358840067432387,-0.026015391672599253,-0.01766489955944428
2019-10-03,0.005887048780833126,0.0058783049308948065,0.008192454357178969
2019-10-04,0.008973865429646066,0.00895636581471071,0.013532454582607212
2019-10-07,-0.004486118301742059,-0.003730439897991933,-0.004314807710553037
2019-10-08,-0.012069978267487347,-0.011444361795967972,-0.015524138327867032
2019-10-09,0.011943116580662494,0.012368636269594058,0.009495940372685974
2019-10-10,0.001990651645100039,0.0031833610620222164,0.006763675599713137
2019-10-11,0.006798431618307177,0.007388739158409763,0.01036685523197134
2019-10-14,-0.0061919078776939696,-0.004980956220432264,-0.0011137952950345253
2019-10-15,-0.0026344351519469456,-0.002332580141397589,0.009900058065358097
2019-10-16,-0.003479117742857585,-0.0025711956604171915,-0.0016057166174799908
2019-10-17,0.002678455525119361,0.002674158038049823,0.0029489439355911973
2019-10-18,0.0017178645458781894,0.0020144735752847254,-0.004376713351534001
2019-10-21,0.003082447275446931,0.0042730775627086715,0.006778773509141356
2019-10-22,-0.008482217112656287,-0.007284969008801934,-0.0032667834145982955
2019-10-23,-0.004340900884997834,-0.0037370885969973955,0.0029097652425407183
2019-10-24,0.006253150819506281,0.006238879446376133,0.001634215547294593
2019-10-25,-0.007559936964803726,-0.006946809525684716,0.004094818051380011
2019-10-28,-0.001315020568403047,-0.0013133945900297705,0.005636699066540407
2019-10-29,0.0040586823701105335,0.004645972077732985,-0.0002968023302039047
2019-10-30,0.00882171919949637,0.010000391505955886,0.0030672376218150443
2019-10-31,-0.00433232466762723,-0.0031382217570209425,-0.0026633998053989805
2019-11-01,0.007257998743428917,0.008167038364427892,0.009263899490793648
2019-11-04,0.0031329623153006914,0.003731260226172095,0.0040176411762884445
2019-11-05,-0.00925027907491116,-0.007744011052956745,-0.001106199302856381
2019-11-06,0.0028141030179045234,0.0028099062728872415,0.00022805405408377055
2019-11-07,-0.017177673383242498,-0.017133874363112422,0.0035166791302667644
2019-11-08,-0.0025233118199844418,-0.002205634942882062,0.0024661819303306576
2019-11-11,0.00270076346271253,0.0026938878700715208,-0.0019098805806062602
2019-11-12,-0.0029611059734352407,-0.0023524306276564433,0.002108017060587164
2019-11-13,0.003366694242871393,0.0039661808621505035,0.0003239639566083863
2019-11-14,0.0021406151460574563,0.003031860775644768,0.0014555106830382858
2019-11-15,0.003037169821325847,0.004235048295554655,0.007236250002723876
2019-11-18,0.000715181629212136,0.0010178859794391926,0.0007377572590392401
2019-11-19,-0.005616267037284239,-0.0038423379391935297,-0.00028861579325079045
2019-11-20,-0.007092255600583908,-0.006795976639562218,-0.0037183797427075005
2019-11-21,0.003097048528203139,0.0037060547511220676,-0.0016091827279246518
2019-11-22,0.0013164069047002513,0.0016073389509234648,0.0022238970115446843
2019-11-25,0.015217782409046032,0.01582386386616985,0.007750423688599017
2019-11-26,0.00254943915614958,0.004349463026549483,0.002265506026693842
2019-11-27,0.004919405165294322,0.00580942618216973,0.004457626772822243
2019-11-29,-0.0014928563575535847,-0.0008836845907950197,-0.0037088235168342143
2019-12-02,-0.01331803575451318,-0.012692274271325243,-0.008494734760325362
2019-12-03,-0.006912454538549828,-0.006893547322145865,-0.006706539880194207
2019-12-04,-0.0005991877203053164,-8.701619724771348e-07,0.006170201638297401
2019-12-05,0.0023469655260321964,0.0026450440545702225,0.001798049889062181
2019-12-06,0.0056809597829294844,0.006275940023993121,0.009133879137866785
2019-12-09,-0.002592267637167689,-0.0016949373212136187,-0.0031442171972496658
2019-12-10,0.000952304473137433,0.0018436153966561175,-0.0011148484053314922
2019-12-11,0.005235491622276767,0.006121182070561115,0.002838801900595378
2019-12-12,0.0025724541767417897,0.0034643913888128264,0.008618984421294051
2019-12-13,0.003908090634654915,0.004496138608456102,0.0005990921621346068
2019-12-16,0.007079584408834272,0.00766763681305016,0.006869650739520283
2019-12-17,-0.007872842881646136,-0.0068156486345613,0.00021957549301032664
2019-12-18,0.0043583192134062365,0.004799484888306393,6.237530216646192e-05
2019-12-19,-0.0005305819465541983,7.226428208584323e-05,0.004098572159027203
2019-12-20,0.006868432624879128,0.007158565590290378,0.0043846487997947214
2019-12-23,-0.004677567449458686,-0.0034824863072612233,0.0015277235945234668
2019-12-24,0.004528687281473376,0.004518419152792719,3.124135703691522e-05
2019-12-26,0.0014913921966817067,0.003143325551236087,0.0053232982403201845
2019-12-27,0.0008336036198928198,0.0017366466306267814,-0.0002477682410791937
2019-12-30,-0.0016648497429987419,-0.0006111217249334944,-0.00551337796692597
2019-12-31,0.004809209865094699,0.005402092388822499,0.002429526027089457
2020-01-02,0.0,0.0,0.0
2020-01-03,0.0064306622339602715,0.007480662233960267,0.00238855810737304
2020-01-06,-0.00202290595838972,-0.002020797678463526,0.0038152832439215523
2020-01-07,-0.0023791765524929787,-0.0014741639338208268,-0.0028118528818330546
2020-01-08,0.00232900361767463,0.0026315868091697503,0.005329755550281812
2020-01-09,0.0021871242933440005,0.0021828130806593737,0.0067804661417889545
2020-01-10,-0.0038640051191610736,-0.0035607552992319436,-0.002877492195425324
2020-01-13,0.0042230964305061125,0.004816520810430713,0.006877169885747048
2020-01-14,-0.002953520307583668,-0.0017558598670948111,-0.0015249969630035665
2020-01-15,-0.004888040272396421,-0.003528424249139017,0.002260495972536969
2020-01-16,0.009624104221995777,0.009902410994754085,0.008317891007862288
2020-01-17,0.0056578116449155225,0.00624477919636135,0.0031127864007414185
2020-01-21,-0.0053895905459817595,-0.004185783082854888,-0.00195827324949005
2020-01-22,-0.00045327565176489504,0.0001436709786653001,0.00012065673735683902
2020-01-23,0.0032129223254253603,0.003513010591178256,0.0011469617264452392
2020-01-24,-0.011365708414309172,-0.010730974741884003,-0.008893010688934666
2020-01-27,-0.02283701684885575,-0.02277872313164897,-0.016029751322992225
2020-01-28,0.003579154597566525,0.0035648182046374988,0.010479243979687025
2020-01-29,-0.006551505327733409,-0.00624608094227963,-0.0008260108082667195
2020-01-30,0.006643882680348545,0.006931622910993918,0.0032456332437516
2020-01-31,-0.017628342396243002,-0.016997137102169768,-0.018158023632194653
2020-02-03,0.011157713931233104,0.011442715700426431,0.007428663290228954
2020-02-04,0.00979088822360552,0.011301655875947336,0.015241192111092428
2020-02-05,0.016159824607641315,0.017655656487373772,0.01154786328116475
2020-02-06,-0.0018100418108043526,-0.0006141689598364586,0.0033647741920910246
2020-02-07,-2.1628164190823362e-05,-1.3331143660755274e-05,-0.00532990929597188
2020-02-10,0.007468070795533244,0.00776670199350904,0.007465808778101879
2020-02-11,0.0022777324308336233,0.003028127851892881,0.0017329068991756014
2020-02-12,-0.0010249809515181507,-0.00012827268809345593,0.0064429103959131595
2020-02-13,0.006837026630432064,0.007574449391279492,-0.0010671099562912234
2020-02-14,0.0017445577903145715,0.00265133961547126,0.001602076116987483
2020-02-18,-0.018881940381268225,-0.01826554436133987,-0.002576977522802948
2020-02-19,0.0004429411673732009,0.0004398978573498802,0.004781235715548782
2020-02-20,0.0017262919058658177,0.002025361380451285,-0.004108035419256861
2020-02-21,-0.00350528546351625,-0.003199970213542014,-0.010298507299150494
2020-02-24,-0.02077738071803026,-0.020450019381524354,-0.033165192706187896
2020-02-25,-0.03761570077595311,-0.03755429504060592,-0.03030250035341009
2020-02-26,-0.015296002409068477,-0.015269097208756688,-0.0036777114305662773
2020-02-27,-0.03017822469041076,-0.03012847736560964,-0.04491196842596934
2020-02-28,-0.015341285461484278,-0.014141999047020959,-0.004201612889578987
2020-03-02,0.037765438516939476,0.03806406367793258,0.04330670169869144
2020-03-03,-0.008753823105012937,-0.00829732574321529,-0.028632444942784607
2020-03-04,0.030207768719632933,0.0303901551899437,0.04203305440523253
2020-03-05,-0.022090250581682014,-0.021076035294546602,-0.033241739261780534
2020-03-06,-0.003405201068588437,-0.0034010914480278043,-0.016531288938967048
2020-03-09,-0.011243919481621178,-0.011230303270260422,-0.07809450006566832
2020-03-10,0.02490981768698597,0.0262582023149458,0.051744830302423495
2020-03-11,-0.049738571372519136,-0.0496683538729259,-0.04874798973163064
2020-03-12,-0.09130066372496914,-0.09116191522014672,-0.095677395598736
2020-03-13,0.10477710100458903,0.10459266624627461,0.08548639013424397
2020-03-16,-0.12675043813558884,-0.1260225869152607,-0.1094236335014227
2020-03-17,0.04443049691368928,0.04433228079762164,0.053991772334476495
2020-03-18,-0.02640492198476807,-0.026200706509775573,-0.05063299458072379
2020-03-19,-0.003946304215056484,-0.003786865401024242,0.002125239940806045
2020-03-20,0.00029018973852590335,0.00045638736642339417,-0.04309433305065269
2020-03-23,0.002364138337060062,0.0025169543485574764,-0.025568138523694217
2020-03-24,0.011372045025954458,0.011751987216413129,0.09060325945836323
2020-03-25,-0.00418044424379771,-0.003881899752803286,0.01497006419427338
2020-03-26,0.007811410240065708,0.00796306182512474,0.058389801015809706
2020-03-27,0.0004796796308250695,0.0004794638225027459,-0.029785584237364437
2020-03-30,0.004210640466749682,0.004368421279020929,0.03247584880882304
2020-03-31,-0.0003780032962815705,-0.00023120949586408202,-0.014905529724725253
2020-04-01,0.0,0.0,-0.045004900814416104
2020-04-02,0.0,0.0,0.023075440836357375
2020-04-03,0.0,0.0,-0.014454213187073739
2020-04-06,0.0,0.0,0.0671662975485614
2020-04-07,0.0,0.0,0.0010195491269802126
2020-04-08,0.0,0.0,0.03356793814381742
2020-04-09,0.0,0.0,0.015217755403604372
2020-04-13,0.0,0.0,-0.00913018179105407
2020-04-14,0.0003210681443726049,0.0004710681443726994,0.02949265553853886
2020-04-15,0.0020968799994862675,0.0020965656155826906,-0.021248006061267977
2020-04-16,0.0012630617459103988,0.0014184592155128684,0.004824532504223766
2020-04-17,0.0,0.0,0.02701541437451538
2020-04-20,0.0,0.0,-0.01761792701018139
2020-04-21,0.0,0.0,-0.030363410362569065
2020-04-22,0.0023763356292594295,0.003126335629259458,0.02219467451727386
2020-04-23,0.005986680681625556,0.00628490136270643,-7.202978745535216e-05
2020-04-24,0.0074172253083579776,0.007726177505365195,0.01393921622956995
2020-04-27,0.010171079369750258,0.010310674442078893,0.014418117628747007
2020-04-28,0.005549595195639245,0.0060032987333693555,-0.004598357707802592
2020-04-29,-0.009096421545417233,-0.00819803088961435,0.026178474524117146
2020-04-30,0.004539164656571559,0.005290118579898806,-0.009310530711402754
2020-05-01,-0.0026841733433076165,-0.0023785064278207813,-0.026473717709630806
2020-05-04,0.02231551530583986,0.022601451110014104,0.0027585248316792654
2020-05-05,0.01128589305308858,0.012181107370716093,0.009239093535952758
2020-05-06,-0.010766069589749572,-0.00984100404369015,-0.0067785306887658825
2020-05-07,0.001940774562861014,0.0025412831672224634,0.012066759479465672
2020-05-08,0.007358894622040202,0.007806108308764159,0.01654585573021472
2020-05-11,0.0009396320760346466,0.0015425643854718452,0.00020560472548591946
2020-05-12,-0.0006530450252412168,-0.00036963447939153404,-0.019931801630628243
2020-05-13,0.0032735594243802346,0.0035702974254085973,-0.017685689496996226
2020-05-14,0.016603775979376678,0.0179494247916252,0.011967268280660637
2020-05-15,0.00710886146838785,0.007695663851186696,0.004596910866530468
2020-05-18,0.018337510105649102,0.018619567242907697,0.030459762478702856
2020-05-19,-0.004312266805064913,-0.0028028260023561513,-0.010271667061036216
2020-05-20,0.004465976990153608,0.005059331122164279,0.016988668849524435
2020-05-21,-0.008659620846325433,-0.007901481500824703,-0.006904290715352257
2020-05-22,-0.0007437941182185659,-0.00029285727778205484,0.0018991757640549611
2020-05-26,-0.0130613112572322,-0.012747915523451558,0.012320564624969776
2020-05-27,0.012332986803352375,0.012608795697346409,0.014879188592889836
2020-05-28,0.007177915126115986,0.008073827831257097,-0.0018452723826944961
2020-05-29,0.015671618771067042,0.0162535567014519,0.004455959895920403
2020-06-01,0.0026848740052694,0.003731901207679744,0.004041693629930343
2020-06-02,0.00023815516190439645,0.0006769433452744611,0.00827995513085944
2020-06-03,0.0,0.0,0.013308505317488839
2020-06-04,-0.0013272939859618749,-0.0011772939859618914,-0.0026265506498133195
2020-06-05,0.005535225790801457,0.006882634113891228,0.025629317200602797
2020-06-08,0.01606546641944928,0.016647733165305878,0.012087458431206954
2020-06-09,0.0018236065487555742,0.0024408863326335073,-0.007456434446094562
2020-06-10,0.0067114891595012605,0.007605277786898457,-0.005580172331298816
2020-06-11,-0.02510541029535618,-0.02417033179925243,-0.05764920517903449
2020-06-12,-0.0009208245247086522,-0.0006111456975917973,0.011976033946470288
2020-06-15,0.014125044807358433,0.014094259861462177,0.009335495415337514
2020-06-16,0.011003323750571337,0.011894523473143348,0.01924768189870063
2020-06-17,0.0004064317737595413,0.0007060733987642731,-0.004153689164510199
2020-06-18,-0.007407515389774022,-0.00679917391042939,0.0003851007032451559
2020-06-19,-0.002645404970949561,-0.002498367844135041,-0.005715104573400076
2020-06-22,0.006880756136291799,0.008076235350100491,0.006415295272893307
2020-06-23,-0.008029827027376313,-0.007570732231540034,0.004603532476432859
2020-06-24,-0.01528045175198156,-0.014961298369650877,-0.025508729402108243
2020-06-25,0.00473343218196165,0.005035014128089266,0.010720647348679169
2020-06-26,-0.00522206076946885,-0.004631342181680709,-0.02375143458911355
2020-06-29,0.011384898598383764,0.011672355182380523,0.01469757369186464
2020-06-30,0.007445317525740736,0.007885950549054055,0.012809467195298962
2020-07-01,-0.001189180145722779,-0.0002897423961967238,0.007004819988407851
2020-07-02,0.0010556765912226318,0.001204423907499086,0.005507103731598795
2020-07-06,0.0016238544861020276,0.0017663314557330168,0.015437067944463756
2020-07-07,0.00120621471642135,0.0013560664793248467,-0.010313855204298839
2020-07-08,-0.002920145461495993,-0.002319282816651169,0.007648858467744546
2020-07-09,0.0012894625247303892,0.0017391203562562296,-0.005693045614445835
2020-07-10,0.006589259564441896,0.007340350742544466,0.010210502723494663
2020-07-13,-0.003637172102652464,-0.002725951852862951,-0.008658769402027255
2020-07-14,0.020006170956948566,0.019973639697616452,0.012959151297302629
2020-07-15,0.007328566910265177,0.00867739049778038,0.00918702782837344
2020-07-16,-0.005313280863543546,-0.005153037304773234,-0.0032933694760686194
2020-07-17,0.005544441841909276,0.006431660720803256,0.002898818776914336
2020-07-20,0.03195377819314027,0.03266493601389442,0.008081604743493509
2020-07-21,-0.0012994284221445884,-0.00038516211016514923,0.002127915871626085
2020-07-22,-0.0004596063151286467,-0.0004583556108241904,0.005691899055724869
2020-07-23,-0.007815821347720853,-0.007358778759203544,-0.011931927671168796
2020-07-24,-0.00193333223158898,-0.001037344246031524,-0.006440254832891346
2020-07-27,0.02185289035297,0.021816096934734297,0.007292431816570133
2020-07-28,-0.009091442053911325,-0.00819595657294403,-0.006342468204663998
2020-07-29,0.006961769840053478,0.007546100287582513,0.012298681890286378
2020-07-30,-0.011647116904198618,-0.011030424711593545,-0.003567704488292023
2020-07-31,0.004698981278114633,0.005597709497453529,0.007902156008822603
2020-08-03,0.013438021691333457,0.013415188407345457,0.006951998045748864
2020-08-04,0.00848387659111971,0.009068606603802376,0.0038626236074412734
2020-08-05,0.00281107670135583,0.004608686982007226,0.006211131361955946
2020-08-06,-0.0034569057076765386,-0.003148320024610074,0.0066843397954086115
2020-08-07,-0.003103738232135944,-0.0028011160120622325,0.0007179109695008012
2020-08-10,-0.0066366244951530096,-0.006324030098275091,0.002988934626810602
2020-08-11,-0.005370737563391903,-0.005062968272124824,-0.008254721767575357
2020-08-12,0.009362090909022847,0.00933678596956744,0.013942490346746439
2020-08-13,0.008193178829819958,0.00939234361456176,-0.0018077211608321653
2020-08-14,-0.0034127703632306217,-0.002515179925488331,2.9785452035469007e-05
2020-08-17,0.01014363236965865,0.010573824173337076,0.0031762970093140996
2020-08-18,0.00881327666904208,0.009710910048341015,0.002160605429621043
2020-08-19,-0.003820826015847545,-0.002768595291172904,-0.004163763310597868
2020-08-20,-0.0026812466683459046,-0.0026756313506517415,0.0031136162070781737
2020-08-21,-5.845089819345173e-05,0.00023997432453892742,0.003547345304731886
2020-08-24,0.013902674230242829,0.014790887071854941,0.010133234849614592
2020-08-25,-0.0025733217004969555,-0.001654643628437369,0.0034993464276429354
2020-08-26,0.0005983666182882708,0.0008944507969874671,0.01002527266901665
2020-08-27,-0.003605534230553764,-0.002409310407631593,0.002186768725431776
2020-08-28,0.002724903666005307,0.003007622927654552,0.006459299204947699
2020-08-31,-0.0016449328871305235,-0.0013359072420110474,-0.0036223561736882237
2020-09-01,-0.0044764667644398015,-0.004166561207771258,0.009418680192173845
2020-09-02,0.018779261849405815,0.01903423199189569,0.01446378964912487
2020-09-03,-0.0005883296170707819,0.0006105021333802085,-0.03441424403026849
2020-09-04,-0.019940017515530872,-0.018883522734303604,-0.008164684495784669
2020-09-08,-0.022172443669116415,-0.021997882145855963,-0.02732321673380722
2020-09-09,0.02095371515680111,0.020929430547987904,0.01974764827884412
2020-09-10,-0.010232160729262696,-0.00992895793136106,-0.017363720977525143
2020-09-11,0.000690960767038229,0.0012858533717658993,0.0005092193273708023
2020-09-14,0.00847585854572519,0.008763331423107479,0.013171208607333451
2020-09-15,0.013248644529897158,0.013832381851046183,0.0050521954519346934
2020-09-16,0.003623957912799458,0.005106378191361172,-0.003968762027310002
2020-09-17,-0.00908288077852637,-0.008181112012147551,-0.008795010686260207
2020-09-18,-0.00851768249558138,-0.008502208397416222,-0.011512776702263583
2020-09-21,-0.010546963028054579,-0.010213839879443354,-0.011129301640450007
2020-09-22,0.007145647317262416,0.007129465588197048,0.010184101540462231
2020-09-23,-0.020263721057612316,-0.01962607690780671,-0.023190888134050236
2020-09-24,0.01016612741897216,0.010146052130226568,0.002664981764268104
2020-09-25,0.007597795403209595,0.008791394438217859,0.016167604097700794
2020-09-28,0.012614661012413597,0.0128895628098733,0.01660881375940293
2020-09-29,-0.001313216558022412,2.2460811485380816e-05,-0.005445657582880847
2020-09-30,0.0012531232841661577,0.0014016234498044344,0.007582001464812471
2020-10-01,-0.0015913190379981401,-0.0011410170472360148,0.006419932786187577
2020-10-02,0.0030173782356330836,0.0031666309627518263,-0.009494398794593795
2020-10-05,0.0038131775349139474,0.004112179826529561,0.017733066386504515
2020-10-06,-0.000639433823422908,-0.0003336638932278646,-0.014215865581074905
2020-10-07,0.008493397560057181,0.009997985121907638,0.017406543129391938
2020-10-08,0.01234384894304652,0.01323844518411832,0.008862617198674094
2020-10-09,-0.004102578143655222,-0.003344794407067253,0.008930095930532067
2020-10-12,0.002952996124522489,0.0029454250369498336,0.016087624129604627
2020-10-13,0.005717911845143808,0.005860682207580403,-0.006526381173558193
2020-10-14,-4.2289242839888e-05,0.0007055092158352316,-0.006283289726677688
2020-10-15,0.007581604809171916,0.00802734123807336,-0.0012358265106896527
2020-10-16,0.004340075180109482,0.0052415339935825145,-0.0006043475507832019
2020-10-19,-0.018590995270428623,-0.01858480964349518,-0.015203287230199147
2020-10-20,0.006653369240453344,0.006647687953239112,0.004005682488809281
2020-10-21,0.001566282916945383,0.0024667495472618928,-0.0018929013309282317
2020-10-22,-0.0032187709002921006,-0.002903515824631775,0.0054853816480977535
2020-10-23,0.006827688576653612,0.007419224267915636,0.003395041754625794
2020-10-26,-0.018113083103997174,-0.017499080279125945,-0.018479935366158107
2020-10-27,-0.009254102432590505,-0.009233129388066641,-0.003447552059625214
2020-10-28,-0.023058768192590784,-0.022731145558273713,-0.03417851955399909
2020-10-29,0.015303710589003483,0.015580626983656032,0.010163277320645037
2020-10-30,-2.6187843162883695e-05,0.001161901452713332,-0.010424715690027786
2020-11-02,0.02503237645773293,0.025289715580392835,0.011208276120075356
2020-11-03,0.018427869985567114,0.020521812550394758,0.017655987224070024
2020-11-04,0.017534978648787947,0.018383671513378497,0.02234947128117759
2020-11-05,0.009741094993443555,0.010348721643148595,0.01950261009833887
2020-11-06,0.003179956586601973,0.0031752858864393385,-0.00022862441977100634
2020-11-09,-0.003082733109558644,-0.002632723655392466,0.012565690217153813
2020-11-10,0.02379212520348095,0.02513876401546633,-0.001466646210516842
2020-11-11,0.015617678879412011,0.016053193764464346,0.00742886280678845
2020-11-12,-0.005419569245736611,-0.004966737819325884,-0.009700932595727352
2020-11-13,0.00269595293479874,0.0034460657774990633,0.013844186020804727
2020-11-16,0.008591987488880903,0.009175145479611846,0.012482686676664079
2020-11-17,-0.0031474594700426906,-0.002843317420856306,-0.005378234544978988
2020-11-18,-0.005201740909556385,-0.004448844374093652,-0.012034864175274329
2020-11-19,-5.8268898129876234e-06,0.0005920293204970672,0.0042100426028597315
2020-11-20,0.0018577344729828749,0.0021510829490374306,-0.006847549676456399
2020-11-23,0.004517252599706145,0.005108574712435088,0.005994388426275865
2020-11-24,-0.0004551767547201768,0.00014590233984868028,0.016113854627079816
2020-11-25,-0.0013395267935154553,-0.0004427538777915796,-0.001541813621014687
2020-11-27,0.003563140463572312,0.0035503399792382595,0.0027849330777589554
2020-11-30,-0.0056236485459219,-0.0047235585177825,-0.004427104491875999
2020-12-01,0.012964564003226764,0.013843664429235458,0.010937581250257455
2020-12-02,-0.005586641257231628,-0.004682078437183046,0.002103516060226296
2020-12-03,0.0036161647311596656,0.004212878611615567,-0.000272705359855685
2020-12-04,0.008858478261935199,0.009450519562488768,0.008617421755840793
2020-12-07,-0.002114703307591115,-0.001806785220250351,-0.0020548053665060406
2020-12-08,0.0027201276745612013,0.0036202759980306087,0.002926291467487241
2020-12-09,0.0004279998915184269,0.0013278667031286773,-0.008969038760209602
2020-12-10,-0.009841950709273628,-0.00892616928505019,-0.0003269584699605588
2020-12-11,-0.0011610120737538532,-0.001157916899238165,-0.0011724730926675475
2020-12-14,-0.0024841588298052386,-0.002183222286422426,-0.00447715826371442
2020-12-15,0.009674227638390764,0.009958976559986343,0.01351928267608371
2020-12-16,-0.00563082855269359,-0.0041240494831799035,0.0015694040517124641
2020-12-17,0.0015099409339425218,0.0015075715950438884,0.005591928401434743
2020-12-18,-0.00846392734765955,-0.00814846814498793,-0.003992912313974473
2020-12-21,-0.004424515838172938,-0.0044107595917639575,-0.003575274426252273
2020-12-22,-0.01533249655440827,-0.014705590839364402,-0.0016853631179640782
2020-12-23,0.02031563150918636,0.020650905593964097,0.0008985176567017916
2020-12-24,0.0003854348170204691,0.0015951015086428377,0.0038904098734411363
2020-12-28,0.009363575589965256,0.009696433360145695,0.008590700003830554
2020-12-29,-0.00024180656658512323,0.0012961211808033557,-0.0019077061181778099
2020-12-30,0.006037641261808613,0.006328180683236262,0.001426706743954398
2020-12-31,0.0053485894679190515,0.007140533076116284,0.00508117542658959
2021-01-04,0.0,0.0,0.0
2021-01-05,0.003215243335347173,0.0033652433353472677,0.007263840493520357
2021-01-06,0.001718761395966828,0.002318393451090861,0.005978739282975543
2021-01-07,0.009916019153682454,0.010061227139399831,0.014857398591648252
2021-01-08,0.006017925231193155,0.006777017993800705,0.005697673903205525
2021-01-11,-0.006138577491893393,-0.0058236519528879205,-0.006740521258104981
2021-01-12,-0.003880658883666732,-0.0032761480546766863,0.0002108989148625895
2021-01-13,-0.0010690722932388264,-0.0009196653508050101,0.002693091437587114
2021-01-14,-0.0060003976776783485,-0.00538996094215749,-0.0035021994367678833
2021-01-15,-0.008244915224375093,-0.00823390108619071,-0.007292538691798689
2021-01-19,0.003782287379233251,0.004075837199370769,0.007851771105696459
2021-01-20,0.007967022903552445,0.009469466268238858,0.013839013097133979
2021-01-21,-0.004109141703852237,-0.0035089940562503807,0.0009118153381688643
2021-01-22,-0.007658377046027232,-0.007344164054247648,-0.0035398409172407996
2021-01-25,0.0005073688891890082,0.0011115849967080482,0.003943782299774989
2021-01-26,-0.007936793223520477,-0.007622698578672038,-0.0015606874087463751
2021-01-27,-0.03216454341895969,-0.03179881701622689,-0.024440685049319066
2021-01-28,0.031765048163250764,0.03198643083535435,0.008600241997579916
2021-01-29,-0.021563112269137208,-0.020346582758596576,-0.020019576876670553
2021-02-01,0.016096722590892343,0.01637527037602937,0.01664561525715702
2021-02-02,0.02229588301356311,0.022863375370019368,0.014140216066375721
2021-02-03,-0.0026744024165236135,-0.0008755599218885912,0.0007862383335790479
2021-02-04,0.009862516781857344,0.010433395185240224,0.011365743471086764
2021-02-05,0.002464967325745304,0.003658885643093912,0.003935830596076828
2021-02-08,0.0061356420401788014,0.007183140293592238,0.007221973890623401
2021-02-09,0.004221525686385563,0.004514562982901316,-0.0006658564794110866
2021-02-10,0.008211970701400118,0.008956820413384081,-0.00043572922210732834
2021-02-11,-0.00462126688225295,-0.002823472609214228,0.0016153757076717845
2021-02-12,0.005709875161209466,0.006001565373825013,0.004939589201850225
2021-02-16,-0.005833281925292977,-0.00553299052149403,-0.0008659020704113729
2021-02-17,0.006246327648837369,0.006845977018469229,0.00022936602340872803
2021-02-18,0.0010425076502944552,0.0019433102986092798,-0.004255859037820553
2021-02-19,0.00214677289391374,0.0033543814024412644,-0.0017659490913861653
2021-02-22,-0.02491175005078894,-0.02484192780170924,-0.007691607850319415
2021-02-23,0.00457708446238092,0.004890850025291549,0.0012140343081108451
2021-02-24,0.01065924388654893,0.01060318057604337,0.011019343007416138
2021-02-25,-0.0234014235544171,-0.02243931466599569,-0.02409566512161443
2021-02-26,-0.009574972157931572,-0.008985045205750275,-0.005152474997699108
2021-03-01,0.031374597204933075,0.03128595464096828,0.024240099608968668
2021-03-02,-0.00426983861060537,-0.003358115462874567,-0.007803333136561452
2021-03-03,-0.0193044729171179,-0.01882933741362991,-0.0132457545276089
2021-03-04,-0.009446302962294206,-0.008982206691151129,-0.012374798212103966
2021-03-05,0.01820292761944975,0.018175832329536012,0.01839651087988492
2021-03-08,-0.016915373537713663,-0.01599415826888073,-0.0049784486516053494
2021-03-09,0.05085812595322814,0.051688869873018684,0.014277267854460929
2021-03-10,0.003331430900461285,0.0045405042314543564,0.006224730408761703
2021-03-11,0.019324937714712442,0.019586189871732218,0.010138971182605427
2021-03-12,-0.009057992873818255,-0.008021219399294566,0.0013468616165202008
2021-03-15,0.011308059847324747,0.01129258818173029,0.005963553968804769
2021-03-16,-0.0010748933951547635,-0.0001608593184028173,-0.0012612751138161293
2021-03-17,0.009156587401053962,0.010225193385960063,0.0034101179231544876
2021-03-18,-0.02483660664823606,-0.024538559103896018,-0.014549719642337311
2021-03-19,-0.006156349548094298,-0.006151383244518471,-0.0018503857186512596
2021-03-22,-0.0031076570343888665,-0.0031091907657322393,0.007984916517992824
2021-03-23,-0.008199658702091495,-0.007889915623988664,-0.007870719803094284
2021-03-24,0.012134022549202372,0.012134176459734247,-0.005083693985145743
2021-03-25,0.011632589141736815,0.012518005224409823,0.005625509791168382
2021-03-26,-0.008895079748449497,-0.00725430628650936,0.01611520510962028
2021-03-29,-0.014259161024464895,-0.013179548957089726,-0.0005050677201268172
2021-03-30,0.004793759967500977,0.005084852840902876,-0.0026529869357009295
2021-03-31,-0.001887484580127663,-0.00173866858744387,0.004053336989545242
2021-04-01,0.007714125941529648,0.008634640976515895,0.01079898770728227
2021-04-05,0.0010498079891489986,0.0021214374070572806,0.014353000912468827
2021-04-06,0.00455983447960584,0.00468734994323694,-0.0005904381348361687
2021-04-07,0.0004935636811187472,0.0015363239052752498,0.0011571532122607309
2021-04-08,-0.0053864420837838045,-0.0047639740273235365,0.004746921580444985
2021-04-09,0.012464889209145458,0.012749445761969014,0.007270308611095455
2021-04-12,-0.00766429981138661,-0.005903935882900502,0.00036440318762598345
2021-04-13,0.0011545977425448939,0.0011510891597783512,0.002963706265906252
2021-04-14,0.016184675894258316,0.017071906936666492,-0.003415264904160109
2021-04-15,-0.009648855450425375,-0.007846337314335261,0.010742401381259592
2021-04-16,-0.0008394780650138323,-0.00024207733604553194,0.003342692028694305
2021-04-19,-0.006959878158170341,-0.006344022923439274,-0.004913119828336532
2021-04-20,-0.020108346204918304,-0.02006753454509247,-0.0073217139981323065
2021-04-21,0.02689255884565589,0.02682890446876529,0.009462360108296153
2021-04-22,-0.015889121118886296,-0.014376980759257196,-0.009133401844107936
2021-04-23,0.011252103215496856,0.01121987972557048,0.010842672320402036
2021-04-26,0.004508921522274667,0.005397251239694034,0.002087401351984264
2021-04-27,0.004554511698128261,0.005750688112332369,-0.00021523336345175004
2021-04-28,0.0022471256982137255,0.0031417772820494516,-0.00028764262280056574
2021-04-29,0.013225965889882119,0.013503756786627408,0.006372995324324782
2021-04-30,-0.003232020939133773,-0.002030690669049484,-0.006570694776350083
2021-05-03,0.005950037453527068,0.006552861222199224,0.0021568442127644083
2021-05-04,-0.007227516255360111,-0.00629847081786461,-0.006169431801958725
2021-05-05,-0.00664224238408595,-0.0066275933131422216,0.00031297818855713366
2021-05-06,0.006736068483842228,0.007337310209056369,0.007985753323809686
2021-05-07,0.005798835456074736,0.006695580802647871,0.007277860569789407
2021-05-10,-0.00997112794432431,-0.009053241848926752,-0.009902623861569038
2021-05-11,0.013455469275417853,0.013738151398865472,-0.008924620863319688
2021-05-12,-0.01847448174873212,-0.01784865799637525,-0.021245312338954547
2021-05-13,0.007917895190138413,0.00821489612500792,0.012012699945362248
2021-05-14,0.019547389586663577,0.020103136520147835,0.015355355231965184
2021-05-17,-0.008110899640728642,-0.007064805278906516,-0.0025446452045313483
2021-05-18,-0.003271353199925775,-0.00281902666696765,-0.008615570162786246
2021-05-19,-0.005639039423207204,-0.005191208946078163,-0.002621857416333584
2021-05-20,0.008545170012565162,0.009286372193485048,0.01075798678127704
2021-05-21,0.001231142706606514,0.0018285991475550656,-0.0008187903933760676
2021-05-24,-0.006498256084342402,-0.006184372156181173,0.010194355752125794
2021-05-25,-0.006525464366211264,-0.006217853529004835,-0.0022186729861383148
2021-05-26,0.003170315464062101,0.0034573652705072178,0.0019846702362358304
2021-05-27,-0.001356032624180492,-0.0007460242411890805,0.0005248848963783637
2021-05-28,0.0006136850664453242,0.0018179468009953403,0.001788669452209124
2021-06-01,-0.004703039101287776,-0.004092791977128307,-0.0008809713013512299
2021-06-02,0.0029535730107386193,0.003247437796957131,0.001572716829588039
2021-06-03,0.0075302856454741995,0.00842295972319862,-0.003711230760408135
2021-06-04,0.0030200136310780668,0.004519219702497246,0.009145641655499137
2021-06-07,-0.0076390977605574895,-0.0064256421849278045,-0.0009702075941184773
2021-06-08,-0.0005112825707072055,-0.000509669605259,0.00021336515271785927
2021-06-09,-0.00445987791532465,-0.004153084825272435,-0.0014919931644392648
2021-06-10,-0.00345735752623777,-0.003145747348671346,0.004648250980785473
2021-06-11,0.0027558656260358028,0.003651477447385032,0.0016525140369889613
2021-06-14,-0.01611480307919566,-0.015489724135147154,0.0022388539098872062
2021-06-15,0.0032607980695036343,0.0032469617865875655,-0.001834142291169627
2021-06-16,-0.0006032955906662973,-0.00030636315707399664,-0.005583327260126558
2021-06-17,-0.03380938078004847,-0.032565901976186695,-0.00033158392084065014
2021-06-18,-0.017873657104635066,-0.017538431896999995,-0.013490338228166254
2021-06-21,0.02090131677767748,0.020854641072009628,0.014316035145870876
2021-06-22,-0.0027817524957419737,-0.002474640538819961,0.0053461357899979856
2021-06-23,0.001681407811005009,0.0016736945188791097,-0.0012052395544164263
2021-06-24,0.005412383812152255,0.006288141531247238,0.005915503387092791
2021-06-25,0.0072243921374510744,0.009023682281886103,0.003552053484238815
2021-06-28,0.0008779338238700252,0.001471421857336619,0.0020158852339571265
2021-06-29,-0.00429104545486636,-0.0033883357496179434,0.0005383154646545485
2021-06-30,0.004207343175496092,0.004803860385370395,0.0008417081302440899
2021-07-01,0.010542887498738773,0.010821795507198972,0.005536470299454255
2021-07-02,0.0017149414584782807,0.002913330346525189,0.0076435279410072
2021-07-06,-0.009049388901333666,-0.008139082149159815,-0.0018214823523000634
2021-07-07,0.0016725009722808881,0.0025844109874422205,0.00353385610924839
2021-07-08,-0.0065229560755554195,-0.005910718407099891,-0.008147715015089818
2021-07-09,0.019398456727800273,0.01935745969741287,0.010674565188096619
2021-07-12,0.002194101607451815,0.0029421734918442244,0.003582062181022083
2021-07-13,-0.011631850286425216,-0.010266427321551586,-0.0034090862284404944
2021-07-14,0.0017449498215962311,0.002329872150232948,0.001492260953441793
2021-07-15,0.0007200872454604657,0.0007187507248338498,-0.0034155007412670635
2021-07-16,-0.000885724206699634,-0.0002742707194119953,-0.007843370216515821
2021-07-19,-0.005798005708833487,-0.005191696625274744,-0.014767986923154508
2021-07-20,0.020851454206174402,0.021419505001511574,0.014330404990878565
2021-07-21,0.016489540207220044,0.018276554624334862,0.008096174823552404
2021-07-22,0.013382234947503457,0.014618695367648149,0.0020943007044604833
2021-07-23,0.008755234963622627,0.009367235503697557,0.010287704846807078
2021-07-26,0.0005280297340508611,0.0012741099849804538,0.002455094289028237
2021-07-27,0.0025124659966535567,0.0031138720663121955,-0.004557784059542214
2021-07-28,-0.008257971480008064,-0.00750780417794894,-0.00041001189548972583
2021-07-29,-0.0053145258029688724,-0.0050048207996931104,0.004147376305794204
2021-07-30,-0.0022132420858649304,-0.0019106697318646004,-0.004856295259186072
2021-08-02,-0.004586941603156869,-0.004582101775101988,-0.002098229444887023
2021-08-03,0.002759913224013255,0.003058192035910068,0.008135738363774347
2021-08-04,-0.00794074457702676,-0.007025184076923208,-0.004919276175308518
2021-08-05,0.0053722594079577135,0.005658264852019812,0.006332913972587173
2021-08-06,0.009132428085654176,0.009426811334334761,0.0016525119114676468
2021-08-09,-0.005171886303313333,-0.003666114423811262,-0.0008132787695330768
2021-08-10,0.002993407490674338,0.003296522197560936,0.0012437879086935055
2021-08-11,0.005229952810561933,0.006744975573347967,0.002484929302334349
2021-08-12,-0.0029617437244953138,-0.0023655129390787177,0.002996784370488559
2021-08-13,0.0036267960143241407,0.004222998606413064,0.0018201725953972403
2021-08-16,0.005672899769170403,0.006260791047651537,0.0023544158547013083
2021-08-17,-0.0041350633030826645,-0.003245412309121898,-0.006555187973096399
2021-08-18,-0.012880589565092637,-0.012264116004744308,-0.010945064584911401
2021-08-19,-0.0011634059357179538,-0.0011703699163193582,0.0015482596705671536
2021-08-20,0.005028497333134041,0.005323170684670364,0.007957122061817978
2021-08-23,0.013139960921449534,0.013719717528896558,0.00879672556769262
2021-08-24,0.006087378950722089,0.007424846672186458,0.0015872541907666626
2021-08-25,0.007018061795852848,0.008060874976829835,0.002098419820750985
2021-08-26,-0.005750279252790813,-0.0045468369796385355,-0.0059031282343174896
2021-08-27,0.004487212490344339,0.004782577815794387,0.00894090402343628
2021-08-30,0.0011572060127893469,0.001457209613199062,0.004397467108962605
2021-08-31,0.0023200521061073065,0.0036714546086398236,-0.0014812880351373625
2021-09-01,0.0050928881088811995,0.005839850660937174,0.0005314161853522403
2021-09-02,0.0036144914242068893,0.004823448743829006,0.0030764616235630093
2021-09-03,-0.007397018034259073,-0.006774736050956243,-0.00024290343494204336
2021-09-07,-0.01096252323627589,-0.010932945021787654,-0.0035753698350161622
2021-09-08,0.006207552842141695,0.006183775877154574,-0.0012181561751476444
2021-09-09,-0.01127891888574506,-0.010072615778132787,-0.004280397855445428
2021-09-10,-0.0038619435717487383,-0.0032440100016564166,-0.007884654206780861
2021-09-13,0.0035764898179548865,0.0038755670477019777,0.0025594782926405824
2021-09-14,-0.009880403276196326,-0.008963642030153984,-0.005396438573365359
2021-09-15,0.008168987288514673,0.008447104637414604,0.008352513676311624
2021-09-16,-0.0075616761171447555,-0.0066573558764547736,-0.001585276449892814
2021-09-17,-0.013492964562055954,-0.012877427895645166,-0.009740946114425886
2021-09-20,-0.007663770768680411,-0.007646837492582659,-0.01667434948370894
2021-09-21,-0.0035400389464205206,-0.003531918995294814,-0.0009447129788767716
2021-09-22,0.008129868546989272,0.008416229671645459,0.009755012194987867
2021-09-23,0.015111499479453006,0.015985462600619726,0.012149979332359617
2021-09-24,-0.011741359542626673,-0.009649209627592414,0.0016473311100926313
2021-09-27,-0.011424428966843814,-0.011397541125273025,-0.002861017287015377
2021-09-28,-0.002853949007556089,-0.002847705531160649,-0.02015188381978017
2021-09-29,0.010052964322796232,0.0103332665957383,0.0016832615568036502
2021-09-30,-0.012702778739823173,-0.012075375450625203,-0.012222361496838974
2021-10-01,0.0001082092641055965,0.00010987890252089905,0.011884327280136997
2021-10-04,-0.002996503336855194,-0.002702463611316319,-0.012896261105424633
2021-10-05,0.004272374828626413,0.005178992399065718,0.010404922601927158
2021-10-06,0.007560455542477973,0.007532832558510005,0.00415598007600626
2021-10-07,0.013432370306366348,0.014765488440913632,0.008645708705106392
2021-10-08,-0.0018897185523005788,-0.0009883633387403057,-0.001823632558234256
2021-10-11,-0.0034234436580061756,-0.002821736447514933,-0.00723974738606703
2021-10-12,0.0016899701608710238,0.0021383599237840833,-0.0024614980437046574
2021-10-13,0.0020427595723142566,0.002345078791840205,0.003597630083474357
2021-10-14,0.017053787233771933,0.017028550180448354,0.01682082847824895
2021-10-15,0.0078393754012267,0.009490931445552464,0.007615542520026386
2021-10-18,0.0013412213395807004,0.002098382067797777,0.0029603325103315647
2021-10-19,0.004421321239337583,0.004871586935258909,0.007715093650185745
2021-10-20,-0.002275977591345346,-0.0012174253368985033,0.003927606348205215
2021-10-21,0.002014997546698316,0.002759375731699487,0.0026083527292575237
2021-10-22,-0.0009847882413067666,-0.0006865475465226423,-0.0010362100192337076
2021-10-25,0.00047490699305141604,0.0009154198494716326,0.005362773549228761
2021-10-26,0.0018840016504049206,0.0018815888660206337,0.0009000342437031073
2021-10-27,0.001387088847375706,0.0026058842745639854,-0.004430217649496471
2021-10-28,0.006227858100603445,0.007434710919320686,0.009648910449911119
2021-10-29,-0.005252770783691241,-0.005243519440541022,0.002029176197748228
2021-11-01,0.014657089673850043,0.015235030380729375,0.0017200600493494367
2021-11-02,-0.0005749513384638583,0.0006359976087799701,0.004043179448625089
2021-11-03,0.0050547524923836296,0.0053384231680218,0.006105265031711049
2021-11-04,-0.003459225084691764,-0.0025576517373541163,0.004712578357497943
2021-11-05,0.003624453285835605,0.004498079681129363,0.0034695671947455597
2021-11-08,0.011746280395048547,0.012029700642545826,0.0008537203550846861
2021-11-09,0.005814571156127268,0.006855125349124025,-0.0033053010479855427
2021-11-10,0.0048156310725882,0.00587351765030375,-0.008044953669156585
2021-11-11,0.002391948940837052,0.003583577622530809,0.0003237379971499088
2021-11-12,0.006852429720820785,0.007443911896410471,0.007546493606379379
2021-11-15,-0.004547356234247402,-0.003043017605007803,0.00034250678938541057
2021-11-16,0.001789671105334678,0.0023736045094659985,0.003957897188071158
2021-11-17,-0.0044046691289898465,-0.0037870350688428145,-0.0024292040132970483
2021-11-18,-0.0028946930763829037,-0.002588509570461639,0.003396398451554594
2021-11-19,-0.007186788871076044,-0.006573178024230186,-0.0017881701531110572
2021-11-22,0.008486587905804921,0.008471638924635316,-0.002815273861006551
2021-11-23,0.01269146367644991,0.01417549740173718,0.001325952030557298
2021-11-24,0.0007144290238667583,0.0022189879099194787,0.0026699268984593516
2021-11-26,-0.02498662471923474,-0.024622806816169907,-0.022303137197962175
2021-11-29,0.005689009524727506,0.005684957527900103,0.01226665407884786
2021-11-30,-0.028459931538568295,-0.027789113454015357,-0.01945774783697074
2021-12-01,-0.01979116436588868,-0.019731213946621584,-0.011107221187110827
2021-12-02,0.019653213104035894,0.019600313617602838,0.01531637869389968
2021-12-03,-0.01155151899715301,-0.01122862065496566,-0.008701426575988491
2021-12-06,0.01834317813228381,0.018898257637086857,0.011843417699721082
2021-12-07,0.03544014444300947,0.03657307411882926,0.02068474258430708
2021-12-08,0.004571779731398218,0.005456087795413511,0.0026479531544385537
2021-12-09,-0.010124503456531486,-0.009804358404552183,-0.006751637248578635
2021-12-10,-0.0009182196938196663,-0.000763042445351636,0.00941362464499318
2021-12-13,-0.005859597044324261,-0.005840755891214577,-0.008858385467373608
2021-12-14,0.004599825393226009,0.005950851792708711,-0.006879993554988806
2021-12-15,0.0246540015156258,0.024596248145410282,0.015624969192423288
2021-12-16,-0.009185977554145741,-0.007663088897487014,-0.008818311214292551
2021-12-17,-0.0065625667468742765,-0.005952958264157426,-0.01064301806473067
2021-12-20,-0.01905119129640176,-0.01900546098356648,-0.010633355409267242
2021-12-21,0.03292043374962739,0.03345572519477802,0.017758823509654187
2021-12-22,0.001408960361042988,0.0023176279046337456,0.009998795089018797
2021-12-23,0.006276240339103234,0.006856647545948613,0.006222071624005343
2021-12-27,0.002475753914339185,0.0035027925702888485,0.014152304037380992
2021-12-28,0.00016049579339916242,0.00016200551997069823,-0.0008172525028188327
2021-12-29,0.0003303521019206723,0.0006337782383509794,0.0012791776389848852
2021-12-30,0.0010983164405824475,0.001250430947932868,-0.002764413050813319
2021-12-31,-0.0018584130552457,-0.0017053999220395522,-0.002520379669829431
2022-01-03,0.0,0.0,0.0
2022-01-04,-0.005411254339660276,-0.004961254339660326,-0.004977391438572232
2022-01-05,-0.01346997234744951,-0.013315240172375842,-0.01920201479298711
2022-01-06,0.0035833379789418363,0.0035812855427925783,-0.0009395128389212415
2022-01-07,-0.005625472120299624,-0.00562389420851428,-0.003953361232545971
2022-01-10,-1.7608679460212606e-05,-1.763438061852529e-05,-0.0012445144398554042
2022-01-11,0.0028551484858641007,0.0031517740804678507,0.009108359337260952
2022-01-12,0.005404106140702192,0.006002716290197663,0.0027035177708931712
2022-01-13,-0.010773113016007141,-0.00973123324134162,-0.01377859103890422
2022-01-14,-0.0078494367453672,-0.00753241055179088,0.0004090452475156159
2022-01-18,-0.009708582076743189,-0.009243162645131364,-0.017709580758721977
2022-01-19,-0.008003022732327336,-0.007685850463893806,-0.010383589964794715
2022-01-20,-0.011505954083293357,-0.011489025982335366,-0.011067901810805636
2022-01-21,-0.008028472688626054,-0.008014876846639485,-0.019630868636643317
2022-01-24,0.0075441098570847576,0.007526755069266811,0.004246878239750673
2022-01-25,-0.011789274951274797,-0.010876743639560482,-0.01220891672208435
2022-01-26,-0.002846523884263541,-0.002543002869962785,-0.0025088279326753726
2022-01-27,-0.009021355432888845,-0.008705097647298543,-0.004937995216556357
2022-01-28,0.019920509617384896,0.020799352895681134,0.024835270076550175
2022-01-31,0.01503872395216388,0.01607819434971236,0.018011008304968934
2022-02-01,0.008932589310200578,0.009813311752270737,0.006757108821755953
2022-02-02,0.0005281628382385328,0.0011318398900519444,0.009714029631795906
2022-02-03,-0.00026441254510845,-0.00011322814225722677,-0.02350487551527236
2022-02-04,0.0003593600577771472,0.0008093600577772087,0.004702055938193839
2022-02-07,0.003074062276849032,0.004122634231972899,-0.003209187550262338
2022-02-08,0.016150101809536688,0.01677125952217806,0.008227814651572851
2022-02-09,0.018230496363358162,0.018845870419633926,0.014635993948788784
2022-02-10,-0.012681622488823874,-0.011496822874543566,-0.017965675675963855
2022-02-11,0.0020435086727803586,0.0026383881306197843,-0.01971838609556764
2022-02-14,-0.006076031237666313,-0.005453385080474327,-0.003269444929599463
2022-02-15,0.0033106115003385117,0.0032960190185091776,0.0161268199792155
2022-02-16,-0.0019789460536149273,-0.0013807045705859222,0.0011209100340507927
2022-02-17,-0.006000967333481544,-0.005694702292969311,-0.021361538048794926
2022-02-18,4.4993339147758604e-05,0.0006420349311575535,-0.006474970000900249
2022-02-22,-0.0006709984736203989,0.00023790154150460374,-0.01073175932998438
2022-02-23,-0.00835338092095661,-0.007424396861471783,-0.017738581909533258
2022-02-24,0.0023172046740009833,0.0026271917821028,0.015049062778827116
2022-02-25,0.028139481503283603,0.028690576141566337,0.022064049375030814
2022-02-28,-0.012257543978505647,-0.01090266394722128,-0.002558438159107057
2022-03-01,-0.015962775000850304,-0.01577330746700989,-0.015230198095190106
2022-03-02,0.029435746883884617,0.03014662043845351,0.01839610239405065
2022-03-03,-0.0024982017849831673,-0.002028289242186343,-0.004978467208594628
2022-03-04,-0.01678291216689054,-0.016442170120676725,-0.0081247405423851
2022-03-07,-0.02301204488890929,-0.022944581718275514,-0.029479053618148177
2022-03-08,-0.002237148636064501,-0.0015003492907723626,-0.007581794174490009
2022-03-09,0.033479193785481476,0.03416092377078073,0.026810872794151175
2022-03-10,-0.003673700786320011,-0.003082407785708563,-0.004515613552211306
2022-03-11,-0.01561419596744995,-0.014705255402566508,-0.012715116705589002
2022-03-14,0.0036013390631366438,0.0035837951341006757,-0.007308392231885175
2022-03-15,0.011686207101222923,0.012583611615525347,0.021990688578889417
2022-03-16,0.01116996678815707,0.011441056259501758,0.022174168695649366
2022-03-17,0.023461207540789397,0.024634311266224396,0.012511025144981147
2022-03-18,0.0004765963890753788,0.001220002128286879,0.010952641805038965
2022-03-21,0.02107609406791,0.021653737826199393,-0.000292402351469101
2022-03-22,-0.0015701084747604677,-0.0006684328284869423,0.011701265575344122
2022-03-23,-9.156588078218508e-05,-9.142972685072248e-05,-0.012878365243265688
2022-03-24,0.009291890277160153,0.010646462364896303,0.015074388504740854
2022-03-25,0.00789142431784251,0.008491928303246965,0.004883523798580258
2022-03-28,0.0025383360764672513,0.003289966647370246,0.0071131866865845605
2022-03-29,0.0012040650760236637,0.0016545931837075312,0.012370732215050584
2022-03-30,0.0022338311022009893,0.0028283866469860364,-0.006174849668612592
2022-03-31,-0.013765102630158399,-0.013459137950407207,-0.015391215415467396
2022-04-01,-0.008177441346840508,-0.007579186832340157,0.0028340044070318537
2022-04-04,-0.007118711239743503,-0.006805168507217574,0.008566656759556146
2022-04-05,-0.006464934143592838,-0.006152272262305636,-0.012631314983390096
2022-04-06,-0.001999763445650782,-0.001998103278969876,-0.009999122518356551
2022-04-07,0.007246940148092351,0.007849323259547791,0.005038878284455484
2022-04-08,0.003824915832357778,0.00500275103229364,-0.002674231509648295
2022-04-11,-0.0015871476510498361,-0.0009743400311754691,-0.017092173752834783
2022-04-12,-0.0006067632070204665,-4.646787220119464e-06,-0.0037051844141023915
2022-04-13,0.019308490257861965,0.020488839593537866,0.011453672102416768
2022-04-14,-0.0016404601841114586,-0.0004302433926215432,-0.012451878753066081
2022-04-18,-0.0074065425413581965,-0.0070950675534700025,0.00041113991484453827
2022-04-19,0.011741054161664266,0.011718168846244215,0.016142654654739852
2022-04-20,0.003550494200432075,0.005042262723505164,-0.0007414409095629626
2022-04-21,-0.019665175536453416,-0.018897906310463952,-0.014953597862132795
2022-04-22,-0.007482411205850914,-0.006994841615226455,-0.02743919741797829
2022-04-25,-0.0026958081624269825,-0.002704025827419909,0.005797616816809015
2022-04-26,-0.004037133600033882,-0.004029397694099601,-0.028960703029004775
2022-04-27,0.0026447330149217407,0.0026353733238486665,0.002811752416221891
2022-04-28,0.011746411729373518,0.012336561873461216,0.025259442325715753
2022-04-29,-0.023461485968237827,-0.021982302865232617,-0.03695583506465949
2022-05-02,-0.0019080969774032397,-0.0019075966204460393,0.0060196541542922866
2022-05-03,0.006225921849870808,0.006519486275857522,0.004583955015679431
2022-05-04,0.02235461012322637,0.02264976450691103,0.030453080210405936
2022-05-05,-0.020611515338918363,-0.01912484823911098,-0.035542964270966704
2022-05-06,-0.008974428231900755,-0.008652522556141573,-0.005968884754121717
2022-05-09,-0.03182043306967264,-0.030912918712269644,-0.032017353045864616
2022-05-10,0.0024135506785263328,0.0027239190914347677,0.0023106431067470012
2022-05-11,-0.004718584105634416,-0.004397854556352998,-0.015886166883656405
2022-05-12,0.000189849750760418,0.00018983881862388863,-0.0010438388378198882
2022-05-13,0.017844136731984372,0.018122373203980136,0.023907721019996053
2022-05-16,0.00022911146675586025,0.001147023441108841,-0.004057595129336677
2022-05-17,0.014461641712099738,0.014729544700972319,0.020570335551547858
2022-05-18,-0.007754279714790591,-0.006888800754249358,-0.04031137164592191
2022-05-19,-0.0012237275495344813,-0.0001796281065001848,-0.0061247265776605
2022-05-20,0.0057841157498945694,0.006228684039200294,0.0004366095528771652
2022-05-23,0.017405783383410478,0.017382085050726914,0.018709863552091477
2022-05-24,0.01602767543353112,0.01646038226285862,-0.007633603994165794
2022-05-25,0.003538510677005391,0.004886861935019082,0.008834853633777229
2022-05-26,-0.00665466204350873,-0.006189536153704989,0.019981491670231888
2022-05-27,0.0005298277753784664,0.0006826796149588255,0.024549065301910034
2022-05-31,0.0,0.0,-0.005610917384172742
2022-06-01,-0.0006543765222839504,-0.0005043765222839669,-0.008088612713119558
2022-06-02,-0.0032287616418628096,-0.002328137813942033,0.01904379485621921
2022-06-03,-0.003168217830098796,-0.0027173227813259704,-0.01641183099374688
2022-06-06,-0.00015086796011587467,0.00015135336478921957,0.0030447692563257966
2022-06-07,0.009346848606389013,0.00963737319556568,0.009592245726223414
2022-06-08,-0.005594154878199253,-0.0043860229121470695,-0.010872143184489369
2022-06-09,-0.022630338442497067,-0.022007537655348908,-0.023783059889403213
2022-06-10,-0.004011100919813826,-0.004008080310560547,-0.028995451560883678
2022-06-13,-0.03158365994215162,-0.031527998049821426,-0.03796819538522256
2022-06-14,0.004471904472853172,0.0044616779582205,-0.003013344738324264
2022-06-15,-0.00417404732784854,-0.003852652581511018,0.014256296544701064
2022-06-16,-0.02570493440433197,-0.025084902786109975,-0.03309610344806069
2022-06-17,-0.01666569704704779,-0.015764243642517384,0.0021559293804278568
2022-06-21,0.02907781272486809,0.029033969633217138,0.025173557967893778
2022-06-22,-0.026931365498166993,-0.026436810349567685,-0.0018131285791349594
2022-06-23,-0.008949936966377803,-0.008791687710018925,0.009802696107800157
2022-06-24,0.0017358714860147284,0.0023268988527931356,0.03179377278044915
2022-06-27,0.021666617674171773,0.021633606907495828,-0.0038195747559410798
2022-06-28,0.013754454933768923,0.014336953395921226,-0.020432949158319502
2022-06-29,0.0030240443454754296,0.003315830250675944,-0.0008142957228024494
2022-06-30,0.0,0.0,-0.008124306247192736
2022-07-01,0.0,0.0,0.010576448843111264
2022-07-05,0.0,0.0,0.001888758387074363
2022-07-06,0.00017038683731485094,0.0006203868373146904,0.00337731846321776
2022-07-07,0.0018276447783478478,0.0018268228481121973,0.014977006355389788
2022-07-08,0.0017563444215846769,0.0019081822774360546,-0.0008228064661620627
2022-07-11,-0.002014594008665993,-0.0018619508053832057,-0.01142348478148858
2022-07-12,-0.0010704442047948515,-0.0009199273920410533,-0.008848764380838037
2022-07-13,0.00124805145085638,0.0021470881688943066,-0.005251605978023877
2022-07-14,-0.015649928267603364,-0.015339258700339808,-0.002428638768715019
2022-07-15,0.017423973450012564,0.01771039842997113,0.019105083939800593
2022-07-18,-0.010932055644835126,-0.010004853151982518,-0.00825689857045786
2022-07-19,0.014703566795981393,0.01528380502472726,0.027019088730410923
2022-07-20,-0.0026589780194663515,-0.0020614258708430144,0.006373310471702309
2022-07-21,-0.007187615616212839,-0.007017586054025582,0.010183094919505864
2022-07-22,0.0006664775047953153,0.0009593945223820288,-0.009278181980042599
2022-07-25,0.003964262299747334,0.00425490542783824,0.0012148683152017892
2022-07-26,-0.0039911647963850605,-0.0035384014130118713,-0.011830756638421591
2022-07-27,0.007311770803781981,0.008198154216872755,0.02596626155387205
2022-07-28,0.009641703452023975,0.01023318702208642,0.012542395933048622
2022-07-29,0.002413733289806652,0.0028650189063055276,0.014578678983015791
2022-08-01,-0.0015475149899163432,-0.0007936434026007966,-0.0029613105659768157
2022-08-02,-0.01167418554931432,-0.011220423964407034,-0.00659721491084031
2022-08-03,-0.003502028061228568,-0.003201882892785557,0.01565939754464063
2022-08-04,-0.0075054592274631515,-0.007050078475245081,-0.0006753096752750709
2022-08-05,0.006883600580786409,0.007478879627322188,-0.0016903501671180488
2022-08-08,0.008124436054172346,0.008420011958834905,-0.0011609416545834694
2022-08-09,0.004761229759973951,0.005656286189099857,-0.0039707636884128705
2022-08-10,0.007537886237575897,0.008741678887852045,0.02100393645804144
2022-08-11,-0.00017269550522991395,0.00013018107183859762,0.0
2022-08-12,0.0200675301072768,0.020474403930301976,0.01692884587025767
2022-08-15,-0.004380934295061256,-0.0031943040798496636,0.004120838742911914
2022-08-16,-0.0008024405222899489,-0.0006527940039118274,0.00195853342608876
2022-08-17,0.0,0.0,-0.0070979265555152216
2022-08-18,0.002813727403082611,0.003713727403082512,0.0029066092909375563
2022-08-19,-0.007299940803653482,-0.006845949140957153,-0.013438200216609575
2022-08-22,-0.017876835582827155,-0.01770898915148733,-0.020822355836348505
2022-08-23,-0.005747377705547674,-0.005742907756744575,-0.002419219584622545
2022-08-24,0.0005953237377875897,0.0005949870518311418,0.0032009669038008948
2022-08-25,0.017612538662657773,0.017592549398877777,0.014117583909121878
2022-08-26,-0.030335100852713848,-0.02882375734384479,-0.03384896746874344
2022-08-29,-0.0008692342069535064,-0.0008662809573852792,-0.006612190165563581
2022-08-30,-0.008821044263454314,-0.008803710578948354,-0.010978028392464423
2022-08-31,-0.005495563608211906,-0.0054832061334252336,-0.007609215770564726
2022-09-01,0.011372633615429839,0.01226341058499214,0.0031379949255347928
2022-09-02,-0.01396080600784555,-0.013039426102045226,-0.010544363180384764
2022-09-06,-0.003096995119099444,-0.002794738751427328,-0.0037731157439623297
2022-09-07,0.01963973113641737,0.01959763456010477,0.017964905209541637
2022-09-08,-0.008683778358448468,-0.0071873980357873846,0.006536386800654492
2022-09-09,0.0022297040215031316,0.00237771367139894,0.015535204117248513
2022-09-12,0.0018071770815861754,0.0018042084094123112,0.010747729314671384
2022-09-13,-0.0019228245012414824,-0.0017706830569984566,-0.0434824401281263
2022-09-14,-0.0012823347283161812,0.00021574176959138214,0.0038157635467981343
2022-09-15,-0.012612847538178484,-0.01230922951587543,-0.011353312270845572
2022-09-16,-0.0011262361109229957,-0.0011258899037994707,-0.007628934124167208
2022-09-19,0.009083743476254735,0.00938364621755805,0.007754857696448125
2022-09-20,-0.015143568672632557,-0.014087224869890447,-0.011478539223154227
2022-09-21,-0.016693337922142004,-0.01622362306358993,-0.017443764762905545
2022-09-22,-0.015168816309436672,-0.015151190631798483,-0.008399775628965434
2022-09-23,-0.013796168952855847,-0.013461638665035469,-0.016754959913737766
2022-09-26,-0.008328077107772947,-0.008315044875528144,-0.009892579822617376
2022-09-27,0.00014493933731296593,0.00014614186997019551,-0.002552688629687938
2022-09-28,0.013728441298185956,0.01490997229584523,0.019676188112379256
2022-09-29,-0.010142651279812176,-0.00953064457439412,-0.020888912561054407
2022-09-30,-0.006341014299599657,-0.005887785628681197,-0.015463495547191619
2022-10-03,0.018387372525504375,0.018350356528002987,0.026401266969970916
2022-10-04,0.006590701959017231,0.0076278654792449885,0.030986558600778036
2022-10-05,0.0,0.0,-0.0023281127889307474
2022-10-06,0.0,0.0,-0.01031586184476152
2022-10-07,0.00023635881289618688,0.0003863588128962814,-0.027893942489252477
2022-10-10,0.0014118667446165745,0.0014116550463962874,-0.0076353096836598855
2022-10-11,-0.0009052221453953457,-0.0007554113171484023,-0.006332909972757483
2022-10-12,0.0034582572073158513,0.004363562587605951,-0.0032986760012650995
2022-10-13,0.042229504288982866,0.043109929746671494,0.02639137865104102
2022-10-14,-0.016353541063149235,-0.015430757771477621,-0.022788745904938512
2022-10-17,0.01666477215118567,0.01709041997067584,0.0256967622969273
2022-10-18,0.014869429138224755,0.015443548403501595,0.011749749001394472
2022-10-19,-0.0002921307659472516,-6.898640152463997e-07,-0.007086385519014526
2022-10-20,-8.978749126242747e-05,0.0002106735312470409,-0.008385403383119883
2022-10-21,0.0011313461948734282,0.0011310038779812626,0.024301344375728506
2022-10-24,0.003274679581061868,0.0032736898647891532,0.012236428921737819
2022-10-25,-0.00023944861277236384,-8.425432660696952e-05,0.015968613704059775
2022-10-26,0.0,0.0,-0.007534192412415375
2022-10-27,0.0,0.0,-0.005339616270874203
2022-10-28,0.0,0.0,0.02379044291552379
2022-10-31,0.0,0.0,-0.007223193736808575
2022-11-01,-0.0005203703703703377,-0.00037037037037035425,-0.004375951673780798
2022-11-02,-0.005152009267554103,-0.00500152333441839,-0.025096187507376855
2022-11-03,0.014433649906585133,0.015631219919452377,-0.010296956219329911
2022-11-04,0.00882811268665562,0.00911998427895555,0.014393336366689047
2022-11-07,0.007803752099861061,0.008716351926654653,0.009565449767275691
2022-11-08,0.0067826493636355956,0.006924339220757414,0.0053955227819986185
2022-11-09,-0.013133667694298023,-0.012513319067861906,-0.020602300842125332
2022-11-10,0.051524979767163304,0.05157276988453163,0.05495410589836269
2022-11-11,-0.028897834641780196,-0.027078748710599565,0.009678735212036882
2022-11-14,0.0006014928761963745,0.0009023065711708522,-0.00850677916983611
2022-11-15,-0.001398049050353345,-0.0013878860610510024,0.008529248279308455
2022-11-16,0.014944094515132678,0.01521608881200498,-0.007628899041646875
2022-11-17,-0.0019556473026690613,-0.0010705062496314532,-0.0030599493056449045
2022-11-18,0.003711143801123251,0.005053903362938428,0.004540541280916521
2022-11-21,0.0018718356915201628,0.002156963470519857,-0.003636174752600918
2022-11-22,0.013661800133904833,0.014406269981730668,0.013456971219873326
2022-11-23,-0.006229360930310124,-0.00503535301978697,0.006301605638700192
2022-11-25,-0.003564052702357823,-0.003103600879198476,-0.0002237221698127012
2022-11-28,-0.011147042368838456,-0.010829021155166374,-0.015957093252224608
2022-11-29,0.00693727761095686,0.007374019927767206,-0.0017171568085417865
2022-11-30,0.020218369673292713,0.020486792275823618,0.03150052499519562
2022-12-01,0.0017012280746957487,0.0027491194502933247,-0.0007359872869332484
2022-12-02,-0.000860740312234709,-0.00041502426378026147,-0.0011537513527365428
2022-12-05,-0.02754880166353646,-0.026935688759274767,-0.017989231169653896
2022-12-06,-0.016586899840461133,-0.0162705834661373,-0.014414636741935993
2022-12-07,0.0007324371239907368,0.0007292131166640736,-0.0017013330482271716
2022-12-08,-0.012561862571558668,-0.012232171727666774,0.007834024790427163
2022-12-09,-0.015183144548825411,-0.01515858270289483,-0.007470397617597602
2022-12-12,0.021315695146302938,0.021279124890075662,0.01441723765615377
2022-12-13,0.004621512188450305,0.006263949191702034,0.007569910977531125
2022-12-14,-0.012083204412040027,-0.011025595433758917,-0.006393654626225986
2022-12-15,-0.013930190845123702,-0.01389827917473585,-0.024461545815825048
2022-12-16,-0.0039678074507738526,-0.003959396710005447,-0.011806230517979022
2022-12-19,-0.004047315134637297,-0.00403821440426444,-0.008479702491652419
2022-12-20,-0.0003602706957618329,-6.107394455312498e-05,0.0013683994281565859
2022-12-21,0.01075161288512616,0.011346660524820917,0.014952622129840387
2022-12-22,-0.01215114371109538,-0.011525483622325972,-0.014266277672469907
2022-12-23,0.004263124895958814,0.004704705686110033,0.005752459039676472
2022-12-27,-0.0066050530427606,-0.006137932069210539,-0.003943695489253662
2022-12-28,-0.009972783673374508,-0.008627730707971404,-0.01242790578122821
2022-12-29,0.019011691583550094,0.01912871184039222,0.018000546194413936
2022-12-30,-0.006817537211140867,-0.005467432210422896,-0.002634285564565686
2023-01-04,0.0,0.0,0.0
2023-01-05,-0.004432534133222643,-0.003982534133222693,-0.0076187100738590585
2023-01-06,0.0026689007068765314,0.002667694899388895,0.022931794376160664
2023-01-09,-0.004269919714446346,-0.00396967673823323,-0.0005666448269728841
2023-01-10,0.005299000637964069,0.005747388771174977,0.00701270984056146
2023-01-11,0.0051599607400589775,0.005154665482245191,0.012647872045784547
2023-01-12,-0.007073831281882104,-0.006015863146525802,0.0036408048745544264
2023-01-13,-0.004337446496233799,-0.003580853489011604,0.0038795554127670773
2023-01-17,-0.003067274031963607,-0.0030605142884206904,-0.0018318796027321227
2023-01-18,-0.017832041113834518,-0.017806518396541904,-0.01578801608828584
2023-01-19,-0.004907154177372863,-0.004899409429057977,-0.007279660983704361
2023-01-20,0.006386000658829216,0.006371868254362978,0.018629023168984737
2023-01-23,-9.629330555638305e-05,0.00020902764996288958,0.011998627342807655
2023-01-24,0.004051600742077444,0.004639284119016818,-0.0010734300935141272
2023-01-25,0.007654271331972051,0.008843848898491213,0.00037487704968164337
2023-01-26,0.0012686738650296014,0.0030633981411953837,0.010990354669102587
2023-01-27,-0.0036471678276766006,-0.0027549333381727825,0.0022975721543581074
2023-01-30,0.0008778810681469018,0.0014860919467243328,-0.012546832947207598
2023-01-31,0.014784201618438964,0.014766882618618471,0.014703494464065603
2023-02-01,-0.0060426317134856244,-0.004092816759352469,0.010627672454092796
2023-02-02,0.006281118283877785,0.0064119282545780365,0.014556989778103935
2023-02-03,-0.010076907151122083,-0.008559807070930403,-0.010629110241724748
2023-02-06,-0.0011744525347506807,-0.001168912430047686,-0.00611141786011693
2023-02-07,0.02077286672629075,0.021038816060822363,0.013078533893259081
2023-02-08,-0.004631988681408683,-0.002808310112328294,-0.010934524091624875
2023-02-09,-0.006834050357414467,-0.005634118502879537,-0.008669224521750118
2023-02-10,0.008761179845148126,0.008728595473275647,0.0023338018909189184
2023-02-13,0.012227227996222334,0.012799978553989177,0.011738835434946582
2023-02-14,0.0054862675731275345,0.006990758270144504,-0.00046020854623851637
2023-02-15,0.0025830224563083704,0.0036410710535130786,0.003247367508553145
2023-02-16,-0.012012065551801454,-0.011400556883345292,-0.01376883107066651
2023-02-17,0.00644474804481332,0.006885202919994615,-0.0024982295162850887
2023-02-21,-0.016203131129623016,-0.015879333956082875,-0.020060951744074407
2023-02-22,-0.000636239645646075,-0.0006324556132308867,-0.0013780517223561661
2023-02-23,-0.00011185399634816573,0.00020498409789926342,0.005319271066065001
2023-02-24,-0.0086055773549083,-0.008298338213133083,-0.010682312347813694
2023-02-27,0.0008115190381803306,0.0011144495340422722,0.003405843725257318
2023-02-28,-0.00013474665388069074,-0.00013876491578013184,-0.0036959509210152675
2023-03-01,-0.01354342966474309,-0.012633456671462318,-0.003835863136222417
2023-03-02,0.001613580046756713,0.0022043395435076274,0.007777295956619801
2023-03-03,0.008769732719903445,0.00967065407236678,0.016037605797672994
2023-03-06,-0.0032604377078601088,-0.002502219235577363,0.0006931161126224605
2023-03-07,-0.020630599463974608,-0.02043459304000339,-0.015328883460585474
2023-03-08,-0.0025617545432692346,-0.0025646089123015914,0.0016320983847801784
2023-03-09,-0.02961338529975921,-0.02926199036924315,-0.018449811298357877
2023-03-10,-0.011968312417419025,-0.011648996899880748,-0.014429491730757027
2023-03-13,-0.036511674093645974,-0.036434755177623734,-0.0014252820882890704
2023-03-14,0.011829173368049561,0.011809643575218187,0.016530085938712302
2023-03-15,-0.029042198065792668,-0.028406086851698098,-0.006254321725367551
2023-03-16,0.019928330369333613,0.020182037255098262,0.01754504060229478
2023-03-17,-0.01504908437488306,-0.014274922707909532,-0.011692639585236697
2023-03-20,0.014463710313815215,0.01520464100670571,0.00961561958721946
2023-03-21,0.014583931715738574,0.015310692794174185,0.013130809191266968
2023-03-22,-0.005035477022337309,-0.004581924872255505,-0.01704672207800839
2023-03-23,-0.0043262171557642,-0.00386961207688874,0.002703132867100999
2023-03-24,0.01377263440142995,0.014064762874413494,0.006562317697633935
2023-03-27,0.0038128301885400617,0.004267501877824209,0.001869811627109863
2023-03-28,0.0008441217581161009,0.0011380703010426263,-0.002244634806711554
2023-03-29,-0.00020775093009084422,0.00038494545913825284,0.014534805492768976
2023-03-30,0.0009405736543237619,0.0009400138798769664,0.005855343550946079
2023-03-31,0.003330935639294541,0.0034815392307323556,0.014094581982270649
2023-04-03,-0.0014871671954606036,-0.0013358660855804505,0.0038106022314883248
2023-04-04,0.0,0.0,-0.0055481579771146095
2023-04-05,0.005665834002706482,0.007174332753710599,-0.0026182430785609556
2023-04-06,-0.004101638269250918,-0.004101638269250918,0.0039009994131218306
2023-04-10,0.023769673440791284,0.02376967344079106,0.0010262589081024842
2023-04-11,0.010202819703111876,0.010824985299125123,0.0002684602195648367
2023-04-12,0.0005080305795708284,0.0020171398879422764,-0.0040759216449690605
2023-04-13,0.015692559885601698,0.01626195130839747,0.013282797961150505
2023-04-14,-0.009645058424896713,-0.00769954263324657,-0.0024427678638191397
2023-04-17,0.01293849302251715,0.013673017097878715,0.0035882743780331072
2023-04-18,-0.002844636490769714,-0.0016390727020291207,0.0006521178700162888
2023-04-19,-0.0035915113786226804,-0.0035681358195491786,-0.00016890611551734214
2023-04-20,-0.003466305566763417,-0.0028419075482325473,-0.0054570894445473694
2023-04-21,-0.00930324868154242,-0.008385935991120474,0.0007768749876666536
2023-04-24,0.0013379578553727178,0.0013337376315964988,0.0010432772949395819
2023-04-25,-0.02099212216102775,-0.020953923063989355,-0.01587393177842178
2023-04-26,-0.009061132585441722,-0.008445900760287062,-0.004235452577114329
2023-04-27,0.0026149028232933524,0.0026115660644541183,0.019907926264709275
2023-04-28,0.0089979636011297,0.009276665711265952,0.00853510646528055
2023-05-01,0.0021155624183619715,0.0033138243654609045,-0.0010097822511899723
2023-05-02,-0.009560512062012583,-0.008494723276883831,-0.011238882951136397
2023-05-03,-0.018653591284033655,-0.01786605225829052,-0.006864417437265069
2023-05-04,-0.007723158599080682,-0.007698193904650985,-0.007082785109090439
2023-05-05,0.02328546112868235,0.023819202436029085,0.018512631002797875
2023-05-08,-0.0014847009354334029,-0.0005748629665337512,0.00026649536807865637
2023-05-09,-0.002053585559321447,-0.002051012399727825,-0.004385422308878284
2023-05-10,-0.002707051488683221,-0.0017899056272069336,0.004672491975553417
2023-05-11,0.008404754102124157,0.00929100327041854,-0.001743958295085335
2023-05-12,0.0006795361472657913,0.0009807073244558762,-0.0013104277613935622
2023-05-15,0.008892503350777847,0.009770031357995812,0.003450194510494331
2023-05-16,-0.01994841119543933,-0.01873952302188442,-0.006682493503109788
2023-05-17,0.00526418984741972,0.0052519018653196525,0.012138777364691933
2023-05-18,0.005416479486169523,0.006002513467532333,0.009633089917948201
2023-05-19,-0.0014210666490016566,-0.0008102627522800221,-0.0014549662955997134
2023-05-22,-0.006773005325576342,-0.006757624906374882,0.00040620554152703825
2023-05-23,-0.014599654608889123,-0.01426441551131541,-0.011222855785945618
2023-05-24,-0.0021620529745561834,-0.0018626214016242981,-0.007244976801203062
2023-05-25,-0.007674655845306244,-0.007660050101838345,0.008659974205849963
2023-05-26,-0.0028981734695088246,-0.0028935712577705663,0.012950614142771322
2023-05-30,-0.000621967688722469,-0.0003368018640046433,0.00038094755315953854
2023-05-31,0.008054821591648276,0.00896854612420217,-0.005545075901445484
2023-06-01,0.009026460832689542,0.009628815641810506,0.009500908800490038
2023-06-02,0.0152567168302713,0.01690583770241716,0.014461233260247175
2023-06-05,-0.0008203131160583466,0.00038464426222506454,-0.0019162754404428162
2023-06-06,-0.0031712937493406645,-0.002866250283159233,0.0021773465805001724
2023-06-07,-0.005062469332493991,-0.004610914541766764,-0.003457747919944909
2023-06-08,0.010604054049452083,0.011193490019697272,0.006048777892504242
2023-06-09,0.00010894385006832152,0.0007155213354417267,0.0017940375917500084
2023-06-12,0.01722584976996555,0.01720324309225174,0.009072232058388474
2023-06-13,0.00606368612988617,0.007556774831096513,0.006592724483602375
2023-06-14,0.002186627280457598,0.0026339465466134193,0.0011908993826885705
2023-06-15,0.00014376547211747415,0.00029525980256961404,0.012397742935372325
2023-06-16,-0.0038983252494937393,-0.0032947034636615635,-0.003406357713433228
2023-06-20,-0.01381949821923989,-0.013064688547107517,-0.005188097342600506
2023-06-21,-0.0018230532816139178,-0.0016707465336268656,-0.005123776103645006
2023-06-22,-0.000964254409847709,-0.0006570738706919155,0.003609692901580086
2023-06-23,-0.0149760550037491,-0.014955888915065385,-0.007560147406906026
2023-06-26,-0.0035815544640339647,-0.003578485116988772,-0.004085625431801576
2023-06-27,0.02123404922295724,0.02120378238702436,0.010963225363546103
2023-06-28,0.003225880875350695,0.00501929663014411,0.0005045435126189712
2023-06-29,-0.001149780203560602,5.114196772382229e-05,0.00394131384987384
2023-06-30,0.005108683041909812,0.005404534503671954,0.011800572328192871
2023-07-03,-0.0006879148891215658,6.170815801809226e-05,0.0011508634807269047
2023-07-05,-0.005272852256775429,-0.005265365518101528,-0.001487497557271067
2023-07-06,-0.0026668193172471044,-0.00236216443889381,-0.007830526958561679
2023-07-07,-0.003160430211247456,-0.002403190065099148,-0.0025247215782113752
2023-07-10,0.017838825071599285,0.017826506317681456,0.0025311119311206554
2023-07-11,0.004182289989479004,0.005993909437378209,0.006368466628352332
2023-07-12,0.010021281204858123,0.010607530128383225,0.008045997552762918
2023-07-13,0.00985767976001406,0.01072528870434164,0.00793677916637292
2023-07-14,0.004052164137208214,0.005247893697336359,-0.0006227376226836112
2023-07-17,0.005464122018786544,0.00635593397231049,0.0034721444237921784
2023-07-18,0.010483646243616862,0.011079747798864226,0.007430715158172951
2023-07-19,0.006174465540444096,0.007368879214412871,0.002223784015379593
2023-07-20,0.01283938331861223,0.014023037900120272,-0.0066347138160964825
2023-07-21,-0.0022195793993196045,0.00018745492341309955,0.0
2023-07-24,0.0004816123063053901,0.0004767039579727239,0.004467409289567792
2023-07-25,0.004316730818893388,0.0049115628943532386,0.002729993969081246
2023-07-26,-0.009008575113975126,-0.008678626453060612,0.00015374415118563078
2023-07-27,0.008637124774059979,0.009238360792359845,-0.006629990322230217
2023-07-28,0.005173917043579834,0.005468883595627583,0.009790364480256608
2023-07-31,0.0039164241196520955,0.004213610903397891,0.0019040052219061465
2023-08-01,-0.003923746830735708,-0.0030262659020465765,-0.0028616097156412
2023-08-02,-0.010647043682894708,-0.01003938821713346,-0.013910702781173678
2023-08-03,-0.011589016724536716,-0.011561770159702833,-0.0028660024454674193
2023-08-04,-0.0067306113896078434,-0.0061631756836987295,-0.004522727226096257
2023-08-07,0.0014307011359697697,0.002047869914997502,0.008728489892785296
2023-08-08,-0.010766075412143028,-0.010480666261773464,-0.004348534332770382
2023-08-09,-0.0006476106091549694,-0.0006878030030789128,-0.006685141443425913
2023-08-10,0.0004690917129470673,0.00048147924080810256,0.0003587694663247376
2023-08-11,0.0038831779836265845,0.004794260810024875,-0.00058311176439374
2023-08-14,0.006772768278467289,0.00737829584188221,0.005520062860039143
2023-08-15,-0.011453535384013613,-0.009968636175275325,-0.01164891620717301
2023-08-16,-0.011989263868034672,-0.011677371201904818,-0.007338096957553941
2023-08-17,-0.00782887260092413,-0.007816485996232192,-0.007619726040616448
2023-08-18,-0.001208492556165619,-0.0009154028526532354,0.000481185998659317
2023-08-21,-0.0019378084173552468,-0.0016306338162195289,0.0065063091912958
2023-08-22,-0.005782428547372209,-0.00576612795273268,-0.0027086347726138493
2023-08-23,0.011609550205702979,0.012198131314980154,0.01113785500893627
2023-08-24,-0.0006107244523337885,0.0012004659377053972,-0.013859223013909405
2023-08-25,0.0022650782050868123,0.0031604490397947327,0.007049714555938724
2023-08-28,0.0053070233824330515,0.0055921468151896025,0.00634146119651513
2023-08-29,0.004349234995659534,0.0052382207981340745,0.0144547211801207
2023-08-30,0.0008313020173706942,0.0018802225290308616,0.004118917872557137
2023-08-31,-0.0034682930633744835,-0.003316100852044368,-0.0014634035059158945
2023-09-01,-0.002878250757810119,-0.0018262398890472875,0.0018650764885848048
2023-09-05,-0.013385663103559153,-0.01292193459563451,-0.004321737613855237
2023-09-06,-0.004344883588616177,-0.004341320386609282,-0.00672252394009365
2023-09-07,0.007913412667739372,0.008205675900646359,-0.0030701693208237124
2023-09-08,-0.0011499309413740555,-0.0002400666893467296,0.0015060113029727873
2023-09-11,-0.005431335134090665,-0.004522444801932757,0.006576583948365355
2023-09-12,0.001946297723281143,0.0019450776093858924,-0.005485455170274323
2023-09-13,-0.0050384737300491755,-0.004431917879281544,0.0011659429869188553
2023-09-14,0.005056344624782438,0.005346117405179429,0.00862226838997282
2023-09-15,-0.006228548074775575,-0.005626429588032389,-0.012048198717856895
2023-09-18,0.00023288903442852948,0.0011324926426268256,0.0005863179581946376
2023-09-19,0.0014066675887332014,0.0017041618158395444,-0.002073700242464338
2023-09-20,-0.008080909420210114,-0.007763981779520979,-0.00919336180636987
2023-09-21,-0.018275525157207873,-0.01794365604409276,-0.01652842718934655
2023-09-22,0.0031692283754625183,0.003460948145439291,-0.0022485835771975937
2023-09-25,0.009122942462395311,0.009707945691588504,0.004205286191780955
2023-09-26,-0.01418359793516133,-0.013268357561666666,-0.014691274582096181
2023-09-27,0.003785489433336675,0.0037748719565491307,0.00039922850002582777
2023-09-28,0.010351507827373707,0.011244621384133291,0.005797235571361581
2023-09-29,-0.010490459810674424,-0.008691882441527077,-0.0024268410510679406
2023-10-02,0.0008057564029293474,0.0008037867975227986,-0.00039758620536511913
2023-10-03,-0.012102221789952572,-0.011772498744151094,-0.013386233602487696
2023-10-04,0.011176151549294078,0.011148437572216174,0.0072819807960526894
2023-10-05,0.008312385344315665,0.009502403567926976,-0.0003767538409181759
2023-10-06,0.007860120871220566,0.008749019881206355,0.011872889791437746
2023-10-09,0.007322141225501788,0.009134199930097564,0.006402109308006887
2023-10-10,0.005258866883857571,0.006331093728275894,0.00520488106930217
2023-10-11,-0.004359066373737175,-0.004058897583267385,0.004096306420702467
2023-10-12,-0.005566597015880248,-0.005398599877226684,-0.006096438609385357
2023-10-13,-0.004926554208911416,-0.004781466850079408,-0.004980692946559007
2023-10-16,0.007543007949069702,0.008590605663002737,0.010521293502573803
2023-10-17,0.005498367000891458,0.005481334053912823,-4.593770614802484e-05
2023-10-18,-0.02213085781368973,-0.02151497483157605,-0.013325159481198057
2023-10-19,-0.022146660976829935,-0.022114126035558623,-0.00878627754271677
2023-10-20,-0.012772005866100056,-0.012753059152741053,-0.012288140278315818
2023-10-23,-0.0032506682941213505,-0.0029524074517067733,-0.0017330258208603233
2023-10-24,0.016229228782115968,0.016201769671413624,0.007539297844937565
2023-10-25,-0.008569519980938245,-0.007946175207606987,-0.014352274963949085
2023-10-26,-0.013054624390935965,-0.012138756776893356,-0.011974642931195767
2023-10-27,-0.002027477431643665,-0.0011037934103067526,-0.004532795672202217
2023-10-30,0.02264310288859539,0.023172094678783672,0.011955898365193729
2023-10-31,0.0036698754541453216,0.004859260980986102,0.006280381790441103
2023-11-01,-0.000638539966934637,0.0004145615249391277,0.010664691247419755
2023-11-02,0.01647001707428264,0.01691058812132229,0.019164236800371937
2023-11-03,0.0015065495767054848,0.002263230488771306,0.00912348368318261
2023-11-06,0.0005622394819337906,0.0007090298315755028,0.0023004516022138155
2023-11-07,0.0,0.0,0.002845922811025803
2023-11-08,-0.005000569805183819,-0.004100569805183918,0.0007324199123484032
2023-11-09,-0.009427315666281966,-0.008829661799031108,-0.007798728101199526
2023-11-10,0.012671963117021123,0.012661552698783884,0.015604954192212084
2023-11-13,0.0022135072200397676,0.0025114624936064534,-0.0009533215038347587
2023-11-14,0.006252643992614049,0.007463837908215698,0.01940078393032696
2023-11-15,-0.0036665166285346773,-0.002906776985596382,0.00211712476939363
2023-11-16,0.0010868879040872859,0.0019889384117470765,0.0012231032171463596
2023-11-17,0.006183444392447113,0.00677749110458481,0.0012437485749885457
2023-11-20,0.0031926592281885657,0.0040833909250144185,0.007697646973265915
2023-11-21,0.0032073324666606062,0.0036504499184133454,-0.002179472264966731
2023-11-22,0.0009227017182151798,0.0021187315385045036,0.003860856688096659
2023-11-24,0.004082846958476383,0.0040731133632190275,0.0006152583229561692
2023-11-27,0.0015713801716537024,0.002613009562020263,-0.0018008540764695713
2023-11-28,-0.005730072082284932,-0.005411253430606444,0.0009900947357734946
2023-11-29,-0.006920923488364261,-0.006164403444965383,-0.0007033709637728203
2023-11-30,0.0021757908354618216,0.0021744417575280117,0.003937389890417808
2023-12-01,0.013021566211262936,0.013305601378239995,0.005915855135181891
2023-12-04,-0.011217473750541274,-0.009699229691396916,-0.005249354505640236
2023-12-05,-0.0022854775935293725,-0.0022698959907325733,-0.00019712999514065466
2023-12-06,-0.004296619129751322,-0.004292093160938926,-0.004029729599363874
2023-12-07,0.016256317936934606,0.016818412470982924,0.007630517058181185
2023-12-08,-0.001898069005434433,-9.317115758822325e-05,0.0042990810778074096
2023-12-11,0.01538374149445354,0.01564149848265428,0.003889562713336847
2023-12-12,0.0026771252207586915,0.00432589728885846,0.0045670463737026434
2023-12-13,0.023731884847850493,0.024463311934161736,0.013790217632763557
2023-12-14,0.015938459279434936,0.017126383534404432,0.0032093987584638217
2023-12-15,-0.0011231709882291163,0.0006698457938780766,-0.0016465279846737957
2023-12-18,0.01499656312079578,0.01499656312079578,0.0056250888080024986
2023-12-19,0.002467015707029896,0.002467015707029896,0.006080888558689157
2023-12-20,-0.014798590976340509,-0.014049308419116002,-0.013857292868214244
2023-12-21,0.009137423851869775,0.009281464582933108,0.009481935526338248
2023-12-22,0.0016911763389044765,0.002896523383844052,0.0020097867761843524
2023-12-26,0.00023075640430958444,0.00082757293209057,0.004222440322714682
2023-12-27,-0.002399493036262079,-0.0018005003245307183,0.0018080853378115158
2023-12-28,0.003284975289207903,0.0038804049405822827,0.0003777903707899988
2023-12-29,-0.0021249798111905305,-0.0013740389673038145,-0.002895034567458543
2024-01-02,0.0,0.0,0.0
2024-01-03,-0.0035332385083756135,-0.0032332385083756465,-0.004978670540609742
2024-01-04,-0.0010103841374681233,-0.0010100800390040465,-0.003221006521007097
2024-01-05,-0.0006376668617020798,-0.0006374747470674347,0.0013695625547327506
2024-01-08,0.008039638484618417,0.008188090584090535,0.014276142326451469
2024-01-09,-0.004615887519663575,-0.0035689897846179486,-0.0015173092049582948
2024-01-10,-0.001402703192290855,-0.0009526128461204708,0.0056555426872197945
2024-01-11,-0.0006384088116884179,-0.0004875150119102445,-0.0004406430412424722
2024-01-12,0.0014432711148788524,0.0017682830978957842,0.0006927821246200949
2024-01-16,-0.00568682225804118,-0.004776610166123074,-0.0036712991848998344
2024-01-17,-0.009503304756289688,-0.009486776740417424,-0.005558629120554048
2024-01-18,0.003008108544840349,0.0029960528312014123,0.008892804945121346
2024-01-19,0.010920395770178226,0.011517051774842635,0.012466017614288782
2024-01-22,0.0022770918513135285,0.0037820866806819176,0.0021144766293070827
2024-01-23,0.0024818578780920753,0.0027735469058500772,0.0029164192965691615
2024-01-24,-0.016140782684526678,-0.015226826116364722,0.0010933126058942921
2024-01-25,0.013847999723680005,0.013818897299999744,0.00543884142451212
2024-01-26,0.002002274553250638,0.003503237901181455,-0.001270453392287485
2024-01-29,0.009501637414374153,0.01008248505636411,0.007919381068000275
2024-01-30,-0.004651653570740044,-0.0037466046105610884,-0.0007734882337022686
2024-01-31,-1.1974980818174608e-05,0.0002830057330747149,-0.016317396592104072
2024-02-01,0.008581741148147914,0.009163454157790074,0.013088243385340759
2024-02-02,-0.0051864438574650285,-0.004282340734498957,0.010527345896630402
2024-02-05,-0.0020552009055808673,-0.0014476752008439897,-0.0036411212279222616
2024-02-06,0.006575520761821663,0.006862184149803552,0.002903296810174316
2024-02-07,0.007947534322589211,0.008835589073030725,0.008340343964781116
2024-02-08,0.0034056148348924342,0.0045966763864579985,0.0004418983685636757
2024-02-09,-0.006332424699755701,-0.005428966555495629,0.00577932941690662
2024-02-12,0.00717339279136886,0.00776191256794001,-0.0004390393376605406
2024-02-13,-0.008498434861602733,-0.008181465907992735,-0.01377315601908169
2024-02-14,-0.0035252149687654555,-0.0035127777459561527,0.009087717382374016
2024-02-15,0.0074674035515278625,0.008047628181653055,0.006899796528982094
2024-02-16,-0.006105319898391581,-0.005196144438945227,-0.004979972192162729
2024-02-20,0.007064316571674389,0.007954695514350352,-0.00550536084322828
2024-02-21,0.007656015924317083,0.008244349673238727,0.0009057847460316459
2024-02-22,0.014697182343247572,0.015292311834126382,0.02069547359013213
2024-02-23,0.004121303953281474,0.00562017628452427,0.0006896938035239053
2024-02-26,0.0010510485230685873,0.0013379696912820815,-0.0036624892391067254
2024-02-27,0.006081766636862884,0.007577766234833749,0.0018575652385470764
2024-02-28,0.0003304307359985881,0.0009341048062125878,-0.0013215656359363281
2024-02-29,0.005211152287698084,0.006431480635827436,0.003594930678976649
2024-03-01,0.0025321280649246436,0.0034346670760974085,0.009388320968662489
2024-03-04,-0.00025220285031302137,0.0003448307309923404,-0.0010724808912875305
2024-03-05,-0.002139948814510406,-0.0012325064116238682,-0.009993971737729868
2024-03-06,0.0023518897945649098,0.0026536813672390913,0.005067159247770903
2024-03-07,0.0023911857866270037,0.003283535083252964,0.009926370346830415
2024-03-08,-0.0010063371150563771,-0.0010104899502030307,-0.006002115368710315
2024-03-11,0.005144294122306103,0.006335059012031463,-0.0008599654929838385
2024-03-12,0.0007817237560452384,0.0016898198470578496,0.010757433934537097
2024-03-13,-0.0022425497037482645,-0.0013319582866292423,-0.001567579929561358
2024-03-14,-0.010791218654900514,-0.010175081628245652,-0.001976722296110456
2024-03-15,0.005727950971061935,0.006318488034855685,-0.006866621980632481
2024-03-18,-0.0028734614029375383,-0.0022650402865260766,0.005943123520943949
2024-03-19,0.004862044002922783,0.00514467146042441,0.0055572273176931475
2024-03-20,0.0025599637858257918,0.0031639351102230595,0.009249402694908149
2024-03-21,0.0015069064485264683,0.002992421130870504,0.0033045469982364573
2024-03-22,-0.00813972965453258,-0.007528237793179016,-0.001895828125220933
2024-03-25,-0.007248487052163521,-0.006629707387169059,-0.0027627018670888237
2024-03-26,0.0023174369469340927,0.0023137744691030804,-0.0018470850305898345
2024-03-27,0.01885750751542048,0.018811971198554378,0.00840390128704338
2024-03-28,0.0033386737769727226,0.005419266281338153,-0.00019115304320382887
2024-04-01,0.0034487989784828255,0.00448866320482777,-0.0017398673121422625
2024-04-02,-0.00950816178760705,-0.009049199288271748,-0.00635791961577481
2024-04-03,0.002383479603571992,0.0029786261346727017,0.0010984169872829685
2024-04-04,-0.007500261287353149,-0.006884231104162919,-0.01220615604832942
2024-04-05,0.009112010541008297,0.009091354222977799,0.010447018952042919
2024-04-08,0.00046391841570203596,0.0010585080844713879,0.0005592485270637937
2024-04-09,4.0042056936862025e-07,0.001198280583867728,0.0011566969768881386
2024-04-10,-0.0070904486230078945,-0.006473719596575056,-0.010012983815937515
2024-04-11,-0.002223660243686809,-0.001612523137042965,0.007546719431144933
2024-04-12,-0.011009935676081217,-0.010681811521813467,-0.013803096677538873
2024-04-15,-0.003186723019218296,-0.003181605492181272,-0.012528035229721457
2024-04-16,-0.0004895892443923522,-0.00020123205315691894,-0.0018237698460004115
2024-04-17,-0.004131226701107771,-0.003553055766068791,-0.005918270721091967
2024-04-18,0.0006535088960197832,0.0006196214966855962,-0.0020577941117486676
2024-04-19,0.007980913264407086,0.008902338497842832,-0.008728310287310914
2024-04-22,0.011188971451431495,0.012093948158714563,0.009209223639820463
2024-04-23,0.0171678841123577,0.018677596080058922,0.011866617014163916
2024-04-24,-0.0008597151039946294,0.0006381260613779194,-0.00047477474141222054
2024-04-25,0.005965207554064378,0.006865964312185113,-0.0037987587828579583
2024-04-26,0.0038705327648407284,0.004483236692099268,0.009473829310949755
2024-04-29,0.00501171697583902,0.005315720832330673,0.0035415053910734517
2024-04-30,-0.01661875435312188,-0.015710848520903098,-0.015841202983064906
2024-05-01,0.004520909139232199,0.004514090298003204,-0.0032472021430118847
2024-05-02,0.009059922311839497,0.009657391994543074,0.009353443441858067
2024-05-03,0.008296283515299985,0.009496553202203106,0.012395256153738154
2024-05-06,0.005618173092476253,0.006813977133186766,0.010326938503174787
2024-05-07,0.008370962417305838,0.009249534863701836,0.0011034264304021768
2024-05-08,-0.0011578274912217301,-0.00041080666692927537,9.672134683258449e-05
2024-05-09,0.008147204647119599,0.009196898503118778,0.00576189641039937
2024-05-10,-0.005749393392590285,-0.004396131710785456,0.0012880452787931151
2024-05-13,0.00699726527870892,0.007733351631863616,0.00013421871437180322
2024-05-14,-0.0011375565770038731,-0.0005196001130894912,0.004588035509807131
2024-05-15,0.0014110666984314957,0.00202294995493002,0.012383318564627155
2024-05-16,0.00013052885029618544,0.00012595182851504738,-0.002057648556520686
2024-05-17,0.0019659108577001483,0.0025736809041652098,0.0014374286500424827
2024-05-20,0.001223396002137278,0.0021299297763912595,0.0011521851699716201
2024-05-21,-0.004799385065923367,-0.004191393128591514,0.002452510759075155
2024-05-22,-0.003670999780524542,-0.003061884114424318,-0.0028793330278347185
2024-05-23,-0.01122430979176614,-0.010892650485550215,-0.007304094973100028
2024-05-24,0.0010390507470439125,0.0022297197186327278,0.006616635547303185
2024-05-28,-0.011886378322585656,-0.011569405025649293,0.0006985875025946608
2024-05-29,-0.013035197183761893,-0.013006911349020767,-0.007002465409604586
2024-05-30,-0.000516155462991108,-0.0002126673336523277,-0.006633746666733775
2024-05-31,0.01897331230397259,0.018929358659538043,0.009108165895193476
2024-06-03,-0.01238366506688493,-0.009976806747893918,0.0008153583340810844
2024-06-04,-0.0028815591393677176,-0.0028731012425332603,0.0011178083574776565
2024-06-05,0.03124046489430987,0.03146492613710383,0.01188508170131497
2024-06-06,-0.003021557706354372,-0.0013507906984929763,-1.868653409564658e-05
2024-06-07,-0.0031730774208035273,-0.002415585435933898,-0.0012154701067457196
2024-06-10,-0.002587329922950632,-0.002300062249933066,0.0030894414176951823
2024-06-11,-0.01062074429709925,-0.010302105170184594,0.002408336857466331
2024-06-12,0.003355577376048524,0.0033459458030904443,0.008213376461439603
2024-06-13,-0.004232783784577143,-0.003331009558995457,0.0020131698731635783
2024-06-14,-0.0013124446758971953,-0.001305856742348066,0.0006085063699716731
2024-06-17,0.018654097007481774,0.018610599585639598,0.007958910221575355
2024-06-18,-0.004950447400151603,-0.002553664420384405,0.0025407121528528975
2024-06-20,0.004750097403280362,0.0053369319886926725,-0.002716544837253032
2024-06-21,-0.008135655350935411,-0.007212141388478033,-0.0013404904271935303
2024-06-24,0.01708720457414703,0.01733813913976201,-0.003250874173535423
2024-06-25,0.002738913844775981,0.004852861451063006,0.0038509684777765507
2024-06-26,-0.005780037162430918,-0.005465762422836695,0.001248036721894108
2024-06-27,-0.0010625874006769953,-0.0010643236443166337,0.0015764724631708305
2024-06-28,-0.00039861972668109313,0.0005070821713144547,-0.003935092412651886
2024-07-01,-0.008983152117876592,-0.008370135131992695,0.002058070220223307
2024-07-02,-0.002980236379224177,-0.002373752563738285,0.0067297191878716855
2024-07-03,0.002932654011862823,0.0035323886212041966,0.004462763358313415
2024-07-05,-0.0013124982186152323,-0.001306518068705298,0.00576649129051976
2024-07-08,0.008513887086816885,0.009392874437803789,0.001153687531366021
2024-07-09,-0.0010121492407053623,0.000499817430666516,0.0009724431209321427
2024-07-10,0.008301012727126356,0.008890207712032971,0.009895287551016096
2024-07-11,0.008870558905455628,0.010355976188668459,-0.008622664527645374
2024-07-12,0.002367804000867224,0.0035556902802582613,0.006307644912908028
2024-07-15,0.0060670855609912255,0.006951281237233209,0.0027502945306059345
2024-07-16,0.005340993561995466,0.0059384920632932214,0.005930227551637524
2024-07-17,-0.029865089816328738,-0.028647131598841358,-0.014021344049971574
2024-07-18,-0.011574815476101508,-0.010938025970010923,-0.007684830624340111
2024-07-19,-0.011071302859863796,-0.011004055625766118,-0.006640697294749587
2024-07-22,0.0037088153359714493,0.0037452410942375725,0.010309899385924082
2024-07-23,0.003805443595472191,0.0050164762777220595,-0.0015686753676522613
2024-07-24,-0.028493119725584548,-0.02751926922903758,-0.022662373657600487
2024-07-25,-0.0005526998107020509,2.733413074285096e-05,-0.005210401360493111
2024-07-26,0.007824555506368736,0.008103164335721669,0.011199677243803441
2024-07-29,0.0007019961038510214,0.0016272943547483987,0.0005877660449546962
2024-07-30,-0.014265396418279952,-0.01362342503022318,-0.005066489846381694
2024-07-31,0.025664492850122178,0.02583341415166318,0.0162546493941369
2024-08-01,-0.011920868031849108,-0.010124258622393079,-0.01416089772791096
2024-08-02,-0.024107378940005586,-0.02375144929015227,-0.018618465583101207
2024-08-05,-0.02295549040643141,-0.022593165538351667,-0.029123731060897606
2024-08-06,0.013376595975160832,0.013343540057934922,0.009219621998645566
2024-08-07,0.008064151426224075,0.008349485708657678,-0.0066839087950150144
2024-08-08,0.02129252021777006,0.021576484834535004,0.02311740208643176
2024-08-09,-0.0011069448569011042,6.192532192894618e-05,0.004409783108547893
2024-08-12,0.0006155341279630022,0.001185770837165423,0.0005251819392879664
2024-08-13,0.006905419607810659,0.006890472724864871,0.016445457845939204
2024-08-14,0.0028173144620653456,0.0037133286838517687,0.0031548723144527724
2024-08-15,-0.0003713388261534778,-6.541270030291368e-05,0.017140221567987446
2024-08-16,0.003344727257216462,0.003942883611108394,0.0022420117925041616
2024-08-19,0.002655830762118505,0.003106122325366112,0.009561331973907405
2024-08-20,9.560367593874908e-05,0.0005495718559944685,-0.0016259572939691935
2024-08-21,-0.0002262199801047471,0.00021656334398389987,0.0034366969502579447
2024-08-22,0.002136307370116608,0.002583045872063483,-0.007848785276715065
2024-08-23,0.005093197763544888,0.005992741385886902,0.010625422141984808
2024-08-26,0.004060880410564627,0.004964733087576612,-0.0023837106752643278
2024-08-27,-0.0012028411750788504,-0.00030377610765142116,0.0013729062119203217
2024-08-28,0.006975882475924289,0.00756570567233239,-0.005804990250471764
2024-08-29,0.0018274820231176658,0.0031858909047404183,8.930257271066999e-05
2024-08-30,0.007806964700916907,0.008861912191009402,0.009546108600853476
2024-09-03,-0.002607104529521953,-0.001550026977525376,-0.02057890461708045
2024-09-04,0.006678171328036386,0.007723517602667318,-0.002046808041376691
2024-09-05,-0.008595131141503343,-0.008276428038380579,-0.002432422016352409
2024-09-06,-0.01815468512819607,-0.017817754489445448,-0.016830061169659682
2024-09-09,0.005655758093797925,0.005646924675202891,0.01119600514425767
2024-09-10,-0.0036636872554594024,-0.0036640446321788422,0.0043558432423733695
2024-09-11,0.0028389501532624095,0.0034426280581576485,0.01025921618027037
2024-09-12,0.013117692570661532,0.01339139411016843,0.00842313754247681
2024-09-13,0.00739407484267951,0.00857703065555726,0.005222868726185714
2024-09-16,0.004794665211286686,0.005981345640696967,0.0014766934860208636
2024-09-17,-0.003121817749364042,-0.0020754991105748077,0.0004087469851710157
2024-09-18,0.00139034333868171,0.0018410473656227389,-0.0029659591584655365
2024-09-19,0.002443078492375017,0.003349258739281158,0.017064470201915594
2024-09-20,0.0008599442720615968,0.0014628784500900771,-0.0017287267010226426
2024-09-23,0.011014275058991219,0.011294011462522846,0.0024988464537973876
2024-09-24,-0.006270906436521506,-0.004768736698395726,0.002861468217643548
2024-09-25,-0.006729042658286222,-0.005824727258908924,-0.002205585632772178
