date,strategy,strategy_no_costs,spy
2016-01-08,0.0,0.0,0.0
2016-01-11,-0.00029070172668477223,-0.00014070172668478875,-0.006153708777275835
2016-01-12,0.0015609530933680116,0.0015607189174551284,0.008068257461905537
2016-01-13,-0.013557414347189156,-0.013106784736203747,-0.024940557490074844
2016-01-14,0.005232885602346027,0.005381432750209081,0.016416903819580053
2016-01-15,-0.0029102242549166046,-0.002315937943643376,-0.021465794264166504
2016-01-19,0.006203210500953293,0.006349054720856451,0.0013307986811228467
2016-01-20,-0.006373763283861855,-0.006069853180433071,-0.012814743733104983
2016-01-21,0.0010492125610417347,0.001645864529235208,0.005601902524081437
2016-01-22,0.02223551343398844,0.02252129474221376,0.020514910830279343
2016-01-25,-0.00103500751077934,6.51786903715923e-06,-0.015116452597792374
2016-01-26,0.0005390140051171333,0.000690533390127035,0.013643113984610045
2016-01-27,-0.0031317826692539574,-0.0026865251307001126,-0.010883131118148204
2016-01-28,-0.008523446108501975,-0.007928279386165027,0.005208630204326381
2016-01-29,0.01952116392880665,0.019810953616208105,0.024377583756477694
2016-02-01,-0.0019137630108271297,-0.0014586728739963695,-0.0003612558403182087
2016-02-02,-0.0062798957960372714,-0.005820725557407869,-0.018022003062555303
2016-02-03,-0.0037559810255644033,-0.003604588297725253,0.005994785334435315
2016-02-04,0.003090345447624543,0.003087926785682482,0.0015686784081219152
2016-02-05,-0.0387586011113088,-0.03754766711408308,-0.019050344565891275
2016-02-08,-0.012763554672282185,-0.012743045704825096,-0.013461321808526772
2016-02-09,-0.0031293064881793287,-0.0031251348081344776,5.391811492083676e-05
2016-02-10,-0.00565579480141476,-0.005391981797928436,-0.000862545476890797
2016-02-11,-0.014759724991040168,-0.01473705146121862,-0.013008307955313714
2016-02-12,0.01601251980443119,0.016030060727677098,0.02061686373902094
2016-02-16,0.02911743364385,0.03093787566942896,0.016878659382641548
2016-02-17,0.0023959859849471687,0.00313865715508177,0.016334528419140515
2016-02-18,0.007894551640085234,0.008321357564688547,-0.0040959136720885025
2016-02-19,-0.0032841829181587956,-0.002678421197976122,-0.00046831859644225204
2016-02-22,0.0012141029794867642,0.001359974365561678,0.01447893998139449
2016-02-23,-3.8603549754379074e-05,-3.8460972098697255e-05,-0.012629545081511373
2016-02-24,0.004752068640258678,0.005051468617336408,0.004575787488583227
2016-02-25,0.004164693971146161,0.004462334671885726,0.012112053469631956
2016-02-26,-0.002094690568333557,-0.0017967907564278018,-0.002301762918790584
2016-02-29,-0.002290500051312039,-0.0016881254418344982,-0.007842802802899618
2016-03-01,0.006857788661219555,0.00715445831457151,0.02350713697563811
2016-03-02,0.0009430009831128405,0.0015473217777572934,0.004492702998206477
2016-03-03,0.002799884565984012,0.0031008769568510175,0.003919436509997487
2016-03-04,0.0008358628725573247,0.0014317878222982472,0.0032535816508312276
2016-03-07,-0.001224516474240156,-0.00031976018814150464,0.000798174328986434
2016-03-08,0.006570248765972009,0.0073132474189046,-0.010917683104429088
2016-03-09,-0.00040103855362427776,0.000497924481074552,0.004939559624523193
2016-03-10,0.001156933607895816,0.0014565109519752983,0.0008024687425773891
2016-03-11,0.01073816497293989,0.011324884000986968,0.016137166139512216
2016-03-14,-0.004974622563423181,-0.003622315625911976,-0.0012824304522423002
2016-03-15,-0.0007179530060551498,-0.00042214102197035697,-0.0016295800634807955
2016-03-16,-0.0004788365445800302,0.00011667290440731115,0.005787016158250946
2016-03-17,0.009105854498755672,0.00970462880932188,0.006344340839048446
2016-03-18,0.011052785623042016,0.012712766202997994,0.003929619049156008
2016-03-21,-0.0014519728328850068,-0.0008487673209373048,0.0014189751583075783
2016-03-22,0.0019061810708052018,0.0022018354436841303,-0.0005373811045409349
2016-03-23,0.002707786842945481,0.0039037774412993276,-0.00659949600383114
2016-03-24,-0.002321871232455308,-0.0013979628610375494,-0.00044290701209037664
2016-03-28,0.004740534038653266,0.004727618522612831,0.0005906266152031492
2016-03-29,0.016931783920246968,0.01780346066259586,0.009250116039449585
2016-03-30,0.0021588170406847684,0.003498272505374489,0.004387741183200289
2016-03-31,-0.003387917469346635,-0.003077235675217116,-0.0024269460670182097
2016-04-01,-0.001770418726081302,-0.001764999026663272,0.006811612405701606
2016-04-04,-0.0038076346878376244,-0.003205773095583009,-0.003237644577584353
2016-04-05,0.0023731758221920973,0.0031514910128500606,-0.009987878363535319
2016-04-06,0.007792762252766927,0.008098418497860527,0.010921229555514556
2016-04-07,-0.009210851981923396,-0.008583320080757018,-0.011965876094902295
2016-04-08,0.005221390462999853,0.005490197131814201,0.002696656660856167
2016-04-11,0.0037510207996662714,0.0040423266945819325,-0.002347182247036561
2016-04-12,0.0014050783596291083,0.0026156984052876364,0.009312696375750384
2016-04-13,0.00776357260081828,0.008647987490223441,0.01010118985056141
2016-04-14,-0.00482530809565207,-0.003922304487627759,4.807860452626933e-05
2016-04-15,0.008145509691170671,0.00843979009071516,-0.0011055811803354354
2016-04-18,0.006047748937706876,0.006336061903400747,0.007026646978166351
2016-04-19,0.0020912313215031286,0.003425311778197049,0.003154382541954215
2016-04-20,-0.00339761186714993,-0.00248970457608233,0.0009526097913528098
2016-04-21,-0.01538710554721412,-0.014920282305604382,-0.005378407481038239
2016-04-22,0.004166935521439097,0.004466416683457819,0.0
2016-04-25,0.0016857296526329169,0.00198834891994748,-0.001722622826713316
2016-04-26,-0.0049854640278392814,-0.004986166583166307,0.0014859918465575106
2016-04-27,0.005815955166252218,0.006106542074253873,0.0020581895397211447
2016-04-28,-0.013118696828074317,-0.011915153985301963,-0.009075855016367651
2016-04-29,-0.002918055154653487,-0.0029131431446007827,-0.005398993606777758
2016-05-02,0.014090057852553795,0.014370021146601575,0.007948711667605579
2016-05-03,-0.012643195676512842,-0.01143198182337235,-0.008703395220749144
2016-05-04,-0.011382464041513884,-0.011060302270125,-0.0055781248755018
2016-05-05,-0.003494355260807658,-0.003192526205919366,-0.00019494317063184496
2016-05-06,0.0027937549826306807,0.003382986265076049,0.0036589354661606954
2016-05-09,-0.007193202991153447,-0.006883509448441405,0.0008263948659978926
2016-05-10,0.01734078966192132,0.017301538464379096,0.012433645127915005
2016-05-11,-0.002440905075329791,-0.0010926710711546272,-0.009354657246744003
2016-05-12,0.006606366556185961,0.007650333834553491,0.00029065450061227516
2016-05-13,-0.012945492484878973,-0.012324447403583405,-0.00871439227952342
2016-05-16,0.011144348607827315,0.01113025591144079,0.00986537874102833
2016-05-17,-0.00443270163100451,-0.003517670700577513,-0.009333568801133452
2016-05-18,0.007767226425196894,0.008053327455855186,0.00029281936939784536
2016-05-19,0.0030852213691405783,0.0034067447891006353,-0.0034649692167176838
2016-05-20,-0.0028798377462102565,-0.0016931850594912312,0.006317380850532128
2016-05-23,-0.002735383945253189,-0.002419773736446418,-0.0013622931008567818
2016-05-24,0.010230343608577552,0.010211906731154574,0.012962077943646344
2016-05-25,0.00037945991348453667,0.0017157178376816518,0.006783149285816359
2016-05-26,0.00413087563682768,0.004272426826904985,0.00028696602389577386
2016-05-27,-0.0010982033151264448,-0.0004983951035030243,0.004298857794156508
2016-05-31,0.0012308279860295812,0.0013804291106755961,-0.0019026541682206632
2016-06-01,0.002383337003056374,0.0028317399290536116,0.002049252249170852
2016-06-02,-0.002222502257322345,-0.0014666585851482727,0.003043726472393704
2016-06-03,0.001406622066717711,0.0018498908447495133,-0.0029870750654421574
2016-06-06,0.0017751983771054913,0.0023937149266406443,0.00508863170935725
2016-06-07,0.005124207694010785,0.005720461787764641,0.0015610184225285373
2016-06-08,0.003020232200392492,0.003935485815694806,0.0032597519890362747
2016-06-09,9.40482528488662e-05,0.0006794199746920082,-0.0013655892089042831
2016-06-10,-0.008652520938906005,-0.008341213408842418,-0.009477548339113961
2016-06-13,0.0011398257558652425,0.0011392290146330364,-0.007711728383551386
2016-06-14,-0.001919604317507817,-0.0010104532028244462,-0.00196662130130576
2016-06-15,-0.0033039290204148752,-0.002703671719923584,-0.0013942716251799103
2016-06-16,0.005365789302892665,0.0053519717053123195,0.0029846349947801887
2016-06-17,-0.001340892258506754,-0.00013956081191857095,-0.0037241532855221138
2016-06-20,0.014505934676843912,0.014777018414709575,0.00644000255297561
2016-06-21,-0.000358896861657243,0.0009833352691652752,0.002838254321963829
2016-06-22,0.0012686694575367863,0.0018622618260302204,-0.0016308816091089584
2016-06-23,0.007846054841309291,0.008588024378948234,0.013022457413687238
2016-06-24,-0.026800823609128943,-0.02573723936749439,-0.03590884453170007
2016-06-27,-0.01092900273716102,-0.00957325479897786,-0.017909980653237678
2016-06-28,0.017664091804557636,0.0176340432940969,0.01803596721066958
2016-06-29,0.01052483854618691,0.010965528482147047,0.01702763996689116
2016-06-30,0.007656262564399219,0.008399317094735403,0.01364551805723635
2016-07-01,0.0024980746718634705,0.003236871739019209,0.0021002757362003077
2016-07-05,-0.0008002097402082242,-0.0006499885323435484,-0.007193038961438858
2016-07-06,0.0016556596674681678,0.0021056596674682293,0.00599799182305083
2016-07-07,5.713187680878029e-05,5.710622148558109e-05,-0.0006203768838818347
2016-07-08,0.008717589123043767,0.009170234305072578,0.01489040289792909
2016-07-11,-0.0005930036395475069,-0.00028764479031062606,0.003527039879043903
2016-07-12,-0.0013759351722528734,-0.0013748959994743792,0.007263310641781429
2016-07-13,0.00275324055502435,0.003953685622383851,-0.00013935143270071837
2016-07-14,-0.006753539100145867,-0.0064523390433531835,0.005583356847290721
2016-07-15,5.671441883547956e-05,0.00035763270270572356,-0.0013418484637708339
2016-07-18,0.002657293660866644,0.0029577537408314036,0.002687386084167631
2016-07-19,-0.001189306573279536,-0.00028975137116127314,-0.0010167586352083369
2016-07-20,-0.0008067888139519086,0.0009921903496916684,0.004163043655225129
2016-07-21,-0.004817163881484232,-0.004513419179624889,-0.0037772648740919124
2016-07-22,0.00953917298629925,0.009835078173096035,0.0044853367153681045
2016-07-25,-0.003965967566462614,-0.002457233465310682,-0.0027159040381125044
2016-07-26,0.0055666898980710755,0.006165993632037514,0.0004616058179738314
2016-07-27,-0.011840271307473227,-0.01092266984468393,-0.0010612283786833876
2016-07-28,5.776399944146249e-05,5.219690092661544e-05,0.0011546660301433587
2016-07-29,0.006117781044134185,0.006413105633711558,0.0016146846083799904
2016-08-01,-0.015336311108322898,-0.014708446711975687,-0.0008289925569322509
2016-08-02,0.010379842168515507,0.010665542636435932,-0.006407486542837959
2016-08-03,0.011369563911219682,0.012557176173134232,0.0029224828482523613
2016-08-04,-0.00023081662220869603,0.0003740448553348763,0.0010642761489254582
2016-08-05,0.00622807398415004,0.0068174801370606275,0.008179127429738031
2016-08-08,-0.007014094204579546,-0.005243375940382045,-0.0005959863067186433
2016-08-09,-0.0009409172022628587,-0.000948567983841575,0.0005963417182168751
2016-08-10,-0.0009733216595978478,-0.00036741183802624366,-0.002475223891997058
2016-08-11,0.0011985336727071694,0.0018026069004173362,0.004640607085997894
2016-08-12,-0.0030675210373329875,-0.002767479571195608,-0.0008686098636662143
2016-08-15,0.0004224254930809135,0.0010260489062070555,0.0028834706471352334
2016-08-16,-0.005106437430095534,-0.004504188389667707,-0.005157586969937289
2016-08-17,0.009107176279474993,0.009405241410874066,0.001881134728282996
2016-08-18,0.00327957459938788,0.0035728253539715205,0.0022437977310711954
2016-08-19,-0.004238725246618502,-0.003034822892424738,-0.0014620751538957366
2016-08-22,0.0012086083519344815,0.0015014820795211659,-4.568741606691962e-05
2016-08-23,-0.0002173796717210852,0.0006832297114891528,0.002013378642639063
2016-08-24,-0.011178692231840981,-0.010852583376051106,-0.0051148971780109465
2016-08-25,0.0011197423971853748,0.0017154138523292062,-0.0006882237570489114
2016-08-26,-0.003985557929586547,-0.0027773162313763367,-0.0018840407559920225
2016-08-29,0.008057205802020517,0.008339346904607359,0.004924529175110326
2016-08-30,-0.013123092735346509,-0.012494184048576162,-0.0016484058269221613
2016-08-31,-0.00483441074004165,-0.004817908643402924,-0.0028440845126228576
2016-09-01,0.00830994208736291,0.008591703650503213,4.593121701135239e-05
2016-09-02,0.0027655434778315335,0.0036690132365908568,0.00450815667079385
2016-09-06,-0.003063617136470409,-0.002466587722237623,0.003022321942910855
2016-09-07,-0.0012337114106443225,-0.0003443044065083445,-9.158035471024117e-05
2016-09-08,-0.010889694787207582,-0.010568017189828915,-0.0022827489610786067
2016-09-09,-0.025442580535339654,-0.02540274836551082,-0.02393511101512147
2016-09-12,0.013621833523838722,0.013903060127774092,0.01434762401130274
2016-09-13,-0.011181827287736312,-0.01115870557267662,-0.014375607561062487
2016-09-14,0.002923235712565697,0.0029247805343577404,-0.0003753592525760352
2016-09-15,0.008700357492690936,0.008983752997168803,0.009993006445679686
2016-09-16,-0.004785214231725843,-0.0035882113314268382,-0.0038655791783078763
2016-09-19,0.0011727111980475158,0.0017726325406866028,0.00018782807107697863
2016-09-20,-0.004888632054839692,-0.004285382400515458,4.6717958743336396e-05
2016-09-21,0.010644892335356593,0.011830296174605293,0.011245609198420103
2016-09-22,0.004833807651185351,0.006177303581219373,0.006301072026692278
2016-09-23,-0.006082964710495853,-0.005330267485566753,-0.005479141229618234
2016-09-26,-0.006654668007569087,-0.006051588431434274,-0.008102224875269015
2016-09-27,0.006892310673663804,0.007179052221174986,0.006208016119474857
2016-09-28,0.003621553605505312,0.003913412626046497,0.00496315676662773
2016-09-29,-0.008660429469908526,-0.008354068953384197,-0.009046925544723305
2016-09-30,0.007354671669532298,0.007653381156506489,0.007546260577323993
2016-10-03,-0.008650311984998993,-0.007143900495176103,-0.002404227607703091
2016-10-04,-0.01414125744299033,-0.014111201823688746,-0.005097769630561633
2016-10-05,-0.0004099589217125832,-0.00041419127673236744,0.004425268558121642
2016-10-06,0.00207998597907455,0.0020766522312893887,0.0006955435166295931
2016-10-07,-0.007794398530623914,-0.0071845377012136336,-0.003429343922579986
2016-10-10,0.006580910908295046,0.007170113892980279,0.005208704206040249
2016-10-11,-0.014127840352552767,-0.013805808919763018,-0.012630015043072929
2016-10-12,0.008239430834458883,0.008519442782283448,0.0013121665482083156
2016-10-13,0.002686180129705118,0.003878726527833276,-0.003275615920133923
2016-10-14,-0.0018538580079380251,-0.0009508161186855268,0.0005164564394535276
2016-10-17,-0.0066361416695656095,-0.006029886696107711,-0.0034722297909201005
2016-10-18,0.006790133196425074,0.0067747175356696054,0.006262469117979563
2016-10-19,0.0061068465379379155,0.006997783580857675,0.0026667939713751476
2016-10-20,-0.004476336877578091,-0.002666347214964726,-0.001866385228815548
2016-10-21,-0.002604059598034003,-0.00259668215588138,0.000467406129060155
2016-10-24,0.003030798363652387,0.0030243914946419537,0.004253036908334451
2016-10-25,-0.003799738176994971,-0.0031804929528620463,-0.0033509198212966496
2016-10-26,0.00227346824471919,0.0031738706454580434,-0.002007667596653717
2016-10-27,-0.00821971787466036,-0.007908135287716167,-0.0026667544968306256
2016-10-28,0.003219806359956001,0.003809888707606124,-0.002955514316990371
2016-10-31,-0.0020912794447401906,-0.0017885392545682333,4.716140861793505e-05
2016-11-01,-0.0080150580893521,-0.007993586581719336,-0.0072452815596660836
2016-11-02,-0.0055654311477399965,-0.00529345085139854,-0.0060185317295768925
2016-11-03,-0.001698650296771853,-0.0008197323955334568,-0.004577201362954808
2016-11-04,-0.009810990095437178,-0.00920752983305917,-0.0011017653234725033
2016-11-07,0.02252682738691769,0.022523280414794344,0.02205695505744054
2016-11-08,-0.005841278345725454,-0.004761644856434155,0.004503640944656606
2016-11-09,-0.0007153363619785136,-0.00028460937793806096,0.010602523452654555
2016-11-10,-0.0027701157819283173,-0.0024715566883078965,0.0024953268874920997
2016-11-11,0.0031972173362451173,0.004395202328658199,-0.0023047733956615968
2016-11-14,-0.002942071644921107,-0.0029401949608824918,0.0007853886179329805
2016-11-15,0.012460759980088554,0.013058848594400096,0.007802763045137606
2016-11-16,0.002989119441190846,0.0038876616352918614,-0.001878104440582562
2016-11-17,0.007291655987562207,0.008183069742285554,0.005140389296738546
2016-11-18,5.616800788521559e-05,0.0015474004447304512,-0.002237623088647833
2016-11-21,0.0061287495289312766,0.007019206943213785,0.007551547631002187
2016-11-22,-0.0019232865183493875,-0.0010271111287530887,0.0019535385709430475
2016-11-23,0.01094236034392293,0.011840875549183227,0.0005441746620840071
2016-11-25,0.0027741833689018947,0.0033659885474881523,0.003715182109094828
2016-11-28,-0.011039144548471769,-0.010279339396289111,-0.0046951465767332
2016-11-29,0.003606552561345122,0.004052796987526586,0.0019504527622593582
2016-11-30,0.0006035678471523198,0.0009187867997184629,-0.00239910700355328
2016-12-01,-0.0059693376732409265,-0.0050364130614044544,-0.003675418686641563
2016-12-02,0.00853714629667035,0.008524920276998804,0.0005010264654596863
2016-12-05,0.0072086905679003,0.00751480878391142,0.006008737423371713
2016-12-06,0.002805585569597424,0.004296748050349519,0.0031672418501835775
2016-12-07,0.006593791101036972,0.007335507459943713,0.013081016162097558
2016-12-08,0.0049842940385063095,0.005586734280138117,0.0024486308589539707
2016-12-09,-0.010443552593251026,-0.00938909021466583,0.006040280706321122
2016-12-12,-0.006825311610111018,-0.005934732186169356,-0.0011476523492915947
2016-12-13,0.0032547853714179897,0.0032488894933904167,0.0066738084134938536
2016-12-14,-0.004028885988402786,-0.0034242036789718933,-0.008254006407553471
2016-12-15,0.00014013056586703598,0.0004417843546709044,0.004117251735652916
2016-12-16,-0.004641879816883132,-0.004035838805928393,-0.001956124392211822
2016-12-19,0.00637374881590147,0.0066639137049895325,0.002177652528619234
2016-12-20,0.01085543231038577,0.012351000162685422,0.0038573693270458342
2016-12-21,-0.002526740725120047,-0.0019250714258000068,-0.0027828182529151535
2016-12-22,-0.010243885317922974,-0.00992297949034604,-0.0017271896375229412
2016-12-23,0.0006065223041280543,0.0009183281851865566,0.0014641058803037676
2016-12-27,0.002952568769733821,0.003546618753183184,0.002481414183370223
2016-12-28,-0.01192771125124481,-0.011592954259304955,-0.008264775523578405
2016-12-29,-0.0019213667412726343,-0.0019146363394296761,-0.00022274786002929314
2016-12-30,-0.008330591729107328,-0.008008524013598306,-0.0036550189132423805
2017-01-03,0.0,0.0,0.0
2017-01-04,0.001588905360340176,0.001888905360340365,0.00275084551898952
2017-01-05,-0.00709899800449576,-0.006202574877724243,-0.0007945375951906586
2017-01-06,0.0033849750015253477,0.00368152710761116,0.003577909182319594
2017-01-09,-0.0028286582167513785,-0.0025240843424338966,-0.003300677060958934
2017-01-10,-0.0003466612181423079,-4.386586303362083e-05,0.0
2017-01-11,0.007019046562961595,0.007462893133021842,0.0028256907647170593
2017-01-12,-0.005628175366782617,-0.003975773605793598,-0.002509949065789052
2017-01-13,-0.00026233913050421886,-0.0002620237863756314,0.0022956897302053303
2017-01-17,-0.0006338490024099253,-4.307313201612484e-05,-0.0035233858801857476
2017-01-18,0.007990440234141749,0.009185647968958044,0.0022099712104712843
2017-01-19,-0.00340341747413353,-0.0021942561134042915,-0.003704931267826006
2017-01-20,0.0013930330576956695,0.0016927884663342496,0.003674519921334385
2017-01-23,-0.0038137794477614007,-0.0035115583722417076,-0.0026023009893492155
2017-01-24,0.010295892979790056,0.010571614340305624,0.006411821761518777
2017-01-25,0.009375704324786405,0.01027540962154716,0.00865547847575554
2017-01-26,0.0007232237204988223,0.0022198929684853486,-0.001045791929342954
2017-01-27,-0.0007205953290189138,-0.00013336085909165796,-0.0015694006681764572
2017-01-30,-0.004903887601950485,-0.0036917685618188534,-0.006201825094785729
2017-01-31,0.0015964074988290555,0.0015982793502864467,-8.805307852055577e-05
2017-02-01,-0.01268022596878815,-0.012056162954872995,0.00039557113344046435
2017-02-02,0.006733411571475889,0.006718019753989113,0.0006594147175433829
2017-02-03,0.006974764811601641,0.0075595700919766085,0.006892698686812304
2017-02-06,-0.002312104800635595,-0.0009732121505656721,-0.0017877462933811872
2017-02-07,-0.00013660943789584046,0.0004607552545266014,4.35283709543377e-05
2017-02-08,0.002125760955570266,0.0025715979280376278,0.0013106047022404255
2017-02-09,0.006176821137480415,0.006771554696241688,0.0059326188579080785
2017-02-10,0.007711702278983434,0.008901053028608441,0.003946183698355865
2017-02-13,0.002804934828908312,0.0038468421281983023,0.0054427883821197565
2017-02-14,0.001813952540646424,0.0028657923481028025,0.00399493877253243
2017-02-15,-0.00085236394384125,0.0007924970700345924,0.00522084519485988
2017-02-16,-0.00828918862636785,-0.007807395951306306,-0.0008516207220197192
2017-02-17,0.0073207467646172475,0.007620472559734859,0.0015761941706546878
2017-02-21,0.007708821332910176,0.008303240186042782,0.005955147799732385
2017-02-22,-0.003370796435252399,-0.0024582983758144605,-0.0008878789390097674
2017-02-23,-0.003490347736409327,-0.0031847746068202065,0.0006771949125281562
2017-02-24,0.0015932625641721376,0.002505336097954114,0.001268956307289848
2017-02-27,0.007034793228255509,0.0073205722216735936,0.001562669992039245
2017-02-28,-0.005788025992302437,-0.005487678705743404,-0.0026990730228516613
2017-03-01,0.022009544678134763,0.022267711708934934,0.013997461658209032
2017-03-02,-0.005366596981663085,-0.0035699646748938996,-0.0062974429680603405
2017-03-03,-0.001217218070267534,-0.0006076442340899879,0.0006297170068023661
2017-03-06,-0.003786431660906975,-0.0037753188277380723,-0.002978377428373591
2017-03-07,-0.00412903255030983,-0.0041182245336364165,-0.0029863779617934627
2017-03-08,-0.0036672934746135866,-0.0033630241494676527,-0.0018567031119507416
2017-03-09,-0.006307208886143778,-0.005706481326381518,0.0012681624911941025
2017-03-10,-0.004900941349841759,-0.004593273098505879,0.003504121576205277
2017-03-13,0.0016970044024793296,0.002305867713835452,0.000504883341382989
2017-03-14,-0.003966843333461645,-0.003954090642838026,-0.003826542521268017
2017-03-15,0.017150835118127317,0.01741459561111669,0.008653552360811112
2017-03-16,-0.002262689871821655,-0.00047169204956742927,-0.0019671064593972387
2017-03-17,-0.007644821120904477,-0.00704893340277446,-0.0017560240802324545
2017-03-20,-0.005565551918024769,-0.005244364179616601,-0.0010969834224331398
2017-03-21,-0.03557346133930517,-0.035536001501126346,-0.01283935932503033
2017-03-22,0.0019311928565306502,0.0019347665209688003,0.0023528977341129576
2017-03-23,0.0007838508062913974,0.000761704674034025,-0.0010668306117275206
2017-03-24,-0.0017733045831761496,-0.0017726477063060297,-0.0007268422746218306
2017-03-27,-0.00660801843904224,-0.006590051413278841,-0.0010260180697763133
2017-03-28,0.017486998675513954,0.01780246136450092,0.0072768650983841
2017-03-29,-0.0059925134248893785,-0.0038972297116156573,0.000934799992784896
2017-03-30,-0.001973613526247364,-0.0016822791491333255,0.0031844221163634945
2017-03-31,-0.003599750168250093,-0.002997660719115447,-0.0023276304964056083
2017-04-03,0.00032473451867987,0.0006361719713883218,-0.001739405083699186
2017-04-04,0.0013580728912809814,0.001945200544839043,0.00063722725354598
2017-04-05,-0.0043065562120497836,-0.0034127294260520857,-0.00297245933100021
2017-04-06,0.0030123173889942123,0.003308346222996139,0.0028110008695301225
2017-04-07,-0.0014764753374021389,-0.0011741198193040425,-0.001019432926068431
2017-04-10,0.0005725371525999723,0.0014611396566799328,0.0005956206952661969
2017-04-11,0.00023094676609081155,0.0014373955245454706,-0.0011898559314651447
2017-04-12,-0.0034233132929273324,-0.002826943213101396,-0.004381821437653977
2017-04-13,-0.007900234285857288,-0.006686325375079516,-0.006494801997070532
2017-04-17,0.010286522374467477,0.010258597626301436,0.00885960282320064
2017-04-18,-0.0013150575020204336,0.0001876622777956527,-0.002984367244703412
2017-04-19,-0.00433279019593702,-0.0037372051456668887,-0.0018384650816789527
2017-04-20,0.004751973392254527,0.0050359395627224135,0.008139344597635212
2017-04-21,-0.006998863342603467,-0.0060882633267616,-0.0031869020707160356
2017-04-24,0.010281275826590441,0.01025789365982721,0.01099776044563705
2017-04-25,0.002102328550501742,0.0032963281967135494,0.005818589434265498
2017-04-26,-0.0035516299669693385,-0.0025041976988854353,-0.000628922377870822
2017-04-27,-0.012049228581693217,-0.011583334441904736,0.0008390414363321774
2017-04-28,-0.003265147598161433,-0.0029599988292864365,-0.002179382399111529
2017-05-01,-0.0036263687809621192,-0.0036161003981953765,0.0025201358295641185
2017-05-02,-0.010615239699163115,-0.010584686824550826,0.00037716273000909517
2017-05-03,-0.013891329727539703,-0.013854916297997621,-0.0012146134935870911
2017-05-04,-0.0018914886070786618,-0.0018808973098215498,0.0011741154995335013
2017-05-05,0.01116106394310834,0.012063617593737419,0.003936881598367581
2017-05-08,-0.004113747756377406,-0.003227253584838441,-0.00016704575378767572
2017-05-09,-0.0039051060652290914,-0.0033127184273984422,-0.0009177244124360939
2017-05-10,-0.00010255657743185598,0.0004983961601408016,0.0017960666612844012
2017-05-11,-0.0026651128706117744,-0.0020586482040967358,-0.00204294264254945
2017-05-12,-0.00608515066898474,-0.005787853005438159,-0.0016709172261326621
2017-05-15,0.00340440751254234,0.00340426904197888,0.0055234185620463006
2017-05-16,-0.0024127097179998946,-0.0015147452833947916,-0.0009156479307579346
2017-05-17,-0.023209664508317962,-0.02259078319886798,-0.017743944801854705
2017-05-18,0.0029519446226431434,0.0029471309991024874,0.004028486722193136
2017-05-19,0.013672221677714758,0.014564544320914807,0.006504049372601628
2017-05-22,0.008746471401404055,0.009935234835092066,0.00507741280822227
2017-05-23,0.004047107266964334,0.004630528907785925,0.0022130998350069486
2017-05-24,0.004527289121370792,0.005721845029297512,0.0023326513650256953
2017-05-25,0.007777172663778309,0.00852398230147755,0.0047793295046363315
2017-05-26,0.004902273939943802,0.005958234277901653,-0.00020651590980869106
2017-05-30,-0.005791601781726774,-0.004885727044142585,-0.0008690386487688606
2017-05-31,-0.0016094613519226364,-0.0012973029340338504,-0.0002481884040724802
2017-06-01,0.015286312908872057,0.015860075960834497,0.007952131478014213
2017-06-02,0.0013722154218376303,0.0025801413023882613,0.0033285322605132173
2017-06-05,-0.0010324975446054374,-0.0007263621658079034,-0.0007370751098079165
2017-06-06,-0.002351345312686326,-0.0011508926369929728,-0.003197072952353941
2017-06-07,0.006000516308664716,0.006294086133625587,0.0018501068745409022
2017-06-08,0.005851992990459243,0.006743232998830173,0.0004927023723459989
2017-06-09,0.00044477658677455345,0.001364064630760664,-0.0015180064115530856
2017-06-12,0.00012950317266136047,0.0010261404547902142,-0.00020526131618348042
2017-06-13,0.008187021891623125,0.008474642166086177,0.004889637945718395
2017-06-14,-0.005338932504685201,-0.0044275737719776664,-0.0012672663503431325
2017-06-15,0.0011106939542244731,0.0017244553373580995,-0.0019244196074722497
2017-06-16,0.002437241866292794,0.003327507033190402,0.00021838018204922705
2017-06-19,0.016495482619858226,0.016765796711163183,0.00832535924038269
2017-06-20,-0.011848273777680163,-0.010051077504196204,-0.006744076434880397
2017-06-21,-0.000987015127293156,-0.0006918777063747994,-0.0002469701255956025
2017-06-22,-0.003275520543593813,-0.0026718117043152967,-0.00045305944800644316
2017-06-23,-0.003371621886260945,-0.0030711435944377197,0.001194331740263177
2017-06-26,0.006352325422924965,0.006943455008935118,0.0006580207993931442
2017-06-27,-0.00486922511114507,-0.003961840063283817,-0.008056213726402639
2017-06-28,0.009679499405397252,0.009973678605571079,0.008950486731214014
2017-06-29,-0.003391962307153107,-0.0018821063595808596,-0.008788756428805167
2017-06-30,0.002957253917966751,0.00294790501887765,0.0018644326242092113
2017-07-03,-0.004619861159773309,-0.003718006249318173,0.0016958077053925713
2017-07-05,-0.001920571210909161,-0.0013088011828683577,0.0023118927611947004
2017-07-06,-0.01042170782249352,-0.010390892466533352,-0.00914453699877471
2017-07-07,0.006266010361828611,0.006543953896772869,0.006485062479682835
2017-07-10,-0.0017888885230522567,-0.0011977717193732973,0.0010739886122603792
2017-07-11,-0.001921490154686012,-0.001013697829050031,-0.0007426491027647808
2017-07-12,0.034942401219238084,0.034911876898328975,0.007514636743868319
2017-07-13,0.004394858423482084,0.00620853053389947,0.0016802325883327196
2017-07-14,0.00503774149814995,0.005919027669416765,0.004664140212380374
2017-07-17,-0.00043788006807177204,0.00015376850635240302,-0.00012220277489904952
2017-07-18,1.9589767451311246e-05,0.0006231642626544076,0.0005296578656774908
2017-07-19,0.009454217531089881,0.010044396585917381,0.005413921746416861
2017-07-20,-0.006895405754241857,-0.005086178686472209,0.000445435060221433
2017-07-21,0.003348618858396213,0.0036229490223944616,-0.0008904022458564587
2017-07-24,0.000329136510700323,0.0012252336127287489,-0.00024309875776518108
2017-07-25,0.0010771946656973341,0.0016732955970184538,0.0024307230038966843
2017-07-26,-0.004288254904459277,-0.003683702226808805,4.047546507490729e-05
2017-07-27,-0.01425859418460651,-0.013924396893740476,-0.0009292619935543645
2017-07-28,0.004499147914683865,0.00449294170788872,-0.0011730527651607758
2017-07-31,-0.005887825756311527,-0.005878910978891816,-0.0005669713323782632
2017-08-01,-0.0012897477742508379,-0.000987959260818294,0.0022286611472213114
2017-08-02,-0.001464863961573748,-0.0011608447159009438,0.00048497668197966526
2017-08-03,0.003144170941317581,0.0037295154589906954,-0.0019397487893374477
2017-08-04,0.0017861775697762816,0.003576647317370618,0.0018220799862256332
2017-08-07,0.006187619308804848,0.006779641783643653,0.0018594565555216658
2017-08-08,-0.01175843162302237,-0.011133878951183451,-0.0024611118621885586
2017-08-09,-0.0016562728991466047,-0.0016469563290955058,-4.0430467745489196e-05
2017-08-10,-0.017078884674303296,-0.016743463135809877,-0.014115145929636919
2017-08-11,0.0029757031745629714,0.00327066971504153,0.0014767562337769657
2017-08-14,0.00805904460125162,0.008044108465918853,0.009913122207047653
2017-08-15,-0.0018742204679039753,-0.0006845077846658887,-0.0001214314606141631
2017-08-16,-0.006620342638477106,-0.006008568724611196,0.001744156034887645
2017-08-17,-0.010824238031458822,-0.010505134802731964,-0.015590818088710212
2017-08-18,-0.0023685908421475776,-0.0020699688468944766,-0.0015630745732605478
2017-08-21,-0.0011797681606631194,-0.0005824946165498002,0.0007825795131821689
2017-08-22,0.008424828968059295,0.009017730540639146,0.010457077139737647
2017-08-23,-0.0076838722444861896,-0.006481070136935108,-0.0035854826138762563
2017-08-24,-0.001037931258108582,-0.000133819791081069,-0.002330339201413567
2017-08-25,0.003122865423658361,0.0034193700004381267,0.0023357823666285693
2017-08-28,-0.0031746413785312955,-0.0025640463887726117,4.0948797307205353e-05
2017-08-29,-0.0009719501439878764,-0.0006643655757744282,0.0011448642199956005
2017-08-30,-0.000274740023078035,-0.0002718851746732476,0.004737533676253625
2017-08-31,0.0029156297936134834,0.0035052435546447658,0.006016116427005613
2017-09-01,-0.0005659025509866522,0.00078245591949333,0.001414177905088021
2017-09-05,-0.007321390485979129,-0.006261653412242163,-0.007181982714383972
2017-09-06,-0.001042093223555196,-0.0010427169609719122,0.003413722885612147
2017-09-07,-0.0026577340265419025,-0.002058263624211909,-0.0001216108201410604
2017-09-08,0.010604242453420731,0.011195844715501169,-0.001174621083821048
2017-09-11,0.00941746261696208,0.011220473489238048,0.010665891039904896
2017-09-12,6.0482040749709753e-05,0.0014017881827168566,0.003370856505470421
2017-09-13,-0.0018060662461103494,-0.0012018123144036386,0.0004798929229237192
2017-09-14,-0.002191544169273474,-0.0017363192776499448,-0.0003198220590546752
2017-09-15,-0.004617423059013248,-0.003705733190897287,0.0013461314344491715
2017-09-18,-0.000357664706923555,0.00024290820631756027,0.0021268930704736455
2017-09-19,-0.009736694711251381,-0.009417015862386524,0.0010012624308339824
2017-09-20,-0.0016196534784130856,-0.0013136914343181427,0.00035983329965727506
2017-09-21,-0.005200248291399312,-0.004889461088018243,-0.002679429617243101
2017-09-22,-0.003571149521817807,-0.003553279051356162,0.00020055962877929545
2017-09-25,-0.0147180922910638,-0.014689256243739512,-0.002044581868579809
2017-09-26,0.0018107753546359184,0.00239044853531567,0.000602720339240026
2017-09-27,0.0009663713084626657,0.0018663758193226965,0.0038944047357221123
2017-09-28,-0.0003158363143532794,0.0005937796042361221,0.0011998310109004873
2017-09-29,0.003144273293006261,0.00373305219400466,0.0035148714845603113
2017-10-02,0.008484537664178893,0.009662145155388213,0.004338727464618941
2017-10-03,-0.001015525157155417,0.00048301491402846786,0.0021399330624551904
2017-10-04,0.006574108177398452,0.007161553024549017,0.0011864977648667896
2017-10-05,0.0029369726958654585,0.004733806949824171,0.005925181568549043
2017-10-06,-0.004326980783291745,-0.004022837786732847,-0.0011387742844010118
2017-10-09,0.0039670162753999705,0.004263403960750978,-0.0016510707346215625
2017-10-10,-0.0037869409567631296,-0.002867236924113725,0.0026382478492343875
2017-10-11,0.006604901707530919,0.00718596698833851,0.0015709011252587057
2017-10-12,-0.004731481087090317,-0.0038307756640918456,-0.0014900806420820034
2017-10-13,0.0017622608420106989,0.0026657453128735575,0.0012174061360679111
2017-10-16,0.010162642822977075,0.010132521617537193,0.0013335274125303442
2017-10-17,-0.0004183413302397687,0.0010819704348039583,0.0007051498232426567
2017-10-18,0.00375201099699618,0.004345511170316341,0.0009786579758328529
2017-10-19,-0.0021675789907930065,-0.0015667460765254049,0.0002735316864954651
2017-10-20,0.007017441942464897,0.008205099420951045,0.005160831196651783
2017-10-23,-0.0030124489161731383,-0.0018039960837349378,-0.003889525010949524
2017-10-24,0.0024798337396871872,0.002773663531946635,0.0017569223135767142
2017-10-25,-0.004277166263354393,-0.0036740244068291794,-0.004950114204787415
2017-10-26,-0.005974727092808441,-0.005659261579697872,0.0012928547104611443
2017-10-27,0.012242625289454523,0.012531320352119124,0.00817606874263932
2017-10-30,-0.00015245258125407002,0.00016746862756322756,-0.0037248490967894954
2017-10-31,0.003480390650743681,0.0037652424438769927,0.001557595743367557
2017-11-01,0.0011908340274662255,0.0020750406176563985,0.0013223911599951066
2017-11-02,-0.002099501879374688,-0.0012146185668336917,0.0003880928541741824
2017-11-03,0.0026792103763810804,0.0038823855439882315,0.0033387785311129736
2017-11-06,0.0004734949518294673,0.0007847166354457702,0.0015475540846028313
2017-11-07,-0.0009585952254964614,-0.0006560280351198822,-0.0006952488643849897
2017-11-08,0.002509077436318341,0.0031019998375192426,0.0017008752107221525
2017-11-09,-0.0017180188491369153,-0.0011244784141156705,-0.0036276716075827053
2017-11-10,0.002504225856906128,0.0030894958619649415,-0.00030987363355927666
2017-11-13,0.006489197237297795,0.007378166411424747,0.0009299090549756972
2017-11-14,0.00107954018713885,0.0013803567618226875,-0.0023225450250289326
2017-11-15,-0.007767813327675177,-0.0071540079586079885,-0.005005446315905493
2017-11-16,0.014128102125107178,0.014401180484085785,0.008501159758154131
2017-11-17,-0.004404114813915561,-0.0034976319753734497,-0.0029388127245350004
2017-11-20,0.002490725620745593,0.003686766409589204,0.0017063541384387815
2017-11-21,0.003864420244418465,0.004455922895445719,0.006542786811286394
2017-11-22,0.0020817713592595766,0.002673035130977608,-0.0008843135586729112
2017-11-24,0.002621374532200127,0.0038088461478107405,0.0023095564843853555
2017-11-27,0.0008181031523391002,0.001416828061642672,-0.0004992418882107108
2017-11-28,0.004251278541289372,0.006046419628107813,0.010145217896162073
2017-11-29,-0.0024395249447577427,-0.000927289735089043,-0.0006089327367835295
2017-11-30,0.003083428237877328,0.003378788234114749,0.008755041755306836
2017-12-01,0.000685936815290944,0.0018887092580783804,-0.0020754609749101816
2017-12-04,-0.03341951280148214,-0.0327786857914697,-0.0012102124848367701
2017-12-05,0.0058078890227024615,0.00578850305806955,-0.0035965811494327316
2017-12-06,0.008191310588784084,0.008181726428027059,0.00019017663803100326
2017-12-07,0.014756864295033978,0.01534409841812523,0.00315288571772232
2017-12-08,0.010143289915854448,0.011328054598614967,0.005453104620037896
2017-12-11,0.004956663852411225,0.00641805708717702,0.003013006009587871
2017-12-12,-0.007287622868870192,-0.005781114019819955,0.0017650595286711201
2017-12-13,0.002999412174871985,0.003320494997602008,-0.00011245229639667009
2017-12-14,-0.008048857299582601,-0.007475003793351864,-0.004086357582188782
2017-12-15,0.01161092075405823,0.011594952376546619,0.008327217860012448
2017-12-18,0.012008337053019957,0.014449226564502649,0.006341542921576515
2017-12-19,-0.0009020056064747983,-1.9598469107595662e-05,-0.0038405102333698427
2017-12-20,-0.0011327873985627068,-0.000531849052629374,-0.0005242161035560189
2017-12-21,-0.0034685986045909223,-0.0028655842067402126,0.00205998786453776
2017-12-22,0.0027807055452111484,0.0030864354604600575,-0.0002616412957743286
2017-12-26,-0.0036865075940193393,-0.0033834379635950818,-0.0011965177880248756
2017-12-27,0.0031022526913193627,0.003399649808315308,0.0004869407346761445
2017-12-28,0.005874325316800322,0.006167818830744354,0.002057165756028212
2017-12-29,-0.005204656257063012,-0.00266857828761502,-0.003770438603515225
2018-01-02,0.0,0.0,0.0
2018-01-03,0.004003837122118936,0.005203837122119026,0.004108092076632097
2018-01-04,0.005152238031819856,0.006662911905690239,0.004214713307501228
2018-01-05,0.001130645504612282,0.0017294046941103147,0.006663891916109943
2018-01-08,0.0007673311211175982,0.0013675731948268322,0.0018287585586245214
2018-01-09,-0.0010408659851234292,-0.00013629656798885836,0.002263566978269349
2018-01-10,-0.006269668027750308,-0.005657375335389125,-0.0015299230506967687
2018-01-11,0.006415301315844557,0.006701639710746443,0.00729616287367052
2018-01-12,-0.0031493251078233975,-0.002543373941007565,0.006519203886003355
2018-01-16,0.005556559865103949,0.006444981970560759,-0.003418673849963194
2018-01-17,0.00854127872110344,0.008522297022518943,0.009531758310115324
2018-01-18,-2.6076254876494787e-05,0.0014820403614494992,-0.0016808410972969368
2018-01-19,0.004589003027360761,0.004575819503451539,0.004549713333354077
2018-01-22,-0.0012762358178184385,-0.00025005333012695363,0.008130557691373275
2018-01-23,-0.004949237468799383,-0.004643933528160615,0.0021227699435746317
2018-01-24,0.015376691386710828,0.016421907259657864,-0.00038822709932162525
2018-01-25,0.0012009848448373273,0.0020819657731203645,0.00042381920542133855
2018-01-26,0.006134645152815921,0.007326671133864426,0.011577761894707495
2018-01-29,-0.02391320154074772,-0.022704529572860288,-0.006630127841302125
2018-01-30,-0.011089967927266908,-0.010771291031734131,-0.010256882954202573
2018-01-31,0.0047003925366231325,0.0046907339990902575,0.0004970713419818473
2018-02-01,-0.008032296161001429,-0.0077117815381242405,-0.0011355632741827382
2018-02-02,-0.023958374409173366,-0.023606982488780015,-0.02176990483455743
2018-02-05,-0.0344485732312092,-0.03436801183234384,-0.04182224417093183
2018-02-06,0.02777768947556103,0.027690836927150686,0.01970183311049012
2018-02-07,-0.008240519546030778,-0.007607079017594498,-0.005424497381336324
2018-02-08,-0.02884058852233351,-0.027891846864705472,-0.0375092703984079
2018-02-09,0.006504247327129065,0.006774864230583821,0.015021660237433787
2018-02-12,0.01841732044881428,0.01898324750088709,0.014684543672399908
2018-02-13,8.877557192565888e-05,0.0012998238068580026,0.00248740145184545
2018-02-14,0.009131705749392038,0.010016093913795654,0.013496201843272049
2018-02-15,0.004514609412285653,0.005252820007333403,0.012760258571196115
2018-02-16,0.0022478125315892328,0.0025484087934257715,0.0002928584342496432
2018-02-20,-0.0013870509336357806,-0.0010841025245228453,-0.006261214234073664
2018-02-21,-0.0033047362400805413,-0.002856905547584554,-0.004974211832767805
2018-02-22,0.0009737592965595177,0.0018756308251637321,0.001296176823578854
2018-02-23,0.011293746264924964,0.011280987999424452,0.015939238904999042
2018-02-26,0.021437068769093015,0.022650708379093,0.01161231789491679
2018-02-27,-0.009807455210816496,-0.009208592537309213,-0.012486532226350877
2018-02-28,-0.015505055551542801,-0.014607389222212719,-0.010129819402294626
2018-03-01,-0.00105914010616881,-0.001056319907058012,-0.014540916580615404
2018-03-02,0.004689183191493473,0.0046993062680043,0.005154848195324746
2018-03-05,-0.00030714660862218857,0.00029291058449509855,0.011558126675881963
2018-03-06,0.012094511011635278,0.01208566288782098,0.002534971240559347
2018-03-07,-0.016304079113809045,-0.014680113129983963,-0.0003665775519043901
2018-03-08,-0.003319772637184193,-0.0022912395527541207,0.004839052341124805
2018-03-09,0.01662256082289648,0.017247368734181867,0.017402475797139383
2018-03-12,0.002045087956152436,0.002967562141237501,-0.0012549941877011417
2018-03-13,-0.004510466881896269,-0.004196873647255184,-0.006463089957696511
2018-03-14,0.00021149356428806776,0.001105486263171418,-0.0051315817477212144
2018-03-15,-0.008994594330152705,-0.008385898642870426,-0.0010893697775582467
2018-03-16,0.000962740368125159,0.0009626482476294829,0.0010845385680275932
2018-03-19,-0.010162667166895178,-0.010147535979355915,-0.013530684374158608
2018-03-20,0.0057067263158272485,0.006310038541947671,0.0017006838729141105
2018-03-21,-0.0016253436180124758,-0.0007143086033668533,-0.0019192203215481207
2018-03-22,-0.02205059109223717,-0.021435499745373843,-0.024997006281226364
2018-03-23,-0.018989179629071762,-0.018650353095259864,-0.021314665920538767
2018-03-26,0.02161783128255923,0.021572189629253558,0.027359041341031398
2018-03-27,-0.014118346746587518,-0.01379258003895345,-0.017011694099533403
2018-03-28,-0.0060699028897311935,-0.005168523420837512,-0.0029548072322920227
2018-03-29,0.012822912362568939,0.01279850235479163,0.01277765629043004
2018-04-02,-0.024511123863274586,-0.023743349567127647,-0.021584575176795462
2018-04-03,0.003717922543891472,0.004159887771617354,0.012816721761802263
2018-04-04,0.009930980311728232,0.010675234606430939,0.010699054971383015
2018-04-05,-0.002683047313794984,-0.0020686714532452966,0.007892464780515418
2018-04-06,-0.005636324162149764,-0.005322913449012923,-0.022285970943954014
2018-04-09,0.008259981637180225,0.009299207275258015,0.004928401332611632
2018-04-10,0.016215396240583768,0.01709847554445476,0.01590038551104045
2018-04-11,0.00010950292894573721,0.0008567182014207475,-0.0052424378802266025
2018-04-12,0.0017379065851916842,0.002617394827839181,0.008227174474605414
2018-04-13,0.007440171197828693,0.008760678219966955,-0.00293297847576357
2018-04-16,0.005178792231312013,0.0060709313948317245,0.008221875239717624
2018-04-17,0.010246507691898277,0.011287170236277788,0.010698321637781838
2018-04-18,0.0017755906209675487,0.0022240594951541404,0.0007403267123571311
2018-04-19,-0.00020071292389112205,0.0008506969069199677,-0.005547636737814443
2018-04-20,-0.00253909955774112,-0.0019359174837128013,-0.00847946939613764
2018-04-23,-7.049175512052752e-05,0.0012978984566804908,-0.00014991035972367062
2018-04-24,0.001393760989196302,0.0013889091340328896,-0.013467718640062798
2018-04-25,-0.015701507269431758,-0.01567301504852181,0.002471797644137075
2018-04-26,0.007816832704173438,0.008411046104501274,0.010165758222081767
2018-04-27,-0.007534174619903133,-0.005722141613418552,0.0009390542700380422
2018-04-30,-0.008827380947761365,-0.008809363652834357,-0.0076910025732381815
2018-05-01,0.0047780057509339,0.005061136239754793,0.001776924260432411
2018-05-02,-0.003008422264487165,-0.0024059513382053144,-0.006717451541688013
2018-05-03,0.002764197408590574,0.0030426843398425607,-0.002203610149055568
2018-05-04,0.018131275585564266,0.018404097295595667,0.012946682930007558
2018-05-07,0.0031283578829748304,0.005225605477139794,0.0033832361756540585
2018-05-08,0.0062502580624044235,0.006531048605297407,0.0
2018-05-09,-0.0022311486443522544,-0.0010421154972813929,0.00966569159316566
2018-05-10,0.012894880535808229,0.013806666676394297,0.009350416423010266
2018-05-11,0.00019120533106642412,0.0006471391655373804,0.00305124763912068
2018-05-14,-0.006103085101926364,-0.005656947080834529,0.00047671839649621184
2018-05-15,-0.007841413930662067,-0.007258831675929667,-0.006887094461925702
2018-05-16,0.0022407850229810844,0.0022230099816971105,0.004205045516890715
2018-05-17,-0.006301475991154493,-0.006305809674033047,-0.0008449713716942586
2018-05-18,-0.0038319340616262965,-0.0035211347193122577,-0.0024996065056120953
2018-05-21,0.0033297603962574307,0.0036495718208557903,0.007518314157885175
2018-05-22,-0.00017260616363878878,0.0007356001608846974,-0.0027803393517307207
2018-05-23,0.003083067633826486,0.00366991423901597,0.002751868159878823
2018-05-24,0.005404939868543401,0.005991049075595889,-0.00204882529974193
2018-05-25,-0.009092858935272119,-0.008491278096108723,-0.002382692292155264
2018-05-29,-0.003214415076235877,-0.002606610660475739,-0.011501339232849128
2018-05-30,0.018621653210803224,0.019206102155238547,0.013344620071841451
2018-05-31,-0.008181575551000186,-0.007571149383018949,-0.00612563929830956
2018-06-01,0.00969009126025644,0.010279939493551993,0.00981801516332137
2018-06-04,-0.008328810810765419,-0.006832414095838013,0.004750878734008923
2018-06-05,-0.012141633874703905,-0.0109224213271365,0.0007276426493036947
2018-06-06,0.002308205968669874,0.0023028124528694516,0.008360670536741166
2018-06-07,-0.0056630105567158084,-0.004739645521407265,-0.00010798129408629009
2018-06-08,0.001433040117992057,0.001729094926417707,0.002956291509401243
2018-06-11,-0.0035402390335009803,-0.0029327213845531386,0.0013299003048887759
2018-06-12,0.02003196940529084,0.02028763212143203,0.0012926847153256205
2018-06-13,-0.010715827927340493,-0.008898555716784218,-0.0031914827424862624
2018-06-14,0.007905647820133144,0.008173865983120088,0.0025180163948210765
2018-06-15,-0.003635454314246278,-0.0027538532039691477,-0.001275458821172304
2018-06-18,0.00208285817790288,0.0020817709276286234,-0.0020571180198599714
2018-06-19,-0.005566787452159994,-0.00496696684966369,-0.003832913579683961
2018-06-20,0.00048508989334528074,0.0004817178470737371,0.001706315984209228
2018-06-21,-0.007361009011560893,-0.006450348817129914,-0.006269102629588574
2018-06-22,0.0005675277764194409,0.0008720515292324205,0.00182352292280763
2018-06-25,-0.012031501185500892,-0.01199829747240233,-0.013612948154032356
2018-06-26,-0.001000489819090511,-0.0006890766493178324,0.0022140063314155523
2018-06-27,-0.00910647559022304,-0.008504009145304803,-0.008284055286406411
2018-06-28,0.0004367522147044056,0.000434678356221907,0.005717028481935893
2018-06-29,-0.0003411982702397065,0.0005506525231957493,0.0014398674525986088
2018-07-02,0.0007624602392299895,0.0016624706652987875,0.0021377807903133483
2018-07-03,-0.004799627497451886,-0.004488971287808785,-0.0035309002066936657
2018-07-05,0.0021691303102704396,0.0027680746325107197,0.00815788258577732
2018-07-06,0.004874465695013708,0.005769243403616731,0.008458210097118446
2018-07-09,0.007697667817000431,0.00812024371035247,0.009004465912484605
2018-07-10,0.0020535089136981544,0.003104534094073408,0.0035983287998042623
2018-07-11,0.006928169291410269,0.006916148358534935,-0.007314261685950507
2018-07-12,0.001263158458499003,0.002768583339020747,0.009065713442555579
2018-07-13,-0.003918123481286728,-0.0033112133827719603,0.0007876908721797804
2018-07-16,-0.0032455259646034795,-0.00294307210923328,-0.0008943453865113415
2018-07-17,-0.0015557475155794087,-0.0015621665155912678,0.004045320003391861
2018-07-18,-0.002255061681790238,-0.0010391571799063248,0.002103646120768632
2018-07-19,0.006605492559259352,0.006587509649470746,-0.003771360588163075
2018-07-20,-0.009245204996371381,-0.007740598191743775,-0.0011429969807824625
2018-07-23,-0.0006313738010713665,-0.0006297291566782492,0.001859649926955198
2018-07-24,-0.003178774406757734,-0.0031671570879073796,0.0050319713835722535
2018-07-25,0.013321988837156296,0.013907778497973755,0.008522239603585557
2018-07-26,0.006539022429522978,0.0071369873169362386,-0.002359018545113667
2018-07-27,-0.015560988532374975,-0.014368838992919741,-0.006776530766738675
2018-07-30,-0.00893629634365023,-0.00891904362450957,-0.005222945006732482
2018-07-31,0.009956914362469593,0.009929615943775838,0.004929266458104209
2018-08-01,-0.008649807645888297,-0.007432466024589024,-0.0016711394970367888
2018-08-02,0.00861732888399458,0.008602751029474831,0.005447984189256516
2018-08-03,-0.005445219522033917,-0.0048332708620051346,0.0042845294653020005
2018-08-06,-0.0025893018988299987,-0.0025853617383603256,0.0036673428416968967
2018-08-07,-5.6394183239771856e-05,0.0008668087462120333,0.003302320638059353
2018-08-08,0.0016494953034837945,0.0022490491698032855,-0.00042052121762747863
2018-08-09,-0.009815478291288038,-0.008615928664910455,-0.0013654078284350835
2018-08-10,-0.0015796198096380554,-0.0012788301814820047,-0.006700615806956356
2018-08-13,-0.004381379828006682,-0.00437038526640654,-0.0037432694368122466
2018-08-14,0.009150562470914059,0.009438342870866867,0.006380547457365715
2018-08-15,-0.008694602365283077,-0.008075204199453734,-0.007467328876730517
2018-08-16,0.007819293617688405,0.00841372415924968,0.008091643033774742
2018-08-17,-0.0008913751780410539,0.0006081821475760751,0.003520174601925552
2018-08-20,0.013117614805120192,0.013695827023576523,0.0021400789883696536
2018-08-21,0.01031694757719892,0.011506224925229125,0.002345189066315756
2018-08-22,0.02128246606869011,0.022456517251567387,-0.0005937800140681793
2018-08-23,-0.001395007402582582,0.00041901960777646075,-0.0013278484670969926
2018-08-24,0.0050391971433734195,0.005341158002980739,0.006018446897929186
2018-08-27,-0.0063966439718398105,-0.005796427813075766,0.007894984483689083
2018-08-28,0.00011355792849010449,0.00011198214851826371,0.00048340803859647785
2018-08-29,0.0027522312826264717,0.003658644568072855,0.005380828247327996
2018-08-30,-0.010918099212921417,-0.010010007290022771,-0.004048134246127377
2018-08-31,-0.0034575688230141788,-0.003153743176146806,3.4042176352055975e-05
2018-09-04,0.0008952158495212359,0.0008967579811141047,-0.0017219874859982776
2018-09-05,0.008148899515762809,0.008437711724918362,-0.002691256153824928
2018-09-06,-0.005917464061712119,-0.004415429719038633,-0.003010309113196885
2018-09-07,-0.002606516387968605,-0.002295694840777296,-0.0019435428851407588
2018-09-10,0.00997567311529135,0.009950425166037835,0.001738874157978687
2018-09-11,-0.003673789467679822,-0.0027745145736451926,0.0032975621679642853
2018-09-12,-0.008500456228660913,-0.0075900570166898,0.00024147750281433566
2018-09-13,0.007964683576308307,0.00795067713647124,0.005915188835533103
2018-09-14,-0.00333847833549783,-0.0015263703061239031,0.0001719204788774853
2018-09-17,0.0012518509323267146,0.0015664759325626498,-0.0052943474731736995
2018-09-18,0.002428309211111701,0.002414635490052053,0.00542570869345238
2018-09-19,0.006073590268329765,0.006357202198566725,0.0010660419838810498
2018-09-20,0.010821841703541724,0.012300037416905107,0.00810397001981955
2018-09-21,-0.002014416617572845,-0.0008080122821754188,-0.0009140483798296684
2018-09-24,-0.002366139951391899,-0.0023631939525203816,-0.003321905325580632
2018-09-25,0.0008755514759573035,0.0011779772533990762,-0.0009277444403889001
2018-09-26,-0.009536039796071316,-0.00862687416590513,-0.002992148434981412
2018-09-27,0.0032684577602288822,0.003262538846540819,0.0027940597809654744
2018-09-28,0.009087105929457495,0.00937063140726102,0.00010306826290351623
2018-10-01,-0.004394251527478632,-0.00289175065848557,0.0034742612062759193
2018-10-02,-0.008102767141327849,-0.007497726304180663,-0.0005827181502434664
2018-10-03,-0.0010355694946535543,-0.0004292933588004866,0.0005489616448886014
2018-10-04,-0.005171054472232206,-0.004572799117622317,-0.007815787813559183
2018-10-05,-0.0030037359686539977,-0.00269956613227329,-0.005597030889530452
2018-10-08,-0.012448506901585055,-0.012138136188338144,0.0
2018-10-09,-0.005013684216544467,-0.004404562876354379,-0.0014590171604822455
2018-10-10,-0.04113693613210079,-0.04106232133424137,-0.031663474692038784
2018-10-11,0.0047057836595616465,0.004698736219095778,-0.022026339969826503
2018-10-12,0.02826350989962223,0.028516242286630078,0.013888099858530678
2018-10-15,-0.006628398783163791,-0.004829255362516882,-0.005616912716155498
2018-10-16,0.02596152377080596,0.026200111170919582,0.021865855314946447
2018-10-17,-0.0005681813993655416,0.0004766960761282135,0.00017818658803969711
2018-10-18,-0.0033904812918532645,-0.002783545891111072,-0.014440967886746203
2018-10-19,-0.0056501204111395475,-0.00519350715485134,-0.0005427313849886151
2018-10-22,0.0019019508518816064,0.002196888630046523,-0.004488588264746518
2018-10-23,-0.01569296474783466,-0.015074893635650066,-0.005090636825545891
2018-10-24,-0.02652603513465379,-0.026487088660431146,-0.0302984910440115
2018-10-25,0.01310685369655773,0.013089665512331594,0.017940211525071526
2018-10-26,-0.0225799591728284,-0.021940970162656392,-0.01758709727625163
2018-10-29,-0.015853464119985672,-0.015816351329523526,-0.005540635399224891
2018-10-30,0.029100263719940678,0.029345143601241297,0.014818867257449186
2018-10-31,0.02412693333921201,0.02502819062573214,0.010680849563283523
2018-11-01,0.0005119889412181777,0.0018249585051484107,0.010641631660504913
2018-11-02,-0.002626069021617994,-0.0024740929702909975,-0.0059228925402705634
2018-11-05,0.01202762735521179,0.013221096849456604,0.005516643266578525
2018-11-06,0.007180291597789434,0.007470080916258448,0.006327870044667838
2018-11-07,0.0014356839282534395,0.0023399465391544805,0.021409228814528225
2018-11-08,-4.655987118251659e-05,0.00010295996120568418,-0.0018150877516831532
2018-11-09,0.0014073490719170856,0.0017035867392689585,-0.009767828065918138
2018-11-12,-0.00569342737915679,-0.005394661545507495,-0.018685488133020844
2018-11-13,-0.00104606369846727,5.0929538699673316e-06,-0.0018709756843833247
2018-11-14,-0.0075741132432946,-0.007565160405200166,-0.00683685848543103
2018-11-15,0.01418344893815604,0.014779161878433866,0.010436673058951795
2018-11-16,-0.00012424154606560656,0.000479135882027526,0.0026007865418542497
2018-11-19,-0.026204600066528472,-0.026160920310165703,-0.016914887527615607
2018-11-20,-0.040149739795775186,-0.04009567446207796,-0.018505862442727894
2018-11-21,0.0005339055964668216,0.0005310884583098474,0.0034076602222188335
2018-11-23,-0.01402236980114202,-0.013999586577226997,-0.006678799042735495
2018-11-26,0.011212503691236941,0.011501793203984256,0.016144262427891798
2018-11-27,-0.0010319161391115772,-0.0007218356669032033,0.0033645384755796037
2018-11-28,0.009222795811944628,0.010240599307097975,0.02302525762189922
2018-11-29,0.002079696779953011,0.00282283173904041,-0.0021851896556832617
2018-11-30,5.904666367539946e-05,0.0005122560007380095,0.006095219537697094
2018-12-03,0.00206109685356215,0.002060172332107202,0.013241315865513359
2018-12-04,-0.0026245649748241062,-0.00216848399878522,-0.032402384973374554
2018-12-06,0.017862445126390236,0.019057906828415128,-0.0015170253752517793
2018-12-07,-0.01597681304603249,-0.015658724616668396,-0.023235866825162543
2018-12-10,-0.002402625593776353,-0.002399583822514928,0.001897015380304623
2018-12-11,-0.00399277851439972,-0.0039858722554081405,0.0002274374791173539
2018-12-12,0.009941193218347744,0.010538373868215212,0.005035240235142346
2018-12-13,-0.001453260356144237,-0.0008447916679263923,-0.0003391754660617696
2018-12-14,-0.009422760815392839,-0.008514600033095232,-0.018464405343252444
2018-12-17,-0.023797184350577094,-0.023743252617652533,-0.019618786185908732
2018-12-18,0.003702541807249382,0.0036935825608057637,-0.001096364794337723
2018-12-19,-0.011446595309375862,-0.010836537859211348,-0.014975824238063984
2018-12-20,-0.0172519453047012,-0.016922060082693813,-0.016277993963117243
2018-12-21,-0.014334048007725086,-0.014015746136977647,-0.020489440550005233
2018-12-24,-0.032256452926471946,-0.0322731658852734,-0.026422846529909227
2018-12-26,0.04035192915075769,0.04034624674229126,0.050524996530377564
2018-12-27,-0.00554568193036209,-0.0046627862809679455,0.007677315346365177
2018-12-28,0.0016037894517890727,0.002059426567544209,-0.001290218430713086
2018-12-31,0.00013008484503473916,0.00028209063710282756,0.00875904821779816
2019-01-02,0.0,0.0,0.0
2019-01-03,0.0033820014071008764,0.004132001407100905,-0.017668112031938854
2019-01-04,0.0056485462494140215,0.006095952183303277,0.03349559021641402
2019-01-07,0.005175943280258055,0.005777466763788874,0.007884684958124
2019-01-08,0.0010755424094053279,0.001829029575103558,0.00939526667311985
2019-01-09,0.0009887805635029334,0.0012919303768317292,0.004673487204997828
2019-01-10,0.0019351383592129956,0.002084151999323325,0.003527636366311926
2019-01-11,-0.0002971315841462374,-0.0001479794523948641,0.00038620038073133856
2019-01-14,-0.0032079154568095403,-0.0030577429227856,-0.006100957264578044
2019-01-15,0.003409201822888175,0.0035579769410298834,0.011460977902915781
2019-01-16,0.0009746581302050306,0.00112817736289883,0.002419974861054719
2019-01-17,0.003473815610175235,0.004073386549495073,0.007586703308684051
2019-01-18,0.003046643959233375,0.003650426128001927,0.013310017539516661
2019-01-22,-0.0003478412794695185,-0.00019509159302111279,-0.013510722895772376
2019-01-23,0.003987937014963361,0.004135898763071966,0.002092363896330829
2019-01-24,-0.0008896451027773367,-0.000289622553746538,0.0005315899726903162
2019-01-25,-0.005912833814916585,-0.0051628338149165565,0.008461538012364933
2019-01-28,-0.0015618278092264237,-0.000811926527972906,-0.007600298931966898
2019-01-29,0.0015248595271084575,0.0015211075587777678,-0.0013271787299771187
2019-01-30,-0.0022624293608325408,-0.0022617759175944663,0.015830981782868125
2019-01-31,0.012810221178544356,0.01309959788402737,0.008782701483493582
2019-02-01,-0.0008392450798384576,0.0008183401101879983,0.0004811846721017865
2019-02-04,0.007082868018130517,0.007220610647111991,0.007035429145981764
2019-02-05,-0.001223250611470994,-0.0006246928999152912,0.004191829484902154
2019-02-06,0.0010770450476060844,0.001970735339738683,-0.001318167075939236
2019-02-07,0.0014617461757209238,0.0023619169623327885,-0.009532570629879666
2019-02-08,0.001928446765384173,0.0025317305598056006,0.0012215223657656704
2019-02-11,0.00038451848375586906,0.0009910058600759442,0.0005545083055178424
2019-02-12,0.01060061602336071,0.010891856805589795,0.012859346049142628
2019-02-13,0.003527417621652651,0.005327893735086686,0.0032470560493027545
2019-02-14,-0.0013637002252601116,-0.001067578512157774,-0.002218387005808675
2019-02-15,0.002695875742301901,0.0037253467335303103,0.010897479720999526
2019-02-19,-0.0011711018177363863,-0.000260731003972281,0.0017303959406560487
2019-02-20,0.006920136791390696,0.0076618311769995895,0.002015605433666412
2019-02-21,-0.005838821196156085,-0.004927904334503519,-0.003556143472617901
2019-02-22,0.008146961756574367,0.008436109816213788,0.006200419709908589
2019-02-25,-0.005519670682552658,-0.0043049114098842045,0.0013607634928238799
2019-02-26,-0.005625482172447849,-0.005614356083163741,-0.0007149991316381943
2019-02-27,0.003287608003486042,0.003583403157955134,-0.0004296859815176024
2019-02-28,-0.004077333828722329,-0.003474588048736793,-0.0018628546525067957
2019-03-01,0.014235556393241255,0.014517007213975752,0.006244175192537504
2019-03-04,-0.0023179744627431775,-0.0005114355214713706,-0.003637790507828975
2019-03-05,0.0026362964145096868,0.003515470426731726,-0.0013601710223045682
2019-03-06,0.006392786981136878,0.0063608273282746985,-0.006056761177112069
2019-03-07,-0.008933734401015525,-0.007728701139871674,-0.008365353786963237
2019-03-08,-0.0015839752385152783,-0.0015845786863541989,-0.0020000467570850944
2019-03-11,0.01201329251047567,0.012290804669654154,0.014501129122705736
2019-03-12,-0.0011187210795416958,9.067772477511227e-05,0.003771068442985248
2019-03-13,0.006407045538417089,0.006996045829792408,0.006619284127661107
2019-03-14,-0.0022715445188694616,-0.0018198728617216942,-0.0006398103142017941
2019-03-15,0.0012439302651177098,0.0015397800123932992,0.0049405249852108035
2019-03-18,0.0038393444644093666,0.004432506744858067,0.00362593298254299
2019-03-19,-0.0005192815889107916,0.0002343847246950581,0.00024776986021057823
2019-03-20,0.0028778113561831464,0.003481832564889542,-0.0030095164307165634
2019-03-21,0.018658431704029255,0.019228973138718297,0.011294508899890365
2019-03-22,-0.020089402320225935,-0.018584100605425924,-0.019246316050036683
2019-03-25,0.0007380234799700958,0.0013357227148931283,-0.0007521175061521168
2019-03-26,0.0032997023424512495,0.003597803918911957,0.007454172903694989
2019-03-27,-0.006866035974712359,-0.005951411484415026,-0.005229316973724307
2019-03-28,0.006264131057403199,0.007165023811409821,0.003790579290930518
2019-03-29,0.00913343701196312,0.009418657276018427,0.006305500243529272
2019-04-01,0.006814120598021001,0.007710718692762963,0.011859216336003175
2019-04-02,0.000619149182245371,0.002265825700773716,0.0004898291947015299
2019-04-03,-0.00029157428363768556,-0.00014074804652064454,0.0015736631394083211
2019-04-04,-0.0020342079762127874,-0.0017615062608181686,0.0026532044585343417
2019-04-05,0.009577222977336763,0.009861472409389727,0.004840290566821892
2019-04-08,-0.0015524007448821653,-0.00020033578485711967,0.0007624566442752112
2019-04-09,-0.0014253818684077935,-0.000976622305427055,-0.005124445600397487
2019-04-10,0.004109722241042446,0.0044059954379873645,0.0034106662602624294
2019-04-11,0.00036656403556212247,0.0015720741827884854,-0.00027754766910748074
2019-04-12,-0.007232796695405663,-0.006335085331722223,0.006765655435348794
2019-04-15,0.0015779740284298516,0.0021927239798233966,-0.0006545463335607682
2019-04-16,-0.020868802991801605,-0.020525505384540566,0.0006549750450750569
2019-04-17,-0.026034635887119517,-0.02596774738307106,-0.00244686270122052
2019-04-18,-0.002712509876525493,-0.0023999745286791274,0.001969161333717384
2019-04-22,0.0036129431190214945,0.003909479323634502,0.0008621923376881391
2019-04-23,0.013934769665690183,0.014818542523980183,0.00899173212483273
2019-04-24,-0.006379188489650245,-0.005783907646955133,-0.0022194137729674157
2019-04-25,-0.004381478471564448,-0.0034755414270768448,-0.0006160044647799401
2019-04-26,0.0001839646248360527,0.0007680446027682475,0.004656982273155474
2019-04-29,-0.007191348711752088,-0.006580287132305962,0.0015677604397061895
2019-04-30,0.006272480436128269,0.006253507915894518,0.0005102597667125952
2019-05-01,-0.012094221194408061,-0.011159711949753737,-0.007516818751677756
2019-05-02,-0.007450070529601893,-0.007140534146684696,-0.002158827740901481
2019-05-03,0.006952171627896853,0.0069373003021133695,0.009788011772836391
2019-05-06,-0.0077242160738892895,-0.007102806096310088,-0.0041152921002790555
2019-05-07,-0.016262442961204382,-0.015650102923068676,-0.016699422259710328
2019-05-08,0.00030156093614697177,0.0003001020112185504,-0.0013895915090530453
2019-05-09,-0.00925632240119123,-0.008939159120532114,-0.0030258063912580457
2019-05-10,0.004809647391291527,0.005089562586297003,0.005023435294273959
2019-05-13,-0.046411224661913275,-0.04545565059974377,-0.025130438913886
2019-05-14,0.01924604306165123,0.01920648902538824,0.009043990377985756
2019-05-15,0.0040337746292231635,0.004323596132352003,0.005857706251938488
2019-05-16,0.014594538817042757,0.014560163110399316,0.00926112114205302
2019-05-17,-0.013398494401423044,-0.012033615434550615,-0.0064650923123060755
2019-05-20,-0.006983311089954314,-0.006380230730859471,-0.006612044848290477
2019-05-21,0.006592288487043962,0.007320342710299466,0.009015295130750056
2019-05-22,-0.01188038917111267,-0.011594242057837878,-0.0030713987003510024
2019-05-23,-0.01785981813223525,-0.01755204776542796,-0.012218544341037751
2019-05-24,-0.0019276894781777854,-0.0016291039582359002,0.0022685396821870984
2019-05-28,-0.006153287163317311,-0.005842891087297297,-0.009300754974060688
2019-05-29,-0.008660065495277647,-0.008656976729288779,-0.006710609208876783
2019-05-30,0.018273223645953074,0.018268464370889248,0.002731034573894453
2019-05-31,-0.014158781260828701,-0.0132404937104742,-0.013475212527762293
2019-06-03,0.0030493108624427556,0.00333695939652201,-0.0025427302245732974
2019-06-04,0.031444257483058013,0.03200398489560352,0.02170662172652471
2019-06-05,0.011520047363991814,0.013163255099355453,0.008662168159436323
2019-06-06,-0.0006631973171831174,0.00024157058899842987,0.00650257891489181
2019-06-07,0.002955357675466397,0.003252334160434245,0.010006980084850126
2019-06-10,0.002836630350573577,0.0029770822152543897,0.004589016733120399
2019-06-11,1.1092161684045365e-05,0.000316072251947741,-0.00024213548652840533
2019-06-12,-0.0013221469240676242,-0.0004216230995890413,-0.0017653653908005218
2019-06-13,-0.0005888578688462154,1.677766269092551e-05,0.004126352575871239
2019-06-14,0.003969782942929934,0.004265310961488966,-0.0011048924737504517
2019-06-17,0.0049898112720263565,0.005587679683046742,0.00038008343943851663
2019-06-18,0.009804168832689086,0.011014477049009042,0.010470856123007355
2019-06-19,0.0044301339694423625,0.005023344144545527,0.0022572927089736794
2019-06-20,0.004736264462582573,0.005631305160928024,0.009554547138143743
2019-06-21,-0.005214717597069818,-0.004315321095662794,-0.001453849848026545
2019-06-24,0.0006965435484282967,0.001899016841940826,-0.001224196728944471
2019-06-25,-0.008876132118156521,-0.008561255421720482,-0.009808116418850155
2019-06-26,-0.002435399246616954,-0.0021360284188495227,-0.0009974257349592008
2019-06-27,0.009659425482563488,0.00993870265267316,0.0035457439582313732
2019-06-28,0.006057067124668247,0.006953081282596196,0.005146039249199541
2019-07-01,-0.002146656251573953,-0.0012597300513041976,0.009078316467369119
2019-07-02,0.01290919402528945,0.014240299429099323,0.0026044901841684176
2019-07-03,0.0061358134184210655,0.00673361776130621,0.007995266805708834
2019-07-05,-0.00495085744134216,-0.004198428347190197,-0.0011380785478316557
2019-07-08,-0.0006771452470450967,-0.00037629357775859074,-0.005495021988261906
2019-07-09,0.0013137828359164327,0.002507006978852644,0.0012469272028761136
2019-07-10,0.0006047734955934025,0.0006015647014363523,0.0047779823567981605
2019-07-11,0.0014027105945106921,0.001702530468427721,0.0023444404048491574
2019-07-12,0.023650302468545714,0.023920274177378076,0.004476859202404482
2019-07-15,-0.0017835737562600373,0.00031700946361090665,0.0003323576736584677
2019-07-16,0.0012351412355937619,0.0018457813366816733,-0.003225243129726163
2019-07-17,-0.003562808100881165,-0.00295477017855994,-0.006804793285358657
2019-07-18,0.008126500369504575,0.008411903716662783,0.0036607117556224367
2019-07-19,-0.008273039830912987,-0.006751285562541454,-0.00555477695624218
2019-07-22,0.0014570642620224117,0.0014526872933173784,0.002456367633961287
2019-07-23,0.004677467604982111,0.004969840729951214,0.007149722298366301
2019-07-24,0.007730568897374335,0.008019578980592135,0.004699554551389928
2019-07-25,-0.0029856706598441196,-0.0014706318478595604,-0.0047767145870600825
2019-07-26,-0.0026408581113378515,-0.0017303192932965894,0.006700070828448812
2019-07-29,2.5645496719350902e-05,0.000926234414277971,-0.0018213624248689664
2019-07-30,0.0032537743338800773,0.003839351931579138,-0.0024544575993770135
2019-07-31,-0.007169762959568393,-0.006252523942557264,-0.010940236080142607
2019-08-01,0.004053554544229732,0.004322592584707019,-0.008708191510037322
2019-08-02,-0.00431290025661657,-0.003112531853493028,-0.0075295046763190765
2019-08-05,-0.025776210521969323,-0.025431369515713786,-0.0300728324647197
2019-08-06,0.022715789412977472,0.022979457586551177,0.014022759876988422
2019-08-07,-0.002310800665168311,-0.001998139147110334,0.0005907884565257149
2019-08-08,0.019703317547939303,0.019668333597613996,0.01961982182795774
2019-08-09,-0.00816303096090265,-0.0069616201153447355,-0.006811496999133082
2019-08-12,-0.003805658578833415,-0.0037884096208146145,-0.012173514556663267
2019-08-13,0.007166117133958982,0.00789450690599569,0.01555183081030842
2019-08-14,-0.022601520296186894,-0.021684189316150126,-0.02956769216104338
2019-08-15,0.006232060881321777,0.006671533876724256,0.0026419587350297036
2019-08-16,0.01458758905926083,0.015163048713371152,0.014754960498849723
2019-08-19,0.01157063669558367,0.0120164252082966,0.012048018932232507
2019-08-20,-0.005949931920970375,-0.004898144745698163,-0.007662771299021043
2019-08-21,0.0018605739477206562,0.002006618621704259,0.008135547369639617
2019-08-22,-0.0002748226375117735,-0.00012745528539725992,-0.000308076683866787
2019-08-23,-0.008750074785284556,-0.008446996383376537,-0.025687536225232677
2019-08-26,-0.002339998173571556,-0.001439953630856361,0.011058363306560626
2019-08-27,-0.006177028871458212,-0.006168499033317509,-0.003923345866815642
2019-08-28,0.008405257815892186,0.00900584584928077,0.007041576436231711
2019-08-29,0.01671402076130657,0.017305574081582842,0.01277284209928764
2019-08-30,-0.005680723291904832,-0.004329444246450986,-0.0004440171297499518
2019-09-03,0.0025968785257410865,0.0033491406876198226,-0.005847316314925632
2019-09-04,0.007816050058818247,0.008411197588260588,0.011350154419905722
2019-09-05,0.005641028853452079,0.006525828430107072,0.012855659613108639
2019-09-06,-0.005133304075758738,-0.004533829178230753,0.0007720619606459422
2019-09-09,-0.02421424612465617,-0.023592398449405083,0.0005032834498757133
2019-09-10,-0.013579303529881348,-0.0132630642154411,-0.00023452778500909766
2019-09-11,0.007677911636282397,0.0076674960813967186,0.007110791161183849
2019-09-12,0.007333339501795599,0.007319759508238599,0.0034641047158139315
2019-09-13,-0.007531465246704672,-0.006923819704982237,-0.000663978065331583
2019-09-16,-0.0016580692418104448,-0.0013549316859253757,-0.0030889191888863188
2019-09-17,0.0204336287145388,0.021301117185729357,0.0025321419814712254
2019-09-18,0.004982369383364382,0.006475903873598199,0.0005982475501746798
2019-09-19,-0.0028067838960937896,-0.0016039225205543017,-6.684482951879733e-05
2019-09-20,-0.0023349005369203146,-0.0017228039075006807,-0.004724467225724727
2019-09-23,-0.0003929264749356065,-9.028139102251753e-05,-0.0002348570357266766
2019-09-24,-0.009325446591675668,-0.00871477867929149,-0.007846882029623359
2019-09-25,0.009488203225537895,0.009466872430396789,0.0059148069896086675
2019-09-26,-0.0007413770524534735,0.00015596325133726552,-0.002083156733802438
2019-09-27,-0.006658918747444953,-0.006343045993123297,-0.0053872900428653114
2019-09-30,0.005357224211101297,0.005643285320875213,0.004637664876704806
2019-10-01,-0.0174081794911064,-0.01647914765873737,-0.011894434591577019
2019-10-02,-0.0241695880410544,-0.023830818511427543,-0.01766489955944428
2019-10-03,0.007425730818644061,0.007415464177979114,0.008192454357178969
2019-10-04,0.005002005104340013,0.005299728470156806,0.013532454582607212
2019-10-07,-0.0034910601635594896,-0.0031896236312953796,-0.004314807710553037
2019-10-08,-0.015866028483109695,-0.014957839558977892,-0.015524138327867032
2019-10-09,0.012867832731535467,0.013143287255803049,0.009495940372685974
2019-10-10,0.005146534558406302,0.006039901017930616,0.006763675599713137
2019-10-11,0.006825664363806938,0.007716904970174188,0.01036685523197134
2019-10-14,-0.005804451787603804,-0.004600724118179467,-0.0011137952950345253
2019-10-15,-0.0020545175288075868,-0.0017532811685199157,0.009900058065358097
2019-10-16,-0.00034414946477834274,0.0005585959684710762,-0.0016057166174799908
2019-10-17,0.004285015108180579,0.00458519036048588,0.0029489439355911973
2019-10-18,0.001985664994280878,0.0022803312560502054,-0.004376713351534001
2019-10-21,0.0021886286476215933,0.0033790227187473487,0.006778773509141356
2019-10-22,-0.008793509795887555,-0.007598718473128763,-0.0032667834145982955
2019-10-23,-0.004343664366798783,-0.0037410914123663375,0.0029097652425407183
2019-10-24,0.0062565491793178385,0.006242283817648575,0.001634215547294593
2019-10-25,-0.007563908711473832,-0.006950408389227336,0.004094818051380011
2019-10-28,-0.0013146360274842728,-0.0013130133459160476,0.005636699066540407
2019-10-29,0.004060288045042881,0.004647583871797867,-0.0002968023302039047
2019-10-30,0.008824032641750135,0.01000289581995184,0.0030672376218150443
2019-10-31,-0.003839615195148194,-0.0026450756633398242,-0.0026633998053989805
2019-11-01,0.002606893519140119,0.0035161586932135336,0.009263899490793648
2019-11-04,-0.0025857489852760818,-0.00198230085711959,0.0040176411762884445
2019-11-05,-0.003754684778567219,-0.0022468992445834335,-0.001106199302856381
2019-11-06,0.0037997529475704006,0.004094287602894209,0.00022805405408377055
2019-11-07,-0.016944179716538166,-0.016604358873815395,0.0035166791302667644
2019-11-08,0.001278066993788629,0.0015841059449022143,0.0024661819303306576
2019-11-11,0.0016557068687423904,0.0019564661564259733,-0.0019098805806062602
2019-11-12,-0.005242759043473266,-0.0049333930410135896,0.002108017060587164
2019-11-13,0.008558506006987043,0.008841368545822625,0.0003239639566083863
2019-11-14,0.0028452597356851683,0.004331129736077521,0.0014555106830382858
2019-11-15,0.004347718098119291,0.004944732484739589,0.007236250002723876
2019-11-18,-0.0027917720846298844,-0.0018889878024167528,0.0007377572590392401
2019-11-19,-0.007070243381204211,-0.0058815833557421815,-0.00028861579325079045
2019-11-20,-0.0008698833267233308,-0.0005569062390298196,-0.0037183797427075005
2019-11-21,-0.006435112332141224,-0.005525494964115363,-0.0016091827279246518
2019-11-22,0.01136217245575355,0.011336633649916106,0.0022238970115446843
2019-11-25,0.01986874079662937,0.020153000245134667,0.007750423688599017
2019-11-26,-0.0011325030772453282,0.0009623429253677873,0.002265506026693842
2019-11-27,0.005753153072464601,0.006339396710128842,0.004457626772822243
2019-11-29,-0.002094337366855714,-0.0011842537148171184,-0.0037088235168342143
2019-12-02,-0.013316304508566468,-0.012689279500573525,-0.008494734760325362
2019-12-03,-0.006908676013219761,-0.006889452709186283,-0.006706539880194207
2019-12-04,-0.000606034502606656,-6.916661151934456e-06,0.006170201638297401
2019-12-05,0.0023450695818574285,0.0026435554170736175,0.001798049889062181
2019-12-06,0.0056794548338610085,0.006274112663493536,0.009133879137866785
2019-12-09,0.0038370065763613237,0.004733341757272136,-0.0031442171972496658
2019-12-10,0.0031815969436093106,0.0040657859665143015,-0.0011148484053314922
2019-12-11,0.00024198872096037327,0.0014361052856273204,0.002838801900595378
2019-12-12,-0.007555195920281421,-0.006652228277739924,0.008618984421294051
2019-12-13,0.005068347292993547,0.005354998554779389,0.0005990921621346068
2019-12-16,0.010864850558561345,0.011447099229460411,0.006869650739520283
2019-12-17,-0.0061267876466162274,-0.004928354190052886,0.00021957549301032664
2019-12-18,0.0027514919573916607,0.0036440732858544767,6.237530216646192e-05
2019-12-19,0.001010525983676347,0.0013103897147883625,0.004098572159027203
2019-12-20,0.008945984957656306,0.009534707214531535,0.0043846487997947214
2019-12-23,-0.0015417555997568888,-0.0003428008428557616,0.0015277235945234668
2019-12-24,0.004578387193539202,0.0051733067189165816,3.124135703691522e-05
2019-12-26,0.0023540701770872197,0.0038532060138540825,0.0053232982403201845
2019-12-27,0.0013447777718964549,0.0023971628752446072,-0.0002477682410791937
2019-12-30,-0.0008643855143105617,0.00018747084050252383,-0.00551337796692597
2019-12-31,0.004481184432793217,0.005078407036183785,0.002429526027089457
2020-01-02,0.0,0.0,0.0
2020-01-03,0.0047245183761106535,0.005624518376110554,0.00238855810737304
2020-01-06,-0.0019192200489562827,-0.0019175024117940032,0.0038152832439215523
2020-01-07,-3.879917053761783e-05,0.0005623963093677187,-0.0028118528818330546
2020-01-08,0.0001968420931903747,0.0008014754085456932,0.005329755550281812
2020-01-09,0.001429082200967935,0.0014254673822828856,0.0067804661417889545
2020-01-10,-0.003529838246919881,-0.003077611528977564,-0.002877492195425324
2020-01-13,0.004620423281959551,0.005213277739135824,0.006877169885747048
2020-01-14,0.0006542132328553052,0.001856902079018008,-0.0015249969630035665
2020-01-15,-0.0018020405740563072,-0.00044596268187147015,0.002260495972536969
2020-01-16,0.011727420375445607,0.012309451882517974,0.008317891007862288
2020-01-17,0.0031549944320987677,0.003745504415540779,0.0031127864007414185
2020-01-21,-0.002667344169392183,-0.0014685286436977307,-0.00195827324949005
2020-01-22,0.0004788786199496631,0.001079872862566278,0.00012065673735683902
2020-01-23,0.004363129154254297,0.004969557293149851,0.0011469617264452392
2020-01-24,-0.012915739422987293,-0.012581196046216547,-0.008893010688934666
2020-01-27,-0.021163864519851083,-0.021115769801733797,-0.016029751322992225
2020-01-28,0.005352717019399433,0.005337280203742356,0.010479243979687025
2020-01-29,-0.0070520134405497314,-0.006750615767776247,-0.0008260108082667195
2020-01-30,0.002025643496872398,0.002016932057474996,0.0032456332437516
2020-01-31,-0.015700692020964357,-0.014788282047396017,-0.018158023632194653
2020-02-03,0.009809166718807383,0.01039617775848689,0.007428663290228954
2020-02-04,0.008231008807559004,0.008522828787418613,0.015241192111092428
2020-02-05,0.022828060960125907,0.024922883639607374,0.01154786328116475
2020-02-06,-0.003772057658563255,-0.002861302752284023,0.0033647741920910246
2020-02-07,-0.0011630809354830074,-0.0011572641258766891,-0.00532990929597188
2020-02-10,0.0049752698846412535,0.005268604078462635,0.007465808778101879
2020-02-11,0.0073173586498693766,0.00804727344700673,0.0017329068991756014
2020-02-12,0.0013898024137561915,0.002427313652856755,0.0064429103959131595
2020-02-13,0.0053920830497207195,0.006281601012607219,-0.0010671099562912234
2020-02-14,0.001746117038251116,0.0026446313863539572,0.001602076116987483
2020-02-18,-0.01889525323236263,-0.018265925894564994,-0.002576977522802948
2020-02-19,0.0004423846534584719,0.0004399416612497209,0.004781235715548782
2020-02-20,0.001727009350584785,0.0020253673792629545,-0.004108035419256861
2020-02-21,-0.0035081973329920135,-0.0032000413201477285,-0.010298507299150494
2020-02-24,-0.020787813001212574,-0.02045027423491952,-0.033165192706187896
2020-02-25,-0.03763201570147101,-0.0375546935480876,-0.03030250035341009
2020-02-26,-0.01530594665480356,-0.015269339991831554,-0.0036777114305662773
2020-02-27,-0.030193586732929267,-0.030128852341193557,-0.04491196842596934
2020-02-28,-0.015356315606220527,-0.01414235186074575,-0.004201612889578987
2020-03-02,0.037765347547436434,0.03806406215623093,0.04330670169869144
2020-03-03,-0.014123360561304366,-0.013217844878133378,-0.028632444942784607
2020-03-04,0.03978889297947519,0.0397984007467993,0.04203305440523253
2020-03-05,-0.04129067307338907,-0.04009999165530931,-0.033241739261780534
2020-03-06,-0.007493300346748,-0.007477075113183629,-0.016531288938967048
2020-03-09,-0.03376774734453902,-0.03327349457452655,-0.07809450006566832
2020-03-10,0.027657853186704884,0.028395333480735863,0.051744830302423495
2020-03-11,-0.052580623461958576,-0.05250640336155632,-0.04874798973163064
2020-03-12,-0.11396246048808256,-0.11378751023801192,-0.095677395598736
2020-03-13,0.07557341162592945,0.07544025592908521,0.08548639013424397
2020-03-16,-0.1645644248150877,-0.16391411631730246,-0.1094236335014227
2020-03-17,0.03880682633070465,0.039116612224381786,0.053991772334476495
2020-03-18,-0.06785267084337332,-0.06771520649515173,-0.05063299458072379
2020-03-19,0.03555171373378019,0.03567570159426925,0.002125239940806045
2020-03-20,-0.008148091725803108,-0.007949507906773179,-0.04309433305065269
2020-03-23,0.014762443155901028,0.015124171874131731,-0.025568138523694217
2020-03-24,0.018285049557146493,0.01881963428475819,0.09060325945836323
2020-03-25,-0.004179912568493593,-0.003881899752803397,0.01497006419427338
2020-03-26,0.0078113648866104946,0.00796306182512474,0.058389801015809706
2020-03-27,0.0004796793539765254,0.0004794638225027459,-0.029785584237364437
2020-03-30,0.004210638037729808,0.004368421279020707,0.03247584880882304
2020-03-31,-0.0003780030791346034,-0.00023120949586408202,-0.014905529724725253
2020-04-01,0.0,0.0,-0.045004900814416104
2020-04-02,-0.0012071398053848936,-0.0010571398053851322,0.023075440836357375
2020-04-03,0.003246771654540792,0.0032462841234042195,-0.014454213187073739
2020-04-06,0.009979684231645747,0.00997819054378346,0.0671662975485614
2020-04-07,0.004439850022708747,0.0046123632694869965,0.0010195491269802126
2020-04-08,0.0,0.0,0.03356793814381742
2020-04-09,0.0,0.0,0.015217755403604372
2020-04-13,0.0,0.0,-0.00913018179105407
2020-04-14,0.00032106814437282694,0.0004710681443726994,0.02949265553853886
2020-04-15,0.0020968799994862675,0.0020965656155824686,-0.021248006061267977
2020-04-16,0.0012630617459101767,0.0014184592155128684,0.004824532504223766
2020-04-17,0.0,0.0,0.02701541437451538
2020-04-20,0.0,0.0,-0.01761792701018139
2020-04-21,0.0,0.0,-0.030363410362569065
2020-04-22,0.0023763356292594295,0.003126335629259458,0.02219467451727386
2020-04-23,0.005986680681625556,0.00628490136270643,-7.202978745535216e-05
2020-04-24,0.0074172253083579776,0.007726177505365195,0.01393921622956995
2020-04-27,0.01017107936975048,0.010310674442078893,0.014418117628747007
2020-04-28,0.005549595195639023,0.0060032987333693555,-0.004598357707802592
2020-04-29,-0.009347707263977822,-0.008299534062358838,0.026178474524117146
2020-04-30,0.005566124791691607,0.006164422734684871,-0.009310530711402754
2020-05-01,0.0020059480281811037,0.0026114644283343758,-0.026473717709630806
2020-05-04,0.02384070574915409,0.02412220224376682,0.0027585248316792654
2020-05-05,0.011370046841965298,0.012566073778954578,0.009239093535952758
2020-05-06,-0.009316366418098188,-0.008394560938436824,-0.0067785306887658825
2020-05-07,0.001185330972246712,0.001787706932872224,0.012066759479465672
2020-05-08,0.007605397983068141,0.008204429607713948,0.01654585573021472
2020-05-11,0.000882177010197216,0.001342004624487414,0.00020560472548591946
2020-05-12,-0.0006544638220716825,-0.0003722647088318931,-0.019931801630628243
2020-05-13,0.001148352449880763,0.0015946220969837999,-0.017685689496996226
2020-05-14,0.014939426610409479,0.016133081378049807,0.011967268280660637
2020-05-15,-0.0016621155118246023,-0.0010661486549200516,0.004596910866530468
2020-05-18,0.021966645163158605,0.02193390439039189,0.030459762478702856
2020-05-19,0.001753735429566694,0.0031044548406855554,-0.010271667061036216
2020-05-20,0.005951794035829128,0.006693531839493394,0.016988668849524435
2020-05-21,-0.008654889056278314,-0.007897719449986074,-0.006904290715352257
2020-05-22,-0.0007426360487140515,-0.0002917941171710625,0.0018991757640549611
2020-05-26,-0.013061992433213598,-0.012747568389161135,0.012320564624969776
2020-05-27,0.007381410187774273,0.007657497486430964,0.014879188592889836
2020-05-28,0.008191296257593628,0.009086384291870697,-0.0018452723826944961
2020-05-29,0.016954757879217075,0.017535165075507786,0.004455959895920403
2020-06-01,0.0010483729517842821,0.001947634428096423,0.004041693629930343
2020-06-02,0.0040833456987607875,0.004512924774804361,0.00827995513085944
2020-06-03,-0.0001599638470345388,-7.323401215231229e-06,0.013308505317488839
2020-06-04,-0.0013272939859617638,-0.0011772939859618914,-0.0026265506498133195
2020-06-05,0.005535225790801235,0.006882634113891228,0.025629317200602797
2020-06-08,0.01606546641944928,0.016647733165305656,0.012087458431206954
2020-06-09,0.00020857308013422227,0.0009765587675381049,-0.007456434446094562
2020-06-10,0.005540031909590848,0.006281967434131008,-0.005580172331298816
2020-06-11,-0.0326835508377844,-0.03174731133095854,-0.05764920517903449
2020-06-12,0.006405626384409668,0.006409566016183366,0.011976033946470288
2020-06-15,0.015729586730259815,0.015701051056012938,0.009335495415337514
2020-06-16,0.011148909800988926,0.01204338610845479,0.01924768189870063
2020-06-17,0.0005667480041171569,0.001312743410813555,-0.004153689164510199
2020-06-18,-0.006807936550421112,-0.006502170278553376,0.0003851007032451559
2020-06-19,-0.009355897370856958,-0.009197223598170767,-0.005715104573400076
2020-06-22,0.00320541629399429,0.004405041535710197,0.006415295272893307
2020-06-23,-0.010784787146883579,-0.010173272548120282,0.004603532476432859
2020-06-24,-0.017827514706163727,-0.01779390905254319,-0.025508729402108243
2020-06-25,0.00024646236453662596,0.00025575271693067947,0.010720647348679169
2020-06-26,-0.011696635782757925,-0.011363367033639493,-0.02375143458911355
2020-06-29,0.0174755727373046,0.01775050245324028,0.01469757369186464
2020-06-30,0.015026449573590783,0.015745066593151336,0.012809467195298962
2020-07-01,0.0034827952390150685,0.0043659374473710155,0.007004819988407851
2020-07-02,0.0007019406478421253,0.0011555549650594799,0.005507103731598795
2020-07-06,0.004016507014140913,0.004164876603419021,0.015437067944463756
2020-07-07,-0.004119431507722204,-0.003967447601389007,-0.010313855204298839
2020-07-08,-0.00012807823274185726,0.0009257240972970759,0.007648858467744546
2020-07-09,0.0008466712563903744,0.0012987228119685224,-0.005693045614445835
2020-07-10,0.006444488371986523,0.007050124937767466,0.010210502723494663
2020-07-13,-0.0025607963445986037,-0.0016486005131124415,-0.008658769402027255
2020-07-14,0.019590382692774355,0.01956586873752464,0.012959151297302629
2020-07-15,0.009535078082221204,0.011037106680037434,0.00918702782837344
2020-07-16,-0.005909644032190742,-0.005600110730188623,-0.0032933694760686194
2020-07-17,0.00499603816327765,0.005578164633360583,0.002898818776914336
2020-07-20,0.044545599527572755,0.04541074983636628,0.008081604743493509
2020-07-21,0.006764456833699306,0.008129284421112049,0.002127915871626085
2020-07-22,0.0033450141277122647,0.003343133255094388,0.005691899055724869
2020-07-23,-0.007958269902406445,-0.007198946648889204,-0.011931927671168796
2020-07-24,-0.003222173961515251,-0.0023251999347297936,-0.006440254832891346
2020-07-27,0.02052869378084443,0.020486555177613663,0.007292431816570133
2020-07-28,-0.010237568145304632,-0.009339958439620655,-0.006342468204663998
2020-07-29,0.007390489464982997,0.0076789580011698,0.012298681890286378
2020-07-30,-0.0020617889578267157,-0.0016058755427195148,-0.003567704488292023
2020-07-31,0.0032611604422334572,0.0040182176434866435,0.007902156008822603
2020-08-03,0.027593670860113217,0.02754328941704509,0.006951998045748864
2020-08-04,0.011225053335150337,0.012394591711312408,0.0038626236074412734
2020-08-05,0.00395550987962956,0.006054213663997388,0.006211131361955946
2020-08-06,-0.002487073408149354,-0.001875258983460526,0.0066843397954086115
2020-08-07,-0.0004090238481254671,-0.00010397960143837537,0.0007179109695008012
2020-08-10,-0.010491527954892832,-0.009566121471578648,0.002988934626810602
2020-08-11,0.0007499118823512951,0.0010479702044392525,-0.008254721767575357
2020-08-12,0.00957810218123667,0.009555579557861016,0.013942490346746439
2020-08-13,0.013310126652876342,0.014490688312243316,-0.0018077211608321653
2020-08-14,-0.005138035348670189,-0.0040952729408514355,2.9785452035469007e-05
2020-08-17,-0.0006976319872753489,4.4277873914477794e-05,0.0031762970093140996
2020-08-18,-0.0036026614253482636,-0.003306316286142419,0.002160605429621043
2020-08-19,-0.000484430359940502,0.00012131887562460975,-0.004163763310597868
2020-08-20,-0.0007896387134070926,-0.0007941459754055025,0.0031136162070781737
2020-08-21,-0.005067749455371584,-0.0041624659271626285,0.003547345304731886
2020-08-24,0.01041029746618416,0.011001666190224357,0.010133234849614592
2020-08-25,-0.0025424173137734707,-0.001923234742401192,0.0034993464276429354
2020-08-26,0.004456122387258121,0.0050351042411243,0.01002527266901665
2020-08-27,-0.003998062552343806,-0.0028213971137772687,0.002186768725431776
2020-08-28,1.681971225742096e-05,0.0003162899588180501,0.006459299204947699
2020-08-31,-0.0022086985560748618,-0.002201554436989994,-0.0036223561736882237
2020-09-01,0.003042048345888393,0.0030362709691305056,0.009418680192173845
2020-09-02,0.02508015467259206,0.025951844141079317,0.01446378964912487
2020-09-03,-0.0024419285788133127,-0.0009492700952603572,-0.03441424403026849
2020-09-04,-0.012324061198170755,-0.01141776124785876,-0.008164684495784669
2020-09-08,-0.01726310730115521,-0.017230176898403227,-0.02732321673380722
2020-09-09,0.021467118583125444,0.021440896252426622,0.01974764827884412
2020-09-10,-0.009346667065110004,-0.008419147769439528,-0.017363720977525143
2020-09-11,0.002535603388972074,0.0031227711447425754,0.0005092193273708023
2020-09-14,0.005340568066434903,0.005615904537124905,0.013171208607333451
2020-09-15,0.007241046409358409,0.00782789010901297,0.0050521954519346934
2020-09-16,0.00546255072998747,0.006347071274789506,-0.003968762027310002
2020-09-17,-0.016353792364940944,-0.015147119009698451,-0.008795010686260207
2020-09-18,-0.005860104003597044,-0.005838325717952508,-0.011512776702263583
2020-09-21,-0.002093490908056439,-0.001778245356020114,-0.011129301640450007
2020-09-22,0.013513730836598015,0.014081891799170299,0.010184101540462231
2020-09-23,-0.017507835276144967,-0.016590182692023503,-0.023190888134050236
2020-09-24,0.0036740501087451083,0.0036611770163172963,0.002664981764268104
2020-09-25,0.007005238650692691,0.007886808283082969,0.016167604097700794
2020-09-28,0.014238299769548934,0.014510657081056921,0.01660881375940293
2020-09-29,-0.00401926118988527,-0.0028316971680497627,-0.005445657582880847
2020-09-30,0.003271365371365187,0.003569317340841316,0.007582001464812471
2020-10-01,-0.0031806514787753315,-0.0027308078968825145,0.006419932786187577
2020-10-02,-0.0006115192520371737,-0.0004545104887107021,-0.009494398794593795
2020-10-05,0.011243785742169665,0.011685521945624888,0.017733066386504515
2020-10-06,0.0014622006649165353,0.0019226105822389705,-0.014215865581074905
2020-10-07,0.012651036435363139,0.013845837632805003,0.017406543129391938
2020-10-08,0.008907301654594857,0.009947336523306038,0.008862617198674094
2020-10-09,-0.003185143100955412,-0.0024332511718037075,0.008930095930532067
2020-10-12,0.0009502663095914965,0.0009483440521615982,0.016087624129604627
2020-10-13,0.008394949797831508,0.00853687644119061,-0.006526381173558193
2020-10-14,-0.0009002352290780058,0.00015325500204421694,-0.006283289726677688
2020-10-15,0.0056100647722279184,0.006205822498404068,-0.0012358265106896527
2020-10-16,0.002038271397841296,0.002642825473837318,-0.0006043475507832019
2020-10-19,-0.014105240021837995,-0.014085405799210249,-0.015203287230199147
2020-10-20,0.013692452333287086,0.013667326217306819,0.004005682488809281
2020-10-21,0.0007446425136687918,0.0019427126711186737,-0.0018929013309282317
2020-10-22,-0.003950407048656901,-0.0033369577911552817,0.0054853816480977535
2020-10-23,0.0033992750084475,0.003687586120663111,0.003395041754625794
2020-10-26,-0.01739266893244129,-0.016771928866185948,-0.018479935366158107
2020-10-27,-0.009431364294768874,-0.009103830343128783,-0.003447552059625214
2020-10-28,-0.02868483372859576,-0.028329819643849508,-0.03417851955399909
2020-10-29,0.01989002493431502,0.02015475994601368,0.010163277320645037
2020-10-30,-0.015541155114641159,-0.014615529696332064,-0.010424715690027786
2020-11-02,0.020073740924971606,0.020645209188069558,0.011208276120075356
2020-11-03,0.03161860011112849,0.03277403919182653,0.017655987224070024
2020-11-04,0.017776398992909614,0.019092725966944002,0.02234947128117759
2020-11-05,0.021526122809060633,0.022580998303445732,0.01950261009833887
2020-11-06,0.004448236523922455,0.004600411410518923,-0.00022862441977100634
2020-11-09,-0.007812518403103708,-0.007368718990836465,0.012565690217153813
2020-11-10,0.023641809741935305,0.024832864449116032,-0.001466646210516842
2020-11-11,0.01812453668953773,0.018700250576801247,0.00742886280678845
2020-11-12,-0.003472072150178973,-0.002720608894070331,-0.009700932595727352
2020-11-13,-0.0016886915345052378,-0.0009372272487003785,0.013844186020804727
2020-11-16,0.0049489070511972155,0.005696457575776082,0.012482686676664079
2020-11-17,-0.0005867542765105593,-0.00043890911427657553,-0.005378234544978988
2020-11-18,-0.007717465661439049,-0.006512282686295112,-0.012034864175274329
2020-11-19,0.010061032152592686,0.010043332883257206,0.0042100426028597315
2020-11-20,0.0012944234183092096,0.0024970033603879394,-0.006847549676456399
2020-11-23,0.01131796913495342,0.011588960255597414,0.005994388426275865
2020-11-24,0.0024375662882387683,0.0030282753743768875,0.016113854627079816
2020-11-25,-0.0013688055406620991,-0.00016603916785784545,-0.001541813621014687
2020-11-27,0.004394034534279667,0.004381119084652996,0.0027849330777589554
2020-11-30,-0.005082964070808216,-0.003861303207451927,-0.004427104491875999
2020-12-01,0.012210130031479416,0.012789163930351233,0.010937581250257455
2020-12-02,-0.0069822543544206805,-0.00608053430486688,0.002103516060226296
2020-12-03,0.001973286110564576,0.002575620309171356,-0.000272705359855685
2020-12-04,0.012352241012195897,0.012943554840120663,0.008617421755840793
2020-12-07,-0.00527439620249992,-0.0049617076080938904,-0.0020548053665060406
2020-12-08,0.0002587973613874528,0.0008527314734514402,0.002926291467487241
2020-12-09,0.005415160008680253,0.006902537285610411,-0.008969038760209602
2020-12-10,-0.007807028367359026,-0.0068892707642076445,-0.0003269584699605588
2020-12-11,-7.039092886429454e-05,-7.409031179550496e-05,-0.0011724730926675475
2020-12-14,-0.001960392760928853,-0.0016604038304147695,-0.00447715826371442
2020-12-15,0.011718825463634897,0.011998709884667003,0.01351928267608371
2020-12-16,-0.006120960252459229,-0.004316030168082241,0.0015694040517124641
2020-12-17,0.0015204342784995717,0.0015191921942536712,0.005591928401434743
2020-12-18,-0.00845282668116143,-0.008134994324129119,-0.003992912313974473
2020-12-21,-0.004408592208603346,-0.0043920755875651585,-0.003575274426252273
2020-12-22,-0.015330885006843653,-0.014702124249989512,-0.0016853631179640782
2020-12-23,0.02033006920894298,0.020641805184286044,0.0008985176567017916
2020-12-24,0.0003853421016610792,0.0015943490321770337,0.0038904098734411363
2020-12-28,0.009374090017198133,0.009696219082227842,0.008590700003830554
2020-12-29,0.0018375048027488017,0.0033673441659216596,-0.0019077061181778099
2020-12-30,0.006686904755648371,0.006980594601200707,0.001426706743954398
2020-12-31,0.000994308998202742,0.002790429659501381,0.00508117542658959
2021-01-04,0.0,0.0,0.0
2021-01-05,0.006221290235981947,0.006521290235982136,0.007263840493520357
2021-01-06,0.003149061309789314,0.003906177263112598,0.005978739282975543
2021-01-07,0.013612835612244245,0.013755482691355958,0.014857398591648252
2021-01-08,0.005343221226763006,0.006716941356154749,0.005697673903205525
2021-01-11,-0.005824641845322942,-0.005815936532659327,-0.006740521258104981
2021-01-12,-0.006254917226826917,-0.0059462036167019505,0.0002108989148625895
2021-01-13,0.0026330859716727772,0.0027814785905588835,0.002693091437587114
2021-01-14,-0.007604352523595481,-0.006992321850503469,-0.0035021994367678833
2021-01-15,0.003948811236665906,0.003945382755079718,-0.007292538691798689
2021-01-19,-0.000873655449990629,0.0003301588464927896,0.007851771105696459
2021-01-20,0.014798349969408209,0.015664714589837647,0.013839013097133979
2021-01-21,-0.004090655380461716,-0.002582702999119779,0.0009118153381688643
2021-01-22,-0.011557896124267941,-0.011530896089116505,-0.0035398409172407996
2021-01-25,0.004012985187047624,0.0043076599078668565,0.003943782299774989
2021-01-26,-0.007309366137132067,-0.007001423694850684,-0.0015606874087463751
2021-01-27,-0.026899200265389944,-0.026837960245481685,-0.024440685049319066
2021-01-28,0.023989673322746263,0.02424061331793914,0.008600241997579916
2021-01-29,-0.023608087184970983,-0.022668848349349457,-0.020019576876670553
2021-02-01,0.01583016639992829,0.01610704711342059,0.01664561525715702
2021-02-02,0.01980151988208312,0.020356564083683137,0.014140216066375721
2021-02-03,0.0017273190063864519,0.003824205556428817,0.0007862383335790479
2021-02-04,0.007297672653340026,0.007870428345266411,0.011365743471086764
2021-02-05,0.003695886003485027,0.004297445435305747,0.003935830596076828
2021-02-08,0.003618243290289147,0.004811803847594165,0.007221973890623401
2021-02-09,0.002418190020391897,0.0030130614827894586,-0.0006658564794110866
2021-02-10,0.006670944692020564,0.007564035148720505,-0.00043572922210732834
2021-02-11,-0.004355310300248938,-0.002849353318758019,0.0016153757076717845
2021-02-12,0.0029464942221026913,0.0029403179420799397,0.004939589201850225
2021-02-16,-0.004275495237388682,-0.003964469710689311,-0.0008659020704113729
2021-02-17,0.006548355207262269,0.007129675565973992,0.00022936602340872803
2021-02-18,0.0009066057234070612,0.0017958419945152126,-0.004255859037820553
2021-02-19,0.005948114096604673,0.007154116568091506,-0.0017659490913861653
2021-02-22,-0.032554277945949006,-0.03248942042796288,-0.007691607850319415
2021-02-23,0.01568937729772535,0.01563798345176237,0.0012140343081108451
2021-02-24,0.017138092600369914,0.01741742774398425,0.011019343007416138
2021-02-25,-0.029915526952896343,-0.028976922040346964,-0.02409566512161443
2021-02-26,-0.0053093083438396915,-0.005004100604839801,-0.005152474997699108
2021-03-01,0.04980491923869912,0.049693943825357634,0.024240099608968668
2021-03-02,-0.000288711557994481,0.0012007766149946253,-0.007803333136561452
2021-03-03,-0.01431580077427308,-0.013845050133791559,-0.0132457545276089
2021-03-04,-0.014363472111506903,-0.01390423411766073,-0.012374798212103966
2021-03-05,0.013378132828336442,0.013664918914414237,0.01839651087988492
2021-03-08,-0.016795421907563446,-0.01647426378237049,-0.0049784486516053494
2021-03-09,0.0356289764477844,0.03619885381967469,0.014277267854460929
2021-03-10,-0.0006199168277047917,0.00043154683567614427,0.006224730408761703
2021-03-11,0.022736883462625812,0.023148752894408098,0.010138971182605427
2021-03-12,-0.008692490760747407,-0.0078005842240297385,0.0013468616165202008
2021-03-15,0.008883832777769385,0.00887217635438775,0.005963553968804769
2021-03-16,-0.001194164661107333,-0.0004294667263509133,-0.0012612751138161293
2021-03-17,0.009157510966611326,0.010225193385960507,0.0034101179231544876
2021-03-18,-0.024234830178223365,-0.023935992067114498,-0.014549719642337311
2021-03-19,-0.007738754232870848,-0.0077334329754144004,-0.0018503857186512596
2021-03-22,-0.0005684289032529266,-0.0005705135896718616,0.007984916517992824
2021-03-23,-0.003439258934627709,-0.003131354402602815,-0.007870719803094284
2021-03-24,0.010790524471025131,0.011097569861083345,-0.005083693985145743
2021-03-25,0.015992916727045614,0.016877474518490088,0.005625509791168382
2021-03-26,-0.037949776135997704,-0.03616026453456389,0.01611520510962028
2021-03-29,-0.019674149889278847,-0.01873302316521397,-0.0005050677201268172
2021-03-30,0.0067656865978118486,0.007054562631809258,-0.0026529869357009295
2021-03-31,0.019124813308960986,0.01941331351806963,0.004053336989545242
2021-04-01,0.01105021388467975,0.012288469756792209,0.01079898770728227
2021-04-05,-0.0036663971533693607,-0.0027333436102309205,0.014353000912468827
2021-04-06,0.017539629799320222,0.017626848719921595,-0.0005904381348361687
2021-04-07,0.001951643856647367,0.0031067583640418395,0.0011571532122607309
2021-04-08,-0.0033651703782920928,-0.0025973233668673545,0.004746921580444985
2021-04-09,0.010060432807325714,0.010347444575226072,0.007270308611095455
2021-04-12,-0.006391577535959647,-0.004640438220912535,0.00036440318762598345
2021-04-13,0.004135283704326698,0.004434530606455933,0.002963706265906252
2021-04-14,0.017366564360539405,0.018267086728151583,-0.003415264904160109
2021-04-15,-0.0077618306387601255,-0.006255361882401833,0.010742401381259592
2021-04-16,-0.002984688062091956,-0.002684390391337943,0.003342692028694305
2021-04-19,-0.0099230231884051,-0.009303575748718651,-0.004913119828336532
2021-04-20,-0.027599441674890368,-0.027539055745731345,-0.0073217139981323065
2021-04-21,0.03219785983447365,0.03212474533007015,0.009462360108296153
2021-04-22,-0.009734217265179979,-0.00821536603890849,-0.009133401844107936
2021-04-23,0.00930239005147282,0.009266519642380455,0.010842672320402036
2021-04-26,0.00943481200011509,0.010311603281523807,0.002087401351984264
2021-04-27,0.006179494179876954,0.007083809942315389,-0.00021523336345175004
2021-04-28,0.003167111693568092,0.004057003878016108,-0.00028764262280056574
2021-04-29,0.012907294230455335,0.013185276267945856,0.006372995324324782
2021-04-30,-0.0021313588455806887,-0.000656566186449492,-0.006570694776350083
2021-05-03,0.0027093596431329026,0.0036034833087086326,0.0021568442127644083
2021-05-04,-0.014472756918322283,-0.013836775808439561,-0.006169431801958725
2021-05-05,0.005603709072652618,0.005587025914390642,0.00031297818855713366
2021-05-06,-0.003362792254161251,-0.0024186470704785634,0.007985753323809686
2021-05-07,0.005363274724324851,0.005941943060874699,0.007277860569789407
2021-05-10,-0.014274407440841519,-0.01364201399745657,-0.009902623861569038
2021-05-11,0.009076734393724584,0.009054001925621336,-0.008924620863319688
2021-05-12,-0.0338425007895381,-0.032925950246593505,-0.021245312338954547
2021-05-13,0.007375517671866838,0.007674663123043324,0.012012699945362248
2021-05-14,0.02842828826002175,0.02866515407935677,0.015355355231965184
2021-05-17,-0.009977171425348597,-0.008628429882663213,-0.0025446452045313483
2021-05-18,-0.004316406716136978,-0.00401297652317234,-0.008615570162786246
2021-05-19,-0.004328562616104703,-0.0035853601426631965,-0.002621857416333584
2021-05-20,0.01181766815628138,0.012408493014675726,0.01075798678127704
2021-05-21,0.0013597004581522576,0.0022610324807827986,-0.0008187903933760676
2021-05-24,-0.0061514526826658145,-0.0058393297624339535,0.010194355752125794
2021-05-25,-0.006875807725097882,-0.0065657406894567005,-0.0022186729861383148
2021-05-26,0.0003355384026784147,0.0009334879242477445,0.0019846702362358304
2021-05-27,0.005963589623254384,0.006253944113481014,0.0005248848963783637
2021-05-28,-0.0006123103908373118,0.0005962958840779464,0.001788669452209124
2021-06-01,8.53960781816987e-05,0.0006788166646261029,-0.0008809713013512299
2021-06-02,0.0002652790103452318,0.0008638163411787136,0.001572716829588039
2021-06-03,0.006586087305569643,0.007480226871042772,-0.003711230760408135
2021-06-04,0.0029826594714157384,0.0044821623132784705,0.009145641655499137
2021-06-07,-0.0026110059124723195,-0.0014003230553535362,-0.0009702075941184773
2021-06-08,-0.0014146538823651689,-0.0014111023743175188,0.00021336515271785927
2021-06-09,-0.003922670762257718,-0.003617614357872001,-0.0014919931644392648
2021-06-10,0.00600087259499249,0.006585031195943447,0.004648250980785473
2021-06-11,0.0014748217783686624,0.002392004122939273,0.0016525140369889613
2021-06-14,-0.014984147906896728,-0.014659811200526174,0.0022388539098872062
2021-06-15,0.004486840760378419,0.004473210973113373,-0.001834142291169627
2021-06-16,-0.0027749725846081263,-0.0024800928360900754,-0.005583327260126558
2021-06-17,-0.031578890946218685,-0.03035034799849068,-0.00033158392084065014
2021-06-18,-0.014448236406175208,-0.014123245830342634,-0.013490338228166254
2021-06-21,0.020694939516294975,0.02065537274632323,0.014316035145870876
2021-06-22,-0.0012925499223109815,-0.000687283649080217,0.0053461357899979856
2021-06-23,0.0017001296434555613,0.0019985338333008418,-0.0012052395544164263
2021-06-24,0.0046616843011022535,0.005538317946924831,0.005915503387092791
2021-06-25,0.008979767428141328,0.01077417214413079,0.003552053484238815
2021-06-28,-0.0016326894541807135,-0.0007385491703723046,0.0020158852339571265
2021-06-29,-0.0038096313814584004,-0.00291312790325593,0.0005383154646545485
2021-06-30,0.006673975531273024,0.00726657432419997,0.0008417081302440899
2021-07-01,0.01245138770862364,0.0127271010783645,0.005536470299454255
2021-07-02,0.0015686783946597949,0.003214323149395071,0.0076435279410072
2021-07-06,-0.003021422246099248,-0.0022792131297302287,-0.0018214823523000634
2021-07-07,0.0014163171783321271,0.0023151035934056985,0.00353385610924839
2021-07-08,-0.0009689669456498518,-5.986350078857061e-05,-0.008147715015089818
2021-07-09,0.019643047142378522,0.019604356220321195,0.010674565188096619
2021-07-12,0.004002129787050501,0.004890809519160877,0.003582062181022083
2021-07-13,-0.017762280128944985,-0.016244861101551322,-0.0034090862284404944
2021-07-14,-0.006274120836787578,-0.006259790751845573,0.001492260953441793
2021-07-15,-0.01080033951221393,-0.010771942150881952,-0.0034155007412670635
2021-07-16,-0.004239672062181898,-0.0042174315843720445,-0.007843370216515821
2021-07-19,-0.012767355892213783,-0.012433741024862943,-0.014767986923154508
2021-07-20,0.02496385838077808,0.025209304760434925,0.014330404990878565
2021-07-21,0.016126897401550933,0.018036804671605955,0.008096174823552404
2021-07-22,0.012749397708130328,0.013475580492329886,0.0020943007044604833
2021-07-23,0.006349090730030094,0.006955835118956255,0.010287704846807078
2021-07-26,0.0021128975271456074,0.0026996603378284245,0.002455094289028237
2021-07-27,0.0022577010645226103,0.0030014410636747257,-0.004557784059542214
2021-07-28,-0.006129307545626017,-0.00522941297434687,-0.00041001189548972583
2021-07-29,-0.004004940406412194,-0.0038452124743659777,0.004147376305794204
2021-07-30,-0.00020375485694068551,9.610176100172119e-05,-0.004856295259186072
2021-08-02,-0.0007908575513652094,-0.0004811595124279977,-0.002098229444887023
2021-08-03,0.0024729692321530106,0.0027684697295173866,0.008135738363774347
2021-08-04,-0.007694106565023229,-0.0067807871411353915,-0.004919276175308518
2021-08-05,0.010008658418902305,0.010289560384667329,0.006332913972587173
2021-08-06,0.007665977750716646,0.008272879626334051,0.0016525119114676468
2021-08-09,-0.005363667665918115,-0.004155503872657951,-0.0008132787695330768
2021-08-10,-0.00033563625079480186,-2.745312512153486e-05,0.0012437879086935055
2021-08-11,0.003733916101649193,0.004948254167031152,0.002484929302334349
2021-08-12,-0.0006644770091697172,-0.0006575127474028886,0.002996784370488559
2021-08-13,0.00208858212934393,0.0029780632916505123,0.0018201725953972403
2021-08-16,0.006701119544230805,0.007283667716256659,0.0023544158547013083
2021-08-17,-0.00905783510356517,-0.008157448103422449,-0.006555187973096399
2021-08-18,-0.012714363930054207,-0.01239727730866047,-0.010945064584911401
2021-08-19,0.007347448088339759,0.00733212855760601,0.0015482596705671536
2021-08-20,0.0032083890741494425,0.003508742180788449,0.007957122061817978
2021-08-23,0.016887399196783948,0.017461634054998898,0.00879672556769262
2021-08-24,0.0010129811376164977,0.0029545613003454374,0.0015872541907666626
2021-08-25,0.007661616789848447,0.008402220943310779,0.002098419820750985
2021-08-26,-0.004016289071765211,-0.002812240382972564,-0.0059031282343174896
2021-08-27,0.004894526534754418,0.005489655859523435,0.00894090402343628
2021-08-30,0.0012128654005003625,0.0015123442699378487,0.004397467108962605
2021-08-31,-0.0027061847797729133,-0.0012057744146388716,-0.0014812880351373625
2021-09-01,0.0007361060980104472,0.0013370740428215733,0.0005314161853522403
2021-09-02,7.866345873797087e-05,0.00038929700532253086,0.0030764616235630093
2021-09-03,-0.005953261064779003,-0.005038770596068276,-0.00024290343494204336
2021-09-07,-0.008019888090509575,-0.007998721646367501,-0.0035753698350161622
2021-09-08,0.003255045687338809,0.003538956439282037,-0.0012181561751476444
2021-09-09,-0.0066412899034759,-0.005445553889810828,-0.004280397855445428
2021-09-10,-0.000624912037405112,-2.516242432193394e-05,-0.007884654206780861
2021-09-13,0.002024537447104402,0.0026350591711925553,0.0025594782926405824
2021-09-14,-0.011442646669325152,-0.010522318143089127,-0.005396438573365359
2021-09-15,0.00782728693231527,0.00810845313183628,0.008352513676311624
2021-09-16,-0.006068447210684225,-0.005454274769025269,-0.001585276449892814
2021-09-17,-0.011288910375845007,-0.010371331176300513,-0.009740946114425886
2021-09-20,-0.011692912367538666,-0.011665465978635381,-0.01667434948370894
2021-09-21,-0.004340900056357455,-0.004325925210891923,-0.0009447129788767716
2021-09-22,0.008330903985890314,0.00891502271220923,0.009755012194987867
2021-09-23,0.01650610896135829,0.0173770417460557,0.012149979332359617
2021-09-24,-0.00917399295121768,-0.007085376114954189,0.0016473311100926313
2021-09-27,-0.011948652082995337,-0.011920274280265764,-0.002861017287015377
2021-09-28,-0.006378019612732433,-0.006364238048832016,-0.02015188381978017
2021-09-29,0.010567515233618652,0.01084609811166537,0.0016832615568036502
2021-09-30,-0.012111721440163481,-0.011487642433442802,-0.012222361496838974
2021-10-01,-0.0007396352292633468,-0.0007315687595934595,0.011884327280136997
2021-10-04,-0.003921999913297558,-0.003621844141912911,-0.012896261105424633
2021-10-05,0.008040207413927414,0.009241190764917029,0.010404922601927158
2021-10-06,0.005151803280357248,0.005432296461619357,0.00415598007600626
2021-10-07,0.01281477437477796,0.013688403523336001,0.008645708705106392
2021-10-08,0.00011878678183840918,0.0014567041240736156,-0.001823632558234256
2021-10-11,-0.005313420917251621,-0.004261846412224157,-0.00723974738606703
2021-10-12,0.0008978929580210071,0.0011959970112203067,-0.0024614980437046574
2021-10-13,0.0002012983480648156,0.00019965819481559954,0.003597630083474357
2021-10-14,0.014682884983334699,0.014962904578342817,0.01682082847824895
2021-10-15,0.005168526316383426,0.006528040155486581,0.007615542520026386
2021-10-18,0.0024228346621966157,0.0033322448328581,0.0029603325103315647
2021-10-19,0.0005132069347584256,0.0012652587590571418,0.007715093650185745
2021-10-20,0.0009289930876668073,0.00198690873124141,0.003927606348205215
2021-10-21,0.004745496625441659,0.005788884366632718,0.0026083527292575237
2021-10-22,0.0029887967263126924,0.003433145669691662,-0.0010362100192337076
2021-10-25,0.0007215001728846371,0.0014702303964182484,0.005362773549228761
2021-10-26,0.0027893906382876477,0.0027782339406905443,0.0009000342437031073
2021-10-27,0.005743224262654056,0.0069283398834461,-0.004430217649496471
2021-10-28,0.010266593750142938,0.011468096970190134,0.009648910449911119
2021-10-29,-0.0010991287573720587,-0.00048486686439852544,0.002029176197748228
2021-11-01,0.008309256092089878,0.008591737578271808,0.0017200600493494367
2021-11-02,6.0746363532926395e-05,0.0009613164235873217,0.004043179448625089
2021-11-03,0.000417725550707182,0.0007065354393125389,0.006105265031711049
2021-11-04,-0.001749693024545973,-0.0014525700665383168,0.004712578357497943
2021-11-05,0.006924300682017881,0.007795962045594074,0.0034695671947455597
2021-11-08,0.014608836654988577,0.015187100099470996,0.0008537203550846861
2021-11-09,0.003450775276693907,0.004942656339355533,-0.0033053010479855427
2021-11-10,-0.00588395888754667,-0.004962389098977282,-0.008044953669156585
2021-11-11,0.005366022706209561,0.0059541847492752265,0.0003237379971499088
2021-11-12,-0.0018062533617095866,-0.001201881646794356,0.007546493606379379
2021-11-15,-0.00013849842572621895,0.00045796116850782553,0.00034250678938541057
2021-11-16,0.0014093763315461416,0.002318152889876801,0.003957897188071158
2021-11-17,-0.003931220896381538,-0.0027265784677643623,-0.0024292040132970483
2021-11-18,-0.00327461381094174,-0.0032717326094342525,0.003396398451554594
2021-11-19,1.3706240688193816e-05,0.0005935033778003973,-0.0017881701531110572
2021-11-22,0.010516676122070523,0.01078003202852007,-0.002815273861006551
2021-11-23,0.01762952400564277,0.019124170885272296,0.001325952030557298
2021-11-24,0.0038413454044430306,0.0053512157453965425,0.0026699268984593516
2021-11-26,-0.020895114707515594,-0.020825823222863304,-0.022303137197962175
2021-11-29,0.002919476401779919,0.002904895317461298,0.01226665407884786
2021-11-30,-0.03335355565255216,-0.03240929901416134,-0.01945774783697074
2021-12-01,-0.027595163738102335,-0.027512456875103286,-0.011107221187110827
2021-12-02,0.02117287325156192,0.021112871502633412,0.01531637869389968
2021-12-03,-0.025218076753504848,-0.024862925963468285,-0.008701426575988491
2021-12-06,0.014865255917762221,0.015425252086685326,0.011843417699721082
2021-12-07,0.032735391716402384,0.03356544327418498,0.02068474258430708
2021-12-08,0.003917108869212926,0.004491018468353536,0.0026479531544385537
2021-12-09,-0.008865687624264984,-0.008418305136476789,-0.006751637248578635
2021-12-10,-0.0011020939664173612,-0.0009480945189673795,0.00941362464499318
2021-12-13,-0.008941155400991718,-0.008478699409087742,-0.008858385467373608
2021-12-14,-0.00032568686228307,0.000732600048056975,-0.006879993554988806
2021-12-15,0.020186789492261603,0.02015429034635763,0.015624969192423288
2021-12-16,-0.016072844248856688,-0.015420797527546992,-0.008818311214292551
2021-12-17,-9.968968495266406e-05,0.00019993678717167285,-0.01064301806473067
2021-12-20,-0.03160236774486169,-0.03154479133440702,-0.010633355409267242
2021-12-21,0.02696849628594311,0.027493163539500598,0.017758823509654187
2021-12-22,0.010788946053713167,0.011965156021143564,0.009998795089018797
2021-12-23,0.0024771627218282966,0.0032238657711582963,0.006222071624005343
2021-12-27,0.004266556738927951,0.004858021006442614,0.014152304037380992
2021-12-28,0.0010208831968929744,0.001327218695500454,-0.0008172525028188327
2021-12-29,-0.00025529974375493314,0.00019977188096742537,0.0012791776389848852
2021-12-30,0.002043061869820395,0.0021914584062683318,-0.002764413050813319
2021-12-31,-0.0025882047804614006,-0.0022885951988630415,-0.002520379669829431
2022-01-03,0.0,0.0,0.0
2022-01-04,-0.006654317538738352,-0.0063543175387383855,-0.004977391438572232
2022-01-05,-0.009669839404924718,-0.009368632985700898,-0.01920201479298711
2022-01-06,0.008238467782373249,0.008235208120106474,-0.0009395128389212415
2022-01-07,-0.004279745452871686,-0.0042779958828979,-0.003953361232545971
2022-01-10,-0.002075479406308367,-0.002074106169132617,-0.0012445144398554042
2022-01-11,0.005383317036439017,0.005380592438399612,0.009108359337260952
2022-01-12,0.003700233077123416,0.005205509062013336,0.0027035177708931712
2022-01-13,-0.013637291816201103,-0.013465690865792856,-0.01377859103890422
2022-01-14,-0.012981008018049689,-0.012655469668349406,0.0004090452475156159
2022-01-18,-0.009133663784198442,-0.008668827801108336,-0.017709580758721977
2022-01-19,-0.010881090532663396,-0.010275020689202718,-0.010383589964794715
2022-01-20,-0.009254134033508388,-0.009240180216054439,-0.011067901810805636
2022-01-21,-0.011305891768839227,-0.011289051296029529,-0.019630868636643317
2022-01-24,0.02083052267554497,0.02079173577160054,0.004246878239750673
2022-01-25,-0.016655132096988656,-0.0151440248253214,-0.01220891672208435
2022-01-26,-0.006410962898670602,-0.006387940343796306,-0.0025088279326753726
2022-01-27,-0.007541836087562759,-0.0066502113161943655,-0.004937995216556357
2022-01-28,0.01806865383509937,0.01865438874849379,0.024835270076550175
2022-01-31,0.014872222954535275,0.015597886558349927,0.018011008304968934
2022-02-01,0.0076024687851501405,0.00849445655064951,0.006757108821755953
2022-02-02,-0.0007902643742194737,-0.0003389210496003159,0.009714029631795906
2022-02-03,0.0,0.0,-0.02350487551527236
2022-02-04,0.0008446911768982268,0.0014446911768981607,0.004702055938193839
2022-02-07,0.0025862325910772643,0.0034846466644051777,-0.003209187550262338
2022-02-08,0.0062992874827656475,0.006909289598542534,0.008227814651572851
2022-02-09,0.0182446592396861,0.018244990948078188,0.014635993948788784
2022-02-10,-0.015525348321216548,-0.014040019258524938,-0.017965675675963855
2022-02-11,-0.0012462071635339633,-0.0006474731466622474,-0.01971838609556764
2022-02-14,-0.004660278943471652,-0.004343502731934401,-0.003269444929599463
2022-02-15,0.0050540131212755135,0.005039753247281231,0.0161268199792155
2022-02-16,-0.0020956388035708873,-0.0014960719112729892,0.0011209100340507927
2022-02-17,-0.006638605778377826,-0.006336210393310782,-0.021361538048794926
2022-02-18,4.6610391785328886e-05,0.0006450136237603488,-0.006474970000900249
2022-02-22,-0.0020832821419463077,-0.0011737274991369118,-0.01073175932998438
2022-02-23,-0.012373508717839932,-0.011444882618694474,-0.017738581909533258
2022-02-24,0.007143935659234657,0.00744909801402005,0.015049062778827116
2022-02-25,0.023953309111358623,0.024810315321130094,0.022064049375030814
2022-02-28,-0.006414722433996989,-0.0052032694680645974,-0.002558438159107057
2022-03-01,-0.01510930093720797,-0.014927719731897438,-0.015230198095190106
2022-03-02,0.02960984042146153,0.030472753920704143,0.01839610239405065
2022-03-03,-0.002510430379140005,-0.0020423250575106744,-0.004978467208594628
2022-03-04,-0.016807322521080303,-0.01646885615447502,-0.0081247405423851
2022-03-07,-0.0372718967868062,-0.036909552783595534,-0.029479053618148177
2022-03-08,0.005555716209796335,0.0061389737273718215,-0.007581794174490009
2022-03-09,0.04753030654355017,0.04774783629822066,0.026810872794151175
2022-03-10,-0.004615169133217023,-0.0037429014739903677,-0.004515613552211306
2022-03-11,-0.011934776984157458,-0.011322743201721663,-0.012715116705589002
2022-03-14,-0.003618272106121756,-0.003618603703695711,-0.007308392231885175
2022-03-15,0.013603419099595948,0.014795846503267596,0.021990688578889417
2022-03-16,0.016330454257726945,0.016292515667414076,0.022174168695649366
2022-03-17,0.02532227569509682,0.026490630616528676,0.012511025144981147
2022-03-18,0.001040143367839974,0.0019286342594340145,0.010952641805038965
2022-03-21,0.018022935249691008,0.018604437721574385,-0.000292402351469101
2022-03-22,-5.0658700551098335e-06,0.0007505653795887302,0.011701265575344122
2022-03-23,-0.0007492096512479174,-0.0005990866464528066,-0.012878365243265688
2022-03-24,0.007368826063275824,0.008568776315796889,0.015074388504740854
2022-03-25,0.00202606333216937,0.0026237846117551644,0.004883523798580258
2022-03-28,0.00801822892584747,0.009073439124917426,0.0071131866865845605
2022-03-29,0.006918225898282726,0.007211640017343202,0.012370732215050584
2022-03-30,-0.0021611681347067924,-0.0012578930674518318,-0.006174849668612592
2022-03-31,-0.01935000285152244,-0.018889676611771877,-0.015391215415467396
2022-04-01,-0.007444616052539765,-0.007119916303340523,0.0028340044070318537
2022-04-04,-0.009037919883244205,-0.008717255041068017,0.008566656759556146
2022-04-05,-0.010762440737204226,-0.010745824639663781,-0.012631314983390096
2022-04-06,-0.004037954295189272,-0.004031628014339539,-0.009999122518356551
2022-04-07,0.003178283024257933,0.0037835361141653756,0.005038878284455484
2022-04-08,0.000743872763220077,0.0013211331085987155,-0.002674231509648295
2022-04-11,-0.005696084809522994,-0.004775096794317868,-0.017092173752834783
2022-04-12,-0.0003216880129132127,-1.65162104907024e-05,-0.0037051844141023915
2022-04-13,0.025233910763877043,0.02610925760796956,0.011453672102416768
2022-04-14,-0.006523356464756547,-0.005011600610084543,-0.012451878753066081
2022-04-18,-0.007796390555843913,-0.007484482029699646,0.00041113991484453827
2022-04-19,0.012267790585575256,0.01224029323169451,0.016142654654739852
2022-04-20,0.0033792455652368325,0.004866072041382008,-0.0007414409095629626
2022-04-21,-0.019187919786213925,-0.018418349072455098,-0.014953597862132795
2022-04-22,-0.007503621296166774,-0.007014465531954173,-0.02743919741797829
2022-04-25,-0.0026920979834061942,-0.002700605918812937,0.005797616816809015
2022-04-26,-0.004039986155666586,-0.004032029602425102,-0.028960703029004775
2022-04-27,0.0026470624437804346,0.002637513948279935,0.002811752416221891
2022-04-28,0.01174885580801921,0.012339397087403725,0.025259442325715753
2022-04-29,-0.023465044397225854,-0.021985070106641857,-0.03695583506465949
2022-05-02,-0.0019080369296397004,-0.001907543979337456,0.0060196541542922866
2022-05-03,0.006225868110957933,0.0065194367383434315,0.004583955015679431
2022-05-04,0.022354580847832706,0.02264976567308641,0.030453080210405936
2022-05-05,-0.020611482159423877,-0.01912483340833704,-0.035542964270966704
2022-05-06,-0.01252375189807231,-0.011902744397957798,-0.005968884754121717
2022-05-09,-0.04940218488142689,-0.048480768609133085,-0.032017353045864616
2022-05-10,0.012032624243169199,0.012026835017249882,0.0023106431067470012
2022-05-11,-0.009257005417813158,-0.008928043658074314,-0.015886166883656405
2022-05-12,-0.0017849777978372616,-0.0017909088721342892,-0.0010438388378198882
2022-05-13,0.014480094578355196,0.014756739459033552,0.023907721019996053
2022-05-16,-0.005208661921130453,-0.004009615398204214,-0.004057595129336677
2022-05-17,0.017362841926231498,0.017329296724510668,0.020570335551547858
2022-05-18,-0.00957571407837532,-0.008397532469952895,-0.04031137164592191
2022-05-19,-0.0005473569608274165,0.0006458158735638264,-0.0061247265776605
2022-05-20,0.00116820770029058,0.001466252408832247,0.0004366095528771652
2022-05-23,0.01570430128388156,0.015679199664490495,0.018709863552091477
2022-05-24,0.012511290739816605,0.013096128317274136,-0.007633603994165794
2022-05-25,0.009932857621828495,0.011131407247789271,0.008834853633777229
2022-05-26,0.01318282861324005,0.01375820387022908,0.019981491670231888
2022-05-27,0.0012558536395315123,0.0015496579080525041,0.024549065301910034
2022-05-31,0.0,0.0,-0.005610917384172742
2022-06-01,-0.0006543765222839504,-0.0005043765222839669,-0.008088612713119558
2022-06-02,-0.0032287616418629206,-0.002328137813942033,0.01904379485621921
2022-06-03,-0.003168217830098685,-0.0027173227813260814,-0.01641183099374688
2022-06-06,-0.00015086796011576364,0.00015135336478966366,0.0030447692563257966
2022-06-07,0.009346848606388791,0.009637373195565235,0.009592245726223414
2022-06-08,-0.005594154878199253,-0.004386022912146514,-0.010872143184489369
2022-06-09,-0.022201157788749204,-0.021578354204734973,-0.023783059889403213
2022-06-10,-0.006042861048689896,-0.00603856170182171,-0.028995451560883678
2022-06-13,-0.030483138091082607,-0.030428085072722322,-0.03796819538522256
2022-06-14,0.004108483160126131,0.004098503027743838,-0.003013344738324264
2022-06-15,-0.002040418271942901,-0.0017195844791775272,0.014256296544701064
2022-06-16,-0.023106538171561275,-0.022486953279234,-0.03309610344806069
2022-06-17,-0.00705234239630248,-0.006151293917415646,0.0021559293804278568
2022-06-21,0.020819437122438833,0.020785031873597815,0.025173557967893778
2022-06-22,-0.012204350131915231,-0.011882298731124674,-0.0018131285791349594
2022-06-23,-0.00044942302402195544,0.0004565018845466007,0.009802696107800157
2022-06-24,0.013147599539361954,0.014041208698898577,0.03179377278044915
2022-06-27,0.03133666033243254,0.031614237635533504,-0.0038195747559410798
2022-06-28,0.015444865693706067,0.016482930626601,-0.020432949158319502
2022-06-29,0.0014881274458575788,0.0016359920879875922,-0.0008142957228024494
2022-06-30,0.0,0.0,-0.008124306247192736
2022-07-01,0.0008669034334567449,0.0010169034334566174,0.010576448843111264
2022-07-05,0.0005487507886843268,0.0005486685596849394,0.001888758387074363
2022-07-06,-0.003080835999559106,-0.0020300119783281945,0.00337731846321776
2022-07-07,0.024132237853528915,0.024415053148196142,0.014977006355389788
2022-07-08,0.0040498086631897134,0.0045051659682211476,-0.0008228064661620627
2022-07-11,-0.0011955391764343348,-0.0007393986326382773,-0.01142348478148858
2022-07-12,-0.006210503995234928,-0.005608896605344915,-0.008848764380838037
2022-07-13,-0.001322339433562525,-0.00042340445128241644,-0.005251605978023877
2022-07-14,-0.021526617424272976,-0.021502523330000134,-0.002428638768715019
2022-07-15,0.010626298700427084,0.010916221533864068,0.019105083939800593
2022-07-18,-0.010834525752182245,-0.010220021641562327,-0.00825689857045786
2022-07-19,0.0126349358169906,0.01322130618060191,0.027019088730410923
2022-07-20,-0.005643175066031847,-0.005036840670492926,0.006373310471702309
2022-07-21,-0.00523089000449195,-0.004918606588867558,0.010183094919505864
2022-07-22,0.0059980440284885805,0.006283510674150783,-0.009278181980042599
2022-07-25,0.0022606970736569476,0.003007079998168072,0.0012148683152017892
2022-07-26,-0.001996476402462255,-0.0016937078991269283,-0.011830756638421591
2022-07-27,0.00962480950495248,0.010961830186551502,0.02596626155387205
2022-07-28,0.013734905059101132,0.014472118483640495,0.012542395933048622
2022-07-29,0.0026669012115714263,0.0034205040190453673,0.014578678983015791
2022-08-01,-0.004388963763343634,-0.0034873470139654694,-0.0029613105659768157
2022-08-02,-0.012071640108072379,-0.011615704454375209,-0.00659721491084031
2022-08-03,-0.004222294173997332,-0.0037757668636649866,0.01565939754464063
2022-08-04,-0.009485744297091814,-0.009172303762757572,-0.0006753096752750709
2022-08-05,0.00691158275956405,0.0075077433284787,-0.0016903501671180488
2022-08-08,0.00969521146891017,0.009987792070620172,-0.0011609416545834694
2022-08-09,0.0022703221376869642,0.003467113331300453,-0.0039707636884128705
2022-08-10,0.010016564805930495,0.010903567699897865,0.02100393645804144
2022-08-11,0.0004599421656967806,0.001067168260446616,0.0
2022-08-12,0.0169600650185886,0.01707049821445117,0.01692884587025767
2022-08-15,-0.0022676355294281025,-0.0013795073298602523,0.004120838742911914
2022-08-16,-0.000802217830541796,-0.0006530004514654353,0.00195853342608876
2022-08-17,0.0,0.0,-0.0070979265555152216
2022-08-18,0.005647261607261367,0.006247261607261301,0.0029066092909375563
2022-08-19,-0.00485530991320926,-0.004404373847461618,-0.013438200216609575
2022-08-22,-0.015814863313865835,-0.015359053547498891,-0.020822355836348505
2022-08-23,-0.0042058979856948175,-0.004203756807103165,-0.002419219584622545
2022-08-24,0.0007798858371024231,0.0007815684770886566,0.0032009669038008948
2022-08-25,0.020332979295831555,0.02031945205944563,0.014117583909121878
2022-08-26,-0.027109030734795092,-0.025018237401267296,-0.03384896746874344
2022-08-29,-0.006312060682128973,-0.006302281625169437,-0.006612190165563581
2022-08-30,-0.008656847759749065,-0.008638129428949926,-0.010978028392464423
2022-08-31,-0.004320141371062292,-0.004309485345143083,-0.007609215770564726
2022-09-01,0.012228209161126102,0.012821106836900853,0.0031379949255347928
2022-09-02,-0.014198013289286604,-0.012986155368732821,-0.010544363180384764
2022-09-06,-0.002035215598052642,-0.002032814601999111,-0.0037731157439623297
2022-09-07,0.01993014460282283,0.01988517121377198,0.017964905209541637
2022-09-08,-0.006111111098407673,-0.0044649310030229206,0.006536386800654492
2022-09-09,0.0034382819787044383,0.0038882170188698773,0.015535204117248513
2022-09-12,0.005193759059458625,0.00518845300794224,0.010747729314671384
2022-09-13,-0.0032307661007614508,-0.002924156945608991,-0.0434824401281263
2022-09-14,0.0003226086971275244,0.001823092610173438,0.0038157635467981343
2022-09-15,-0.013165242532094057,-0.012861971471052724,-0.011353312270845572
2022-09-16,-0.0006933937003197332,-0.000693180674139926,-0.007628934124167208
2022-09-19,0.010001652091344626,0.01030148729707503,0.007754857696448125
2022-09-20,-0.017580375314769303,-0.016672155748093553,-0.011478539223154227
2022-09-21,-0.014991344594702749,-0.01467207692790573,-0.017443764762905545
2022-09-22,-0.01263748436635126,-0.012618889267723143,-0.008399775628965434
2022-09-23,-0.015241942355364357,-0.015217778023399853,-0.016754959913737766
2022-09-26,-0.008814833386671661,-0.008803617270255248,-0.009892579822617376
2022-09-27,0.0017726048567794361,0.0017696480358335709,-0.002552688629687938
2022-09-28,0.019844894614487796,0.021334631329694043,0.019676188112379256
2022-09-29,-0.017307037449435403,-0.016531297673718748,-0.020888912561054407
2022-09-30,-0.00978000447729177,-0.00946089690584695,-0.015463495547191619
2022-10-03,0.01848332343763115,0.018445472648522587,0.026401266969970916
2022-10-04,0.0075426278035732874,0.008278285172274913,0.030986558600778036
2022-10-05,-0.0028630099279848276,-0.002570140420660283,-0.0023281127889307474
2022-10-06,0.0,0.0,-0.01031586184476152
2022-10-07,0.00023635881289618688,0.0003863588128962814,-0.027893942489252477
2022-10-10,0.0014118667446165745,0.0014116550463962874,-0.0076353096836598855
2022-10-11,-0.0003592758360149162,0.0003905589424821887,-0.006332909972757483
2022-10-12,0.008429523943956685,0.009486939638920333,-0.0032986760012650995
2022-10-13,0.03082143788941094,0.031240787044385376,0.02639137865104102
2022-10-14,-0.015456545127191634,-0.014674462895543083,-0.022788745904938512
2022-10-17,0.016813004602597603,0.017535427497450184,0.0256967622969273
2022-10-18,0.026007947066742698,0.026719522320275413,0.011749749001394472
2022-10-19,-0.008655992566527382,-0.008201484272274517,-0.007086385519014526
2022-10-20,-0.0039064453326738136,-0.003601390978004826,-0.008385403383119883
2022-10-21,0.004165711587978516,0.004158718473786127,0.024301344375728506
2022-10-24,0.0038488772221347833,0.004140924780701383,0.012236428921737819
2022-10-25,0.0030797541635925185,0.0032336330488191845,0.015968613704059775
2022-10-26,-0.0015369850720575728,-0.0015363006776480947,-0.007534192412415375
2022-10-27,0.00023484326843159486,0.00023473853564959235,-0.005339616270874203
2022-10-28,-0.001095579465464791,-0.0010950909858170599,0.02379044291552379
2022-10-31,0.008443684406111318,0.008590490306804144,-0.007223193736808575
2022-11-01,0.004408830778600326,0.004722468211558972,-0.004375951673780798
2022-11-02,-0.005966348433567914,-0.005661323529977391,-0.025096187507376855
2022-11-03,0.011808377298346162,0.013006190301734666,-0.010296956219329911
2022-11-04,0.006306522040900209,0.006906248291128625,0.014393336366689047
2022-11-07,0.008606184565869146,0.009521761066404233,0.009565449767275691
2022-11-08,0.005275208415932431,0.005411809665438083,0.0053955227819986185
2022-11-09,-0.01368043555250087,-0.013058953932743367,-0.020602300842125332
2022-11-10,0.03898978718016388,0.03907644874044447,0.05495410589836269
2022-11-11,-0.027669469585345774,-0.025707619264592085,0.009678735212036882
2022-11-14,-0.0004265929434773552,2.081886385818521e-05,-0.00850677916983611
2022-11-15,0.00255508657026704,0.0025641737150525756,0.008529248279308455
2022-11-16,0.013839912460251735,0.014110419360161996,-0.007628899041646875
2022-11-17,0.0024455779530645483,0.003179980529227855,-0.0030599493056449045
2022-11-18,0.003556677652218676,0.005049868836429328,0.004540541280916521
2022-11-21,0.002990791955210348,0.003426449630995476,-0.003636174752600918
2022-11-22,0.013260436818968158,0.01385141450439531,0.013456971219873326
2022-11-23,-0.008614272193282257,-0.007416770478311241,0.006301605638700192
2022-11-25,-0.002987300760429301,-0.00268141516352971,-0.0002237221698127012
2022-11-28,-0.010008626719280378,-0.009546696017419976,-0.015957093252224608
2022-11-29,0.008212696275837539,0.008962630371672775,-0.0017171568085417865
2022-11-30,0.022839111855156302,0.02279599795045928,0.03150052499519562
2022-12-01,0.00045462716146849047,0.0016523432634381052,-0.0007359872869332484
2022-12-02,-0.0018121783925507673,-0.0013670179153693063,-0.0011537513527365428
2022-12-05,-0.03411710957575642,-0.03320420509621902,-0.017989231169653896
2022-12-06,-0.009108980635410768,-0.008942181195793375,-0.014414636741935993
2022-12-07,-7.768983311784439e-06,-9.845435367528133e-06,-0.0017013330482271716
2022-12-08,-0.01501033911058025,-0.014676795986890867,0.007834024790427163
2022-12-09,-0.016195344690841718,-0.01616569229919884,-0.007470397617597602
2022-12-12,0.035175164320223606,0.035113201198406996,0.01441723765615377
2022-12-13,0.002976087900014468,0.005536871791212317,0.007569910977531125
2022-12-14,-0.011780164949413696,-0.011011403915920814,-0.006393654626225986
2022-12-15,-0.015652909359784473,-0.015611183432795994,-0.024461545815825048
2022-12-16,-0.0009065081768219185,-0.0009049096296979142,-0.011806230517979022
2022-12-19,-0.009845778539954275,-0.00981276559559685,-0.008479702491652419
2022-12-20,0.004081978056607705,0.004068458266857311,0.0013683994281565859
2022-12-21,0.007696037981417048,0.008591442862083687,0.014952622129840387
2022-12-22,-0.00651406740543059,-0.006044320245328638,-0.014266277672469907
2022-12-23,0.0018346200600065643,0.002134297652498507,0.005752459039676472
2022-12-27,-0.007850240783663476,-0.007225617946266194,-0.003943695489253662
2022-12-28,-0.015290540272321462,-0.013651720825794356,-0.01242790578122821
2022-12-29,0.019233214448490576,0.01921146033613752,0.018000546194413936
2022-12-30,-0.009100174917194614,-0.007894252116987688,-0.002634285564565686
2023-01-03,0.0,0.0,0.0
2023-01-04,0.0016315823895505233,0.0017815823895506178,1.3673057224661278e-05
2023-01-05,-0.0025635568994123448,-0.0022635536631904207,-0.01141344421288959
2023-01-06,0.00572545246992151,0.005874510490525786,0.022931794376160664
2023-01-09,-0.0076640011521517115,-0.006909085283802852,-0.0005666448269729951
2023-01-10,0.004025414478342482,0.00447573719812655,0.00701270984056146
2023-01-11,0.009912545813439033,0.00989931083155704,0.012647872045784547
2023-01-12,-0.0016294893722628156,-0.0002725691652647466,0.0036408048745546484
2023-01-13,-0.00479683142720444,-0.0041868900326622605,0.0038795554127668552
2023-01-17,0.0026345626301407243,0.002630007592962391,-0.0018318796027319006
2023-01-18,-0.014328734334127069,-0.01384427035537572,-0.01578801608828595
2023-01-19,-0.00644780522220012,-0.006439385029852751,-0.007279660983704361
2023-01-20,0.0042352025526535275,0.0042220772526189165,0.018629023168984737
2023-01-23,0.0009317263906925,0.0012359660445937504,0.011998627342807433
2023-01-24,0.003073091247884907,0.0036597838305947317,-0.0010734300935140162
2023-01-25,0.0042112588968519216,0.005095988466848667,0.00037487704968164337
2023-01-26,0.006928423137797068,0.008724404072772085,0.010990354669102587
2023-01-27,-0.003101500824788328,-0.002204566222785309,0.0022975721543583294
2023-01-30,-0.001513707777950568,-0.0008980871439153715,-0.012546832947207598
2023-01-31,0.008712459531245997,0.008691476478460691,0.014703494464065603
2023-02-01,-0.0033567645293288706,-0.0018502294501655525,0.010627672454092796
2023-02-02,0.0016309215941090471,0.002217944788964088,0.014556989778103935
2023-02-03,-0.008472581303275772,-0.007256930191174016,-0.010629110241724748
2023-02-06,-0.0011641802433030035,-0.0011585889618778156,-0.006111417860116819
2023-02-07,0.020737702451312234,0.02100654592374429,0.013078533893259081
2023-02-08,-0.0038293422972150992,-0.002005656737756434,-0.010934524091624875
2023-02-09,-0.007639293996645535,-0.006440905901041738,-0.008669224521750118
2023-02-10,0.008570804828494039,0.008545582549482678,0.0023338018909189184
2023-02-13,0.01577398583198919,0.016336091511320205,0.011738835434946582
2023-02-14,0.009712470884778446,0.011515131101638598,-0.0004602085462386274
2023-02-15,0.011161012062503639,0.012200966345218056,0.003247367508553145
2023-02-16,-0.014826085854255378,-0.014051295468429092,-0.01376883107066662
2023-02-17,0.006368205476251498,0.0066546403260088205,-0.0024982295162850887
2023-02-21,-0.01479220171027007,-0.01416966496675054,-0.020060951744074185
2023-02-22,0.001236608986814769,0.0012393014938263391,-0.0013780517223561661
2023-02-23,2.0873742867522083e-06,0.00031949986133428254,0.005319271066065223
2023-02-24,-0.005644841186298599,-0.005340295931333339,-0.010682312347813694
2023-02-27,0.0001217858332713817,0.0004222734072731882,0.003405843725257096
2023-02-28,-0.006771050147429847,-0.006767030506155458,-0.0036959509210152675
2023-03-01,-0.010046080965077642,-0.009139921145641106,-0.003835863136222417
2023-03-02,-0.0011263299283019723,-0.0005305224753145987,0.007777295956619801
2023-03-03,0.012854109272462111,0.013138048884707487,0.016037605797672994
2023-03-06,-0.009129210800258414,-0.007915987725557683,0.0006931161126224605
2023-03-07,-0.020363775056786104,-0.020024983227518334,-0.015328883460585474
2023-03-08,-0.00039377928327455347,-0.0003990035534136016,0.0016320983847801784
2023-03-09,-0.036309066852289296,-0.03594564110412213,-0.018449811298357988
2023-03-10,-0.01707411699293282,-0.016738142279284607,-0.014429491730757027
2023-03-13,-0.014128403206458806,-0.014100656756041552,-0.0014252820882890704
2023-03-14,0.018433844915317854,0.01871293775028149,0.016530085938712302
2023-03-15,-0.02531029892692327,-0.02467147106706169,-0.006254321725367551
2023-03-16,0.022550482552239126,0.02280022430292994,0.01754504060229478
2023-03-17,-0.016351562193909097,-0.01514464708572083,-0.011692639585236808
2023-03-20,0.015361822965492378,0.015942650188493168,0.00961561958721946
2023-03-21,0.015601529493040722,0.016322319637366522,0.013130809191266968
2023-03-22,-0.0102854028840349,-0.009672084947807691,-0.01704672207800839
2023-03-23,-0.0024979574427042017,-0.0021934768021419915,0.002703132867100999
2023-03-24,0.007412850806450155,0.007713348151713095,0.006562317697633935
2023-03-27,-0.0016643304154890792,-0.0009050412993503176,0.001869811627109863
2023-03-28,0.0053387848645749525,0.005781807819692508,-0.002244634806711554
2023-03-29,0.0034870231280004216,0.004679620957527719,0.014534805492768754
2023-03-30,0.006469076787180894,0.006752700710351167,0.0058553435509463014
2023-03-31,0.004564941597961392,0.005001258915723783,0.014094581982270649
2023-04-03,0.004352065896414237,0.004492237382041742,0.0038106022314881027
2023-04-04,0.0008920855964573704,0.0010504137013558346,-0.0055481579771146095
2023-04-05,0.005665834002706482,0.007174332753710377,-0.0026182430785608446
2023-04-06,-0.004101638269250807,-0.004101638269250696,0.0039009994131220527
2023-04-10,0.02376967344079084,0.02376967344079106,0.0010262589081027063
2023-04-11,0.010202819703111876,0.010824985299125123,0.00026846021956461463
2023-04-12,0.0005571172155127702,0.002066226262034565,-0.0040759216449689495
2023-04-13,0.015559823974630849,0.016129134299082137,0.013282797961150505
2023-04-14,-0.011452582472648243,-0.009507157416627998,-0.0024427678638193617
2023-04-17,0.013662250334787629,0.014091353640091064,0.0035882743780333293
2023-04-18,-0.0010337677395216849,0.00017023719660258507,0.0006521178700160668
2023-04-19,-0.0035929602055021492,-0.003570050881333442,-0.0001689061155171201
2023-04-20,-0.0034609197259788393,-0.002838374299175439,-0.0054570894445475915
2023-04-21,-0.009299827642010428,-0.008383209353667431,0.0007768749876666536
2023-04-24,0.001337120474981468,0.0013331428595280137,0.0010432772949393598
2023-04-25,-0.020993213801308475,-0.020955250373535628,-0.015873931778421668
2023-04-26,-0.009056450858455078,-0.008442587977338323,-0.00423545257711444
2023-04-27,0.002612286168043765,0.00260949737457028,0.019907926264709053
2023-04-28,0.006277067433021033,0.0065566525951048504,0.008535106465280329
2023-05-01,0.001273924596395748,0.002473032743694814,-0.0010097822511899723
2023-05-02,-0.008942895977688159,-0.008332225111630454,-0.011238882951136397
2023-05-03,-0.020435408473146066,-0.01949648464616216,-0.006864417437264958
2023-05-04,-0.008803149991162273,-0.00877593309390634,-0.007082785109090217
2023-05-05,0.029379510874121717,0.029606585064616553,0.018512631002797653
2023-05-08,0.004033725015149647,0.005260192626889149,0.0002664953680788784
2023-05-09,-0.0024543742381208933,-0.002435220077795508,-0.004385422308878506
2023-05-10,0.003901337655904946,0.004813297170960906,0.004672491975553639
2023-05-11,-0.005387012823522719,-0.004471310915569071,-0.001743958295085224
2023-05-12,0.007629767275059596,0.007614648201693219,-0.0013104277613934512
2023-05-15,0.006416079013775278,0.007893649911502987,0.003450194510494331
2023-05-16,-0.017488447743653768,-0.01627507942374329,-0.00668249350311001
2023-05-17,0.0058658083053801935,0.005854286954180887,0.012138777364691933
2023-05-18,0.005580070898504097,0.006476080209623092,0.009633089917948201
2023-05-19,-0.005548126629527972,-0.005232176150199219,-0.0014549662955996023
2023-05-22,-0.008438688908895542,-0.008416843232811888,0.0004062055415268162
2023-05-23,-0.015153579711939758,-0.01511325191117674,-0.011222855785945396
2023-05-24,-0.0015472242292413618,-0.001246990164499473,-0.0072449768012031734
2023-05-25,-0.009375380667339006,-0.009357059062614415,0.008659974205849963
2023-05-26,-0.0037242555723668858,-0.00371870084232484,0.012950614142771322
2023-05-30,0.0010293842966202504,0.001315371815845623,0.00038094755315953854
2023-05-31,0.00593711862458135,0.0071657603817476545,-0.005545075901445484
2023-06-01,0.003672480963985425,0.0039786112952682195,0.009500908800490038
2023-06-02,0.024569443436422533,0.026394554507561896,0.014461233260247175
2023-06-05,-0.002068158187934488,-0.0007155860682642734,-0.0019162754404428162
2023-06-06,0.007366961894834656,0.00781952202864411,0.0021773465805001724
2023-06-07,-0.00518984489391483,-0.00457346211453169,-0.00345774791994502
2023-06-08,0.00945292816714094,0.010045115598771304,0.006048777892504242
2023-06-09,-0.0017012538664644694,-0.0010971402951936993,0.0017940375917502305
2023-06-12,0.01733143506021584,0.01730640618502166,0.009072232058388252
2023-06-13,0.005830239312809127,0.0073242627890608425,0.006592724483602375
2023-06-14,0.0011806096154862722,0.0016313349931360577,0.0011908993826883485
2023-06-15,0.0021990557516899933,0.0026502218330095584,0.012397742935372547
2023-06-16,-0.0018503266147485986,-0.001253141168782057,-0.003406357713433228
2023-06-20,-0.01734530098143361,-0.016441670922760165,-0.005188097342600395
2023-06-21,-0.0008485050404921646,-0.0008466715399209068,-0.005123776103645006
2023-06-22,0.0016862225593841096,0.002296237972271964,0.003609692901579864
2023-06-23,-0.01636788073944062,-0.016341259196825497,-0.007560147406905915
2023-06-26,-0.0023622571268476777,-0.0023600147663457305,-0.004085625431801576
2023-06-27,0.02513116941806448,0.02508818933249235,0.010963225363546325
2023-06-28,1.7694300786796902e-06,0.0020899157871339114,0.0005045435126189712
2023-06-29,0.0027411738274165653,0.004236605275454108,0.00394131384987384
2023-06-30,0.005307503347682596,0.0057551152628780855,0.011800572328192871
2023-07-03,0.00022818230979360088,0.0009797104372377685,0.0011508634807269047
2023-07-05,-0.0045197184662727485,-0.004513193464892207,-0.001487497557271178
2023-07-06,-0.0033033178006109942,-0.0028458548570414743,-0.007830526958561568
2023-07-07,-0.004009026221095335,-0.0032500994171136277,-0.0025247215782113752
2023-07-10,0.018988085794792164,0.018975201953073784,0.0025311119311206554
2023-07-11,0.0037581394561818637,0.0055689217508987365,0.006368466628352332
2023-07-12,0.010019740204160632,0.010605188545478095,0.008045997552762696
2023-07-13,0.009859509074593431,0.010726712538656091,0.00793677916637292
2023-07-14,0.004892695871600905,0.006087698985747014,-0.0006227376226836112
2023-07-17,0.0037136347932766878,0.004607064806411154,0.0034721444237921784
2023-07-18,0.011345857843731988,0.011940712266163889,0.007430715158172951
2023-07-19,0.005423902945729031,0.006620844602157394,0.002223784015379371
2023-07-20,0.013750566773665263,0.014629734888488288,-0.0066347138160964825
2023-07-21,-0.004206140382364665,-0.001803969136206729,0.0
2023-07-24,-0.002035514399660321,-0.0020339780855375134,0.004467409289567792
2023-07-25,0.0037467754543114573,0.004344283254447356,0.002729993969081468
2023-07-26,-0.010381348741460239,-0.01006081644014678,0.00015374415118540874
2023-07-27,0.013279378606623649,0.013873509594563016,-0.006629990322230328
2023-07-28,0.00339683703299265,0.003697373904406387,0.009790364480256608
2023-07-31,0.0024954002360171312,0.0027942239330667196,0.0019040052219059245
2023-08-01,-0.001728051545105358,-0.0011297953391723459,-0.0028616097156412
2023-08-02,-0.011255205194186768,-0.010355633536625941,-0.013910702781173567
2023-08-03,-0.014849961513790366,-0.014818018048050607,-0.0028660024454673083
2023-08-04,-0.0051912128750547515,-0.00462312994775016,-0.004522727226096146
2023-08-07,0.001841394491104209,0.002453311018540294,0.008728489892785074
2023-08-08,-0.004859807673078587,-0.004552436215781164,-0.00434853433277016
2023-08-09,-0.001344165090633731,-0.0013496929275976788,-0.006685141443425802
2023-08-10,-0.0010917674486262685,-0.00047990514978524246,0.0003587694663247376
2023-08-11,0.0020789719761495906,0.0026846285902519806,-0.000583111764393851
2023-08-14,0.006033801176926312,0.006625832083599459,0.005520062860039143
2023-08-15,-0.01020039800397543,-0.008998498947823785,-0.01164891620717301
2023-08-16,-0.009779652970211994,-0.009472718675352376,-0.007338096957553941
2023-08-17,-0.011110075393292673,-0.01108610957722067,-0.007619726040616448
2023-08-18,0.002417467512211724,0.0027065243843054088,0.000481185998659317
2023-08-21,0.0006881244250254159,0.0012919439107053066,0.006506309191295578
2023-08-22,0.00243639639404436,0.0027407214030317206,-0.0027086347726137383
2023-08-23,0.017399098096029242,0.017959323177224817,0.01113785500893627
2023-08-24,-0.0030181446128599854,-0.000911526956046349,-0.013859223013909516
2023-08-25,0.0021031927740757794,0.0029861723219546388,0.007049714555938946
2023-08-28,0.0031334663372668548,0.0037300425231465706,0.00634146119651513
2023-08-29,0.0066421291303415675,0.007534123397752168,0.014454721180120478
2023-08-30,-0.0022491197770848625,-0.0014884584912888688,0.004118917872557359
2023-08-31,-0.015754304081645687,-0.015309325299144083,-0.0014634035059161166
2023-09-01,0.005080188556896292,0.005986361473749646,0.0018650764885848048
2023-09-05,-0.012611347492450298,-0.012608492786070236,-0.004321737613855237
2023-09-06,-0.0013172417215132626,-0.0010214333141946863,-0.00672252394009365
2023-09-07,0.007029141252614224,0.00762799217886978,-0.0030701693208237124
2023-09-08,-0.0032215173829981403,-0.0023105145993403964,0.0015060113029727873
2023-09-11,0.0007826530214130045,0.0013806929119701827,0.006576583948365133
2023-09-12,-0.0018048138429456184,-0.0012063229303902467,-0.005485455170274212
2023-09-13,-0.002552667293577615,-0.0022493303565312983,0.0011659429869188553
2023-09-14,0.0073157174160294325,0.0076045923297742846,0.00862226838997282
2023-09-15,-0.012317895073769347,-0.011112507810619454,-0.012048198717857006
2023-09-18,0.002085665218193089,0.0026840918381243473,0.0005863179581948597
2023-09-19,0.0004009767989063828,0.0003958159355001989,-0.002073700242464227
2023-09-20,-0.008625537270714023,-0.008312534237945313,-0.009193361806369982
2023-09-21,-0.01883033495938702,-0.018498498562987797,-0.01652842718934655
2023-09-22,0.004058054584644477,0.004350526766044638,-0.0022485835771974827
2023-09-25,0.0093595693369668,0.009943204519142101,0.004205286191780955
2023-09-26,-0.018334187963915838,-0.01741383980264488,-0.014691274582096292
2023-09-27,0.01120563715671885,0.011178741209213472,0.00039922850002582777
2023-09-28,0.006209929187460883,0.007709539071448779,0.005797235571361581
2023-09-29,-0.009142818339403336,-0.00794344897680399,-0.0024268410510679406
2023-10-02,0.001131178514365061,0.0011285790337640655,-0.00039758620536511913
2023-10-03,-0.011017020456581594,-0.0103924322286294,-0.013386233602487807
2023-10-04,0.013493348729691768,0.013463753412936041,0.0072819807960526894
2023-10-05,0.009722903810765127,0.011513686983306126,-0.0003767538409181759
2023-10-06,0.004739148839546292,0.005327690861073764,0.011872889791437968
2023-10-09,0.013348068684906789,0.014558106398801618,0.006402109308006665
2023-10-10,0.005925385684820483,0.00685253599318858,0.005204881069301948
2023-10-11,-0.004504532757200641,-0.004057375578634281,0.004096306420702245
2023-10-12,-0.005556162234597317,-0.0053956357205166006,-0.006096438609385357
2023-10-13,-0.015466611918621753,-0.014581102992319406,-0.004980692946559007
2023-10-16,0.01368951361116233,0.01398439281906838,0.010521293502573803
2023-10-17,0.012236776062975796,0.012216684653118426,-4.593770614802484e-05
2023-10-18,-0.02072767106156692,-0.019373946635727557,-0.013325159481197946
2023-10-19,-0.013991883659849602,-0.013814922024525833,-0.00878627754271688
2023-10-20,-0.011425593944540013,-0.011409368674877851,-0.012288140278315929
2023-10-23,-0.003697602447598869,-0.0033980347212347883,-0.0017330258208599902
2023-10-24,0.013379674445183953,0.013351254197077944,0.007539297844937787
2023-10-25,-0.014641990884001865,-0.013999341675454358,-0.014352274963949307
2023-10-26,-0.01911337427074744,-0.018775742930346007,-0.011974642931195656
2023-10-27,-0.00018548370578530538,0.0006865068366264104,-0.004532795672202217
2023-10-30,0.020717719165627146,0.020671361387165854,0.011955898365193729
2023-10-31,-0.00462908449977395,-0.0034257639587091937,0.006280381790440881
2023-11-01,-0.002856764611526841,-0.0013528649294494155,0.010664691247419977
2023-11-02,0.025637452404855265,0.026030911995233996,0.019164236800371715
2023-11-03,0.002870693933665569,0.0036310777356725055,0.009123483683182831
2023-11-06,-0.000978106137985324,-0.0005374383411723693,0.0023004516022135935
2023-11-07,-0.003485328057980297,-0.003481157712444727,0.002845922811025803
2023-11-08,-0.005356232790633797,-0.004452856944962225,0.0007324199123486252
2023-11-09,-0.005730476370165327,-0.00527652752498764,-0.007798728101199526
2023-11-10,0.007209164854792727,0.007202761368132693,0.015604954192212084
2023-11-13,0.006477259137277924,0.006771737751918083,-0.0009533215038348697
2023-11-14,0.015582354207576143,0.016783312190294275,0.019400783930326737
2023-11-15,-0.00213576028951612,-0.0009372271594000336,0.00211712476939363
2023-11-16,0.001757669011505758,0.002656778182674069,0.0012231032171465817
2023-11-17,0.004461058772065263,0.005210197448337173,0.0012437485749883237
2023-11-20,0.0035791406530383263,0.004325232338302065,0.007697646973265915
2023-11-21,0.003484506106081975,0.0037767117401843464,-0.002179472264966731
2023-11-22,-0.0002974329715421664,0.0008982511916906244,0.003860856688096659
2023-11-24,0.003298834634441139,0.003438282627255873,0.0006152583229561692
2023-11-27,0.0013423167588775264,0.0023826393828652037,-0.0018008540764695713
2023-11-28,-0.00475037249152388,-0.00428250395005314,0.0009900947357737166
2023-11-29,-0.002900918444458611,-0.0024476060995259896,-0.0007033709637728203
2023-11-30,0.0021820910120600168,0.002483939538356017,0.003937389890417808
2023-12-01,0.012596322334295307,0.013181363865648388,0.005915855135182113
2023-12-04,-0.012001439039230344,-0.010779675232203245,-0.005249354505640347
2023-12-05,-0.006541854483344989,-0.006519330915262689,-0.00019712999514076568
2023-12-06,-0.0037147949409793712,-0.0037126476036083433,-0.004029729599363874
2023-12-07,0.013258019423132872,0.01382756262154139,0.0076305170581814075
2023-12-08,0.002605846287203395,0.004103512725900149,0.0042990810778074096
2023-12-11,0.017342676785849998,0.017906125792546135,0.003889562713336847
2023-12-12,0.003210717800452789,0.004855843378457569,0.0045670463737026434
2023-12-13,0.025290496694405196,0.026019704390010112,0.013790217632763557
2023-12-14,0.01630477860244839,0.017497660692553874,0.0032093987584638217
2023-12-15,-0.001144503356826032,0.0004956277651195773,-0.0016465279846737957
2023-12-18,0.015168763727568146,0.015317249572443403,0.0056250888080024986
2023-12-19,0.003092330968637924,0.0031016467185609464,0.006080888558689157
2023-12-20,-0.014689154235328461,-0.013917763030189212,-0.013857292868214244
2023-12-21,0.007716706989652211,0.007847056129913987,0.009481935526338248
2023-12-22,0.002514714665925677,0.003719730961924572,0.0020097867761843524
2023-12-26,0.0034105973975815385,0.003704772950253732,0.004222440322714904
2023-12-27,-0.001634408697175238,-0.000735298736475265,0.0018080853378115158
2023-12-28,0.0011063689125179188,0.0017014599470239755,0.0003777903707899988
2023-12-29,-0.002950469881789264,-0.002049210964266024,-0.002895034567458321
2024-01-02,0.0,0.0,0.0
2024-01-03,-0.0018870547851854713,-0.0015870547851855044,-0.004978670540609742
2024-01-04,-0.001966066323954463,-0.001965475566492736,-0.003221006521007097
2024-01-05,-0.0014940035864623447,-0.0014935537888698391,0.0013695625547327506
2024-01-08,0.007320483241018971,0.007469148111314494,0.014276142326451469
2024-01-09,-0.0054958641011212395,-0.0044477629525983,-0.0015173092049582948
2024-01-10,-0.0007908515779840863,-0.0003419850472399233,0.0056555426872197945
2024-01-11,-0.001903535495152875,-0.0017502684791613765,-0.0004406430412424722
2024-01-12,0.0013950713693005046,0.0017215658570184367,0.0006927821246200949
2024-01-16,-0.00531733805584278,-0.004703966298913342,-0.0036712991848998344
2024-01-17,-0.005022198456534954,-0.005007279758005079,-0.005558629120554048
2024-01-18,0.002099360254736782,0.0020858571471094045,0.008892804945121346
2024-01-19,0.009433518567784294,0.010030705360221992,0.012466017614288782
2024-01-22,-0.00032548335625792735,0.0011740722222730593,0.0021144766293070827
2024-01-23,-0.001880111314770061,-0.0015745414392980273,0.0029164192965691615
2024-01-24,-0.014548785450039126,-0.013635412869713703,0.0010933126058942921
2024-01-25,0.015088962187194799,0.015059412820698004,0.00543884142451212
2024-01-26,0.005113631527609908,0.006293970876648958,-0.001270453392287485
2024-01-29,0.014566998605301196,0.015144338645357358,0.007919381068000275
2024-01-30,-0.002152190154577127,-0.0009559888979769893,-0.0007734882337022686
2024-01-31,0.0017604597736695649,0.0020507690785318555,-0.016317396592104072
2024-02-01,0.007745340576734261,0.00832991577096398,0.013088243385340759
2024-02-02,-0.004210493925752012,-0.00360763661265473,0.010527345896630402
2024-02-05,-0.007627795951099858,-0.0067140148512063735,-0.0036411212279222616
2024-02-06,0.010059301343759763,0.010333458537150175,0.002903296810174316
2024-02-07,0.004647678787853771,0.005536800977819389,0.008340343964781116
2024-02-08,-0.0007318278985299909,0.00015659120887123734,0.0004418983685636757
2024-02-09,-0.0007750505347986492,0.00012674771399967533,0.00577932941690662
2024-02-12,0.009147051543733742,0.009735263162772512,-0.0004390393376605406
2024-02-13,-0.01293449079858322,-0.012313816347059303,-0.01377315601908169
2024-02-14,0.003118653133472371,0.0031148737057824505,0.009087717382374016
2024-02-15,0.00423054068607609,0.004820712042684638,0.006899796528982094
2024-02-16,-0.0107966539833394,-0.009730498749346506,-0.004979972192162729
2024-02-20,0.0015901442869736826,0.002342448597954405,-0.00550536084322828
2024-02-21,0.0010893296024390153,0.0010860953353699632,0.0009057847460316459
2024-02-22,0.013662462409303133,0.014557915831850288,0.02069547359013213
2024-02-23,0.012166555550634062,0.013656556478301995,0.0006896938035239053
2024-02-26,0.012816290846502376,0.013079576486830113,-0.0036624892391067254
2024-02-27,0.009069662106287568,0.010551543654722328,0.0018575652385470764
2024-02-28,-0.003192728161116931,-0.0022757394471185632,-0.0013215656359363281
2024-02-29,0.0039593041721985855,0.00487980335010918,0.003594930678976649
2024-03-01,0.003052192867183834,0.003951198428341796,0.009388320968662489
2024-03-04,-0.00462066823789542,-0.004013162651538615,-0.0010724808912875305
2024-03-05,-0.0052172031745866265,-0.004610345372608959,-0.009993971737729868
2024-03-06,0.0007357481843135449,0.0010407100612368492,0.005067159247770903
2024-03-07,0.003748399768092936,0.004639499376553946,0.009926370346830415
2024-03-08,-0.0019243687223481354,-0.001925459031701937,-0.006002115368710315
2024-03-11,0.001973510542313983,0.002857132268097473,-0.0008599654929838385
2024-03-12,0.007771500502683493,0.008663853853285053,0.010757433934537097
2024-03-13,0.0005681724197332816,0.0014776378354075526,-0.001567579929561358
2024-03-14,-0.0072862237827623355,-0.006677879681802779,-0.001976722296110456
2024-03-15,0.0015600742231911546,0.0021592508413981193,-0.006866621980632481
2024-03-18,-0.0022505912539622086,-0.0016366264544906972,0.005943123520943949
2024-03-19,0.00538376585059952,0.005665775258065331,0.0055572273176931475
2024-03-20,0.004152526407747326,0.00475660041259407,0.009249402694908149
2024-03-21,0.0036657488509572733,0.004844773474202091,0.0033045469982364573
2024-03-22,-0.004646223079194267,-0.00404291034581139,-0.001895828125220933
2024-03-25,-0.007216658693762756,-0.006292397945543815,-0.0027627018670888237
2024-03-26,0.002996522876065555,0.0032908358804240034,-0.0018470850305898345
2024-03-27,0.015373412020229793,0.015330026760430382,0.00840390128704338
2024-03-28,0.004065916039809769,0.006139716232821613,-0.00019115304320382887
2024-04-01,0.0020388948964951137,0.0029296458477086063,-0.0017398673121422625
2024-04-02,-0.008270942226672018,-0.007955386025115474,-0.00635791961577481
2024-04-03,0.001390651145679378,0.0019905089847727098,0.0010984169872829685
2024-04-04,-0.006544049565621268,-0.00562499368850744,-0.01220615604832942
2024-04-05,0.0065546099186153395,0.0065373682004064015,0.010447018952042919
2024-04-08,0.00032245042224055,0.0009195274366353701,0.0005592485270637937
2024-04-09,0.0020111917547560587,0.0032051236032979435,0.0011566969768881386
2024-04-10,-0.009524752035338535,-0.008022998739296017,-0.010012983815937515
2024-04-11,-0.004185691994204599,-0.0035806883379422283,0.007546719431144933
2024-04-12,-0.013254890414980736,-0.012943670752193048,-0.013803096677538873
2024-04-15,-0.001546474193976799,-0.001557862273575461,-0.012528035229721457
2024-04-16,-0.0016048806998152365,-0.0016171058917630043,-0.0018237698460004115
2024-04-17,-0.0030797051746113135,-0.0027796003797615487,-0.005918270721091967
2024-04-18,-0.000518167372927314,-0.0005152067314716513,-0.0020577941117486676
2024-04-19,0.007376890333969488,0.008592875567859481,-0.008728310287310914
2024-04-22,0.013648431025482077,0.014529914837734914,0.009209223639820463
2024-04-23,0.017545858324388597,0.01903604804518877,0.011866617014163916
2024-04-24,0.00016397188957562037,0.0018070613972083205,-0.00047477474141222054
2024-04-25,0.0070175603904378825,0.007915821124981903,-0.0037987587828579583
2024-04-26,0.004437434747438074,0.004906573597674768,0.009473829310949755
2024-04-29,0.00564382527836238,0.005929087251350662,0.0035415053910734517
2024-04-30,-0.01641679263213125,-0.01522939218101449,-0.015841202983064906
2024-05-01,0.00475911650546923,0.004749906396904757,-0.0032472021430118847
2024-05-02,0.00868337106431638,0.009286074216940499,0.009353443441858067
2024-05-03,0.010028205640622012,0.01092737562234225,0.012395256153738154
2024-05-06,0.007075616940464657,0.008581696175127496,0.010326938503174787
2024-05-07,0.007261220190350581,0.007823378009601534,0.0011034264304021768
2024-05-08,-0.001733566857852753,-0.0008063591118421254,9.672134683258449e-05
2024-05-09,0.007474765237046377,0.00807554778117825,0.00576189641039937
2024-05-10,-0.00044678555620947247,0.001064279341782104,0.0012880452787931151
2024-05-13,0.011080354604002807,0.011661949825278795,0.00013421871437180322
2024-05-14,0.008592118614387578,0.009525945212291997,0.004588035509807131
2024-05-15,0.012069592632637738,0.013031365087021962,0.012383318564627155
2024-05-16,-0.0022417657389101064,-0.0019483330984743086,-0.002057648556520686
2024-05-17,0.0028326265039437803,0.0034321981810989666,0.0014374286500424827
2024-05-20,0.000565769377582459,0.0014699593482569995,0.0011521851699716201
2024-05-21,-0.005999519971062073,-0.005379032403229678,0.002452510759075155
2024-05-22,-0.003275414060292192,-0.002963804057994346,-0.0028793330278347185
2024-05-23,-0.014889857962929853,-0.014547631782476644,-0.007304094973100028
2024-05-24,0.003090505414243383,0.0039632963778841734,0.006616635547303185
2024-05-28,-0.00927392669379834,-0.009263196693629405,0.0006985875025946608
2024-05-29,-0.007117566926969188,-0.006496153428684814,-0.007002465409604586
2024-05-30,-0.0020601981480244946,-0.0017554298085653564,-0.006633746666733775
2024-05-31,0.02018985805277107,0.020149316379320936,0.009108165895193476
2024-06-03,-0.011952473127708307,-0.009538394373498682,0.0008153583340810844
2024-06-04,-0.0005245443557136964,-0.0005218556534396512,0.0011178083574776565
2024-06-05,0.0261965951844505,0.026431699180314627,0.01188508170131497
2024-06-06,0.0033067547398586417,0.005121444757731908,-1.868653409564658e-05
2024-06-07,-0.003618264554711592,-0.0030059108027443715,-0.0012154701067457196
2024-06-10,0.0007105158303490899,0.0009868692351262531,0.0030894414176951823
2024-06-11,-0.01158377645025599,-0.010957476103624186,0.002408336857466331
2024-06-12,0.006381992177229456,0.006369079927512233,0.008213376461439603
2024-06-13,-0.003846744843658878,-0.0029442066519057564,0.0020131698731635783
2024-06-14,-0.001391554188089672,-0.0013848738929541637,0.0006085063699716731
2024-06-17,0.01416156893916587,0.014127155468933283,0.007958910221575355
2024-06-18,-0.0022615152565701457,-0.00016567562720781748,0.0025407121528528975
2024-06-20,0.004269554492244421,0.004849641273272809,-0.002716544837253032
2024-06-21,-0.005872088828870692,-0.004971673273423627,-0.0013404904271935303
2024-06-24,0.00987792579351332,0.010144484342149651,-0.003250874173535423
2024-06-25,-0.005693890377062805,-0.004182333337996114,0.0038509684777765507
2024-06-26,-0.006102152600934829,-0.006089698364820095,0.001248036721894108
2024-06-27,0.012353858400437456,0.012329608889525723,0.0015764724631708305
2024-06-28,-0.0012404483728717386,0.0002686636581978874,-0.003935092412651886
2024-07-01,-0.012069245197602774,-0.011143320911696009,0.002058070220223307
2024-07-02,0.002046158138078402,0.002039823628238846,0.0067297191878716855
2024-07-03,0.0067318011945127765,0.007020656752458665,0.004462763358313415
2024-07-05,-0.005123043128370752,-0.004516732971957205,0.00576649129051976
2024-07-08,0.007322933779092988,0.007897834975865825,0.001153687531366021
2024-07-09,-0.004588369434454176,-0.0033777987930536657,0.0009724431209321427
2024-07-10,0.006859622743798699,0.00745521435290919,0.009895287551016096
2024-07-11,0.015465572711283793,0.0160409375552224,-0.008622664527645374
2024-07-12,0.003720218768138217,0.005516005047919936,0.006307644912908028
2024-07-15,0.015721881670842208,0.016882410980652462,0.0027502945306059345
2024-07-16,0.01991894708527342,0.02056876206168856,0.005930227551637524
2024-07-17,-0.036268045242458635,-0.03446337052862081,-0.014021344049971574
2024-07-18,-0.010629976834863442,-0.00999858609907045,-0.007684830624340111
2024-07-19,-0.009842552568393614,-0.009774935437881105,-0.006640697294749587
2024-07-22,0.01165827672275177,0.011672455824458972,0.010309899385924082
2024-07-23,0.001216878937301269,0.0021245903513789077,-0.0015686753676522613
2024-07-24,-0.04004286426958825,-0.03874408261667839,-0.022662373657600487
2024-07-25,-0.011783261723432248,-0.011426078233151116,-0.005210401360493111
2024-07-26,0.007839928602538349,0.008368329285546094,0.011199677243803441
2024-07-29,-0.0012526341478312775,-0.0009214815374655183,0.0005877660449546962
2024-07-30,-0.01871847386120684,-0.01805554753975358,-0.005066489846381694
2024-07-31,0.032116653213699387,0.0325513528523953,0.0162546493941369
2024-08-01,-0.008109918087822021,-0.006913374012635698,-0.01416089772791096
2024-08-02,-0.02876183838515911,-0.028102226561032007,-0.018618465583101207
2024-08-05,-0.029402353808618775,-0.029035326209754575,-0.029123731060897606
2024-08-06,0.016173139559265914,0.016135578527143757,0.009219621998645566
2024-08-07,0.00841688724966394,0.008397157179354853,-0.0066839087950150144
2024-08-08,0.02756483857313552,0.027849864334580587,0.02311740208643176
2024-08-09,0.011884979065432955,0.013210743897542399,0.004409783108547893
2024-08-12,0.0032654473577478083,0.003815548356360443,0.0005251819392879664
2024-08-13,0.01807990846099261,0.01836917846745645,0.016445457845939204
2024-08-14,0.0032454616519093094,0.003982987335950927,0.0031548723144527724
2024-08-15,0.0026870439572632687,0.0031385534298544737,0.017140221567987446
2024-08-16,0.003040080409201673,0.0038067812621329633,0.0022420117925041616
2024-08-19,0.0026552152427130604,0.003104732482045014,0.009561331973907405
2024-08-20,9.529323707480053e-05,0.0005491910251276266,-0.0016259572939691935
2024-08-21,-0.00016796431249843646,0.0004239341264220542,0.0034366969502579447
2024-08-22,0.00201327763861725,0.0024566780415067324,-0.007848785276715065
2024-08-23,0.007566673967969839,0.008620537139427453,0.010625422141984808
2024-08-26,0.003594883564762563,0.00464859433696585,-0.0023837106752643278
2024-08-27,0.005045743243705214,0.00624094159831734,0.0013729062119203217
2024-08-28,0.004359982346272329,0.0051056361880399415,-0.005804990250471764
2024-08-29,0.0025668982628717085,0.004065507668110202,8.930257271066999e-05
2024-08-30,0.010776357451040441,0.011363244753221702,0.009546108600853476
2024-09-03,-0.0019834763351349594,-0.0007806081444657886,-0.02057890461708045
2024-09-04,0.01551577581795649,0.016696945056612567,-0.002046808041376691
2024-09-05,-0.009646333873316038,-0.009033081838515367,-0.002432422016352409
2024-09-06,-0.02514539835994145,-0.024805382135962617,-0.016830061169659682
2024-09-09,0.018385910349659307,0.018347148668104607,0.01119600514425767
2024-09-10,-0.010416035452017303,-0.009805289822065966,0.0043558432423733695
2024-09-11,0.006966225181520125,0.0072502424630793705,0.01025921618027037
2024-09-12,0.009189732419769392,0.009786439529597457,0.00842313754247681
2024-09-13,0.007017689764806878,0.008205430896581545,0.005222868726185714
2024-09-16,0.006387136747268096,0.007273938949991177,0.0014766934860208636
2024-09-17,-0.003266006743382066,-0.002079619934456267,0.0004087469851710157
2024-09-18,0.00017380404764777424,0.000776463297954777,-0.0029659591584655365
2024-09-19,0.0008979178260395404,0.0018069979194039743,0.017064470201915594
2024-09-20,0.00042456172664762093,0.0007238501319173363,-0.0017287267010226426
2024-09-23,0.008115538117083432,0.00840206495341711,0.0024988464537973876
2024-09-24,-0.007040199346111331,-0.005833418923229194,0.002861468217643548
2024-09-25,-0.01015723796655088,-0.009248642703653887,-0.002205585632772178
