date,strategy,strategy_no_costs,spy
2016-01-07,0.0,0.0,0.0
2016-01-08,0.0,0.0,-0.018225590716646645
2016-01-11,0.0,0.0,0.0009899369800312474
2016-01-12,0.0,0.0,0.008068257461905759
2016-01-13,0.0,0.0,-0.024940557490074733
2016-01-14,-0.001344430817874498,-0.001044430817874531,0.016416903819580053
2016-01-15,0.003105347331549657,0.0031044147533367816,-0.021465794264166616
2016-01-19,-0.0006254889396997143,-0.0006253016781664344,0.0013307986811230688
2016-01-20,0.002118489149764091,0.0021178545106508295,-0.012814743733104983
2016-01-21,-0.0024333564224876536,-0.002132819649375728,0.005601902524081437
2016-01-22,-0.0012144237918112477,-0.001213827627758013,0.020514910830279343
2016-01-25,0.0017593097739840857,0.0017584520687259353,-0.015116452597792485
2016-01-26,0.00024401674946616936,0.00024391453397787366,0.013643113984610045
2016-01-27,9.959490062882992e-05,9.957931497672767e-05,-0.010883131118148093
2016-01-28,0.0005473528738497713,0.0005471019235485652,0.005208630204326381
2016-01-29,0.002785737919332565,0.002784387851856751,0.024377583756477694
2016-02-01,0.0014439182718313237,0.0017442231003426123,-0.0003612558403183197
2016-02-02,0.0060588970215371685,0.0060544096086716515,-0.018022003062555303
2016-02-03,0.0005803509356732128,0.000581263133873966,0.005994785334435315
2016-02-04,0.0005834463163649772,0.0005825419937408594,0.0015686784081219152
2016-02-05,0.0011513052237848154,0.0011507464882909435,-0.019050344565891275
2016-02-08,0.005171488934183177,0.005467441653784766,-0.013461321808526883
2016-02-09,0.0005156782457793607,0.0005151033280306194,5.391811492083676e-05
2016-02-10,0.0037533629860193596,0.0037503334342838812,-0.000862545476890797
2016-02-11,0.006859960557937361,0.006857147439955247,-0.013008307955313825
2016-02-12,-0.006808047141335871,-0.006801908909715659,0.02061686373902094
2016-02-16,-0.007792072241726178,-0.007787836428216788,0.016878659382641548
2016-02-17,-0.0009026233638255166,-0.0009008176719309535,0.016334528419140515
2016-02-18,0.011681282978324381,0.011674000512039928,-0.0040959136720886136
2016-02-19,-0.002404255318233628,-0.0024033080282876984,-0.000468318596442141
2016-02-22,-0.0016160827006210798,-0.001616074116538524,0.01447893998139449
2016-02-23,0.004429930032911145,0.004427591034751099,-0.012629545081511262
2016-02-24,0.001222624538383954,0.0012223502078472226,0.004575787488583227
2016-02-25,0.003940310672840619,0.003937542875328992,0.012112053469631956
2016-02-26,-0.013400071296008176,-0.013126906142811978,-0.002301762918790473
2016-02-29,0.0038581272022188973,0.003851690482474135,-0.007842802802899618
2016-03-01,-0.005929214409090666,-0.005912574407376137,0.02350713697563811
2016-03-02,0.003692015333330856,0.0036917642126261807,0.004492702998206477
2016-03-03,0.006737717953898104,0.006737387404277095,0.003919436509997487
2016-03-04,0.0007441402166481481,0.0007485713406820693,0.0032535816508312276
2016-03-07,0.0005484173154395311,0.000542300936274609,0.000798174328986434
2016-03-08,0.004959182248082339,0.004955781374043733,-0.010917683104429088
2016-03-09,-0.0013835009424773004,-0.001374451024120149,0.004939559624523193
2016-03-10,0.0020416866633450326,0.002041960924812125,0.0008024687425773891
2016-03-11,-0.0050684809916715645,-0.004768620412887059,0.016137166139512216
2016-03-14,-0.001878379698638799,-0.0015844664149347043,-0.0012824304522421892
2016-03-15,0.0013016203121867242,0.0013023813482042623,-0.0016295800634809066
2016-03-16,0.011158703346135557,0.011151949472816503,0.005787016158250946
2016-03-17,0.005093819067263139,0.005099136970183826,0.006344340839048446
2016-03-18,-0.002584280393532201,-0.002584504628280304,0.003929619049156008
2016-03-21,-0.004859719030912646,-0.004856336545080331,0.0014189751583078003
2016-03-22,-0.0012512518631901948,-0.0012550878714002733,-0.0005373811045410459
2016-03-23,-0.0018771635853001012,-0.0018798027481268242,-0.00659949600383114
2016-03-24,1.1836803472720092e-05,1.068553852556775e-05,-0.0004429070120902656
2016-03-28,0.002735273686795381,0.0027413542972611893,0.0005906266152029271
2016-03-29,0.014628365355389583,0.014625645159507927,0.009250116039449807
2016-03-30,-0.004581121769951624,-0.004568444658147541,0.004387741183200067
2016-03-31,0.0037961156272452445,0.0037879554187536524,-0.0024269460670182097
2016-04-01,0.001854005707686568,0.0018603876360274718,0.006811612405701606
2016-04-04,-0.0023076026055125487,-0.002305049887980415,-0.003237644577584353
2016-04-05,-0.001785491997941424,-0.0017936948528590735,-0.009987878363535208
2016-04-06,-0.0009851765747737051,-0.0009740309347944232,0.010921229555514556
2016-04-07,0.001945997945391742,0.0019282011694883305,-0.011965876094902295
2016-04-08,0.001640430413181404,0.001647109470404029,0.002696656660856167
2016-04-11,-0.00019134513234053685,-0.00019831743063192242,-0.002347182247036561
2016-04-12,0.002687134670760427,0.002694080525563969,0.009312696375750384
2016-04-13,-0.005073200173996373,-0.005076815072255547,0.01010118985056141
2016-04-14,-0.0060100692417517365,-0.006008960869609337,4.807860452626933e-05
2016-04-15,0.006956315908684507,0.006955714180812977,-0.0011055811803353244
2016-04-18,0.0016501234573267354,0.0016563358302859044,0.007026646978166351
2016-04-19,0.0028273336495661106,0.0028241487513736008,0.003154382541953993
2016-04-20,-0.013959579426533808,-0.013958321913055238,0.0009526097913530318
2016-04-21,-0.011648653356019945,-0.011657904983213063,-0.00537840748103835
2016-04-22,-0.0016691447082535227,-0.0007768403461184681,0.0
2016-04-25,-0.0011439860526529788,-0.0008645456391424,-0.001722622826713316
2016-04-26,0.0029840899842121793,0.0030077462379143327,0.0014859918465575106
2016-04-27,0.004946479715005392,0.005569831888678989,0.0020581895397209227
2016-04-28,-0.0026535297707802608,-0.0026800120432893815,-0.009075855016367429
2016-04-29,-0.0029328012445506424,-0.0029388915582846398,-0.00539899360677798
2016-05-02,0.00504999677565432,0.005045623950525435,0.007948711667605801
2016-05-03,-0.008561267778466108,-0.008585714571139769,-0.008703395220749033
2016-05-04,-0.00462257204776384,-0.004633505554699546,-0.005578124875502022
2016-05-05,0.0019160692871695861,0.0019257179171303651,-0.00019494317063184496
2016-05-06,0.003790351025223071,0.0037817390408900753,0.0036589354661609175
2016-05-09,-0.002080216238900201,-0.0020907029785913744,0.0008263948659976705
2016-05-10,0.007432340876027954,0.007447572311083839,0.012433645127915005
2016-05-11,-0.006739100854512237,-0.006732710638644002,-0.009354657246744114
2016-05-12,-0.002142335218053737,-0.0021318069232202363,0.00029065450061227516
2016-05-13,-0.005063224453160542,-0.005079001294895358,-0.008714392279523309
2016-05-16,0.010434577349061502,0.010447305088356895,0.00986537874102833
2016-05-17,-0.007356205449515207,-0.007344366317267426,-0.009333568801133452
2016-05-18,-0.009498269899013367,-0.008923115909512891,0.0002928193693976233
2016-05-19,-0.0048638750169182066,-0.004856602264840304,-0.0034649692167176838
2016-05-20,0.0051018574432935004,0.005104750341029307,0.006317380850532128
2016-05-23,-0.0029235319234063306,-0.002924150309657203,-0.0013622931008568928
2016-05-24,0.0026729794773308058,0.0026820869514769807,0.012962077943646344
2016-05-25,0.005992929423147109,0.006013591722712652,0.006783149285816359
2016-05-26,-0.00135734905543905,-0.0007552601116171953,0.0002869660238955518
2016-05-27,0.004270250758725114,0.0042661299652302365,0.00429885779415673
2016-05-31,-0.0019814923258121286,-0.0019876641615262924,-0.0019026541682207743
2016-06-01,0.0033504733291223054,0.0033499107451044896,0.002049252249171074
2016-06-02,0.004190248365697702,0.004179440058360573,0.003043726472393482
2016-06-03,-0.002126183400389503,-0.0021267108782460076,-0.0029870750654420464
2016-06-06,0.007259566699480802,0.0072831492400466935,0.005088631709357028
2016-06-07,0.00592956184719462,0.00595646900962854,0.0015610184225285373
2016-06-08,0.0050544963414511646,0.005050620029286801,0.0032597519890362747
2016-06-09,-0.003156053065932918,-0.003163241942747641,-0.0013655892089042831
2016-06-10,-0.011635298509893421,-0.01165181189052411,-0.009477548339113961
2016-06-13,-0.0034524600692542595,-0.003450013712677724,-0.007711728383551386
2016-06-14,-0.004498143029520119,-0.0044982290994302065,-0.00196662130130576
2016-06-15,-0.0007009517491215478,-0.0004173952676049808,-0.0013942716251799103
2016-06-16,-0.0030594403177576224,-0.0027766597287091077,0.0029846349947799666
2016-06-17,0.003485295461517879,0.003503777898254734,-0.0037241532855220028
2016-06-20,0.004227255900587812,0.004229736426412112,0.00644000255297561
2016-06-21,0.0004512757124717215,0.00046166680764203605,0.002838254321963829
2016-06-22,-0.001654238264484631,-0.0016606291421458197,-0.0016308816091089584
2016-06-23,0.007561655334574979,0.007564598189260918,0.013022457413687238
2016-06-24,-0.01547195221666775,-0.015475286252513265,-0.03590884453169996
2016-06-27,-0.007459620492277774,-0.007478101391536374,-0.01790998065323779
2016-06-28,0.01211363831550516,0.013291905554618122,0.018035967210669357
2016-06-29,0.003741274454674537,0.003727587779631669,0.017027639966891384
2016-06-30,0.0063988970604407225,0.006403637672918627,0.01364551805723635
2016-07-01,0.0057362738839610294,0.00574045030978465,0.0021002757362003077
2016-07-05,0.0016442775158944656,0.0016495723280367525,-0.00719303896143908
2016-07-06,0.0005754987319903648,0.0005799301650917243,0.00599799182305083
2016-07-07,-0.011695490504689765,-0.011691815646260872,-0.0006203768838818347
2016-07-08,0.008277409411285852,0.008561934532948623,0.014890402897929311
2016-07-11,-0.0015337508145623069,-0.0012561278810495624,0.003527039879043903
2016-07-12,-0.005681263166258499,-0.0056888522631208804,0.007263310641781429
2016-07-13,0.00552180869613661,0.005523375524524088,-0.00013935143270071837
2016-07-14,-0.005814967485886502,-0.0058120685116019866,0.005583356847290943
2016-07-15,-0.0020249318175759035,-0.002027191057967448,-0.0013418484637708339
2016-07-18,0.001451199293916794,0.0014503756738193374,0.002687386084167631
2016-07-19,0.002148335622840003,0.0021446253620482914,-0.0010167586352083369
2016-07-20,-0.0017326705225972905,-0.0017351487024359624,0.004163043655224907
2016-07-21,0.001689078709672387,0.0016886269757900862,-0.0037772648740919124
2016-07-22,0.005607267700838747,0.005606110520682828,0.0044853367153678825
2016-07-25,-0.0015734154496179764,-0.0015733662896214584,-0.0027159040381125044
2016-07-26,-0.0023107045432612106,-0.0023087294025379013,0.0004616058179740534
2016-07-27,-0.000994051088408443,-0.0009875555875286102,-0.0010612283786833876
2016-07-28,0.002792660463586172,0.00278527443492238,0.0011546660301433587
2016-07-29,0.006671684320388671,0.006665241866842253,0.0016146846083799904
2016-08-01,-0.0023241956409991715,-0.002329660575464354,-0.0008289925569321399
2016-08-02,-0.008564430806010104,-0.008557514528923726,-0.006407486542837959
2016-08-03,-0.0016887122059436876,-0.0016844624148505405,0.0029224828482523613
2016-08-04,0.0010865464421090376,0.0010927309782795547,0.0010642761489252361
2016-08-05,-0.004251055242579405,-0.004256994059004593,0.008179127429738253
2016-08-08,-0.0004299255575508365,0.00013977174586599084,-0.0005959863067188653
2016-08-09,0.004077296604580116,0.004074031890492158,0.0005963417182170971
2016-08-10,-0.0009637812798996004,-0.0009692135475534158,-0.00247522389199728
2016-08-11,-0.003911218644408798,-0.003897897347314605,0.004640607085997894
2016-08-12,0.0025407646878383705,0.002535069557171976,-0.0008686098636663253
2016-08-15,-0.0007915221342341683,-0.0007861173626504403,0.0028834706471352334
2016-08-16,-0.005021162307247473,-0.005012150410714011,-0.005157586969937289
2016-08-17,0.0019477792354445356,0.002285593123884988,0.001881134728282996
2016-08-18,0.0009428963157502857,0.0009423470946563484,0.0022437977310711954
2016-08-19,-0.0033623053054986363,-0.0030635472222380056,-0.0014620751538957366
2016-08-22,-0.0002316856119720656,-0.00023081020110149453,-4.568741606703064e-05
2016-08-23,0.0022164942372551177,0.002217260735162041,0.002013378642638841
2016-08-24,-0.0024159407178917514,-0.002416564542785604,-0.0051148971780110575
2016-08-25,-0.0013314386990799232,-0.0013297712489127589,-0.0006882237570489114
2016-08-26,-0.002702223020490724,-0.0027006223837650056,-0.0018840407559919115
2016-08-29,0.006634503113176926,0.006937415915964307,0.004924529175110104
2016-08-30,-9.15175608784402e-06,-3.240930051329194e-06,-0.0016484058269220503
2016-08-31,-0.003231360080398482,-0.003228917150738697,-0.0028440845126230796
2016-09-01,-0.0011378919944455834,-0.0011401005126036035,4.593121701135239e-05
2016-09-02,0.0023604011827722537,0.002361589991713986,0.004508156670794072
2016-09-06,0.005238796365631293,0.005536665527483775,0.003022321942910855
2016-09-07,0.0009894362753313235,0.0009881494043799677,-9.158035471024117e-05
2016-09-08,0.0001067865281187963,0.0001032077268949827,-0.0022827489610787177
2016-09-09,-0.0213972010638811,-0.021400663503043815,-0.02393511101512147
2016-09-12,0.004110388269785492,0.004696737563548492,0.01434762401130274
2016-09-13,-0.013248129741863512,-0.013244426652653796,-0.014375607561062376
2016-09-14,-0.00340979390222218,-0.0031089275603224387,-0.0003753592525761462
2016-09-15,0.0035868364945379483,0.003584880409285507,0.009993006445679686
2016-09-16,-0.0034496468128207836,-0.00345069540191012,-0.0038655791783077653
2016-09-19,0.0011196608754509008,0.0011224866716528226,0.00018782807107697863
2016-09-20,-0.0013307039980532398,-0.0013279274080943981,4.6717958743336396e-05
2016-09-21,0.002613983651052587,0.0029097185285349436,0.011245609198420103
2016-09-22,0.00026566709452069404,0.0008670048784242823,0.0063010720266925
2016-09-23,-0.005536330173776749,-0.005236003739244266,-0.005479141229618345
2016-09-26,-0.007979305979744944,-0.007978997114843733,-0.008102224875268904
2016-09-27,0.00398517538714005,0.0042717501530886715,0.006208016119474857
2016-09-28,0.0022503841202794472,0.0022486300485007327,0.004963156766627508
2016-09-29,-0.0056055720538154,-0.005600682249724986,-0.009046925544723194
2016-09-30,0.004742196768917406,0.0047378618033300235,0.007546260577323993
2016-10-03,-0.0015060831378856943,-0.001504673684190716,-0.00240422760770298
2016-10-04,-0.002006344353846612,-0.002004551754029582,-0.005097769630561633
2016-10-05,0.002629351770885524,0.002626942041801694,0.004425268558121642
2016-10-06,0.00015249666695127395,0.0001521906305250731,0.0006955435166295931
2016-10-07,-0.002584099350641078,-0.002581989050107647,-0.003429343922579986
2016-10-10,0.005045910669828624,0.005041337070802676,0.005208704206040249
2016-10-11,-0.011747585030974506,-0.01115245620289107,-0.012630015043072929
2016-10-12,-0.0022729919145506594,-0.002278565845269087,0.0013121665482083156
2016-10-13,-0.0034322842989022995,-0.0034262642713829283,-0.003275615920133701
2016-10-14,-0.0008133066566138325,-0.0008166172015807716,0.0005164564394535276
2016-10-17,-0.0019058871234298724,-0.0019055399023077957,-0.0034722297909199895
2016-10-18,0.005233035287452115,0.0052293521719393166,0.006262469117979341
2016-10-19,0.005294465412977178,0.0053026775778026725,0.0026667939713751476
2016-10-20,-0.00380861714511993,-0.0038107392051079936,-0.001866385228815437
2016-10-21,0.0007069587027708213,0.0007035243242381473,0.000467406129060155
2016-10-24,0.0051925305782749565,0.005182116462578268,0.004253036908334229
2016-10-25,-0.004647593900457769,-0.004647794869881761,-0.0033509198212964275
2016-10-26,-0.0053509398872838565,-0.005346229570578509,-0.002007667596653717
2016-10-27,-0.00039473156921543406,-9.770006323328584e-05,-0.0026667544968305146
2016-10-28,-0.0033434354189538773,-0.00334425208253486,-0.002955514316990482
2016-10-31,-0.00504003324739688,-0.005049512761220787,4.716140861793505e-05
2016-11-01,-0.0023450995139040476,-0.0023362636471465636,-0.0072452815596659725
2016-11-02,-0.007482651888978897,-0.0074862334315815016,-0.0060185317295770036
2016-11-03,-0.004540155640912924,-0.0039409968143713225,-0.004577201362954808
2016-11-04,-0.0012749184473409558,-0.000667992365556147,-0.0011017653234726144
2016-11-07,0.0,0.0,0.022056955057440986
2016-11-08,0.0004028081782743165,0.0007028081782742834,0.004503640944656162
2016-11-09,0.008530794679230347,0.00852823723821694,0.010602523452654777
2016-11-10,0.009491009881388068,0.009789685492718858,0.0024953268874918777
2016-11-11,0.0009540336508566671,0.0009535753634881683,-0.002304773395661708
2016-11-14,0.006085971806853996,0.00638369005605588,0.0007853886179332026
2016-11-15,0.0011757416103308493,0.0011752858083493578,0.007802763045137384
2016-11-16,-0.004288296448443307,-0.004284837737909775,-0.001878104440582451
2016-11-17,0.004552040694762782,0.004548807156599777,0.005140389296738546
2016-11-18,0.00017975751190046907,0.00047966027701518144,-0.002237623088647611
2016-11-21,0.004309366146392435,0.0043064622138961894,0.007551547631002187
2016-11-22,0.002826254588537358,0.0030936535529921816,0.0019535385709430475
2016-11-23,0.00487582720452151,0.004874550918819942,0.0005441746620840071
2016-11-25,0.0019153074208786425,0.0019085258025008933,0.003715182109094828
2016-11-28,-0.009953388839632926,-0.009956908349160631,-0.004695146576733089
2016-11-29,-0.0011472318606483567,-0.001158515058361398,0.0019504527622595802
2016-11-30,0.010619443746681778,0.010657670811531572,-0.0023991070035533912
2016-12-01,0.0038187734569274934,0.003815032161995857,-0.003675418686641563
2016-12-02,-0.0019041514424941175,-0.0018980793179614874,0.0005010264654599084
2016-12-05,0.008663124637602992,0.00866327063562733,0.006008737423371713
2016-12-06,0.0047478693360010205,0.004740778665271561,0.0031672418501835775
2016-12-07,0.013123700992113463,0.013117893538461711,0.013081016162097558
2016-12-08,0.00556355469646963,0.005563374742983518,0.0024486308589539707
2016-12-09,0.0035217136356413548,0.003521607215072331,0.0060402807063209
2016-12-12,-0.004370409663500996,-0.004360547839499018,-0.0011476523492913726
2016-12-13,0.0036739743444120787,0.0036822559180915704,0.0066738084134936315
2016-12-14,-0.010844358667275955,-0.010854360436891364,-0.00825400640755336
2016-12-15,0.004822971422477451,0.004820064137271762,0.004117251735653138
2016-12-16,-0.0019331324980373932,-0.001924116531186959,-0.001956124392211822
2016-12-19,0.0021093981331283818,0.0021026806770125805,0.002177652528619234
2016-12-20,0.005929996074465649,0.005920873209523503,0.0038573693270458342
2016-12-21,-0.002898830064246738,-0.0028943707144950537,-0.0027828182529150425
2016-12-22,-0.0022830927079461327,-0.00227670707994021,-0.0017271896375230522
2016-12-23,0.001754613249673742,0.0017519687538318784,0.0014641058803037676
2016-12-27,0.002488647508352315,0.0024885679286337226,0.002481414183370445
2016-12-28,-0.009986769932207262,-0.009987478970694408,-0.008264775523578405
2016-12-29,-0.001893807641156653,-0.0018931878116050793,-0.0002227478600295152
2016-12-30,-0.0022566292161885215,-0.002257865425519645,-0.0036550189132423805
2017-01-10,0.0,0.0,0.0
2017-01-11,0.00015658177874189327,0.00045658177874186023,0.001766503324924118
2017-01-12,-0.0003098116005867402,-0.00030971869952345354,-0.002509949065788941
2017-01-13,0.0006849457425479599,0.0006847402889698095,0.0022956897302053303
2017-01-17,-0.0006029934614433241,-0.0006028127137078787,-0.0035233858801857476
2017-01-18,0.00040776927278485253,0.0004076469699183516,0.0022099712104712843
2017-01-19,-9.787356617663168e-05,-9.784422276881699e-05,-0.003704931267825895
2017-01-20,0.00044016893726372963,0.00044003695759831096,0.003674519921334163
2017-01-23,-0.00021304448417780453,8.686756474474144e-05,-0.0026023009893491045
2017-01-24,0.0026841730009927733,0.0026829627877380524,0.006411821761518777
2017-01-25,0.0019940346678144483,0.001992830288982894,0.00865547847575554
2017-01-26,-0.0006600016200866143,-0.000659868497915439,-0.001045791929343065
2017-01-27,-0.0007090838882377604,-0.0007089896583801769,-0.0015694006681763462
2017-01-30,-0.0017437774448153531,-0.0017427812988466407,-0.006201825094785729
2017-01-31,0.0005426749504824357,0.0005426347843056067,-8.805307852055577e-05
2017-02-01,-0.00015759083639488303,-0.00015796292978520476,0.00039557113344046435
2017-02-02,0.0016435621172226078,0.0016431255334967698,0.0006594147175433829
2017-02-03,0.0018732688406044584,0.0018725357598818881,0.006892698686812304
2017-02-06,-0.0008540026325591921,-0.0008538217831559614,-0.0017877462933811872
2017-02-07,0.0023745638401204694,0.0023736343221589795,4.352837095411566e-05
2017-02-08,0.0011709808335536032,0.0011705319907953093,0.0013106047022404255
2017-02-09,0.0015738131035900604,0.001573124571869533,0.0059326188579080785
2017-02-10,0.0008286213931565367,0.000828173635226026,0.003946183698355865
2017-02-13,0.0011612121101014505,0.0011605218704875409,0.0054427883821197565
2017-02-14,0.0007302183889874581,0.000729796087828749,0.00399493877253243
2017-02-15,0.00306443451869276,0.0030631680445663,0.00522084519485988
2017-02-16,0.0001979172373638427,0.0001978786217862183,-0.0008516207220198302
2017-02-17,0.001909661322805345,0.0019088337953043766,0.0015761941706544658
2017-02-21,0.0028563876623215467,0.002855247837538988,0.005955147799732385
2017-02-22,0.00011718188326748091,0.00011712392352647427,-0.0008878789390097674
2017-02-23,-0.0002979859639908877,-0.00029766499810512936,0.0006771949125281562
2017-02-24,0.0011075622794052276,0.0011071207127177907,0.001268956307289848
2017-02-27,-0.0006756456509660058,-0.0006755260581122746,0.001562669992039245
2017-02-28,-0.00037774577635529827,-0.0003774447560543903,-0.0026990730228516613
2017-03-01,0.003237062142534608,0.003235441787777793,0.013997461658209032
2017-03-02,-0.0010878387927959476,-0.0010872095580061192,-0.0062974429680602295
2017-03-03,-0.0003985593833111256,-0.00039855857598902755,0.0006297170068023661
2017-03-06,-0.0013553963137279412,-0.0013548651735588724,-0.002978377428373813
2017-03-07,-0.0006121384605617397,-0.0006118555862597574,-0.0029863779617934627
2017-03-08,-7.995032504182209e-05,-8.003719748328475e-05,-0.0018567031119507416
2017-03-09,0.0004953813527659445,0.0004951896324061345,0.0012681624911941025
2017-03-10,0.0018098624107072414,0.0018090740590399612,0.003504121576205277
2017-03-13,0.0004994986223667564,0.0004992489891513241,0.000504883341382989
2017-03-14,-0.00110480243695954,-0.001104330207858939,-0.003826542521268017
2017-03-15,0.002818140399639679,0.0028169371016832923,0.008653552360811112
2017-03-16,0.00015370629021327353,0.00015370487287702517,-0.0019671064593972387
2017-03-17,-0.000632835930193032,-0.0006326314704452329,-0.0017560240802322324
2017-03-20,0.0006019631044615892,0.0006017320382460944,-0.0010969834224331398
2017-03-21,-0.003373661372382264,-0.003371733421412504,-0.012839359325030442
2017-03-22,0.0009952815144880223,0.0009945709070309228,0.0023528977341129576
2017-03-23,-0.0018539455813306738,-0.001553642689964163,-0.0010668306117276316
2017-03-24,0.0007538188776763377,0.0007534571597838102,-0.0007268422746218306
2017-03-27,-0.0006233701159374938,-0.0006233266561105344,-0.0010260180697762022
2017-03-28,0.0015002291866006434,0.0014989158502221045,0.0072768650983841
2017-03-29,0.0008087433933827715,0.0008078189321827356,0.000934799992784896
2017-03-30,-0.001010715700404674,-0.0007104986095465282,0.0031844221163634945
2017-03-31,5.182626068567231e-05,5.2060197117675955e-05,-0.0023276304964053862
2017-04-03,-0.0013029958122597884,-0.001302281543761885,-0.001739405083699297
2017-04-04,0.0012329547123575146,0.0012317487564161844,0.00063722725354598
2017-04-05,-0.0005984218669951025,-0.0005975902875088313,-0.00297245933100021
2017-04-06,0.0002276988262068791,0.00022768060100775145,0.0028110008695299005
2017-04-07,-0.0009940082296634456,-0.0009936868637087093,-0.001019432926068431
2017-04-10,0.0017595905283651625,0.0017585337134282675,0.0005956206952661969
2017-04-11,-0.0010726274668846347,-0.0010715187904237755,-0.0011898559314652557
2017-04-12,0.0006050165255435669,0.0006046868406055506,-0.004381821437654088
2017-04-13,-0.003816610671690923,-0.003813979888220631,-0.006494801997070532
2017-04-17,0.006130117692669135,0.006125593714997546,0.00885960282320064
2017-04-18,0.0010990988139745195,0.0010983668920643286,-0.002984367244703412
2017-04-19,-0.001650534742200671,-0.0016494663217911931,-0.0018384650816789527
2017-04-20,0.002673141245355559,0.0026712553212828727,0.008139344597635434
2017-04-21,-0.00010040050025805769,-0.00010027569422976779,-0.0031869020707161466
2017-04-24,0.00674311022953078,0.006737440806403816,0.01099776044563705
2017-04-25,0.003662783427713201,0.003659954924070341,0.005818589434265498
2017-04-26,-0.0016206729513431606,-0.001618782232885918,-0.0006289223778707109
2017-04-27,0.0027874309666402475,0.002785433813798921,0.0008390414363321774
2017-04-28,-0.0014553886254343729,-0.0014549766335063552,-0.002179382399111529
2017-05-01,0.00022315006411588456,0.00022220096412173262,0.0025201358295641185
2017-05-02,-0.0005487368008392224,-0.0005481659872867972,0.00037716273000909517
2017-05-03,-0.002387876346464979,-0.0023864754413932543,-0.0012146134935869801
2017-05-04,0.002002204969620225,0.002000435781722709,0.0011741154995332792
2017-05-05,0.0036698365067633354,0.003667434768831468,0.003936881598367359
2017-05-08,0.0007037666715006274,0.0007032129447266389,-0.0001670457537875647
2017-05-09,-0.000253904153333373,-0.0002536388149150248,-0.000917724412436205
2017-05-10,-0.00012032049972809933,-0.00012057431837597665,0.0017960666612844012
2017-05-11,-0.0008260041521215289,-0.0008258669004183039,-0.002042942642549339
2017-05-12,0.0005546157417999353,0.0005540882234664757,-0.0016709172261325511
2017-05-15,0.0022318950194279985,0.0022300072422916095,0.0055234185620460785
2017-05-16,-0.0014065245370680213,-0.0014063959991108543,-0.0009156479307578236
2017-05-17,-0.008626916859011513,-0.008619501491469062,-0.017743944801854705
2017-05-18,0.0038741720688064696,0.0038710810410447216,0.0040284867221933585
2017-05-19,0.004136450811147441,0.004133570100935735,0.006504049372601406
2017-05-22,0.005677761800680692,0.005673348194892069,0.005077412808222048
2017-05-23,0.00020650110890674256,0.00020596283089768797,0.0022130998350069486
2017-05-24,0.003648378339982994,0.0036456598156320297,0.0023326513650259173
2017-05-25,0.006497565086026613,0.006492889151683778,0.0047793295046363315
2017-05-26,0.0017429422739330125,0.0017416773391494278,-0.00020651590980880208
2017-05-30,0.0009004698215440143,0.0008999147169463928,-0.0008690386487688606
2017-05-31,0.0020338324776907335,0.0020327108159992058,-0.0002481884040724802
2017-06-01,0.005805603523904246,0.005801891495240241,0.007952131478014213
2017-06-02,0.004029623742680455,0.004025928705357229,0.0033285322605129952
2017-06-05,-0.00100130753580141,-0.0010009435445901271,-0.0007370751098079165
2017-06-06,-0.003533413316750278,-0.003531287734579225,-0.003197072952354052
2017-06-07,0.0018002379813628622,0.0017988444344496646,0.0018501068745411242
2017-06-08,-0.004256495115077419,-0.004254177754608901,0.0004927023723459989
2017-06-09,-0.006821133563171489,-0.006814230058149073,-0.0015180064115530856
2017-06-12,-0.0016774912369983408,-0.0016758733675489301,-0.00020526131618348042
2017-06-13,0.003798693245552487,0.003795762892146115,0.004889637945718173
2017-06-14,0.0013274693944738125,0.0013268578355083438,-0.0012672663503429105
2017-06-15,-0.001107519577686511,-0.0011064407505396723,-0.0019244196074722497
2017-06-16,-0.002218790182633379,-0.0022163679518546475,0.00021838018204922705
2017-06-19,0.005413039340057546,0.00540800293603283,0.00832535924038269
2017-06-20,-0.004891252042705796,-0.00488799544926255,-0.006744076434880508
2017-06-21,0.0006612204556404322,0.0006598458196431789,-0.0002469701255954915
2017-06-22,-0.002811369542730424,-0.0028094804103274695,-0.00045305944800644316
2017-06-23,-1.1095520881410081e-05,-1.1676558761664069e-05,0.001194331740262955
2017-06-26,0.001844374075325117,0.0018439034649244679,0.0006580207993931442
2017-06-27,-0.009523791846545393,-0.009515995865893134,-0.008056213726402861
2017-06-28,0.004096142597010521,0.0043985386985923025,0.008950486731214236
2017-06-29,-0.00730724877707245,-0.0072991740757512025,-0.008788756428805167
2017-06-30,-0.000848125133170452,-0.00025110302701869536,0.0018644326242092113
2017-07-03,0.00042491301421332395,0.0004281309818323642,0.0016958077053925713
2017-07-05,0.00018156815752146116,0.0005020737136272047,0.0023118927611944784
2017-07-06,-0.0035731245527218514,-0.0035686307422549968,-0.009144536998774822
2017-07-07,0.0015033977717859859,0.0018007854123345268,0.006485062479682835
2017-07-10,-0.00024229663888808428,-0.00024200023613929478,0.0010739886122603792
2017-07-11,-0.0017769555064702791,-0.0017747812213045888,-0.0007426491027647808
2017-07-12,0.000647364212329915,0.0006465706882707867,0.007514636743868097
2017-07-13,0.0008686652814062779,0.0014671794206337907,0.0016802325883327196
2017-07-14,0.0026517001977419685,0.0026512035399000045,0.004664140212380374
2017-07-17,-0.0014788105485478154,-0.0011776917095359662,-0.00012220277489904952
2017-07-18,-0.00036786787362330653,-0.0003670337695738102,0.0005296578656774908
2017-07-19,0.004560603081307679,0.004556927730253069,0.005413921746416861
2017-07-20,-0.0009797534922481033,-0.0009782913474353228,0.000445435060221433
2017-07-21,-0.0008868988527730437,-0.0008865719910144954,-0.0008904022458563476
2017-07-24,0.0007678564941868693,0.0007657587315446079,-0.00024309875776551415
2017-07-25,0.004384477026084799,0.004377661526733023,0.0024307230038966843
2017-07-26,0.0003139359091770544,0.0003160594876687739,4.047546507490729e-05
2017-07-27,-0.0034021169732560974,-0.0033979840393314475,-0.0009292619935543645
2017-07-28,-0.0006038718843923707,-0.0006032054875996229,-0.0011730527651607758
2017-07-31,0.000584950347090718,0.0005829076925523147,-0.0005669713323782632
2017-08-01,0.0033086195321214706,0.003304559673168894,0.0022286611472213114
2017-08-02,0.0007754684007805768,0.0007744404873912814,0.0004849766819794432
2017-08-03,-0.0029070865773872523,-0.0029035507908384828,-0.0019397487893374477
2017-08-04,0.003314847135351018,0.003310382656240174,0.0018220799862256332
2017-08-07,0.001266364755466709,0.0012656863162254783,0.0018594565555216658
2017-08-08,-0.003132744270257448,-0.0031299263185847748,-0.0024611118621885586
2017-08-09,-0.002005242021296705,-0.0020036557272516964,-4.043046774571124e-05
2017-08-10,-0.013538942772607143,-0.013524164187100784,-0.014115145929636808
2017-08-11,-0.001586773831137589,-0.0012917586228059497,0.0014767562337771878
2017-08-14,0.006313931681786622,0.006303831927476633,0.009913122207047653
2017-08-15,0.00024474117432693454,0.00024416065864740766,-0.0001214314606141631
2017-08-16,0.002857043714587393,0.0028548269947028526,0.001744156034887645
2017-08-17,-0.009648868485973572,-0.009336547040819432,-0.015590818088710212
2017-08-18,0.0035624727002037115,0.0035587563964105673,-0.0015630745732605478
2017-08-21,0.0008605601103681693,0.0008608072164302261,0.0007825795131823909
2017-08-22,0.00591021936083358,0.005899781428579942,0.010457077139737647
2017-08-23,0.001025072213170608,0.0010251385606758756,-0.0035854826138764784
2017-08-24,5.385792474510431e-05,5.3332475960177206e-05,-0.002330339201413456
2017-08-25,0.0036445165600504925,0.0036399057635523313,0.0023357823666283473
2017-08-28,-0.001664607275453367,-0.0016601296824338974,4.0948797307205353e-05
2017-08-29,-0.004650718114521113,-0.004377950487548965,0.0011448642199958226
2017-08-30,0.00018519935104754914,0.0001822293762407945,0.004737533676253847
2017-08-31,0.004363737150388625,0.004376021155750864,0.006016116427005391
2017-09-01,0.002112672111019176,0.00211082036866439,0.001414177905088021
2017-09-05,-0.005733482244131172,-0.005699951097494327,-0.007181982714383861
2017-09-06,-0.00030893038709989273,0.00026743691968422745,0.003413722885612147
2017-09-07,0.008706332254992954,0.008709363124101532,-0.00012161082014083835
2017-09-08,-0.0010780339055382893,-0.0010771664241204792,-0.001174621083821159
2017-09-11,0.0010832771253801443,0.0010562404540204184,0.010665891039904896
2017-09-12,-0.0034396178325196702,-0.003432110952849343,0.003370856505470421
2017-09-13,-0.0054047253109393845,-0.00540760665360096,0.0004798929229237192
2017-09-14,0.004237588155090455,0.004238474942647397,-0.0003198220590546752
2017-09-15,0.0008468800450394109,0.0008371771441570974,0.0013461314344493935
2017-09-18,-0.003914541051393217,-0.003924952624228428,0.0021268930704736455
2017-09-19,0.0009503953167111501,0.0009508587506381616,0.0010012624308339824
2017-09-20,-0.004284669854805467,-0.004289596182771138,0.00035983329965727506
2017-09-21,-0.0019962578402706876,-0.002004518695844393,-0.002679429617243101
2017-09-22,-0.0008133944900119428,-0.0008046615047814232,0.00020055962877929545
2017-09-25,2.9103614100911557e-06,0.000621866425738915,-0.002044581868579698
2017-09-26,-0.003577128585072753,-0.003586257028872386,0.000602720339240026
2017-09-27,-0.004457989259910811,-0.004461837345194231,0.0038944047357221123
2017-09-28,0.00013098216543894203,0.0007090126615836301,0.0011998310109004873
2017-09-29,0.003100207599188387,0.003083661666162696,0.0035148714845600892
2017-10-02,0.0009195451864747461,0.0009164100050185198,0.004338727464618941
2017-10-03,0.004420989515395712,0.004966553584487388,0.0021399330624551904
2017-10-04,-0.002049827859948894,-0.0020552256242767353,0.0011864977648670116
2017-10-05,0.00481794194092755,0.004827043427326316,0.005925181568549043
2017-10-06,-0.0029795405285515386,-0.0029734815273981807,-0.0011387742844010118
2017-10-09,-0.0011718274704036746,-0.0011773768190028733,-0.0016510707346215625
2017-10-10,0.00567073442124455,0.005662264545289952,0.0026382478492341654
2017-10-11,0.0014718782064233604,0.0014634222725729007,0.0015709011252589278
2017-10-12,-0.002540449667694844,-0.0025504216329190754,-0.0014900806420820034
2017-10-13,0.0026652783290228577,0.002653908797283,0.0012174061360681332
2017-10-16,0.0011666763149287274,0.0011768669468932291,0.0013335274125303442
2017-10-17,-0.003003935092049881,-0.0030049652900107082,0.0007051498232424347
2017-10-18,0.0016127011688964465,0.0016165646294685754,0.000978657975833075
2017-10-19,-0.00301293320609064,-0.003003344760778126,0.00027353168649524306
2017-10-20,0.003962232471547367,0.003977388832929307,0.005160831196651783
2017-10-23,-0.004767922690756432,-0.004761632742297017,-0.003889525010949524
2017-10-24,0.002444752058676114,0.00245416039907842,0.0017569223135767142
2017-10-25,-0.0046963190851599945,-0.004700994443359918,-0.004950114204787415
2017-10-26,0.00037621981065849575,0.00039065368815971446,0.0012928547104611443
2017-10-27,0.005123159373970898,0.005108748302123045,0.008176068742639098
2017-10-30,-0.0026454730322770237,-0.002648858002902821,-0.0037248490967892733
2017-10-31,0.004393542099863534,0.00437962923884383,0.001557595743367557
2017-11-01,0.002581626461171105,0.0025779293207381926,0.0013223911599953286
2017-11-02,0.002634897181636786,0.0026453017643188748,0.00038809285417396033
2017-11-03,-0.0017581038814018513,-0.0017583353282339953,0.0033387785311127516
2017-11-06,0.0072708178069706975,0.007259198818888146,0.0015475540846030533
2017-11-07,-0.00722769191788597,-0.00724078122138716,-0.0006952488643851007
2017-11-08,0.00016531358180893463,0.0007159111863010992,0.0017008752107221525
2017-11-09,-0.0025705676884809625,-0.0025643402990398467,-0.0036276716075825943
2017-11-10,-0.0031371861780470356,-0.0031342081895414653,-0.0003098736335593877
2017-11-13,-0.0016716948675302712,-0.0016618255748553912,0.0009299090549759192
2017-11-14,-0.00510636035364076,-0.00509881164905801,-0.0023225450250290436
2017-11-15,-0.005302729999589917,-0.005293542658346473,-0.005005446315905382
2017-11-16,0.006190851531613584,0.006166572935005332,0.008501159758153909
2017-11-17,-4.6374970106510816e-05,-5.376802322099028e-05,-0.0029388127245348894
2017-11-20,0.0015130575897013276,0.0015108604997080555,0.0017063541384385594
2017-11-21,0.006549636814101367,0.006536914149702033,0.006542786811286616
2017-11-22,0.0003978314409753825,0.00038425093565774837,-0.0008843135586730222
2017-11-24,0.0024037874263838077,0.0024005721205468955,0.0023095564843853555
2017-11-27,-0.007215366155301828,-0.007197670800051403,-0.0004992418882105998
2017-11-28,0.008694088835903502,0.008713923433412818,0.010145217896161851
2017-11-29,-0.0005015567706208035,-0.0004612735094789988,-0.0006089327367836406
2017-11-30,0.0022652620478647023,0.002283658915991138,0.008755041755306836
2017-12-01,0.00037634408562658983,0.0003885558182310511,-0.0020754609749104036
2017-12-04,6.12264435497778e-05,7.53522944310081e-05,-0.0012102124848367701
2017-12-05,-0.0032149289878780074,-0.0032216060678819103,-0.0035965811494327316
2017-12-06,-0.006329996565390239,-0.006317676037080555,0.0001901766380312253
2017-12-07,0.0008420010434109226,0.0014629694100209978,0.00315288571772232
2017-12-08,0.00511835188186871,0.005119490125416792,0.005453104620038118
2017-12-11,0.0019119795977766696,0.0019058290730940008,0.003013006009587871
2017-12-12,0.002533564834544144,0.0025474469996109583,0.0017650595286711201
2017-12-13,-0.0008452568618596557,-0.0008651294524195663,-0.00011245229639655907
2017-12-14,-0.003847310438529039,-0.0038481322043444344,-0.004086357582188782
2017-12-15,0.004335215920822533,0.004346953481611404,0.008327217860012226
2017-12-18,0.006280319312682137,0.006279718596022388,0.006341542921576293
2017-12-19,-0.004571761082722836,-0.004582617704563585,-0.0038405102333697316
2017-12-20,-0.00017409612944119246,-0.0001823949035095751,-0.0005242161035561299
2017-12-21,0.00678172395354415,0.0070567135926358215,0.00205998786453776
2017-12-22,0.000333034299790258,0.0006113185421523504,-0.0002616412957742176
2017-12-26,0.00207641743114384,0.0020711598116547325,-0.0011965177880248756
2017-12-27,-0.0005110341777274652,-0.0005117466323838471,0.00048694073467592247
2017-12-28,0.0014001189587249385,0.0014052412163882977,0.002057165756028212
2017-12-29,-0.002976720870664029,-0.00298765807941892,-0.003770438603515114
2018-02-05,0.0,0.0,0.0
2018-02-06,0.0,0.0,0.03380361616954408
2018-02-07,0.0,0.0,-0.005424497381336213
2018-02-08,0.0,0.0,-0.03750927039840801
2018-02-09,0.0,0.0,0.015021660237433787
2018-02-12,0.0,0.0,0.014684543672399908
2018-02-13,0.0,0.0,0.00248740145184545
2018-02-14,0.0,0.0,0.01349620184327227
2018-02-15,0.0,0.0,0.012760258571196337
2018-02-16,0.0,0.0,0.00029285843424942115
2018-02-20,0.0,0.0,-0.006261214234073664
2018-02-21,0.0,0.0,-0.004974211832767805
2018-02-22,0.0,0.0,0.001296176823579076
2018-02-23,0.0,0.0,0.015939238904999264
2018-02-26,0.0,0.0,0.011612317894916568
2018-02-27,-0.002404037279031712,-0.002104037279031745,-0.012486532226350988
2018-02-28,-0.0014157648939727707,-0.0014153392689737476,-0.010129819402294626
2018-03-01,-0.0032693741070008997,-0.0032683898336715034,-0.014540916580615293
2018-03-02,0.0018577836618607346,0.0018572225260233832,0.005154848195324746
2018-03-05,0.001999237987184488,0.0019986352450820366,0.011558126675882185
2018-03-06,0.0004337226973036845,0.00043359219684036,0.002534971240559125
2018-03-07,0.0010983452978208241,0.0010980149659076677,-0.0003665775519042791
2018-03-08,0.0008661778434231326,0.0008659176225631615,0.004839052341124805
2018-03-09,0.003778997952826879,0.003777863632293821,0.01740247579713916
2018-03-12,0.0008044013838279795,0.0011043932854866156,-0.0012549941877010307
2018-03-13,-0.005054728291138955,-0.005052517747936691,-0.006463089957696622
2018-03-14,-0.00020780256365116045,-0.00020768809070048633,-0.005131581747721103
2018-03-15,-5.807855482342639e-05,-5.809550966184851e-05,-0.0010893697775584688
2018-03-16,-0.000798880961624393,-0.000798577262312139,0.0010845385680275932
2018-03-19,-0.008226622043718823,-0.00822293890068393,-0.013530684374158608
2018-03-20,0.0005556817189229513,0.0005555378205424066,0.0017006838729141105
2018-03-21,-0.0020510036959336952,-0.0020500182877910555,-0.0019192203215481207
2018-03-22,-0.009949129479035923,-0.009944544737228944,-0.024997006281226364
2018-03-23,-0.0102798681912174,-0.010275110123154407,-0.021314665920538767
2018-03-26,0.007167139947191092,0.007747445370715811,0.027359041341031398
2018-03-27,0.0,0.0,-0.017011694099533403
2018-03-28,0.0,0.0,-0.0029548072322919117
2018-03-29,0.0,0.0,0.01277765629043004
2018-04-02,0.0,0.0,-0.021584575176795462
2018-04-03,0.0,0.0,0.012816721761802263
2018-04-04,0.0,0.0,0.010699054971383015
2018-04-05,0.0,0.0,0.007892464780515418
2018-04-06,0.0,0.0,-0.022285970943954014
2018-04-09,0.0,0.0,0.004928401332611632
2018-04-10,0.0,0.0,0.01590038551104045
2018-04-11,0.0,0.0,-0.0052424378802266025
2018-04-12,0.000396475622578496,0.000696475622578463,0.008227174474605414
2018-04-13,0.00011604297072898007,0.00011600818206747299,-0.00293297847576357
2018-04-16,-0.0006961246898491424,-0.0006959160219983662,0.008221875239717846
2018-04-17,0.00011609723745542588,0.0001160624123268672,0.010698321637781838
2018-04-18,0.003714706523678668,0.003713592370382157,0.0007403267123571311
2018-04-19,-0.0008095920210136054,-0.0008093500981830593,-0.005547636737814443
2018-04-20,-0.00034725660012258075,-0.00034715274862040513,-0.00847946939613764
2018-04-23,-0.00011578805596657027,-0.0001157534160506346,-0.00014991035972367062
2018-04-24,-0.0010422131795373435,-0.0010419013480961192,-0.013467718640062909
2018-04-25,0.0003477668403635281,0.00034766267957975217,0.002471797644137075
2018-04-26,0.0010429770374595915,0.001042664760563694,0.010165758222081767
2018-04-27,-0.00011578736035966486,-0.00011575272867070385,0.0009390542700380422
2018-04-30,-0.00026145312947389865,3.81307638412931e-05,-0.0076910025732380705
2018-05-01,-0.0017758083005785519,-0.0017749300932273782,0.0017769242604321889
2018-05-02,-0.00019340466891792918,-0.00019334658689917905,-0.006717451541688124
2018-05-03,0.0010055205795997946,0.0010048366777368756,-0.002203610149055457
2018-05-04,0.0022799523953931367,0.0022788529510064937,0.012946682930007558
2018-05-07,-0.0011566791875280424,-0.001156299211281242,0.0033832361756540585
2018-05-08,-0.00436239248593695,-0.004361261450601561,0.0
2018-05-09,0.0005036345440503354,0.0005029267029716955,0.009665691593165437
2018-05-10,0.004686225113352371,0.005286041128082841,0.009350416423010266
2018-05-11,-0.002694669229992508,-0.0024022775815315534,0.00305124763912068
2018-05-14,-0.0009236614115687436,-0.000931002692226568,0.0004767183964959898
2018-05-15,-0.007874810282983535,-0.007885551872595209,-0.006887094461925591
2018-05-16,-0.0007345601154944426,-0.000736909403634245,0.004205045516890715
2018-05-17,-0.00022165057413303657,-0.00022662546876306422,-0.0008449713716941476
2018-05-18,-0.0012348587361054042,-0.000659404158383281,-0.0024996065056123173
2018-05-21,0.009308273622809837,0.009307958704402708,0.007518314157885175
2018-05-22,-0.0033742080342491487,-0.003371860514571612,-0.0027803393517307207
2018-05-23,0.004932959505306922,0.004934356966790121,0.002751868159879045
2018-05-24,-0.005834124944002483,-0.005828761623518752,-0.00204882529974193
2018-05-25,-0.007101641636560019,-0.007085262125001823,-0.002382692292155153
2018-05-29,-0.0014054491927236734,-0.0014001454842750283,-0.011501339232849128
2018-05-30,0.017072008527389437,0.01706762943991702,0.013344620071841229
2018-05-31,-0.004934335052293459,-0.0049342732894472885,-0.006125639298309449
2018-06-01,0.002514836399863274,0.0025198006359654634,0.009818015163321148
2018-06-04,0.0005503659521053361,0.0005642970467290009,0.004750878734009145
2018-06-05,-0.0004653516741328634,-0.00046708310495313654,0.0007276426493036947
2018-06-06,0.004089991342189903,0.004090357624823238,0.008360670536741166
2018-06-07,0.002749333627119599,0.002741907681178546,-0.00010798129408651214
2018-06-08,0.0014931277851961688,0.0014962736601467075,0.002956291509401243
2018-06-11,0.0008481278927900959,0.0008473877696595356,0.001329900304888998
2018-06-12,0.0015629079285712777,0.0015691062232594533,0.0012926847153253984
2018-06-13,-0.009126819467332847,-0.00914001772360673,-0.0031914827424861514
2018-06-14,0.002218245200641622,0.002229351383361333,0.0025180163948208545
2018-06-15,-0.009636247929402764,-0.00962057525472948,-0.0012754588211720819
2018-06-18,0.003493613060837397,0.004092373056460152,-0.0020571180198599714
2018-06-19,-0.0006426088860259638,-0.0006402319700864467,-0.003832913579683961
2018-06-20,0.00783902758292987,0.007839998889355382,0.001706315984209228
2018-06-21,-0.0047523873766526226,-0.004743057174096732,-0.006269102629588574
2018-06-22,0.006271187533012368,0.0062652933455817905,0.00182352292280763
2018-06-25,-0.012465334999339217,-0.01245686904864296,-0.013612948154032467
2018-06-26,0.006747987008172807,0.006744752304354229,0.0022140063314155523
2018-06-27,-0.004367115300942914,-0.004373171955916799,-0.008284055286406411
2018-06-28,0.005728933910070566,0.005731764484787405,0.005717028481935893
2018-06-29,0.0024643708305895906,0.0024620820168792523,0.0014398674525983868
2018-07-02,-0.0037061372119653324,-0.0037008827582816206,0.0021377807903133483
2018-07-03,0.0037963099776920917,0.0037954309998633473,-0.0035309002066937767
2018-07-05,0.008131128547822275,0.008136041281343376,0.00815788258577732
2018-07-06,0.006337466434026773,0.006335505183981516,0.008458210097118446
2018-07-09,0.0028684101723286393,0.0028586858495625034,0.009004465912484605
2018-07-10,0.0024196166037395717,0.0024181410392218883,0.0035983287998040403
2018-07-11,-0.007608571628872296,-0.007601060621696409,-0.007314261685950396
2018-07-12,0.0036992858311541976,0.0036986603135853446,0.009065713442555356
2018-07-13,-0.00041536085288773616,-0.0004190809134194673,0.0007876908721797804
2018-07-16,-0.004758884579209588,-0.004756224893704752,-0.0008943453865113415
2018-07-17,-0.002467282159471562,-0.002466920588158672,0.004045320003391861
2018-07-18,-0.0011112520404202852,-0.0011116885609725458,0.002103646120768632
2018-07-19,0.005327976187625927,0.0053303172016261335,-0.003771360588162964
2018-07-20,-0.006146615353237128,-0.006146906959601073,-0.0011429969807824625
2018-07-23,-0.0018234585655326763,-0.0018223291819888798,0.001859649926954976
2018-07-24,-0.0018299076706713713,-0.0018356368082071972,0.0050319713835724755
2018-07-25,0.007452449505073178,0.0074517746364999304,0.008522239603585557
2018-07-26,0.003533123945912875,0.0035306836135817754,-0.002359018545113445
2018-07-27,-0.009043667350519313,-0.009045331178313853,-0.006776530766738675
2018-07-30,-0.0012170039638853547,-0.00122115189836558,-0.005222945006732704
2018-07-31,0.009890955329960649,0.00989832041011307,0.004929266458104209
2018-08-01,-0.0010324149156523132,-0.001024622673203246,-0.0016711394970368998
2018-08-02,-0.00018878417756273969,-0.00018801629370779338,0.005447984189256516
2018-08-03,0.003906265259862263,0.003911717925012326,0.0042845294653020005
2018-08-06,0.0023935877924272653,0.002391026586189504,0.0036673428416968967
2018-08-07,0.002000288160256103,0.001996315983688657,0.003302320638059353
2018-08-08,-0.0038773865509275085,-0.0038763940163418775,-0.00042052121762770067
2018-08-09,-0.00011047305068245805,-0.00010579533522214746,-0.0013654078284348614
2018-08-10,-0.004575561236871306,-0.004580578921982048,-0.006700615806956356
2018-08-13,-0.005092745841008162,-0.005086904996470132,-0.0037432694368121355
2018-08-14,0.006137645707110284,0.006137130613547148,0.006380547457365715
2018-08-15,-0.008203738231614133,-0.00818682930776049,-0.007467328876730739
2018-08-16,0.006731683557484214,0.0070153308321130314,0.008091643033774965
2018-08-17,0.00574414560542702,0.006030423931671081,0.00352017460192533
2018-08-20,0.0016757221301435532,0.001673506998857377,0.0021400789883698756
2018-08-21,-0.0007483326635380205,-0.0007536427636756216,0.002345189066315756
2018-08-22,-0.0031718618020725176,-0.003174196775516669,-0.0005937800140682903
2018-08-23,-0.0019560034003021087,-0.001955889746467321,-0.0013278484670968815
2018-08-24,0.005713471160701644,0.005713669180480441,0.006018446897929186
2018-08-27,-0.0006299687050677072,-0.000631733544672719,0.007894984483689305
2018-08-28,0.005555383752911425,0.005553814711089844,0.0004834080385962558
2018-08-29,0.003910654114085421,0.003908680848078827,0.005380828247328218
2018-08-30,-0.0036954805103546207,-0.0036934410473913326,-0.004048134246127488
2018-08-31,0.0023834203416996935,0.0023814759690348186,3.4042176352055975e-05
2018-09-04,-0.004009392580234028,-0.004007182336480897,-0.0017219874859983886
2018-09-05,0.0023661018879226337,0.0023722265862824443,-0.002691256153825039
2018-09-06,0.00046281930219893574,0.00046502335569620357,-0.003010309113196663
2018-09-07,-0.007332733921406764,-0.007336659684868185,-0.0019435428851407588
2018-09-10,0.003968779297833569,0.003969593505561697,0.001738874157978687
2018-09-11,0.0014890203372395217,0.0014867355800400883,0.0032975621679642853
2018-09-12,2.499233381314525e-05,2.4555305494944335e-05,0.00024147750281411362
2018-09-13,0.004120334856171359,0.004122460201182898,0.005915188835533103
2018-09-14,-0.004029620087805497,-0.004031251853657936,0.0001719204788774853
2018-09-17,-0.0021322013212380364,-0.0021270776245628786,-0.005294347473173477
2018-09-18,0.0007878505891008025,0.0007837055782897728,0.005425708693452158
2018-09-19,-0.00909294044614517,-0.009096959632945434,0.0010660419838810498
2018-09-20,0.007098974178120887,0.007096846196008588,0.008103970019819773
2018-09-21,-0.0011372307102786028,-0.0011349934292756991,-0.0009140483798297794
2018-09-24,-0.011483144472103746,-0.01148471926329142,-0.003321905325580521
2018-09-25,-0.002352603504940487,-0.0014388785849968055,-0.0009277444403887891
2018-09-26,-0.001623838181506243,-0.001345451471657766,-0.002992148434981412
2018-09-27,0.0017146879874652132,0.002006667344653712,0.0027940597809654744
2018-09-28,0.0018505892047804284,0.0018480488294103647,0.00010306826290329418
2018-10-01,0.003116908749312808,0.0034133669629619057,0.0034742612062761413
2018-10-02,-0.0023422370677695925,-0.0023351186642349697,-0.0005827181502436884
2018-10-03,0.0008438372800081417,0.0008425871060462331,0.0005489616448888235
2018-10-04,-0.007850810248902551,-0.007536877038618051,-0.007815787813559183
2018-10-05,-0.0009061141737938261,-0.0006033900558035654,-0.005597030889530563
2018-10-08,-0.0008074209629759244,-0.0008058857156391097,0.0
2018-10-09,0.003615103876429604,0.0036101309236686863,-0.0014590171604822455
2018-10-10,-0.015116733461835397,-0.015098749480815465,-0.03166347469203867
2018-10-11,-0.015163438349301894,-0.01514668698134869,-0.022026339969826392
2018-10-12,0.004216602897844979,0.004505705407001015,0.013888099858530678
2018-10-15,-0.0011669865087680087,-0.0011667192777775615,-0.005616912716155609
2018-10-16,0.0025346055045698535,0.002530571648053037,0.021865855314946447
2018-10-17,-0.0030807853014520603,-0.0030746036208951777,0.00017818658803969711
2018-10-18,-0.0032871287502974633,-0.0032798951679039456,-0.014440967886746092
2018-10-19,-0.0005542446553236102,-0.0005557978124586249,-0.0005427313849886151
2018-10-22,-0.00018948892739656387,9.825300228172296e-05,-0.004488588264746629
2018-10-23,-0.0045481141207148745,-0.004534395716443207,-0.005090636825545891
2018-10-24,-0.0014058277612502001,-0.0014015680702129663,-0.0302984910440115
2018-10-25,-0.0017248830888973998,-0.001122017473979553,0.017940211525071526
2018-10-26,-0.0036538340709849626,-0.003651621032121799,-0.01758709727625174
2018-10-29,0.002750425150362723,0.00274875317901202,-0.005540635399224891
2018-10-30,0.0007680016938977907,0.0007675361088246291,0.014818867257449408
2018-10-31,-0.004472490981125121,-0.004171569380630569,0.010680849563283523
2018-11-01,0.0005280082961554022,0.0005283836427310007,0.010641631660505135
2018-11-02,-0.0021478309946790786,-0.0021465156445980016,-0.0059228925402706745
2018-11-05,0.0052542083078468416,0.005250944263408108,0.005516643266578525
2018-11-06,0.0025406396260545527,0.002539079642686959,0.006327870044667838
2018-11-07,0.003410893911759638,0.0034085051492740437,0.021409228814528225
2018-11-08,-0.00021995915550787615,-0.00021969558251322407,-0.0018150877516831532
2018-11-09,0.0014720468669786602,0.001471434687862816,-0.009767828065918027
2018-11-12,-0.0011810855079659177,-0.001180670585203214,-0.018685488133020955
2018-11-13,0.0003710391203610719,0.00037042215910454424,-0.0018709756843833247
2018-11-14,-0.0034306068336408257,-0.003428337756198885,-0.00683685848543103
2018-11-15,-0.001964048750077163,-0.0019624691429284136,0.010436673058952017
2018-11-16,0.0035362402789689273,0.003533343275167855,0.0026007865418542497
2018-11-19,0.0005513081423706989,0.0005506148594915938,-0.01691488752761583
2018-11-20,-0.004167553835294768,-0.0041658149560160895,-0.018505862442727783
2018-11-21,-0.00454233967401485,-0.004539194360530852,0.0034076602222186114
2018-11-23,0.0007964844164247697,0.0007961784491754553,-0.006678799042735495
2018-11-26,0.0014264612906202956,0.001425321314551642,0.016144262427891798
2018-11-27,0.003268061881555928,0.0032661741502726382,0.0033645384755796037
2018-11-28,0.0015067614581318889,0.0015064025254079016,0.02302525762189922
2018-11-29,0.000249918577699626,0.0002498886820794244,-0.0021851896556833728
2018-11-30,0.004243288321887029,0.004240238992772261,0.006095219537697316
2018-12-03,0.002559875059790162,0.0028580117944008165,0.013241315865513359
2018-12-04,-0.005887726083625755,-0.005885113754238835,-0.032402384973374554
2018-12-06,0.0053264726463917444,0.005624367415883569,-0.0015170253752516683
2018-12-07,-0.006455622611790779,-0.0061672007047655075,-0.023235866825162765
2018-12-10,-0.0015179708172728956,-0.0015238492154752148,0.001897015380304623
2018-12-11,0.002400698891265707,0.0023977258671386004,0.0002274374791173539
2018-12-12,-0.008903437357236865,-0.008910921889254242,0.005035240235142346
2018-12-13,0.005640784114449682,0.005640027506936152,-0.0003391754660616586
2018-12-14,-0.004383642353805395,-0.004381422844720317,-0.018464405343252555
2018-12-17,-0.025436891648365267,-0.02544696193297802,-0.019618786185908732
2018-12-18,0.0026237073361501384,0.0035184445249021312,-0.001096364794337612
2018-12-19,0.0018694141669330921,0.0021694451028446693,-0.014975824238063984
2018-12-20,-0.0011054684054974118,-0.0011044591160266348,-0.016277993963117243
2018-12-21,-0.0018179325036828953,-0.0015149496999063983,-0.020489440550005233
2018-12-24,-0.004817583428429084,-0.004792189448480366,-0.026422846529909227
2018-12-26,-0.004037429121474978,-0.00373913204715981,0.050524996530377786
2018-12-27,0.002109432945635925,0.0021071635878429085,0.007677315346365177
2018-12-28,0.003663721455108737,0.0036589217845768296,-0.001290218430712975
2018-12-31,0.0018793132480445784,0.0018765307737516057,0.008759048217797938
2019-01-25,0.0,0.0,0.0
2019-01-28,0.0006141141597488797,0.0009141141597488467,-9.511494324943026e-05
2019-01-29,0.0003366105706108513,0.0003365096796654754,-0.0013271787299770077
2019-01-30,0.004373966701112009,0.004372656150510634,0.015830981782867903
2019-01-31,0.003752031390988897,0.004051589055061644,0.008782701483493582
2019-02-01,-0.0029021384532865735,-0.0029007890583553353,0.0004811846721017865
2019-02-04,0.0018376867158527155,0.0018370360237942585,0.007035429145981986
2019-02-05,0.003977601759391325,0.003975572329440569,0.004191829484902376
2019-02-06,-0.004130552708295432,-0.004128489198854779,-0.0013181670759393471
2019-02-07,-0.00038270720361421873,-0.00038198067199690655,-0.009532570629879555
2019-02-08,-0.0011460854041854818,-0.0011453999751673827,0.0012215223657656704
2019-02-11,-0.00011190531574412077,-0.00011167210653051374,0.0005545083055178424
2019-02-12,0.00038878890315574566,0.00038817297169146947,0.012859346049142628
2019-02-13,-0.00039200545432416245,-0.0003914602420093116,0.0032470560493029765
2019-02-14,0.0010370509522885651,0.0010366250077213923,-0.002218387005808675
2019-02-15,0.0010938532979583027,0.0010936102288565674,0.010897479720999526
2019-02-19,0.0015261003991411393,0.0015251729878962283,0.0017303959406560487
2019-02-20,-0.00013665233891024808,-0.00013695238448974134,0.002015605433666412
2019-02-21,-0.00023556924090217812,-0.00023537097482362324,-0.003556143472617901
2019-02-22,0.003447994884076433,0.0034462958697270007,0.006200419709908589
2019-02-25,0.0006665128820337873,0.0006656349616485091,0.001360763492824102
2019-02-26,-0.0013376948838186298,-0.0013370860058030676,-0.0007149991316383053
2019-02-27,-0.0027704674010163854,-0.00276911999365681,-0.00042968598151782444
2019-02-28,-0.0021373058875289175,-0.002135872257069904,-0.0018628546525064626
2019-03-01,-0.00039082676053858734,-0.0003907807576585265,0.006244175192537282
2019-03-04,0.001207177314013208,0.0012067297690729895,-0.003637790507829086
2019-03-05,0.0020157119760253472,0.002314604886391791,-0.0013601710223046792
2019-03-06,-0.00208469578360182,-0.0020831092776315563,-0.006056761177111736
2019-03-07,-0.0035412076692638017,-0.0035377633720136137,-0.008365353786963459
2019-03-08,-0.0005162280962941468,-0.0005152789346836162,-0.0020000467570852054
2019-03-11,0.005899361611560128,0.0061974878751918094,0.014501129122705958
2019-03-12,0.003039306857235413,0.0036379884248958216,0.003771068442985248
2019-03-13,0.0027711670080516893,0.0027684785193833328,0.006619284127661107
2019-03-14,-0.00010413726152291858,-0.00010433515526309112,-0.0006398103142017941
2019-03-15,-0.0008957437027696802,-0.000895069547268923,0.0049405249852108035
2019-03-18,-0.0045166192839021235,-0.004512541945601023,0.003625932982543212
2019-03-19,-0.003176434313019283,-0.0031725750704981737,0.0002477698602103562
2019-03-20,0.0038643799828759207,0.0038611672863120283,-0.0030095164307165634
2019-03-21,0.012025868641585502,0.012014076186362743,0.011294508899890143
2019-03-22,-0.004233802979313528,-0.0042308392826982955,-0.019246316050036683
2019-03-25,0.00026922015963437573,0.0002687197509414485,-0.0007521175061520058
2019-03-26,0.005325668876221545,0.005320161784208466,0.007454172903694989
2019-03-27,-0.00411655729662741,-0.00411276136164096,-0.005229316973724196
2019-03-28,0.0008350621950485859,0.0008342031733410415,0.003790579290930518
2019-03-29,0.0012510024435152811,0.0012497927901058414,0.006305500243529272
2019-04-01,0.0008581092868074069,0.0008585481147060925,0.011859216336003175
2019-04-02,0.004532071700953377,0.004527928151244254,0.0004898291947013078
2019-04-03,-2.0454451665541384e-05,-2.0041081450816733e-05,0.0015736631394085432
2019-04-04,-0.0005106924523509138,-0.0005096789770500099,0.0026532044585343417
2019-04-05,0.005476477810816949,0.005470845934809843,0.004840290566821892
2019-04-08,-0.003950438993310601,-0.003946258952418846,0.0007624566442752112
2019-04-09,-0.0006855356145953895,-0.0006844389569604648,-0.005124445600397376
2019-04-10,0.0037870753511779487,0.0037835187610990584,0.0034106662602624294
2019-04-11,0.000702260749434247,0.0007013823576216272,-0.0002775476691073697
2019-04-12,0.004787976294914342,0.004783745786744786,0.006765655435348572
2019-04-15,-0.002482275522735833,-0.0024798691658917127,-0.0006545463335605461
2019-04-16,-0.01173156487252125,-0.011719079804555887,0.0006549750450748348
2019-04-17,-0.004335155139095548,-0.004330453440793747,-0.002446862701220409
2019-04-18,0.003377119264695194,0.0033736375369195493,0.001969161333717384
2019-04-22,-0.0036984297692899126,-0.0036941063761884996,0.0008621923376881391
2019-04-23,0.008302496288137284,0.008294784109668774,0.00899173212483273
2019-04-24,0.0032223450809323317,0.0032183258020070937,-0.0022194137729673047
2019-04-25,0.0025132811247632336,0.0025117014366249357,-0.0006160044647798291
2019-04-26,0.004927392814254583,0.004922881083741615,0.004656982273155252
2019-04-29,-0.00331734420329155,-0.003312918395141251,0.0015677604397061895
2019-04-30,0.002705810249400198,0.0027005244159976627,0.0005102597667125952
2019-05-01,-0.002967611455652386,-0.002964813129378574,-0.007516818751677756
2019-05-02,-0.0006759047425242137,-0.0006754365654229044,-0.00215882774090137
2019-05-03,0.0062461064621393,0.006240237164738982,0.00978801177283617
2019-05-06,-0.002913835528453923,-0.0029109094452821616,-0.004115292100278944
2019-05-07,-0.011154056212739571,-0.01114387504814962,-0.016699422259710328
2019-05-08,-0.0032889523409386223,-0.003285180991053349,-0.0013895915090531563
2019-05-09,0.00032869530217172205,0.0003281713503291428,-0.0030258063912579347
2019-05-10,0.004771497930168511,0.005063345665974772,0.005023435294273959
2019-05-13,-0.006579341541467776,-0.006573347459991941,-0.025130438913886
2019-05-14,0.002379669383895111,0.0026792221493936452,0.009043990377985756
2019-05-15,0.0027645515447403124,0.002759999314980499,0.005857706251938488
2019-05-16,0.0020141828693813757,0.0020110496305185688,0.00926112114205302
2019-05-17,-0.0005348662684162564,-0.00023419179206329854,-0.0064650923123060755
2019-05-20,-0.006821465167893281,-0.00680922202659584,-0.006612044848290477
2019-05-21,0.0030519234879977652,0.003045277384583933,0.009015295130750278
2019-05-22,0.00248316347243982,0.0024799847080108073,-0.0030713987003510024
2019-05-23,0.0014171336498498555,0.0014145221710155642,-0.012218544341037862
2019-05-24,0.0002423017433301755,0.0005411067946829995,0.0022685396821873205
2019-05-28,-0.00601726276022041,-0.006006416208630072,-0.00930075497406091
2019-05-29,-0.00596554056365628,-0.005953147974894879,-0.006710609208876894
2019-05-30,0.00396949007038172,0.004260216504239134,0.002731034573894453
2019-05-31,0.005475612358833093,0.005466896806136878,-0.013475212527762181
2019-06-03,0.0026762090201573052,0.002672236880098211,-0.0025427302245734085
2019-06-04,-0.004426056482300322,-0.004419532907588453,0.021706621726524933
2019-06-05,0.007836137543909993,0.007814186445370241,0.008662168159436323
2019-06-06,0.0010732453682007481,0.0013715912231098137,0.00650257891489181
2019-06-07,0.0043524029030745925,0.004346364806099068,0.010006980084850126
2019-06-10,-0.0053366392698319665,-0.005330422885705954,0.004589016733120399
2019-06-11,0.0008484930354568654,0.0008456721916583199,-0.00024213548652862737
2019-06-12,0.002683614242876331,0.0026790079011642653,-0.0017653653908005218
2019-06-13,0.0031045737730144296,0.003100012951215092,0.004126352575871239
2019-06-14,0.0014540638978093323,0.0014511728067296836,-0.0011048924737505628
2019-06-17,0.004765523324978149,0.004752583411208322,0.00038008343943851663
2019-06-18,0.0012110892136238949,0.0012120316840251721,0.010470856123007577
2019-06-19,0.0040264250309778316,0.004018920702964834,0.0022572927089736794
2019-06-20,0.007907712815180101,0.007899513709624273,0.009554547138143743
2019-06-21,-0.006211612522830423,-0.006195047849908875,-0.001453849848026656
2019-06-24,0.0027961767614321786,0.002798817599451997,-0.00122419672894436
2019-06-25,-0.004864366773376316,-0.004848463661142222,-0.009808116418850155
2019-06-26,-0.011348100731001898,-0.011323581175207043,-0.0009974257349592008
2019-06-27,0.005563780124379525,0.005549896075776051,0.0035457439582313732
2019-06-28,0.0018058159645522043,0.0018018683269505065,0.005146039249199541
2019-07-01,-0.00501482573880796,-0.005011954112242423,0.009078316467368897
2019-07-02,0.013402640241460428,0.013379133810240473,0.0026044901841688617
2019-07-03,0.007263498929890755,0.007247131302580145,0.007995266805708612
2019-07-05,-0.006913150078177832,-0.006905169040221648,-0.0011380785478315447
2019-07-08,0.0004746938466819728,0.00047059726971609983,-0.005495021988262128
2019-07-09,0.0024421534465568495,0.002437198362978288,0.0012469272028763356
2019-07-10,0.004480265536138006,0.0044737631566091896,0.0047779823567981605
2019-07-11,-0.009857712583211553,-0.009839970566823175,0.0023444404048491574
2019-07-12,0.0004181387942050474,0.00042042343524029135,0.004476859202404482
2019-07-15,0.0012648973320832368,0.0012637948668594579,0.0003323576736584677
2019-07-16,-0.003185021529977794,-0.0031816505541778506,-0.003225243129726274
2019-07-17,0.0038277198348710684,0.003829627818223269,-0.006804793285358768
2019-07-18,0.002919464566979002,0.002918744607386836,0.0036607117556226587
2019-07-19,-0.010338990682585814,-0.010318879508667389,-0.00555477695624218
2019-07-22,-5.525756119062475e-05,-5.445067666742798e-05,0.0024563676339615093
2019-07-23,0.00203187311301134,0.0020208745019112406,0.007149722298366079
2019-07-24,0.0019458789415265354,0.0019446494056105657,0.004699554551389706
2019-07-25,-0.004566463813116983,-0.004559129007152829,-0.004776714587059971
2019-07-26,0.002439154373170771,0.002433977695039058,0.006700070828448812
2019-07-29,0.002797029965606823,0.0027929064905691803,-0.0018213624248689664
2019-07-30,0.004909634148852815,0.004898787450100306,-0.0024544575993770135
2019-07-31,-0.0027692582766153384,-0.0027653160493634754,-0.010940236080142607
2019-08-01,0.00954192325421932,0.009535853245068004,-0.008708191510037322
2019-08-02,0.003687376179970281,0.0036790368922985373,-0.0075295046763191875
2019-08-05,-0.0014837755990845247,-0.0014653491105822702,-0.03007283246471959
2019-08-06,0.00817304292169374,0.008157910635729237,0.0140227598769882
2019-08-07,0.007171062460733513,0.007159329973624118,0.0005907884565257149
2019-08-08,0.008336368424691987,0.008316708168645048,0.01961982182795774
2019-08-09,-0.0014268236891255004,-0.0014253910735800845,-0.006811496999132971
2019-08-12,0.005708991934300078,0.005707024036751385,-0.012173514556663378
2019-08-13,-0.0015994014081155417,-0.0015996828681142938,0.015551830810308642
2019-08-14,-8.504119468832894e-05,-7.201837786774412e-05,-0.0295676921610436
2019-08-15,0.008652492295171177,0.008637179852893917,0.0026419587350297036
2019-08-16,0.0004025455619123264,0.00039436955856575473,0.014754960498849723
2019-08-19,-0.0022388136821144267,-0.0022446702582653577,0.012048018932232507
2019-08-20,0.000847674892680006,0.0008536685078064377,-0.007662771299021154
2019-08-21,-0.00040330349059192194,-0.00040663474453805915,0.008135547369639617
2019-08-22,-7.159374595722134e-06,-1.1181131469140126e-05,-0.000308076683866787
2019-08-23,0.0021257546336539423,0.0021371361497133368,-0.025687536225232566
2019-08-26,0.002621990797958107,0.0026133567827082427,0.011058363306560626
2019-08-27,0.00406887948056589,0.004069174399967235,-0.003923345866815753
2019-08-28,0.0009144086390233674,0.0009108850692531867,0.007041576436231933
2019-08-29,0.0006881448966433723,0.0006807944347824169,0.01277284209928764
2019-08-30,-0.00027921824540222406,-0.00027976039925570184,-0.0004440171297499518
2019-09-03,0.008189976311619995,0.008176020927105787,-0.005847316314925521
2019-09-04,0.005076818361618107,0.00506702437097406,0.0113501544199055
2019-09-05,-0.01226551096113404,-0.01225283060786475,0.012855659613108639
2019-09-06,0.000433482787222772,0.0004306029149190316,0.0007720619606459422
2019-09-09,-0.0071197668885717436,-0.007109981376556607,0.0005032834498757133
2019-09-10,-0.0106699291337079,-0.01065294803569361,-0.00023452778500898663
2019-09-11,0.0006540613599308465,0.0006544387692442033,0.007110791161183849
2019-09-12,0.0013938091476290992,0.0013885100042383414,0.0034641047158139315
2019-09-13,-0.010887216022464785,-0.010870515819736637,-0.000663978065331805
2019-09-16,0.0075362068176476615,0.008134724701342577,-0.0030889191888863188
2019-09-17,0.005500880537375075,0.005483592967438833,0.0025321419814714474
2019-09-18,-0.002984010183784691,-0.0029782180080822895,0.0005982475501744577
2019-09-19,0.001281908989264835,0.0012770033495597133,-6.684482951868631e-05
2019-09-20,0.0005619402403744811,0.0008246575260770772,-0.004724467225724838
2019-09-23,0.0019263379726282004,0.0019219711772602288,-0.00023485703572656558
2019-09-24,0.0013001066472129175,0.0013247770675366422,-0.007846882029623359
2019-09-25,-0.0026468531719662236,-0.0026457220139015636,0.0059148069896088895
2019-09-26,0.004919603314555765,0.004915952088768494,-0.002083156733802549
2019-09-27,-0.005026546752218253,-0.005022380535824489,-0.0053872900428652
2019-09-30,-0.0022589863924115106,-0.0022567533804487283,0.004637664876704806
2019-10-01,-0.01042756568357417,-0.010102558071253487,-0.011894434591577019
2019-10-02,-0.008174716049459962,-0.00818694939545006,-0.01766489955944428
2019-10-03,0.006232956194668571,0.006218178990050394,0.008192454357178747
2019-10-04,0.006679287558867264,0.00669399330860565,0.013532454582607212
2019-10-07,-0.0024746869294119955,-0.0024774902758780692,-0.004314807710553037
2019-10-08,-0.006726966924873068,-0.0067324731540798766,-0.015524138327866921
2019-10-09,0.003526143158985917,0.0035292658407266586,0.009495940372685974
2019-10-10,0.0024322642442511366,0.002424798187237398,0.006763675599713137
2019-10-11,0.002181319291253203,0.002172903805653492,0.01036685523197134
2019-10-14,-0.0010773602532491156,-0.0010903530735446587,-0.0011137952950344143
2019-10-15,0.0014748035405958149,0.0014654078485911715,0.009900058065358097
2019-10-16,3.213383830891203e-05,3.714891641060092e-05,-0.0016057166174799908
2019-10-17,0.004191310675344173,0.004184020079403883,0.0029489439355911973
2019-10-18,0.0024211537514411408,0.0027147990187665894,-0.004376713351534001
2019-10-21,0.005995340527491511,0.0059874810794131594,0.006778773509141134
2019-10-22,0.0005050865654876446,0.0005158882934686027,-0.0032667834145980734
2019-10-23,0.002591297295924333,0.002594709981958543,0.0029097652425404963
2019-10-24,-0.00011410893461794025,-0.00010302561905628504,0.001634215547294593
2019-10-25,-0.004733760847053126,-0.004735863372927418,0.004094818051380011
2019-10-28,-0.004418675770682889,-0.004430099230680384,0.005636699066540629
2019-10-29,0.0025905578489431313,0.0025833365257950103,-0.0002968023302041267
2019-10-30,0.005358870096803248,0.005364072366249806,0.0030672376218152664
2019-10-31,-0.0027470969418740276,-0.00272979672266338,-0.0026633998053989805
2019-11-01,0.005094807736554463,0.00508572463153012,0.009263899490793426
2019-11-04,-0.002616718914422167,-0.002627697902197079,0.004017641176288667
2019-11-05,-0.008830857580016227,-0.008819766645679183,-0.001106199302856492
2019-11-06,0.0005468790926601574,0.0016750589947023276,0.00022805405408377055
2019-11-07,0.002025940912061097,0.0020502676079776627,0.0035166791302665423
2019-11-08,-0.0008286172497985467,-0.00022649836711485793,0.0024661819303308796
2019-11-11,-0.0019202666965626447,-0.0019288391115336312,-0.0019098805806063712
2019-11-12,-0.00020502802746746873,-0.00021005181265765227,0.002108017060587164
2019-11-13,-0.003779023319532615,-0.0037876358266274446,0.0003239639566083863
2019-11-14,0.0003664682511799189,0.0003681435051774429,0.0014555106830380637
2019-11-15,0.006453431393051767,0.006454440885654389,0.007236250002724098
2019-11-18,0.00014795476701445764,0.00014998321954284854,0.0007377572590392401
2019-11-19,0.0007194485528823069,0.000723993472699469,-0.0002886157932509015
2019-11-20,-0.005875951608812824,-0.0058755020804227565,-0.0037183797427073895
2019-11-21,-0.0019613159476671305,-0.0019626680862444568,-0.0016091827279245408
2019-11-22,0.00280048047065673,0.0028028092869512022,0.0022238970115446843
2019-11-25,0.009152493955759011,0.009157266857855229,0.007750423688599017
2019-11-26,-7.727902748855264e-05,-8.261043724633321e-05,0.00226550602669362
2019-11-27,0.0024528964414738397,0.002456404102672227,0.004457626772822021
2019-11-29,-0.006202651802342363,-0.006211614267986332,-0.0037088235168339923
2019-12-02,-0.008648915891535713,-0.008640226003663876,-0.008494734760325584
2019-12-03,-0.008463628542071278,-0.008471262216783182,-0.006706539880194207
2019-12-04,0.00645592929449923,0.006743336512662124,0.006170201638297623
2019-12-05,0.0009028228869381039,0.0011947086228363268,0.001798049889062181
2019-12-06,0.009928243638214207,0.009925044225689517,0.009133879137866785
2019-12-09,-0.0032301594113332,-0.003224445039252788,-0.0031442171972496658
2019-12-10,-0.0005453897287355236,-0.0005469409417069304,-0.0011148484053314922
2019-12-11,0.003583052990052238,0.0035729364741690084,0.0028388019005956
2019-12-12,0.009005655098938359,0.009007934664336803,0.00861898442129383
2019-12-13,0.002210141757011286,0.0022065173420020567,0.0005990921621346068
2019-12-16,0.005313080726195407,0.005311014634136857,0.006869650739520283
2019-12-17,-0.0014209640192792694,-0.0014145415124596772,0.00021957549301032664
2019-12-18,-0.0022545818160766284,-0.002255269237827484,6.237530216668397e-05
2019-12-19,0.0030028407536952795,0.003002713555423142,0.004098572159026981
2019-12-20,0.003945412485619526,0.003946578091493125,0.0043846487997947214
2019-12-23,0.0013358103830050094,0.001323067153131241,0.0015277235945234668
2019-12-24,-0.0002779247213055003,-0.00027163408302144365,3.124135703691522e-05
2019-12-26,0.004171628034292496,0.004170918036895621,0.0053232982403201845
2019-12-27,0.0004968629627324361,0.0004977319054961793,-0.00024776824107930473
2019-12-30,-0.0052381549016145,-0.005235398256557611,-0.005513377966925637
2019-12-31,0.0023030452859964523,0.0023035860619382564,0.002429526027089457
2020-01-24,0.0,0.0,0.0
2020-01-27,0.00017238116720896812,0.0004723811672089351,-4.495555994499245e-05
2020-01-28,-0.002346846955037174,-0.002046526364177015,0.010479243979687025
2020-01-29,0.002906108892609227,0.002904650133221276,-0.0008260108082667195
2020-01-30,0.00022194331374403298,0.0002218685624797434,0.003245633243751822
2020-01-31,0.002839120094528358,0.0028377209447651985,-0.018158023632194653
2020-02-03,-0.001037326197500188,-0.000737618755814573,0.007428663290229176
2020-02-04,-0.006480692473837313,-0.006476778142252004,0.015241192111092206
2020-02-05,-0.002820189661233985,-0.0028177626268307554,0.01154786328116475
2020-02-06,0.002111316700728505,0.0021100926245778417,0.0033647741920912466
2020-02-07,0.003976828030016977,0.003973842205730493,-0.005329909295971991
2020-02-10,0.0014592813854990005,0.0014583920579609444,0.007465808778101879
2020-02-11,-0.002179508010101472,-0.0021781032980291437,0.0017329068991756014
2020-02-12,-0.001693262376547322,-0.0016919891127903375,0.0064429103959129375
2020-02-13,0.0020812471962046164,0.0020801039055189374,-0.0010671099562911124
2020-02-14,0.002210431861754625,0.0022090910847607503,0.001602076116987261
2020-02-18,0.004266040750759759,0.004263839839175443,-0.002576977522802948
2020-02-19,0.0011309482264743043,0.0011306294211050893,0.004781235715548782
2020-02-20,0.0029866099732032136,0.0029846032827303137,-0.00410803541925675
2020-02-21,0.00575267731401663,0.005749602983453617,-0.010298507299150494
2020-02-24,0.006425307976930528,0.0064211495037196364,-0.033165192706187785
2020-02-25,-0.0020372773096254404,-0.0020375057744346226,-0.0303025003534102
2020-02-26,-0.00030996221116252887,-0.000309188496400159,-0.0036777114305663883
2020-02-27,0.003236513371850158,0.003233954966110897,-0.04491196842596923
2020-02-28,-0.0004922713273821655,-0.0004955934349962776,-0.004201612889579098
2020-03-02,-0.0006124343502480478,-0.0006112887156891622,0.04330670169869144
2020-03-03,0.011807481471010961,0.011801463948112323,-0.028632444942784496
2020-03-04,-0.0023313659966714972,-0.0023292438403905713,0.04203305440523253
2020-03-05,0.011359188332918269,0.011352345360143179,-0.03324173926178042
2020-03-06,0.013154608556240621,0.013143792859474646,-0.016531288938967048
2020-03-09,0.008102757624308454,0.00809651524854349,-0.0780945000656682
2020-03-10,-0.019407674452170398,-0.019394700580119384,0.051744830302423495
2020-03-11,-0.010705089336964013,-0.010696817176368612,-0.04874798973163075
2020-03-12,-0.006599059203152402,-0.006598031632645163,-0.095677395598736
2020-03-13,-0.012083341749198118,-0.012076670738460638,0.08548639013424397
2020-03-16,0.011236123467058823,0.01149728784926718,-0.1094236335014227
2020-03-17,-0.020067480002698757,-0.02004610597168266,0.05399177233447627
2020-03-18,-0.014838768929388069,-0.014822345687662497,-0.05063299458072379
2020-03-19,0.0062109926504030355,0.006203858335079415,0.002125239940806045
2020-03-20,0.020859397210991615,0.020836477945798793,-0.04309433305065269
2020-03-23,0.011457791884808222,0.011445329128016768,-0.025568138523693995
2020-03-24,-0.005597927738197006,-0.005591971331466161,0.09060325945836323
2020-03-25,-0.00038275761405137665,-0.00038228276107132864,0.014970064194273158
2020-03-26,0.0015928115203058812,0.0015911365992911097,0.05838980101580993
2020-03-27,0.007471580333087591,0.007463490980522236,-0.029785584237364326
2020-03-30,-0.0013827921006666077,-0.0013810764951092125,0.032475848808822816
2020-03-31,-0.0014472226802018096,-0.0014454620989740041,-0.014905529724725253
2020-04-01,0.0039818656904735406,0.003977582018652059,-0.045004900814416104
2020-04-02,0.0014661702998279846,0.0014645155262236198,0.023075440836357375
2020-04-03,0.0006938170063566229,0.0006930764914252485,-0.014454213187073961
2020-04-06,-0.0015356559996415609,-0.001534198239370621,0.06716629754856163
2020-04-07,-0.003302632880566425,-0.003299163127608251,0.0010195491269804347
2020-04-08,-0.0018971900858785196,-0.0018951081306742834,0.03356793814381742
2020-04-09,0.0008556573381770516,0.0008548160938466332,0.01521775540360415
2020-04-13,-0.002495537961917038,-0.0024928287712684405,-0.00913018179105396
2020-04-14,-0.00013934421389083518,0.00016054119081632123,0.02949265553853886
2020-04-15,0.006746199475277326,0.006735868214310603,-0.021248006061267977
2020-04-16,0.0026314050777724862,0.0026275101737442963,0.004824532504223766
2020-04-17,-0.007443088537316567,-0.007436993932259495,0.02701541437451538
2020-04-20,0.003770491476301041,0.003766834433228894,-0.017617927010181278
2020-04-21,0.0021310771213289836,0.00212668341992317,-0.030363410362569065
2020-04-22,0.0007937433049944875,0.0007967618237394447,0.022194674517273638
2020-04-23,0.0033128264604289637,0.0033103752396070885,-7.202978745535216e-05
2020-04-24,-0.000261983362419449,-0.00026256530965451663,0.013939216229569729
2020-04-27,-0.006696106882754016,-0.0066883919179052675,0.014418117628747007
2020-04-28,0.0026418366486877787,0.002637317385041138,-0.004598357707802481
2020-04-29,-0.00020429436644764376,-0.00020279343435658514,0.026178474524117146
2020-04-30,-0.006732233968101964,-0.006726836006671233,-0.009310530711402754
2020-05-01,0.0034347908712015762,0.003431320976487795,-0.026473717709630695
2020-05-04,-0.0003511081276735828,-0.00034981199431782795,0.0027585248316790434
2020-05-05,-0.0007731244855262442,-0.0007711115777691013,0.009239093535952758
2020-05-06,-0.006951656364994063,-0.006944805929827158,-0.0067785306887659935
2020-05-07,0.008029141998921574,0.008021383658056491,0.012066759479465894
2020-05-08,-0.004806065853096619,-0.004800732597524671,0.016545855730214942
2020-05-11,-0.003563379267668476,-0.0035598285576310396,0.00020560472548569741
2020-05-12,0.0037442709977824062,0.0037399475617165834,-0.019931801630628132
2020-05-13,0.0038942760622675543,0.003890963266712344,-0.017685689496996115
2020-05-14,0.004278737601187466,0.004274691652196294,0.011967268280660415
2020-05-15,0.00040422647642590626,0.0004048881932467996,0.00459691086653069
2020-05-18,-0.007743584651094593,-0.007734602298636539,0.030459762478702856
2020-05-19,0.0033487012266326666,0.003346252722697951,-0.010271667061036105
2020-05-20,0.001194408388577095,0.001193250200482332,0.016988668849524435
2020-05-21,-0.0022438272879995447,-0.0022439120469991414,-0.006904290715352146
2020-05-22,0.0029189830361844304,0.002916248319732473,0.0018991757640549611
2020-05-26,-0.006394362409639087,-0.006388588006313256,0.012320564624969998
2020-05-27,0.00012137183079663494,0.00012165635017979959,0.014879188592889836
2020-05-28,-0.00034340285763723166,-0.00034220617143176923,-0.0018452723826944961
2020-05-29,0.003721836496252573,0.0037183419484483338,0.004455959895920403
2020-06-01,-0.0016794097682251152,-0.0013780596124197686,0.004041693629930343
2020-06-02,-0.0007435159123032609,-0.00048429001249494785,0.008279955130859662
2020-06-03,-0.007498957935179407,-0.007482724584988998,0.013308505317488617
2020-06-04,-0.0014735914244655701,-0.0008518358455932296,-0.0026265506498132085
2020-06-05,0.00603394719172945,0.006369072795238573,0.025629317200602797
2020-06-08,0.006673241417672449,0.006974545738360982,0.012087458431206954
2020-06-09,-0.002957778736189298,-0.00294795875274112,-0.007456434446094451
2020-06-10,0.0012046732385913028,0.0012131389028648965,-0.005580172331298816
2020-06-11,-0.04819865850058169,-0.048196284303470116,-0.05764920517903449
2020-06-12,0.011674276274926232,0.01197189600953652,0.011976033946470288
2020-06-15,0.005653688000396118,0.005660496287217764,0.009335495415337514
2020-06-16,0.010815856451941164,0.010821850206591987,0.01924768189870063
2020-06-17,-0.0015178442680958693,-0.001512978998758352,-0.004153689164510088
2020-06-18,0.0002968297780492346,0.00029986564546202743,0.00038510070324493384
2020-06-19,0.0004892227652548709,0.00048521637414733476,-0.005715104573399965
2020-06-22,0.005461207617566632,0.005466264541953647,0.006415295272893307
2020-06-23,0.0030326310456652017,0.0033363839590696553,0.004603532476432859
2020-06-24,-0.020186946216138035,-0.020184605342741024,-0.025508729402108243
2020-06-25,0.007922798103924267,0.00792374369498039,0.010720647348679169
2020-06-26,-0.013142279260146883,-0.01315378040945292,-0.023751434589113662
2020-06-29,0.012022677956849304,0.012020353540979523,0.01469757369186464
2020-06-30,0.010743946281173589,0.010749217486789142,0.012809467195298962
2020-07-01,0.004571848868259565,0.004581342719350623,0.007004819988407851
2020-07-02,0.007252560256084228,0.007248586470553597,0.005507103731598573
2020-07-06,0.013145708373055065,0.013153651056554416,0.015437067944463756
2020-07-07,-0.0017740651046473932,-0.0017815721564488074,-0.01031385520429895
2020-07-08,0.004859936973742984,0.004870399935611225,0.007648858467744546
2020-07-09,-0.0043108487627920855,-0.004297051951002051,-0.005693045614445724
2020-07-10,0.0073692181322451145,0.007367584130546945,0.010210502723494663
2020-07-13,-0.007303316382933023,-0.0073188646500880195,-0.008658769402027366
2020-07-14,0.010726592800115009,0.010717592950928001,0.012959151297302629
2020-07-15,0.008069575589709554,0.008061964317004122,0.00918702782837344
2020-07-16,-0.004688806937217405,-0.004689296876367988,-0.0032933694760686194
2020-07-17,0.0044780436929483525,0.004470531392342769,0.002898818776914114
2020-07-20,0.005767121763695204,0.005789518126916748,0.008081604743493731
2020-07-21,0.005475828652502734,0.005455771258302322,0.002127915871626085
2020-07-22,0.008445094933055897,0.008433623084880937,0.005691899055724869
2020-07-23,-0.00632381688898398,-0.006346788502401446,-0.011931927671168685
2020-07-24,-0.0015315242437761167,-0.0015417507489907667,-0.006440254832891235
2020-07-27,0.013510188515208466,0.013506121135608229,0.007292431816569911
2020-07-28,-0.0072304983412853074,-0.007236044718139656,-0.006342468204663887
2020-07-29,0.00872371822377671,0.008723293875807059,0.012298681890286378
2020-07-30,-0.007504780895880914,-0.007488043782506781,-0.003567704488292023
2020-07-31,0.007939236220214863,0.007946440254387177,0.007902156008822603
2020-08-03,0.004875960682695801,0.0048867079892929155,0.006951998045748864
2020-08-04,0.009812509911913736,0.009796979947765294,0.0038626236074412734
2020-08-05,0.008160822762271813,0.008150620393658325,0.006211131361955946
2020-08-06,0.0072034270867125105,0.007206492042006518,0.0066843397954086115
2020-08-07,-0.007397158772854517,-0.00739793695028812,0.0007179109695008012
2020-08-10,0.0020031427216193887,0.0019973909281520985,0.002988934626810602
2020-08-11,-0.020033966924359548,-0.020015300501592947,-0.008254721767575468
2020-08-12,0.009576103272148861,0.009594017116342446,0.013942490346746439
2020-08-13,0.005924831223156346,0.005913500369626679,-0.0018077211608320543
2020-08-14,-0.0008853071266284873,-0.0008842335517826871,2.978545203569105e-05
2020-08-17,0.011401549018066781,0.011395652906060594,0.0031762970093138776
2020-08-18,0.0036792787518136194,0.003683068268051537,0.002160605429621043
2020-08-19,-0.009873808790039074,-0.009859207609034581,-0.004163763310597979
2020-08-20,0.003584729339082937,0.003593119200975936,0.0031136162070783957
2020-08-21,-0.0027392152800631564,-0.0027267971024315107,0.003547345304731664
2020-08-24,0.006483913337259617,0.006483664327380678,0.010133234849614814
2020-08-25,0.0032201813456043116,0.003226467387678289,0.0034993464276429354
2020-08-26,0.010903378401607933,0.010908760570439213,0.010025272669016427
2020-08-27,-0.0037692240340538863,-0.0037645074066541273,0.002186768725431998
2020-08-28,0.009411681008447248,0.009400122871726202,0.006459299204947699
2020-08-31,-0.0018949465167267254,-0.0018830015992704618,-0.0036223561736881127
2020-09-01,0.011147105140936642,0.011148697528159612,0.009418680192174067
2020-09-02,0.003964021215200786,0.003969050190430812,0.014463789649124648
2020-09-03,-0.025536299984298294,-0.025557741801520817,-0.03441424403026838
2020-09-04,-0.005165835384696282,-0.005176851794286064,-0.00816468449578478
2020-09-08,-0.023201575464094404,-0.02322737176472689,-0.02732321673380722
2020-09-09,0.016806906037722502,0.017099871968029312,0.01974764827884412
2020-09-10,-0.009681462936656282,-0.009686813720032883,-0.017363720977525143
2020-09-11,0.001457820596731274,0.0014467478458408678,0.0005092193273708023
2020-09-14,0.010364838950846611,0.010363897105723607,0.013171208607333673
2020-09-15,0.004077026724911281,0.00408619210703387,0.0050521954519346934
2020-09-16,-0.0029560641361279227,-0.0029697016737012527,-0.003968762027310002
2020-09-17,-0.00413421418286275,-0.004144165750707307,-0.008795010686260096
2020-09-18,-0.007907170793273632,-0.007907459785445492,-0.011512776702263583
2020-09-21,-0.013035792544839109,-0.013003955657484023,-0.011129301640450007
2020-09-22,0.0033996543146366243,0.0037072510975495465,0.01018410154046201
2020-09-23,-0.01612159258403667,-0.01611407351051275,-0.023190888134050236
2020-09-24,0.0014851563338862395,0.001793870281621146,0.002664981764268104
2020-09-25,0.0060361311811159,0.006046407069976167,0.016167604097701016
2020-09-28,0.007149779623601749,0.007154445381337915,0.01660881375940293
2020-09-29,-0.002375678939400938,-0.0023744707913824215,-0.005445657582880847
2020-09-30,0.003369720659307296,0.0033685261802947064,0.007582001464812249
2020-10-01,4.29804620563079e-05,6.184838475808974e-05,0.006419932786187799
2020-10-02,-0.003530175217282605,-0.0035544916002210325,-0.009494398794593906
2020-10-05,0.007912372898488451,0.0079157261854923,0.017733066386504737
2020-10-06,-0.004720829193996745,-0.004425505568466548,-0.014215865581074794
2020-10-07,0.009795453234436202,0.009789319123976403,0.017406543129391938
2020-10-08,0.006815826813992398,0.006811518717534826,0.008862617198674316
2020-10-09,0.0025786447859219574,0.0031764949501686957,0.008930095930531845
2020-10-12,0.009215559107916604,0.00923435460089439,0.01608762412960485
2020-10-13,-0.00676530132536457,-0.0067610347597758524,-0.006526381173558304
2020-10-14,-0.0021225767354551284,-0.0021298900357819006,-0.006283289726677466
2020-10-15,0.0006892279264598677,0.0006910589127184785,-0.0012358265106897637
2020-10-16,0.0035549553957598956,0.0035458020592076256,-0.0006043475507832019
2020-10-19,-0.01207890000000289,-0.012082152183868544,-0.015203287230199258
2020-10-20,0.003581464328992423,0.003581338706188708,0.004005682488809503
2020-10-21,-0.00519048107014064,-0.005191572021406965,-0.0018929013309282317
2020-10-22,0.00906331912816949,0.009062029397236326,0.0054853816480975315
2020-10-23,0.0036383968308855152,0.003638235380102328,0.003395041754625572
2020-10-26,-0.01733907096066889,-0.017337749309280226,-0.018479935366158107
2020-10-27,-0.006648175317057192,-0.00664346624471146,-0.003447552059625214
2020-10-28,-0.03185066828621763,-0.031857625242124765,-0.0341785195539992
2020-10-29,0.013356770269304485,0.01335528490014859,0.010163277320645037
2020-10-30,-0.009745944770150783,-0.009760024925721145,-0.010424715690028008
2020-11-02,0.0218562098769135,0.02212473602420073,0.011208276120075356
2020-11-03,0.01768701357187763,0.017680327164911303,0.017655987224070024
2020-11-04,-0.008626433776879883,-0.008610280740210197,0.02234947128117759
2020-11-05,0.02046845079122761,0.02071547735062662,0.01950261009833909
2020-11-06,-0.00044621459593474633,-0.00044436517909463014,-0.00022862441977100634
2020-11-09,0.023899915663045945,0.023889420852257093,0.012565690217154035
2020-11-10,0.010744869475425078,0.010724185913746798,-0.0014666462105170641
2020-11-11,-0.0031239246038247126,-0.003106845599913033,0.00742886280678845
2020-11-12,-0.014567165032953633,-0.014554173340968757,-0.00970093259572724
2020-11-13,0.016870385036744207,0.016870585233529578,0.013844186020804505
2020-11-16,0.01824401626274086,0.018241131376824038,0.0124826866766643
2020-11-17,-0.004536100880953797,-0.004527975096350612,-0.005378234544979099
2020-11-18,-0.010093933211813289,-0.010086637192738057,-0.01203486417527444
2020-11-19,0.001299865058998373,0.001301694419135746,0.004210042602859954
2020-11-20,-0.0008155243886117658,-0.0008106877685064573,-0.00684754967645651
2020-11-23,0.009579011729609732,0.009578331495106784,0.005994388426275865
2020-11-24,0.017307824808005856,0.017299488810884167,0.016113854627079816
2020-11-25,-0.004999364339984269,-0.0049972580529344945,-0.001541813621014576
2020-11-27,0.0013897342189832518,0.001396824410616615,0.0027849330777589554
2020-11-30,-0.015217346109372643,-0.01523193488724428,-0.0044271044918762215
2020-12-01,0.008610732441261648,0.00861785928147829,0.010937581250257677
2020-12-02,-0.0007632611127358357,-0.0007518436095029779,0.002103516060226296
2020-12-03,0.00025707015129206034,0.00027770920471548166,-0.000272705359855574
2020-12-04,0.011592219348220079,0.01159073773540964,0.00861742175584057
2020-12-07,-0.0011369179597079393,-0.001132966668275448,-0.0020548053665061516
2020-12-08,0.004436913644821461,0.004435195568396999,0.002926291467487463
2020-12-09,-0.002871534952154975,-0.002880218633615206,-0.008969038760209491
2020-12-10,0.0001395249592821557,0.00015838299468429184,-0.0003269584699605588
2020-12-11,-0.002779851952367851,-0.002782015071294275,-0.0011724730926673255
2020-12-14,-0.006985507768576316,-0.006978930543803719,-0.004477158263714642
2020-12-15,0.017764975007334316,0.01775810661264665,0.01351928267608371
2020-12-16,-0.003964483673978281,-0.003955614919604722,0.0015694040517124641
2020-12-17,0.008724306047335872,0.008720369023964114,0.005591928401434743
2020-12-18,-0.0019126806596770907,-0.0019160232506133523,-0.003992912313974473
2020-12-21,-0.007344360549055962,-0.007350776464377762,-0.003575274426252273
2020-12-22,-0.001494732246058561,-0.0012192499126825185,-0.0016853631179639672
2020-12-23,0.003194813151757625,0.00347705300491552,0.0008985176567020137
2020-12-24,0.0016486364977845724,0.001639840855345076,0.0038904098734411363
2020-12-28,0.0011387635293891307,0.0011471138405472203,0.008590700003830554
2020-12-29,-0.004286102523669011,-0.004272391457691982,-0.001907706118177921
2020-12-30,0.008780007983975713,0.008777014190126886,0.001426706743954398
2020-12-31,0.0015323688464721208,0.0015281840757526144,0.00508117542658959
2021-01-27,0.0,0.0,0.0
2021-01-28,0.0,0.0,0.0018716732550254633
2021-01-29,0.0,0.0,-0.020019576876670664
2021-02-01,0.0,0.0,0.016645615257157242
2021-02-02,0.0,0.0,0.014140216066375721
2021-02-03,0.0007236714410787659,0.0010236714410787329,0.0007862383335788259
2021-02-04,0.0010229396730701001,0.0010226331049931758,0.011365743471086986
2021-02-05,0.0010218803369161922,0.0010215743991772719,0.00393583059607705
2021-02-08,0.0031901441071182646,0.0031891899939839874,0.007221973890623401
2021-02-09,0.0007631931764044975,0.0007629656450731659,-0.0006658564794113087
2021-02-10,-0.00038130557838667034,-0.00038119198614705585,-0.0004357292221072173
2021-02-11,-0.00038145102779141293,-0.0003813373488884553,0.0016153757076717845
2021-02-12,0.002543977254681362,0.002543218816910775,0.004939589201850225
2021-02-16,0.0027913157597339033,0.002790485693795919,-0.0008659020704113729
2021-02-17,0.0006326146369926011,0.0006324270370692275,0.00022936602340872803
2021-02-18,-0.0007586714847510612,-0.0007584466452522642,-0.004255859037820775
2021-02-19,-0.0001265250704294285,-0.00012648754506228155,-0.0017659490913861653
2021-02-22,0.004682533209363626,0.00468114426719235,-0.007691607850319304
2021-02-23,0.0010077209261329934,0.0010074234067096732,0.0012140343081108451
2021-02-24,0.003271837328716831,0.0032708723239660564,0.011019343007416138
2021-02-25,-0.0017559909654252248,-0.0017554747371102408,-0.02409566512161443
2021-02-26,-0.004523403383269509,-0.004522071249229098,-0.005152474997699108
2021-03-01,-0.0017670592443758126,-0.0017665364846969345,0.024240099608968668
2021-03-02,0.0008851005642174226,0.0008848382562602897,-0.007803333136561452
2021-03-03,0.0012633112199798013,0.0012629371566887926,-0.0132457545276089
2021-03-04,0.0032805064094652003,0.003279536284932716,-0.012374798212103966
2021-03-05,0.005858666929254408,0.006158273435699968,0.018396510879885142
2021-03-08,-0.0026207198634969897,-0.002619055619959898,-0.0049784486516054605
2021-03-09,-0.005676274707155149,-0.005375214493558933,0.014277267854460929
2021-03-10,0.009390054112847546,0.00938486886570411,0.006224730408761703
2021-03-11,0.0034702310499263866,0.003467246946623481,0.01013897118260565
2021-03-12,0.00209873840066499,0.002098585743649961,0.0013468616165204228
2021-03-15,-0.0013563015000885859,-0.0013547688060995267,0.005963553968804769
2021-03-16,-0.009484289243213095,-0.009479250680829887,-0.0012612751138162404
2021-03-17,0.0038694404415635653,0.00386781654387347,0.0034101179231544876
2021-03-18,-0.019302591024764615,-0.019288060319503475,-0.0145497196423372
2021-03-19,0.003043615864589455,0.003039921274899493,-0.0018503857186513706
2021-03-22,-0.002332734538250114,-0.0023312324238718984,0.007984916517993046
2021-03-23,-0.012380320899370245,-0.012372064062584953,-0.007870719803094284
2021-03-24,0.009162975296234999,0.00947754351763086,-0.005083693985145632
2021-03-25,0.003984840071876494,0.003982108663559192,0.005625509791168382
2021-03-26,0.011363791802126544,0.011658477628398112,0.01611520510962028
2021-03-29,-0.0002465605032838658,-0.0002443672557163046,-0.0005050677201267062
2021-03-30,-0.0029297018241708495,-0.0029278626555757636,-0.0026529869357009295
2021-03-31,-0.002650917416119336,-0.0026484771454419187,0.004053336989545242
2021-04-01,0.004590749167790564,0.004584424093472483,0.01079898770728227
2021-04-05,0.000512016172799612,0.0005145417347796055,0.01435300091246905
2021-04-06,-0.00015877281057075088,-0.00015794092301546492,-0.0005904381348361687
2021-04-07,-0.000820675031080742,-0.0008204271848779587,0.0011571532122605088
2021-04-08,-0.00176262682676942,-0.0017601249928838048,0.004746921580445207
2021-04-09,0.00047055540991136624,0.0004702696844265386,0.007270308611095233
2021-04-12,0.00040684069165708436,0.0004075890341632693,0.00036440318762598345
2021-04-13,-0.0019419164977469983,-0.0019408568694149197,0.002963706265906474
2021-04-14,0.005267633896708368,0.005261083232381836,-0.003415264904159998
2021-04-15,0.0009212842071784078,0.0009219103841913157,0.01074240138125937
2021-04-16,0.00013632342464364733,0.0001373844683187908,0.003342692028694083
2021-04-19,-0.001877075122241223,-0.0018757798836889217,-0.00491311982833631
2021-04-20,-0.006190090378274782,-0.006182180921012859,-0.0073217139981323065
2021-04-21,0.001607079849111237,0.0021775386950553255,0.00946236010829593
2021-04-22,-0.003479238472866353,-0.003475773190332876,-0.009133401844107936
2021-04-23,0.002961748436913547,0.0029580238586424112,0.010842672320402258
2021-04-26,-0.002522887345931202,-0.002520143856482915,0.0020874013519840418
2021-04-27,0.0016495444982311813,0.001646970678139681,-0.00021523336345175004
2021-04-28,-0.0010120016351550243,-0.0010110549701980442,-0.00028764262280056574
2021-04-29,0.0051767612440394295,0.005171713244461085,0.006372995324324782
2021-04-30,5.2516258191026566e-05,5.3785416166185485e-05,-0.006570694776350083
2021-05-03,0.002829715478667616,0.0028255094998508312,0.0021568442127644083
2021-05-04,-0.0013288386742097424,-0.0013286601781420382,-0.006169431801958836
2021-05-05,-0.0028586604950242567,-0.002857214743143932,0.0003129781885573557
2021-05-06,0.005138865695907047,0.005133723816723945,0.007985753323809686
2021-05-07,0.00473156799165908,0.004726757737320009,0.007277860569789407
2021-05-10,0.002680542509666317,0.002678378267903847,-0.009902623861568927
2021-05-11,-0.0074268801424905995,-0.007419172976659949,-0.008924620863319799
2021-05-12,-0.012841493420913785,-0.01282855236740632,-0.021245312338954436
2021-05-13,0.009477279163838892,0.009467158862515701,0.012012699945362248
2021-05-14,0.005798184244622195,0.005791810451280854,0.015355355231965184
2021-05-17,-0.0008761294797419161,-0.0008749206807397991,-0.0025446452045315704
2021-05-18,-0.003947780526019851,-0.0036426066726856776,-0.008615570162786135
2021-05-19,-0.002527703569403572,-0.002524089151884623,-0.002621857416333584
2021-05-20,0.005789108794471698,0.005783561558872163,0.01075798678127704
2021-05-21,0.0008508182831092892,0.0008491387132687489,-0.0008187903933759566
2021-05-24,0.004486093438845762,0.004480987127026825,0.010194355752125572
2021-05-25,0.0017849840955987961,0.0017850639588461448,-0.002218672986138426
2021-05-26,0.0003717925252950671,0.0003707675232123009,0.0019846702362358304
2021-05-27,0.0015493456951085616,0.0015456769504453849,0.0005248848963783637
2021-05-28,0.0025466658621509097,0.0025447930894653137,0.001788669452209124
2021-06-01,0.003059159467437844,0.0030556861880097763,-0.0008809713013512299
2021-06-02,0.0039326202891352136,0.0039302043633306916,0.001572716829588039
2021-06-03,-0.0035506230645673265,-0.0035497639844888074,-0.003711230760408135
2021-06-04,0.00374559983434386,0.0037427429097123266,0.009145641655498915
2021-06-07,0.0008707350540662073,0.0008719737771172298,-0.0009702075941182553
2021-06-08,-0.0006767786630849093,-0.0006765408103777126,0.00021336515271785927
2021-06-09,-0.0033549628716624813,-0.003349974924483301,-0.0014919931644391538
2021-06-10,0.003193355198861658,0.0031917336467450763,0.004648250980785473
2021-06-11,-0.003029109655450113,-0.0030282448692292574,0.0016525140369889613
2021-06-14,-0.0010509467453811983,-0.0010497498887569456,0.002238853909886984
2021-06-15,-0.0036458057136123934,-0.0033959583407515703,-0.001834142291169738
2021-06-16,-0.011506925575078153,-0.011504375015483737,-0.005583327260126447
2021-06-17,-0.007115864988796683,-0.007103249227341735,-0.00033158392084065014
2021-06-18,-0.010175410265304774,-0.009595809129202881,-0.013490338228166254
2021-06-21,0.004951758581915211,0.005576315671976362,0.014316035145871098
2021-06-22,0.000994939879219947,0.0010052164136724606,0.0053461357899979856
2021-06-23,-0.00205244588212683,-0.0014529381385385287,-0.0012052395544165373
2021-06-24,0.003439610392794501,0.0034484970667958414,0.005915503387093013
2021-06-25,-0.0007077570365224828,-0.0007122104680282737,0.003552053484238593
2021-06-28,0.008561684900044275,0.008568622638423395,0.0020158852339573485
2021-06-29,0.0014132604694869766,0.0014083323274911574,0.0005383154646545485
2021-06-30,-0.0016798473542977144,-0.0016755689039973376,0.0008417081302438678
2021-07-01,0.002587592286155127,0.002590556666195898,0.005536470299454255
2021-07-02,0.008345692742622202,0.008345829985872077,0.0076435279410072
2021-07-06,0.005310494144495692,0.0053034347269897975,-0.0018214823523000634
2021-07-07,0.004034244182006708,0.004030081011586528,0.003533856109248612
2021-07-08,-0.004484735572844345,-0.004490258131731983,-0.008147715015089929
2021-07-09,0.004745734008907432,0.004740754058405017,0.01067456518809684
2021-07-12,0.0037950062737694967,0.0037943064101058077,0.003582062181021861
2021-07-13,-0.0038362358689880693,-0.003831500397686538,-0.0034090862284403833
2021-07-14,0.005728134671890928,0.005722365958301667,0.001492260953441793
2021-07-15,-0.0019175838507259346,-0.0019207869393323973,-0.0034155007412669525
2021-07-16,-0.004835917713748694,-0.004839459582502426,-0.007843370216515821
2021-07-19,-0.006184495566523784,-0.006181042245764434,-0.01476798692315473
2021-07-20,0.009158036807654923,0.009151043069615783,0.014330404990878565
2021-07-21,0.0018072644867133114,0.0018118363931274306,0.008096174823552404
2021-07-22,0.0036900203457448377,0.003696589764888625,0.0020943007044602613
2021-07-23,0.009295767633535457,0.009305528592855827,0.0102877048468073
2021-07-26,0.0003932115012859061,0.00039679132016545715,0.002455094289028237
2021-07-27,-0.002544675296041743,-0.0025550673038750027,-0.004557784059542214
2021-07-28,0.0006090474581323946,0.0006185030941376901,-0.0004100118954896148
2021-07-29,-0.002284109022204883,-0.002291972422895805,0.004147376305793982
2021-07-30,-0.00019158226285254099,-0.00019491569409069154,-0.004856295259186183
2021-08-02,0.000681568101597696,0.000681040248589504,-0.002098229444886912
2021-08-03,0.002713514289857777,0.002706115404751852,0.008135738363774125
2021-08-04,0.0008888289217938716,0.0008927971801768741,-0.004919276175308407
2021-08-05,0.0046800391163657196,0.004679997641788836,0.006332913972586951
2021-08-06,-0.004595100490020876,-0.0045954421719407446,0.0016525119114678688
2021-08-09,-0.0022332131823930013,-0.002232063330060763,-0.0008132787695329657
2021-08-10,-0.005330004286171919,-0.005320916729267711,0.0012437879086935055
2021-08-11,0.0010514963019985224,0.0010497357764307491,0.002484929302334127
2021-08-12,0.0026422831944830083,0.002640195542197077,0.002996784370488559
2021-08-13,0.0062981491105464915,0.006295233401213629,0.0018201725953972403
2021-08-16,0.001984757985243446,0.0019850734709729867,0.0023544158547013083
2021-08-17,-0.004570822027477273,-0.004576345853964603,-0.006555187973096621
2021-08-18,-0.00766401942156536,-0.007660123200768365,-0.01094506458491118
2021-08-19,0.0061765838458278655,0.006170588041809477,0.0015482596705669316
2021-08-20,0.007309372879521714,0.007310350629563089,0.007957122061817978
2021-08-23,0.006770331584768696,0.006778514389897072,0.00879672556769262
2021-08-24,-0.0021091207582687455,-0.0021032050348064324,0.0015872541907666626
2021-08-25,-0.0014013527425471572,-0.0014005534196197544,0.002098419820750763
2021-08-26,-0.003447945103763561,-0.0034531269316232516,-0.0059031282343174896
2021-08-27,0.009704621235375743,0.009710130057665856,0.00894090402343628
2021-08-30,0.008740303598641974,0.00873565826728484,0.004397467108962605
2021-08-31,-0.0006108220800833397,-0.0006116442099991515,-0.0014812880351373625
2021-09-01,0.005241086375648907,0.005234228142995123,0.0005314161853524624
2021-09-02,0.00033512673109847846,0.000327639041622918,0.0030764616235630093
2021-09-03,-0.00024996822918066375,-0.0002518878324244689,-0.00024290343494204336
2021-09-07,-0.00320114133771332,-0.003193572011512713,-0.003575369835016051
2021-09-08,0.00014168159804861524,0.0001356269197749782,-0.0012181561751476444
2021-09-09,-0.004699840709920466,-0.004687999560403333,-0.004280397855445317
2021-09-10,-0.009022560689607939,-0.009018620211891037,-0.007884654206780861
2021-09-13,0.0026652208905926233,0.002664461050057465,0.0025594782926408044
2021-09-14,-0.0005224117444855292,-0.0005257991037648235,-0.00539643857336547
2021-09-15,0.004284299324372132,0.004283286971130895,0.008352513676311846
2021-09-16,-0.0003654568000943659,-0.0003680606933051944,-0.001585276449892925
2021-09-17,-0.010344631429582085,-0.010344711140911844,-0.009740946114425886
2021-09-20,-0.010501498431440215,-0.01050641608878633,-0.016674349483708828
2021-09-21,-0.0005059302378135344,-0.0005095233830346713,-0.0009447129788769937
2021-09-22,0.007524879744366775,0.007517313489621147,0.009755012194988089
2021-09-23,0.0009191623636288782,0.0009244144831290768,0.012149979332359617
2021-09-24,-0.002531598822750225,-0.002519758528041649,0.0016473311100926313
2021-09-27,-0.00783312868386632,-0.007821344303226563,-0.002861017287015599
2021-09-28,-0.02689347200860559,-0.025720865813706584,-0.020151883819779948
2021-09-29,0.00041802787148648157,0.0007239718813942808,0.0016832615568036502
2021-09-30,-0.004058623494884839,-0.004053986395875286,-0.01222236149683864
2021-10-01,0.005280261393139085,0.005845177426035519,0.011884327280136775
2021-10-04,0.001722224534797867,0.0017186478841662023,-0.012896261105424744
2021-10-05,0.0014179103236149349,0.001711503322923802,0.010404922601927158
2021-10-06,-0.004948663747736393,-0.004941282577473061,0.00415598007600626
2021-10-07,0.007212887230012788,0.007198918429151213,0.008645708705106392
2021-10-08,0.00585714902069201,0.005855907135926319,-0.001823632558234367
2021-10-11,-0.00017344983893452515,-0.00017459458412516504,-0.007239747386066919
2021-10-12,0.001743083074625229,0.0017393448269014122,-0.0024614980437047684
2021-10-13,0.001979640625229928,0.0019746128986102285,0.003597630083474357
2021-10-14,0.006710980322520044,0.006700308749820527,0.016820828478249172
2021-10-15,0.005813200193280688,0.005801662023152021,0.007615542520026386
2021-10-18,0.001504345006075658,0.0018022845023477618,0.002960332510331787
2021-10-19,0.004173339353029881,0.004171718904053101,0.007715093650185745
2021-10-20,0.0054316724095750946,0.00542459623299818,0.003927606348204993
2021-10-21,-0.004823888620992145,-0.004821039158884988,0.0026083527292575237
2021-10-22,0.004671971951812459,0.004944596031846604,-0.0010362100192338186
2021-10-25,0.009796888736714804,0.009784836209186576,0.005362773549228761
2021-10-26,0.0018020761892454384,0.0018014530970336118,0.0009000342437028852
2021-10-27,-0.013324923720165138,-0.013315243604952065,-0.004430217649496582
2021-10-28,0.009511846415692471,0.00951242766040683,0.009648910449911119
2021-10-29,-0.0022427891732400562,-0.0022368219400800138,0.002029176197748228
2021-11-01,0.009253925533920349,0.009237949524881772,0.0017200600493496587
2021-11-02,-0.0015227535121667968,-0.0015130500945556014,0.004043179448625089
2021-11-03,-0.001178297676816653,-0.0011643177371541968,0.006105265031711049
2021-11-04,0.00019359643114391645,0.00019701724718301783,0.004712578357497721
2021-11-05,0.0074864408444199615,0.007477324490235748,0.003469567194745782
2021-11-08,0.0011774282217080767,0.001182011057678345,0.0008537203550846861
2021-11-09,-0.003264884114661193,-0.003262934931239969,-0.0033053010479857647
2021-11-10,-0.010510387801059395,-0.010508019810612002,-0.008044953669156585
2021-11-11,0.0022236914430171506,0.0022207426915574757,0.0003237379971499088
2021-11-12,0.0017898296918259504,0.0017999598199678335,0.007546493606379379
2021-11-15,0.0016341325041593358,0.0016334924382452876,0.00034250678938541057
2021-11-16,0.003913821906964765,0.003910662039209312,0.003957897188070936
2021-11-17,-0.006198737653701714,-0.006197253066691055,-0.0024292040132969372
2021-11-18,0.0016018074624486456,0.0015993470857149639,0.003396398451554594
2021-11-19,-0.00884967481644261,-0.008265752760644784,-0.0017881701531110572
2021-11-22,-0.0028510561681384106,-0.0022760254728657614,-0.00281527386100644
2021-11-23,0.0009506688140052955,0.0009425616973852691,0.001325952030557298
2021-11-24,0.002205855808718349,0.0022127671493701317,0.0026699268984593516
2021-11-26,-0.0308724622465143,-0.030836757400743098,-0.022303137197962064
2021-11-29,0.018925296791960422,0.01922241970048244,0.01226665407884786
2021-11-30,-0.011184818680512687,-0.011199447507603488,-0.01945774783697074
2021-12-01,-0.0120776182899901,-0.012078764304554013,-0.011107221187110827
2021-12-02,0.005316047962832027,0.005886689212611929,0.01531637869389968
2021-12-03,-0.00861577295417948,-0.008597523863529188,-0.008701426575988713
2021-12-06,0.003119786936623292,0.00310977296832049,0.011843417699721304
2021-12-07,0.016226733019271578,0.01620508494918127,0.02068474258430686
2021-12-08,-0.000486718063170799,-0.0002008840322199612,0.0026479531544387758
2021-12-09,-0.010260960779769679,-0.010258649821433208,-0.006751637248578746
2021-12-10,0.00818773549248486,0.008186460717183985,0.009413624644993401
2021-12-13,-0.006219378157267363,-0.006174114482363824,-0.00885838546737372
2021-12-14,-0.00915109196817221,-0.009158334560764425,-0.006879993554988695
2021-12-15,0.013420842543638178,0.013427171327883292,0.015624969192423066
2021-12-16,-0.01480406137948198,-0.014772936227865241,-0.00881831121429233
2021-12-17,-0.002213174180556887,-0.0022117786545479134,-0.010643018064730558
2021-12-20,-0.010468004516322682,-0.010456701602342133,-0.010633355409267242
2021-12-21,0.011678091937723512,0.011996816224595364,0.017758823509654187
2021-12-22,0.007841939527458264,0.007851403964420633,0.009998795089018797
2021-12-23,-0.0006605256971768947,-0.00036322041905101354,0.006222071624005343
2021-12-27,0.015455647453080479,0.015473363455207334,0.014152304037381214
2021-12-28,-0.001172045886858153,-0.0011642165477584454,-0.0008172525028187216
2021-12-29,0.0005937098996435797,0.0006039706183291749,0.0012791776389848852
2021-12-30,0.0014022900993262422,0.0014066474905076731,-0.002764413050813319
2021-12-31,-0.0008678823438886818,-0.0008643092308519007,-0.002520379669829542
2022-01-03,0.0,0.0,0.0
2022-01-04,0.0,0.0,-0.004977391438572232
2022-01-05,-0.0022739048666297057,-0.0019739048666297387,-0.01920201479298711
2022-01-06,0.004426230708117318,0.004424900212633531,-0.0009395128389212415
2022-01-07,0.002770927162049963,0.0027700979091531686,-0.003953361232545971
2022-01-10,-0.0006325715289360323,-0.0006323827427757722,-0.0012445144398554042
2022-01-11,0.0069291730216258784,0.006927103754085229,0.009108359337260952
2022-01-12,0.00039699961120365224,0.00039688187032016486,0.0027035177708931712
2022-01-13,-0.0010582158108538575,-0.0010579020930795435,-0.01377859103890422
2022-01-14,0.004899704045194131,0.004898249944734978,0.0004090452475156159
2022-01-18,0.0008564867633609197,0.0008562338200908126,-0.017709580758721977
2022-01-19,-0.001547022019494304,-0.0015465655336965867,-0.010383589964794715
2022-01-20,-0.0034184805307634347,-0.0031183215690678834,-0.011067901810805636
2022-01-21,-0.003986901816522059,-0.003984469856641026,-0.019630868636643317
2022-01-24,0.0009400977623506002,0.0009394000999136676,0.004246878239750673
2022-01-25,0.009913880089437388,0.009908486506330583,-0.01220891672208435
2022-01-26,8.851428260947536e-05,8.85949099125316e-05,-0.0025088279326753726
2022-01-27,0.0033223211026223165,0.003320643697227732,-0.004937995216556357
2022-01-28,-0.0007375329498031657,-0.000737043741797061,0.024835270076550175
2022-01-31,0.0016682842177713209,0.0016675092691722515,0.018011008304968934
2022-02-01,0.008494130179866888,0.008489348103892125,0.006757108821755953
2022-02-02,0.0015131747651968563,0.0015125240978686172,0.009714029631795906
2022-02-03,-0.0016617409430954577,-0.001660636461243148,-0.02350487551527236
2022-02-04,0.005038406289830988,0.005035922992242758,0.004702055938193839
2022-02-07,0.0032827368053289785,0.003280949413208445,-0.003209187550262338
2022-02-08,-0.0065886588242620725,-0.00658534208170336,0.008227814651572851
2022-02-09,0.003886331611439031,0.003884658305636002,0.014635993948788784
2022-02-10,-0.002447604461243369,-0.002446488244612688,-0.017965675675963855
2022-02-11,0.009447702801658409,0.009443063795794515,-0.01971838609556764
2022-02-14,-0.004265518432170823,-0.0042627297505316575,-0.003269444929599463
2022-02-15,-0.005985865523239431,-0.005686080599311749,0.0161268199792155
2022-02-16,0.0040978735728036675,0.004095531329266988,0.0011209100340507927
2022-02-17,0.004066343664863581,0.004064862713218487,-0.021361538048794926
2022-02-18,-0.0007057391939540025,-0.0007049706219880436,-0.006474970000900249
2022-02-22,-0.0002070963535903969,-0.000205806181493573,-0.01073175932998438
2022-02-23,0.005069231500687055,0.005065865237017908,-0.017738581909533258
2022-02-24,-0.002128178865871133,-0.0021268166451895443,0.015049062778827116
2022-02-25,0.0018390929082792162,0.0018361425832955636,0.022064049375030814
2022-02-28,0.011025392108330978,0.011017970335963634,-0.002558438159107057
2022-03-01,0.014213366607698896,0.014205592849154014,-0.015230198095190106
2022-03-02,0.009904987659484998,0.009897251343163216,0.01839610239405065
2022-03-03,0.004162954034570232,0.004160784265919704,-0.004978467208594628
2022-03-04,0.018826330902232513,0.01881483356009417,-0.0081247405423851
2022-03-07,0.011163961865174432,0.011157727446043264,-0.029479053618148177
2022-03-08,0.012847537450541235,0.012841119274348722,-0.007581794174490009
2022-03-09,-0.030961857813729288,-0.030945004891029915,0.026810872794151175
2022-03-10,0.005041998955624516,0.005037333548345124,-0.004515613552211306
2022-03-11,0.0003590776135298235,0.00035902462868708795,-0.012715116705589002
2022-03-14,-0.016262360955664135,-0.016252291573300548,-0.007308392231885175
2022-03-15,-0.017353318589927058,-0.017342262815086218,0.021990688578889417
2022-03-16,-0.001584908367617821,-0.001583338607122231,0.022174168695649366
2022-03-17,0.018739565535201175,0.018726897651001106,0.012511025144981147
2022-03-18,-0.000946089452364407,-0.0009460067599627031,0.010952641805038965
2022-03-21,0.018774409314451734,0.018761672756509196,-0.000292402351469101
2022-03-22,-0.003616304467941034,-0.0036142403202144013,0.011701265575344122
2022-03-23,0.012114402922809742,0.01210737292292241,-0.012878365243265688
2022-03-24,-0.00023287753346068474,-0.0002325109086530608,0.015074388504740854
2022-03-25,0.0059581302870515,0.0059531646909343205,0.004883523798580258
2022-03-28,-0.01823809718949443,-0.017930961387198074,0.0071131866865845605
2022-03-29,0.00218276039661891,0.0021821353655380182,0.012370732215050584
2022-03-30,0.009856350611576081,0.009848560091848313,-0.006174849668612592
2022-03-31,-0.007350072096411919,-0.007343057754498061,-0.015391215415467396
2022-04-01,0.0049199045994867685,0.004916370689367344,0.0028340044070318537
2022-04-04,0.003767549254874991,0.0037636937881773136,0.008566656759556146
2022-04-05,-0.005390422508049109,-0.005384472754620062,-0.012631314983390096
2022-04-06,0.004195897044632302,0.004194307661527397,-0.009999122518356551
2022-04-07,0.003976083242193562,0.003971763783448878,0.005038878284455484
2022-04-08,0.011697446070678241,0.011917016390417645,-0.002674231509648295
2022-04-11,-0.013746024626505204,-0.013749711887751759,-0.017092173752834783
2022-04-12,0.01119185752013463,0.011170545191539372,-0.0037051844141023915
2022-04-13,0.009600752122342682,0.009594443132346031,0.011453672102416768
2022-04-14,0.0012318486154103692,0.0012257648732398874,-0.012451878753066081
2022-04-18,0.003945575459914252,0.003929927636424191,0.00041113991484453827
2022-04-19,-0.008025856759891425,-0.008008681739075763,0.016142654654739852
2022-04-20,0.00568828577634739,0.0056958116620975385,-0.0007414409095629626
2022-04-21,-0.01353956112606236,-0.013535736747691596,-0.014953597862132795
2022-04-22,-0.020622004471502864,-0.020635524585290055,-0.02743919741797829
2022-04-25,-0.014890476155076549,-0.014663671853104576,0.005797616816809015
2022-04-26,0.002702982739575477,0.003043141268849192,-0.028960703029004775
2022-04-27,-0.0008431386540509456,-0.0008427559442526489,0.002811752416221891
2022-04-28,0.0038386227322944055,0.004121523862472776,0.025259442325715753
2022-04-29,-0.007872077936229571,-0.007860683017109737,-0.03695583506465949
2022-05-02,0.004194904997861348,0.004487831787562291,0.0060196541542922866
2022-05-03,-0.0032765623413549827,-0.003269448337029135,0.004583955015679431
2022-05-04,0.007248947275324991,0.007233156885200209,0.030453080210405936
2022-05-05,-0.005961237598130942,-0.005657927211473179,-0.035542964270966704
2022-05-06,0.0061289857668171965,0.006126545774782999,-0.005968884754121717
2022-05-09,-0.027404580342374585,-0.027373062782959368,-0.032017353045864616
2022-05-10,0.00034998362055849164,0.0003528350506982747,0.0023106431067470012
2022-05-11,0.008252346718655712,0.008237276832343765,-0.015886166883656405
2022-05-12,0.0019275388426942541,0.0019245157364902177,-0.0010438388378198882
2022-05-13,0.009846123381330063,0.009835952085341049,0.023907721019996053
2022-05-16,0.00910045455639863,0.009089229369054097,-0.004057595129336677
2022-05-17,-0.0002572598674908111,-0.00025159357393067516,0.020570335551547858
2022-05-18,-0.010322752616892639,-0.010308568387275563,-0.04031137164592191
2022-05-19,0.00221848743480324,0.0022113943206525377,-0.0061247265776605
2022-05-20,0.001194660983254714,0.0011935565658600655,0.0004366095528771652
2022-05-23,0.007053491066792761,0.007047458376311377,0.018709863552091477
2022-05-24,0.0006105824033690865,0.0006107545717910501,-0.007633603994165794
2022-05-25,0.005896205811809496,0.005890780739240986,0.008834853633777229
2022-05-26,0.004867425634179856,0.00486039520929249,0.019981491670231888
2022-05-27,0.006629425835110947,0.006621399069590028,0.024549065301910034
2022-05-31,-0.004816248254080113,-0.00481131671301005,-0.005610917384172742
2022-06-01,0.004560626860156569,0.0045567970862552265,-0.008088612713119558
2022-06-02,0.004749631605507121,0.004736563987281173,0.01904379485621921
2022-06-03,0.00506821016697212,0.005061871292267428,-0.01641183099374688
2022-06-06,0.0008203957815253737,0.0008178934612981248,0.0030447692563257966
2022-06-07,0.00793240207617929,0.00792677178319523,0.009592245726223414
2022-06-08,0.0026446634619612386,0.0026392744423797687,-0.010872143184489369
2022-06-09,-0.004367086396817932,-0.004366831844754171,-0.023783059889403213
2022-06-10,-0.006014226423480595,-0.006007453662251194,-0.028995451560883678
2022-06-13,-0.013698204740573927,-0.013688630287977732,-0.03796819538522256
2022-06-14,-0.002334173324386235,-0.002327670690388084,-0.003013344738324264
2022-06-15,-0.004300129141288522,-0.004299280551834483,0.014256296544701064
2022-06-16,-0.010109127064454215,-0.010108611609128348,-0.03309610344806069
2022-06-17,-0.019227615812462684,-0.019203047899491787,0.0021559293804278568
2022-06-21,0.003980401128963029,0.004261421968223544,0.025173557967893778
2022-06-22,-0.004337226199249478,-0.0043253267007237195,-0.0018131285791349594
2022-06-23,-0.005381080200351329,-0.005366252677852623,0.009802696107800157
2022-06-24,0.002232800125686385,0.002226614469399868,0.03179377278044915
2022-06-27,-0.000514123767898722,-0.0005127026252050859,-0.0038195747559410798
2022-06-28,0.00282903189415995,0.0028212078630325266,-0.020432949158319502
2022-06-29,-0.004103346982927025,-0.004092030604584296,-0.0008142957228024494
2022-06-30,-0.007296339243615058,-0.007276134421712266,-0.008124306247192736
2022-07-01,0.0027627078977894293,0.003104228334275483,0.010576448843111264
2022-07-05,0.0,0.0,0.001888758387074363
2022-07-06,0.0,0.0,0.00337731846321776
2022-07-07,0.0,0.0,0.014977006355389788
2022-07-08,0.0,0.0,-0.0008228064661620627
2022-07-11,0.0,0.0,-0.01142348478148858
2022-07-12,0.0,0.0,-0.008848764380838037
2022-07-13,0.0,0.0,-0.005251605978023877
2022-07-14,0.0,0.0,-0.002428638768715019
2022-07-15,0.0,0.0,0.019105083939800593
2022-07-18,0.0,0.0,-0.00825689857045786
2022-07-19,0.0,0.0,0.027019088730410923
2022-07-20,0.0,0.0,0.006373310471702309
2022-07-21,0.0,0.0,0.010183094919505864
2022-07-22,0.0,0.0,-0.009278181980042599
2022-07-25,0.0,0.0,0.0012148683152017892
2022-07-26,0.0,0.0,-0.011830756638421591
2022-07-27,0.0,0.0,0.02596626155387205
2022-07-28,0.0,0.0,0.012542395933048622
2022-07-29,0.0001765535729376655,0.0004765535729374104,0.014578678983015791
2022-08-01,0.0011721852377009068,0.0011718337496327003,-0.0029613105659768157
2022-08-02,-0.002784224736987584,-0.0027833908446101008,-0.00659721491084031
2022-08-03,0.0008223366919819508,0.0008220897096529178,0.01565939754464063
2022-08-04,0.0010126577039535345,0.0010123538100401674,-0.0006753096752750709
2022-08-05,-0.002901377526555504,-0.002900507717076284,-0.0016903501671180488
2022-08-08,0.0011677712903499504,0.001167420183588952,-0.0011609416545834694
2022-08-09,-0.000592717784766994,-0.0005925397836822333,-0.0039707636884128705
2022-08-10,0.00011482981161559103,0.00011479530624014522,0.02100393645804144
2022-08-11,-0.005647818669958005,-0.004747008404277442,0.0
2022-08-12,0.013907570519864132,0.014198348454609988,0.01692884587025767
2022-08-15,0.004764786294099377,0.004759529309636079,0.004120838742911914
2022-08-16,0.0006229392281340562,0.0006234045765654006,0.00195853342608876
2022-08-17,-0.008064412668513654,-0.008056463596780694,-0.0070979265555152216
2022-08-18,0.00430883190212028,0.0043045867323368014,0.0029066092909375563
2022-08-19,-0.012298031859320324,-0.01228615085707574,-0.013438200216609575
2022-08-22,-0.017114360671898532,-0.01709834003416333,-0.020822355836348505
2022-08-23,-0.0015580031380423298,-0.0015554878602377364,-0.002419219584622545
2022-08-24,0.0022802261485397324,0.0022784765280083885,0.0032009669038008948
2022-08-25,0.01060818583287082,0.010895684972920483,0.014117583909121878
2022-08-26,-0.025147139467370128,-0.02511817044609843,-0.03384896746874344
2022-08-29,-0.004661537566923113,-0.004655526908402208,-0.006612190165563581
2022-08-30,-0.010700013303633904,-0.010687182348546265,-0.010978028392464423
2022-08-31,-0.006107569223537501,-0.0061002102298416405,-0.007609215770564726
2022-09-01,-0.0010283043651532209,-0.0007418915999860554,0.0031379949255347928
2022-09-02,-0.0022362988133544093,-0.0019397419065583232,-0.010544363180384764
2022-09-06,0.0008548018093532672,0.0008533768776668449,-0.0037731157439623297
2022-09-07,0.009732574122438109,0.009715743337951777,0.017964905209541637
2022-09-08,0.00042727030958822354,0.0004271136860416469,0.006536386800654492
2022-09-09,0.0034472514909582586,0.0034431993606067746,0.015535204117248513
2022-09-12,0.003251909609405912,0.0032465374215786547,0.010747729314671384
2022-09-13,-0.013339325340697261,-0.013320727443980607,-0.0434824401281263
2022-09-14,0.001348913041862021,0.00134554879464166,0.0038157635467981343
2022-09-15,-0.007378014210345563,-0.007364883338291328,-0.011353312270845572
2022-09-16,-0.004867634618844319,-0.004862360033359048,-0.007628934124167208
2022-09-19,0.0011991345074953141,0.0014810259299977702,0.007754857696448125
2022-09-20,-0.0030973966001883735,-0.0030898703256796445,-0.011478539223154227
2022-09-21,-0.0028789679021017367,-0.00287195069892765,-0.017443764762905545
2022-09-22,-0.0004837084294250227,-0.00017111876316489028,-0.008399775628965434
2022-09-23,0.0,0.0,-0.016754959913737766
2022-09-26,0.0,0.0,-0.009892579822617376
2022-09-27,0.0,0.0,-0.002552688629687938
2022-09-28,0.0,0.0,0.019676188112379256
2022-09-29,0.0,0.0,-0.020888912561054407
2022-09-30,0.0,0.0,-0.015463495547191619
2022-10-03,0.0,0.0,0.026401266969970916
2022-10-04,0.0,0.0,0.030986558600778036
2022-10-05,0.0,0.0,-0.0023281127889307474
2022-10-06,0.0,0.0,-0.01031586184476152
2022-10-07,0.0,0.0,-0.027893942489252477
2022-10-10,0.0,0.0,-0.0076353096836598855
2022-10-11,0.0,0.0,-0.006332909972757483
2022-10-12,0.0,0.0,-0.0032986760012650995
2022-10-13,0.0,0.0,0.02639137865104102
2022-10-14,0.0,0.0,-0.022788745904938512
2022-10-17,0.0,0.0,0.0256967622969273
2022-10-18,0.0,0.0,0.011749749001394472
2022-10-19,0.0,0.0,-0.007086385519014526
2022-10-20,-0.0016168845805860643,-0.0013168845805859863,-0.008385403383119883
2022-10-21,0.005747054133908636,0.005745327744212547,0.024301344375728506
2022-10-24,0.0009602514213635782,0.0009599646138780393,0.012236428921737819
2022-10-25,0.0002105335420234944,0.00021047072026125768,0.015968613704059775
2022-10-26,0.002783659985899245,0.0027828295356759902,-0.007534192412415375
2022-10-27,0.0007464188213044398,0.0007461967598845209,-0.005339616270874203
2022-10-28,0.0007225995380462091,0.0007223847232153968,0.02379044291552379
2022-10-31,0.0017469381455086364,0.0017464191895584236,-0.007223193736808575
2022-11-01,0.0020229208165538637,0.0020223209231970962,-0.004375951673780798
2022-11-02,-0.0050818802116279205,-0.005080376231156869,-0.025096187507376855
2022-11-03,0.0038250438368307993,0.0038239060361400234,-0.010296956219329911
2022-11-04,0.0025558317127289953,0.0025550743490099226,0.014393336366689047
2022-11-07,0.003638509750819141,0.003637434307450782,0.009565449767275691
2022-11-08,0.00020782697659327276,0.00020776577128778229,0.0053955227819986185
2022-11-09,-0.010504390763939275,-0.010501297850268765,-0.020602300842125332
2022-11-10,0.004596303824800252,0.004594936126117055,0.05495410589836269
2022-11-11,0.0035991935429278143,0.0038985922794356753,0.009678735212036882
2022-11-14,-0.002483375284078493,-0.0021833969557153443,-0.00850677916983611
2022-11-15,0.0024685087980245157,0.0024664917442898115,0.008529248279308455
2022-11-16,-0.005482918763792477,-0.0054786148675672885,-0.007628899041646875
2022-11-17,-0.000692442818443828,-0.0006924829176980785,-0.0030599493056449045
2022-11-18,0.0023395602982485553,0.0023391411900335335,0.004540541280916521
2022-11-21,-0.0021736811115574683,-0.0021713386873813967,-0.003636174752600918
2022-11-22,0.010363508746376926,0.01035591133367686,0.013456971219873326
2022-11-23,-0.0004772958501482183,-0.00017720377093033424,0.006301605638700192
2022-11-25,0.0023033805496208704,0.0025836230436557805,-0.0002237221698127012
2022-11-28,-0.01678989859507163,-0.01678531760335711,-0.015957093252224608
2022-11-29,0.005597086244544025,0.0055937074312402135,-0.0017171568085417865
2022-11-30,0.01590484991965546,0.015907616401479974,0.03150052499519562
2022-12-01,0.000598351265496122,0.0006078127032862479,-0.0007359872869332484
2022-12-02,-0.000645087212289952,-0.0006443432450270459,-0.0011537513527365428
2022-12-05,-0.018860357190480292,-0.0188536674715285,-0.017989231169653896
2022-12-06,-0.011945946227450155,-0.011936848276770218,-0.014414636741935993
2022-12-07,0.0003022729678312519,0.0006034182776637476,-0.0017013330482271716
2022-12-08,0.004234841467537276,0.00423477186595278,0.007834024790427163
2022-12-09,-0.004757218617629122,-0.004750547775349001,-0.007470397617597602
2022-12-12,0.008877799619418036,0.008870480597200636,0.01441723765615377
2022-12-13,0.0046162588685580985,0.0046253044040929225,0.007569910977531125
2022-12-14,-0.003384949807781812,-0.003085861935145484,-0.006393654626225986
2022-12-15,-0.02076774448256069,-0.020770965927632945,-0.024461545815825048
2022-12-16,-0.006244371526625048,-0.005948741572352034,-0.011806230517979022
2022-12-19,-0.0028848123007043647,-0.0028835751333980975,-0.008479702491652419
2022-12-20,0.0043236554318724085,0.004328106597347059,0.0013683994281565859
2022-12-21,0.008172964333125199,0.008168347305549606,0.014952622129840387
2022-12-22,-0.006893864286309337,-0.006896408231036988,-0.014266277672469907
2022-12-23,0.002598307940806288,0.0025990082069446974,0.005752459039676472
2022-12-27,0.002071997368106704,0.00207425956393692,-0.003943695489253662
2022-12-28,-0.006954415459470176,-0.006955380200409866,-0.01242790578122821
2022-12-29,0.008912137533290343,0.008915061137261926,0.018000546194413936
2022-12-30,-0.002570619879492586,-0.0025743216795954815,-0.002634285564565686
2023-01-04,0.0,0.0,0.0
2023-01-05,0.001033666634217223,0.00133366663421719,-0.0076187100738590585
2023-01-06,0.004201841941215312,0.004200583067550667,0.022931794376160664
2023-01-09,0.001530850593223665,0.001530393868234503,-0.0005666448269728841
2023-01-10,0.001477557511011529,0.0014771173594694265,0.00701270984056146
2023-01-11,0.000864883741895861,0.0008646264805505233,0.012647872045784547
2023-01-12,0.0010165754592899034,0.0010162733381711142,0.0036408048745544264
2023-01-13,0.0021893147095082277,0.002488831574682049,0.0038795554127670773
2023-01-17,-0.0011146827474831644,-0.0011140038097162686,-0.0018318796027321227
2023-01-18,-0.004517370574012691,-0.004515596523235521,-0.01578801608828584
2023-01-19,0.0006105512876464214,0.0006098984645677152,-0.007279660983704361
2023-01-20,0.005501934815162368,0.0054993289990179495,0.018629023168984737
2023-01-23,0.0020769603793662217,0.00207589055526447,0.011998627342807655
2023-01-24,0.0010115856076982066,0.0010112402913773355,-0.0010734300935141272
2023-01-25,0.0004041108908436897,0.00040393113435222006,0.00037487704968164337
2023-01-26,0.0042919270281547295,0.004290055891147615,0.010990354669102587
2023-01-27,0.0008057501825382563,0.0008058112984115073,0.0022975721543581074
2023-01-30,-0.006730764773268616,-0.00672751529932647,-0.012546832947207598
2023-01-31,0.003238767515751917,0.003237938108813454,0.014703494464065603
2023-02-01,0.004082966864780824,0.004080991408967005,0.010627672454092796
2023-02-02,0.003467024802366936,0.0034663745149563496,0.014556989778103935
2023-02-03,-0.008055793496292485,-0.008052323556429486,-0.010629110241724748
2023-02-06,-0.004337097297334114,-0.004334907417137934,-0.00611141786011693
2023-02-07,-7.569099480519981e-07,-9.97209779196595e-07,0.013078533893259081
2023-02-08,-0.0008106838363023394,-0.0008103656290051608,-0.010934524091624875
2023-02-09,-0.0010154365185297554,-0.0010154176146512928,-0.008669224521750118
2023-02-10,-0.0015722398983446517,-0.0015711806335628742,0.0023338018909189184
2023-02-13,0.0035584527709449087,0.003556883155489299,0.011738835434946582
2023-02-14,-0.0024828254096985747,-0.0024819762345729135,-0.00046020854623851637
2023-02-15,-0.0011668465260418204,-0.0011659835802232399,0.003247367508553145
2023-02-16,-0.001831082479049062,-0.0018305457570628736,-0.01376883107066651
2023-02-17,-0.0032590430955363736,-0.0032573942153736324,-0.0024982295162850887
2023-02-21,-0.005719396802470911,-0.005415477866032803,-0.020060951744074407
2023-02-22,-0.0017995583560426187,-0.0017984623729345728,-0.0013780517223561661
2023-02-23,0.0019058052293874361,0.0019046424476401036,0.005319271066065001
2023-02-24,-0.0037015311174657395,-0.0036992770095334304,-0.010682312347813694
2023-02-27,0.0024871818672196344,0.002784792303043071,0.003405843725257318
2023-02-28,0.0,0.0,-0.0036959509210152675
2023-03-01,0.0,0.0,-0.003835863136222417
2023-03-02,0.0,0.0,0.007777295956619801
2023-03-03,0.0,0.0,0.016037605797672994
2023-03-06,0.0,0.0,0.0006931161126224605
2023-03-07,0.0,0.0,-0.015328883460585474
2023-03-08,0.0,0.0,0.0016320983847801784
2023-03-09,0.0,0.0,-0.018449811298357877
2023-03-10,0.0,0.0,-0.014429491730757027
2023-03-13,0.0,0.0,-0.0014252820882890704
2023-03-14,0.0,0.0,0.016530085938712302
2023-03-15,0.0,0.0,-0.006254321725367551
2023-03-16,0.0,0.0,0.01754504060229478
2023-03-17,0.0,0.0,-0.011692639585236697
2023-03-20,-0.0006800489699511081,-0.0003800489699510301,0.00961561958721946
2023-03-21,-0.0037704137589283926,-0.003769282204754809,0.013130809191266968
2023-03-22,0.003348415627984158,0.003347406919274265,-0.01704672207800839
2023-03-23,0.0025002105976219546,0.0024994599231111803,0.002703132867100999
2023-03-24,-0.0022662739291055,-0.002265595189278602,0.006562317697633935
2023-03-27,-0.0018475542345309792,-0.001846999643070224,0.001869811627109863
2023-03-28,0.001622333172163426,0.0016218452855363275,-0.002244634806711554
2023-03-29,-0.0009892164265354886,-0.000988919419732115,0.014534805492768976
2023-03-30,0.0017953963626640146,0.001794856771146769,0.005855343550946079
2023-03-31,0.004641887916662535,0.005242155264332471,0.014094581982270649
2023-04-03,0.0006143958302111674,0.0006136010496289312,0.0038106022314883248
2023-04-04,0.0019262893250273638,0.0019240261404736003,-0.0055481579771146095
2023-04-05,-0.004424872134682789,-0.004422194980057692,-0.0026182430785609556
2023-04-06,0.0007010598577259497,0.0009998282483889565,0.0039009994131218306
2023-04-10,-0.0036765038459992683,-0.0036739406467691804,0.0010262589081024842
2023-04-11,-0.001983542078764944,-0.0019821903463439483,0.0002684602195648367
2023-04-12,-0.0013337080639096444,-0.0013324598168558133,-0.0040759216449690605
2023-04-13,0.010278973134339564,0.010572852475052352,0.013282797961150505
2023-04-14,-0.006889438268419035,-0.006885357233210487,-0.0024427678638191397
2023-04-17,-0.0016109401865673778,-0.0016115154030725831,0.0035882743780331072
2023-04-18,0.002823851041891867,0.0028266596860642146,0.0006521178700162888
2023-04-19,-0.0026801021495252986,-0.002680423414485822,-0.00016890611551734214
2023-04-20,-0.0009313877773697854,-0.0009298311853991326,-0.0054570894445473694
2023-04-21,-0.001911871894385242,-0.0019035039805248566,0.0007768749876666536
2023-04-24,0.0007908753330370111,0.0007932770179954751,0.0010432772949395819
2023-04-25,-0.007855407145629267,-0.007861105714775607,-0.01587393177842178
2023-04-26,0.002083945390261688,0.0020805146698619215,-0.004235452577114329
2023-04-27,0.010832473066769266,0.01083296237121445,0.019907926264709275
2023-04-28,0.005016125760610279,0.005010502687081475,0.00853510646528055
2023-05-01,-0.0036255569530820875,-0.003624043919030484,-0.0010097822511899723
2023-05-02,0.0007191950586102891,0.0007072402133543321,-0.011238882951136397
2023-05-03,0.0005198762052749384,0.0005224598447741702,-0.006864417437265069
2023-05-04,-0.000664318306939693,-0.000666306088594748,-0.007082785109090439
2023-05-05,0.007800775392326598,0.007808425539237662,0.018512631002797875
2023-05-08,-0.0005073622678076761,-0.0005072441870302979,0.00026649536807865637
2023-05-09,-0.0024423738639238746,-0.0024446431628528664,-0.004385422308878284
2023-05-10,0.0054078183505321675,0.005400032494540241,0.004672491975553417
2023-05-11,-0.0017315430001154652,-0.0017312981681328887,-0.001743958295085335
2023-05-12,-0.002873147237099749,-0.0028723495836451285,-0.0013104277613935622
2023-05-15,0.004275881515123148,0.0042790542890278616,0.003450194510494331
2023-05-16,-0.0045729574593743605,-0.004577888647144812,-0.006682493503109788
2023-05-17,0.0047875521165969825,0.004786958616105341,0.012138777364691933
2023-05-18,0.0039792780197103195,0.003972939855643398,0.009633089917948201
2023-05-19,-0.0014484513563299828,-0.0008616848154887613,-0.0014549662955997134
2023-05-22,0.0026677889852020353,0.0029551019736255846,0.00040620554152703825
2023-05-23,-0.01103385922999478,-0.011034239745577046,-0.011222855785945618
2023-05-24,-0.0063450631778795286,-0.0063508024357530335,-0.007244976801203062
2023-05-25,0.012685712945372796,0.0129500502453046,0.008659974205849963
2023-05-26,0.015366178451831747,0.015341348996851023,0.012950614142771322
2023-05-30,0.0024321989724456206,0.002427497000410783,0.00038094755315953854
2023-05-31,-0.0030819608984309355,-0.0030751232484710345,-0.005545075901445484
2023-06-01,0.007267056235322089,0.007257527672593689,0.009500908800490038
2023-06-02,0.003093152207060079,0.0030867956134423835,0.014461233260247175
2023-06-05,-0.0010778152180267453,-0.000514961230901223,-0.0019162754404428162
2023-06-06,0.0030691778575260287,0.0030771737624284423,0.0021773465805001724
2023-06-07,-0.010966481042758103,-0.01095312758051703,-0.003457747919944909
2023-06-08,0.00990751895404407,0.009906249233363695,0.006048777892504242
2023-06-09,0.0032647176591502625,0.0032637243067350497,0.0017940375917500084
2023-06-12,0.015555541208090107,0.01554808357156201,0.009072232058388474
2023-06-13,0.006799245646917251,0.006801381307846022,0.006592724483602375
2023-06-14,0.004196321268986614,0.004185796387583318,0.0011908993826885705
2023-06-15,0.011940916233691423,0.01193709943419563,0.012397742935372325
2023-06-16,-0.005652682479628912,-0.005646630489664628,-0.003406357713433228
2023-06-20,-0.002237142623679911,-0.002230452263868754,-0.005188097342600506
2023-06-21,-0.011293211324700625,-0.011286357221490406,-0.005123776103645006
2023-06-22,0.008925762569256035,0.008923672170510821,0.003609692901580086
2023-06-23,-0.008522171498650533,-0.008521449990618435,-0.007560147406906026
2023-06-26,-0.009577252751586385,-0.009575046583251146,-0.004085625431801576
2023-06-27,0.017335378470972884,0.017332745967397534,0.010963225363546103
2023-06-28,0.0022669642545734003,0.002268118519869633,0.0005045435126189712
2023-06-29,-0.0001618467934340062,-0.00015844132822040446,0.00394131384987384
2023-06-30,0.013302267834221837,0.013298178069252486,0.011800572328192871
2023-07-03,0.003240090432625964,0.003248282798775204,0.0011508634807269047
2023-07-05,-5.67364225506628e-05,-5.3827767148351136e-05,-0.001487497557271067
2023-07-06,-0.008313795371517996,-0.008322388632594935,-0.007830526958561679
2023-07-07,-0.0025532531942915604,-0.0025492082595469645,-0.0025247215782113752
2023-07-10,0.0011915512642535209,0.0011933414064755343,0.0025311119311206554
2023-07-11,0.007668581753099701,0.007672973995983767,0.006368466628352332
2023-07-12,0.01070091003135687,0.010696584927882835,0.008045997552762918
2023-07-13,0.01255094601480522,0.012543024657907464,0.00793677916637292
2023-07-14,-0.0018106518520791814,-0.0018080794802231015,-0.0006227376226836112
2023-07-17,0.0054769896370898685,0.005468317748017926,0.0034721444237921784
2023-07-18,0.007677293405260244,0.007672323186246999,0.007430715158172951
2023-07-19,0.0010384113710562026,0.001043616970342054,0.002223784015379593
2023-07-20,-0.02090357112633201,-0.0209026550482454,-0.0066347138160964825
2023-07-21,-0.002623571649955414,-0.002620996696234834,0.0
2023-07-24,0.0031628149652398463,0.003167632174563506,0.004467409289567792
2023-07-25,0.004592590951880471,0.004581534111597341,0.002729993969081246
2023-07-26,-0.0006796365806177596,-0.0006698096935291442,0.00015374415118563078
2023-07-27,-0.0027400511773264524,-0.002747728746376188,-0.006629990322230217
2023-07-28,0.015718773147340492,0.015715536206933,0.009790364480256608
2023-07-31,0.001977533127445641,0.0019805778564316867,0.0019040052219061465
2023-08-01,-0.003090207321087224,-0.0030987003289969506,-0.0028616097156412
2023-08-02,-0.019680495395896558,-0.019671421215188944,-0.013910702781173678
2023-08-03,-0.0017909279716044058,-0.0017876848758345831,-0.0028660024454674193
2023-08-04,-0.0024080901228952234,-0.0023905373377713923,-0.004522727226096257
2023-08-07,0.009048455587877147,0.009052939762735024,0.008728489892785296
2023-08-08,-0.00633344655580903,-0.0063312466383569355,-0.004348534332770382
2023-08-09,-0.010715560809865132,-0.010712344161002085,-0.006685141443425913
2023-08-10,0.0022569312122071583,0.0028699648508352382,0.0003587694663247376
2023-08-11,1.0806499787241464e-05,1.2357250553707289e-05,-0.00058311176439374
2023-08-14,0.004582346957735295,0.004577744123773098,0.005520062860039143
2023-08-15,-0.013013877127339035,-0.013014850789651033,-0.01164891620717301
2023-08-16,-0.009223211603457071,-0.0089402052827382,-0.007338096957553941
2023-08-17,0.0009018966526821437,0.0015117964387116878,-0.007619726040616448
2023-08-18,0.0008419239307799753,0.0008408583026755512,0.000481185998659317
2023-08-21,-0.0017003587932155062,-0.0014073449694739226,0.0065063091912958
2023-08-22,-0.0015693097329957384,-0.001566493104572686,-0.0027086347726138493
2023-08-23,-0.0005085107043117931,-0.0005075965871945698,0.01113785500893627
2023-08-24,-0.0013875636184269569,-0.0013850680174406493,-0.013859223013909405
2023-08-25,0.001945280450680098,0.0019417769160785525,0.007049714555938724
2023-08-28,0.0013636728801289522,0.0013612216058564997,0.00634146119651513
2023-08-29,0.0005539738469726441,0.0005529794032821389,0.0144547211801207
2023-08-30,0.0010150271689719492,0.0010132060911225427,0.004118917872557137
2023-08-31,0.0001382812958230506,0.00013803345406637746,-0.0014634035059158945
2023-09-01,0.0041937125886466475,0.004186197229181898,0.0018650764885848048
2023-09-05,0.0004811988835533576,0.0007795850516525427,-0.004321737613855237
2023-09-06,0.0005712515227305204,0.0005709165805369842,-0.00672252394009365
2023-09-07,-0.000605646577171326,-0.0006050973726444697,-0.0030701693208237124
2023-09-08,0.0024179830091970445,0.0024136598589150626,0.0015060113029727873
2023-09-11,-0.0015724982398686027,-0.0015670990206964053,0.006576583948365355
2023-09-12,0.005622897965240403,0.005612463366201359,-0.005485455170274323
2023-09-13,-0.0009598583979947284,-0.000956736301665595,0.0011659429869188553
2023-09-14,0.004132922753957047,0.00412731645591391,0.00862226838997282
2023-09-15,-0.003541749964231844,-0.0035352624938764787,-0.012048198717856895
2023-09-18,0.0016981365673391924,0.0016944676415249216,0.0005863179581946376
2023-09-19,-0.0018131418137784516,-0.0018090995507096252,-0.002073700242464338
2023-09-20,-0.003620827428074347,-0.003616278204220169,-0.00919336180636987
2023-09-21,-0.0034964020205082713,-0.0034902588428172843,-0.01652842718934655
2023-09-22,0.0005070151829515979,0.0005062415814713894,-0.0022485835771975937
2023-09-25,0.001629770632175953,0.0016246581056416076,0.004205286191780955
2023-09-26,-0.001439887673387985,-0.0014373160762142234,-0.014691274582096181
2023-09-27,0.0062976424913205875,0.006286506929284341,0.00039922850002582777
2023-09-28,-8.716432011057762e-06,-9.123228603691302e-06,0.005797235571361581
2023-09-29,-0.00641843761916705,-0.006408952159798975,-0.0024268410510679406
2023-10-02,-0.005681324600584237,-0.0056721979595973915,-0.00039758620536511913
2023-10-03,-0.0010243440791257719,-0.0010237776619118621,-0.013386233602487696
2023-10-04,-0.012026847332421098,-0.012011578065832085,0.0072819807960526894
2023-10-05,-0.005117167188114835,-0.00452124002816312,-0.0003767538409181759
2023-10-06,0.0,0.0,0.011872889791437746
2023-10-09,0.0,0.0,0.006402109308006887
2023-10-10,0.0,0.0,0.00520488106930217
2023-10-11,0.0,0.0,0.004096306420702467
2023-10-12,0.0,0.0,-0.006096438609385357
2023-10-13,0.0,0.0,-0.004980692946559007
2023-10-16,0.0,0.0,0.010521293502573803
2023-10-17,0.0,0.0,-4.593770614802484e-05
2023-10-18,0.0,0.0,-0.013325159481198057
2023-10-19,0.0,0.0,-0.00878627754271677
2023-10-20,0.0,0.0,-0.012288140278315818
2023-10-23,0.0,0.0,-0.0017330258208603233
2023-10-24,0.0,0.0,0.007539297844937565
2023-10-25,0.0,0.0,-0.014352274963949085
2023-10-26,0.0,0.0,-0.011974642931195767
2023-10-27,0.0,0.0,-0.004532795672202217
2023-10-30,-0.000774277458810313,-0.000474277458810235,0.011955898365193729
2023-10-31,-0.001089568218143211,-0.0010892411925769174,0.006280381790441103
2023-11-01,-0.0006263710396628985,-0.0006261828341855846,0.010664691247419755
2023-11-02,0.0006591810130351927,0.0006589828250551655,0.019164236800371937
2023-11-03,0.0007235388435433698,0.0007233214491324524,0.00912348368318261
2023-11-06,-0.001553934635432852,-0.0015534680778535037,0.0023004516022138155
2023-11-07,-0.000821426450128282,-0.0008211794390832194,0.002845922811025803
2023-11-08,-0.0019686834601602143,-0.001968090971063541,0.0007324199123484032
2023-11-09,0.0007803608296843567,0.0007801255114912031,-0.007798728101199526
2023-11-10,-0.0021443272016649084,-0.0021436810827933916,0.015604954192212084
2023-11-13,0.00044976049284328745,0.0007493969405256706,-0.0009533215038347587
2023-11-14,0.005738209317702525,0.00573596413070665,0.01940078393032696
2023-11-15,-0.0019055645790335696,-0.0013048480958658404,0.00211712476939363
2023-11-16,0.0042900630624733704,0.004285855005858208,0.0012231032171463596
2023-11-17,-0.0004252369782512533,-0.0004248449331539783,0.0012437485749885457
2023-11-20,0.008087035951496624,0.008381842453733412,0.007697646973265915
2023-11-21,-0.001492460037132548,-0.0014920269661066188,-0.002179472264966731
2023-11-22,0.003316066195868883,0.003314192412060102,0.003860856688096659
2023-11-24,0.0002888227969386481,0.0002887304847674077,0.0006152583229561692
2023-11-27,-0.0007764782196943987,-0.0007773010279894521,-0.0018008540764695713
2023-11-28,0.003986809237313427,0.0039815070135418296,0.0009900947357734946
2023-11-29,0.00022587557637132605,0.00022694603698480975,-0.0007033709637728203
2023-11-30,5.34230598439045e-05,5.617877686225903e-05,0.003937389890417808
2023-12-01,0.006402038725043413,0.006395769238096927,0.005915855135181891
2023-12-04,-0.010853820143422732,-0.010841156101323413,-0.005249354505640236
2023-12-05,-0.0009773996929682838,-0.000977512352612342,-0.00019712999514065466
2023-12-06,-0.0036561721902919064,-0.0036539203904434325,-0.004029729599363874
2023-12-07,0.010614243053918893,0.010604841356206984,0.007630517058181185
2023-12-08,0.0019476985557984605,0.0019481867228434702,0.0042990810778074096
2023-12-11,0.0010235031414520535,0.0010246760112122555,0.003889562713336847
2023-12-12,0.005124997074601678,0.005121654272953524,0.0045670463737026434
2023-12-13,0.013857247992402844,0.013845344546862037,0.013790217632763557
2023-12-14,0.0033550322000106547,0.0033537304608806107,0.0032093987584638217
2023-12-15,-0.0015004734419695742,-0.0014996789753196627,-0.0016465279846737957
2023-12-18,0.005854543189859784,0.005849456550942156,0.0056250888080024986
2023-12-19,0.006660967286946873,0.006655804091999951,0.006080888558689157
2023-12-20,-0.01229137328699137,-0.012283112592116896,-0.013857292868214244
2023-12-21,0.009932466703639342,0.00992443209555871,0.009481935526338248
2023-12-22,0.001890960339266945,0.001889199935374064,0.0020097867761843524
2023-12-26,0.0051394190498381676,0.005134726316182947,0.004222440322714682
2023-12-27,0.0019624316230761885,0.0019609160821616456,0.0018080853378115158
2023-12-28,0.00014271091385764656,0.00014383003791507143,0.0003777903707899988
2023-12-29,-0.0036334061228591175,-0.0036306215898551653,-0.002895034567458543
2024-02-13,0.0,0.0,0.0
2024-02-14,0.0,0.0,0.002079880538861767
2024-02-15,0.0009542336674059904,0.0012542336674059573,0.006899796528982094
2024-02-16,-0.001202226893919911,-0.001201866677647101,-0.004979972192162618
2024-02-20,-0.0006272824041877456,-0.0006270942290369508,-0.005505360843228391
2024-02-21,0.0007973157935816655,0.0007970764609241954,0.0009057847460316459
2024-02-22,0.0024747470786905534,0.002474004818124431,0.02069547359013213
2024-02-23,0.001065246225013805,0.0010649275100513833,0.0006896938035239053
2024-02-26,-0.0003040150130040331,-0.00030392415038871246,-0.0036624892391067254
2024-02-27,0.00030410746623932283,0.00030401654835987557,0.0018575652385470764
2024-02-28,0.0006925165050715165,0.0006923095289086412,-0.0013215656359363281
2024-02-29,0.0006245562801578952,0.0006243697447763097,0.003594930678976649
2024-03-01,0.0008771322398883896,0.0008768704314510156,0.009388320968662489
2024-03-04,0.0007415507000030352,0.0007413295541698339,-0.0010724808912874195
2024-03-05,-0.001684098504529108,-0.001683596643392904,-0.009993971737729868
2024-03-06,0.0010627976304702358,0.001062480382796771,0.005067159247770681
2024-03-07,0.0016514292685438914,0.0016509368360970722,0.009926370346830415
2024-03-08,-0.00045422624080326823,-0.0004540910203142401,-0.0060021153687100925
2024-03-11,-0.0010603872544207027,-0.0010600714399430222,-0.0008599654929838385
2024-03-12,0.0009098700780085789,0.0009095988043987813,0.010757433934536875
2024-03-13,0.0005555403166859207,0.0005553748353981369,-0.001567579929561247
2024-03-14,-0.0008748862079118735,-0.0008746257462841633,-0.001976722296110567
2024-03-15,3.3641526827610235e-05,3.363150266988413e-05,-0.006866621980632703
2024-03-18,0.00036487504988858,0.000364766331813815,0.005943123520944171
2024-03-19,0.001772888070680878,0.0017723600140304718,0.0055572273176931475
2024-03-20,0.00249455332845705,0.002493811637563903,0.009249402694908149
2024-03-21,0.0020679457934613676,0.002067332472787786,0.0033045469982364573
2024-03-22,-0.0007214410590047349,-0.0007212275321982764,-0.001895828125221044
2024-03-25,-0.0013600123392913943,-0.0013596095223421534,-0.0027627018670887127
2024-03-26,-0.0007566031724617339,-0.0007563787719112591,-0.0018470850305899456
2024-03-27,0.0033483792436930226,0.003347385397870717,0.008403901287043603
2024-03-28,3.351821284502954e-05,3.350829736126215e-05,-0.0001911530432039399
2024-04-01,-0.0016265973115815457,-0.0016261161415728198,-0.0017398673121423736
2024-04-02,-0.0009741886452492299,-0.0009738999973831763,-0.006357919615774921
2024-04-03,0.0010760049621956203,0.0010756858357996446,0.0010984169872829685
2024-04-04,-0.0018474362912505038,-0.0018468889590352866,-0.012206156048329309
2024-04-05,0.00289404972210372,0.0028931907276421587,0.010447018952042697
2024-04-08,-0.0003690923369005228,-0.0003689831011690625,0.0005592485270637937
2024-04-09,-0.0004867050331730516,-0.0004865609358851719,0.0011566969768881386
2024-04-10,-0.0017967253655312154,-0.001796193155530812,-0.010012983815937404
2024-04-11,0.00023551689065537396,0.00023544700240485383,0.0075467194311447106
2024-04-12,-0.002236817310181771,-0.002236153704060051,-0.013803096677538873
2024-04-15,-0.0014833024385745297,-0.0014828613946783475,-0.012528035229721457
2024-04-16,-0.00047265309807420497,-0.0004725123510923579,-0.0018237698460003005
2024-04-17,-0.0010640056635449202,-0.0010636886733861317,-0.005918270721091967
2024-04-18,-0.0007100837613615019,-0.0007098719868831038,-0.0020577941117486676
2024-04-19,-0.0003721887913838984,-0.0003720777114192275,-0.008728310287310914
2024-04-22,0.0015401724052879207,0.0015397125688287883,0.009209223639820463
2024-04-23,0.002855940611544705,0.0028550892479761725,0.011866617014163916
2024-04-24,0.001090367559535732,0.001390803002854879,-0.0004747747414119985
2024-04-25,0.0011697049385837044,0.0011691689561552643,-0.0037987587828580693
2024-04-26,-0.0018791483942300902,-0.001878685666661939,0.009473829310949533
2024-04-29,0.004117751832651395,0.004116106416113485,0.003541505391073674
2024-04-30,-0.004347850914075857,-0.00434557688602466,-0.015841202983064906
2024-05-01,0.0018364136579867019,0.0018360119690405963,-0.0032472021430119957
2024-05-02,0.0022700803029598315,0.0022690490757941717,0.009353443441858289
2024-05-03,0.003377108751237534,0.003676828495130957,0.012395256153737932
2024-05-06,0.0033191826071541364,0.0033166389719705425,0.01032693850317501
2024-05-07,0.0017833074225228618,0.001781741689955707,0.0011034264304019548
2024-05-08,0.0013686949888926936,0.0016664935029062633,9.672134683258449e-05
2024-05-09,0.007592412363557566,0.007586238697142589,0.005761896410399592
2024-05-10,0.0009423335347593653,0.0012163438445547126,0.0012880452787931151
2024-05-13,5.0088968229111686e-05,5.039615310797885e-05,0.00013421871437158117
2024-05-14,0.002570289094395717,0.002575195862219992,0.004588035509807353
2024-05-15,0.008743725840779426,0.008744989542157189,0.012383318564627155
2024-05-16,0.0002622083229979477,0.0002584120396746936,-0.002057648556520575
2024-05-17,0.0014273384050051963,0.0014291755971063136,0.0014374286500424827
2024-05-20,-0.0019332405264989028,-0.0019313754570244868,0.0011521851699716201
2024-05-21,0.000877830891677478,0.0008756669517919757,0.002452510759074933
2024-05-22,-0.005452452693107124,-0.005456715402767043,-0.0028793330278348295
2024-05-23,-0.010789055436001505,-0.01078296507734633,-0.007304094973099917
2024-05-24,0.005754748367116536,0.0057568104531990905,0.006616635547303185
2024-05-28,-0.00459757548277262,-0.0045928602876085245,0.0006985875025948829
2024-05-29,-0.012961429971848792,-0.01296378591762637,-0.007002465409604697
2024-05-30,0.005771971658194985,0.00577378842329157,-0.006633746666733664
2024-05-31,0.00919369325187458,0.009193561288279417,0.009108165895193476
2024-06-03,-0.0024634294708758553,-0.002456256994311845,0.0008153583340810844
2024-06-04,-0.0018409992769202743,-0.001839776124915371,0.0011178083574776565
2024-06-05,0.00481709914290529,0.004818921036617407,0.01188508170131497
2024-06-06,-0.0011698938637800804,-0.0011638626994548984,-1.8686534095868623e-05
2024-06-07,-0.007360744483138504,-0.007364904255950266,-0.0012154701067454976
2024-06-10,0.004214080385162466,0.004208381884589718,0.0030894414176951823
2024-06-11,-0.0053262349360200245,-0.005331911749022256,0.002408336857466553
2024-06-12,0.0025116921442875917,0.002519855239393687,0.008213376461439381
2024-06-13,-0.0037157896289279346,-0.0037261684831124686,0.0020131698731635783
2024-06-14,-0.004005874696361822,-0.004011912531124429,0.0006085063699716731
2024-06-17,0.0024992071348231004,0.0030463502979465318,0.007958910221575577
2024-06-18,0.0026451233848077127,0.0032643699654779645,0.0025407121528531196
2024-06-20,-0.004103770908727933,-0.004109103449212559,-0.002716544837253032
2024-06-21,-0.001337401322701881,-0.0013348825833233713,-0.0013404904271936413
2024-06-24,-0.0010649585632497294,-0.0010633055917949052,-0.003250874173535423
2024-06-25,0.00029427918214142146,0.00030197544705234947,0.0038509684777763287
2024-06-26,-0.004271589169333456,-0.004285170290792006,0.001248036721894108
2024-06-27,0.00031189245874463367,0.00031710480437752153,0.0015764724631710525
2024-06-28,-0.003953963301962071,-0.003975086634113056,-0.003935092412651997
2024-07-01,-0.004801311674181741,-0.004814883526848335,0.002058070220223307
2024-07-02,0.005560065701566641,0.0055618432042499055,0.0067297191878716855
2024-07-03,0.008477434127004413,0.008483555386083808,0.004462763358313637
2024-07-05,0.00469801227568345,0.004703166326782027,0.005766491290519538
2024-07-08,0.0017457192994694282,0.0017471936795434573,0.001153687531366021
2024-07-09,-0.0015182751910407521,-0.0015217922089728608,0.0009724431209321427
2024-07-10,0.007378496294062398,0.007371819658795742,0.009895287551016096
2024-07-11,-0.00031391872313746294,-0.00030763291631374923,-0.008622664527645485
2024-07-12,0.00545705661843221,0.0054547088622451945,0.006307644912908028
2024-07-15,-0.003616538430002647,-0.0036274727712615196,0.0027502945306061566
2024-07-16,0.010128225377184386,0.010125902072929627,0.005930227551637746
2024-07-17,-0.011112409337675322,-0.01109854089234874,-0.014021344049971574
2024-07-18,-0.005958671224485235,-0.005957751484446661,-0.007684830624340222
2024-07-19,-0.007910169383574694,-0.007907126164847122,-0.006640697294749476
2024-07-22,0.005696373395115417,0.005973673723983497,0.010309899385924082
2024-07-23,-0.003189827154768121,-0.00318466854339583,-0.0015686753676522613
2024-07-24,-0.009633884655991687,-0.009625661673877017,-0.022662373657600487
2024-07-25,0.0017536855783000238,0.002062200590667418,-0.005210401360493
2024-07-26,0.007098380582899688,0.0070903401478861205,0.011199677243803441
2024-07-29,0.0006891010867937641,0.000695770619568048,0.0005877660449544742
2024-07-30,-6.887090756613201e-05,-6.356612512115056e-05,-0.005066489846381805
2024-07-31,0.004456800785499704,0.004762095866605254,0.01625464939413712
2024-08-01,0.003239863728861092,0.003562396712421867,-0.01416089772791107
2024-08-02,0.006431160535166347,0.006472233301248798,-0.018618465583101207
2024-08-05,-0.01159207115605354,-0.011576131698269654,-0.029123731060897606
2024-08-06,-0.0006646131669817423,-0.0006944711726013519,0.009219621998645566
2024-08-07,-0.0017376321738145073,-0.0017376829063601162,-0.006683908795014903
2024-08-08,0.0050120727677565036,0.004983557615813705,0.02311740208643176
2024-08-09,0.003675490998421127,0.0036853217693142426,0.004409783108547893
2024-08-12,-0.0004965662518809921,-0.00048535280430206384,0.0005251819392881885
2024-08-13,0.0064611241377607875,0.006459438809529372,0.016445457845939204
2024-08-14,0.003093281156659966,0.00309280826942282,0.0031548723144527724
2024-08-15,0.002091759812292704,0.0020677375210544913,0.017140221567987224
2024-08-16,0.002194942553033652,0.002200048152841916,0.0022420117925041616
2024-08-19,0.004389609189238364,0.0043907381766670195,0.009561331973907183
2024-08-20,0.0023224390067821954,0.0023276092478992094,-0.0016259572939691935
2024-08-21,0.004580378563205034,0.004575749455649092,0.0034366969502579447
2024-08-22,-0.0035791671219096433,-0.003586972998466109,-0.007848785276715065
2024-08-23,0.005364106963251958,0.005361751724872965,0.010625422141984586
2024-08-26,0.0018105850330187856,0.001808510773725791,-0.0023837106752642168
2024-08-27,-0.001333685072711699,-0.00134174611893223,0.0013729062119203217
2024-08-28,-0.001314722363834231,-0.0013128838880327454,-0.005804990250471764
2024-08-29,0.0005533477212515958,0.0005509180555163251,8.930257271066999e-05
2024-08-30,0.002731161178643138,0.0027122887659225547,0.009546108600853476
2024-09-03,0.0007637667567652606,0.0007912066472550716,-0.02057890461708045
2024-09-04,0.006440810542691633,0.006453607613778889,-0.002046808041376802
2024-09-05,-0.0021840433346648203,-0.002168747509544433,-0.002432422016352409
2024-09-06,-0.004134127200548732,-0.004130553417047267,-0.01683006116965957
2024-09-09,0.007844107676440615,0.007837046250221968,0.01119600514425767
2024-09-10,0.0033978109539036794,0.0034054775998382247,0.0043558432423733695
2024-09-11,-0.0012572819261409407,-0.0012518636603946476,0.010259216180270592
2024-09-12,0.002095389915079071,0.0020824513510409037,0.00842313754247681
2024-09-13,0.007261465839626169,0.007259429512640914,0.005222868726185936
2024-09-16,0.005645147028092934,0.005651495837843967,0.0014766934860208636
2024-09-17,-0.0022575932671491383,-0.0022609799885470183,0.0004087469851710157
2024-09-18,-0.005667039908797689,-0.005679739185678878,-0.0029659591584654255
2024-09-19,0.00042882503386554305,0.0004122106708965845,0.017064470201915594
2024-09-20,0.004015583011159007,0.004029835032660856,-0.0017287267010225316
2024-09-23,0.004124549315753789,0.0041195009063697,0.0024988464537973876
2024-09-24,-0.00025846687172015326,-0.00026728118252905553,0.002861468217643548
2024-09-25,-0.0027497209643189136,-0.002748695869528306,-0.002205585632772289
