date,strategy,strategy_no_costs,spy
2016-01-04,0.0,0.0,0.0
2016-01-05,-0.0018837625330209162,-0.0012837625330208713,-0.001696032353380561
2016-01-06,-0.013854505946297668,-0.013550901626198653,-0.012614485248228502
2016-01-07,-0.004261557746211397,-0.0036664810803128667,-0.02399165666307046
2016-01-08,-0.011038919046534201,-0.011023761269888799,-0.010976423005055191
2016-01-11,0.01163569398663511,0.011621501778767751,0.0009899369800312474
2016-01-12,0.005368545084192711,0.0053595992926041,0.008068257461905537
2016-01-13,-0.03175766671559921,-0.03172711400504802,-0.024940557490074844
2016-01-14,0.012447951849417382,0.012436333325329008,0.016416903819580053
2016-01-15,-0.01549286295080321,-0.015478178414950361,-0.021465794264166616
2016-01-19,-0.0006992248809996049,-0.0007009420699615188,0.0013307986811228467
2016-01-20,-0.007823575029570429,-0.007817566555373134,-0.012814743733104872
2016-01-21,0.016740795500190364,0.016718855612376515,0.005601902524081437
2016-01-22,0.020028014589539955,0.02001013353167358,0.020514910830279343
2016-01-25,-0.016318268921276746,-0.016293879113425946,-0.015116452597792374
2016-01-26,0.03554452618076365,0.035499996319816374,0.013643113984610045
2016-01-27,-0.0018023626599794618,-0.0018052050794677976,-0.010883131118148204
2016-01-28,0.014444209113679607,0.014424435942068659,0.005208630204326381
2016-01-29,0.0366975488397967,0.03666071262861692,0.024377583756477472
2016-02-01,0.001800445379714688,0.001802211772858442,-0.0003612558403183197
2016-02-02,-0.005476306327588887,-0.005474427733788256,-0.018022003062555303
2016-02-03,-0.003342105334239065,-0.003340069727207462,0.005994785334435315
2016-02-04,-0.001529475151299975,-0.001526343143130715,0.0015686784081219152
2016-02-05,-0.0286917278574228,-0.028663841130023515,-0.019050344565891275
2016-02-08,-0.02867505360418754,-0.02864635082467204,-0.013461321808526883
2016-02-09,-0.01292602937704368,-0.012449716325370508,5.39181149210588e-05
2016-02-10,-0.005475921683942064,-0.005468122540495446,-0.000862545476890908
2016-02-11,-0.00678077443509284,-0.006723905949817088,-0.013008307955313714
2016-02-12,0.01885362365480092,0.01886836849221485,0.02061686373902094
2016-02-16,0.0059750869347179325,0.0058827121717188735,0.016878659382641548
2016-02-17,0.008847236754632393,0.00885015619114804,0.016334528419140515
2016-02-18,-0.0017844479839069782,-0.0017711311783694672,-0.0040959136720886136
2016-02-19,-0.004767119806385889,-0.004772920868354902,-0.00046831859644203
2016-02-22,0.010509431258534319,0.010512940718007346,0.01447893998139449
2016-02-23,0.0027789063128760283,0.0027897028257404255,-0.012629545081511373
2016-02-24,0.03113346602365752,0.031099204738130437,0.004575787488583227
2016-02-25,0.019997747178161163,0.01998332704047434,0.012112053469631956
2016-02-26,-0.014435647807559349,-0.01444669635394047,-0.002301762918790473
2016-02-29,0.013381215064408147,0.013388451225285092,-0.007842802802899618
2016-03-01,-0.008038133888879195,-0.008054750364169472,0.02350713697563811
2016-03-02,0.0049079455095804025,0.004952315493469195,0.004492702998206477
2016-03-03,0.0013875619133325579,0.0014224173154235853,0.003919436509997265
2016-03-04,-0.005448732494326092,-0.0054814730719026095,0.0032535816508312276
2016-03-07,0.01032575584349349,0.01033477218391754,0.000798174328986212
2016-03-08,-0.013332801311128462,-0.01334871741794108,-0.010917683104429088
2016-03-09,0.007792709060431946,0.007796114897939299,0.004939559624523415
2016-03-10,0.015354224639939629,0.015401967121287718,0.0008024687425773891
2016-03-11,0.004818983416872147,0.004768463234357423,0.016137166139512216
2016-03-14,-0.0020664107724629455,-0.002095212708317362,-0.0012824304522421892
2016-03-15,-0.005448542640525855,-0.005421290576704707,-0.0016295800634807955
2016-03-16,0.00958158444600632,0.00963870520136112,0.005787016158250946
2016-03-17,0.006557288061728173,0.006538901530001473,0.006344340839048446
2016-03-18,-0.004729491599161029,-0.00470224401850039,0.003929619049156008
2016-03-21,-0.007065987619181646,-0.0070509050945462,0.0014189751583075783
2016-03-22,-0.005558784760193114,-0.005572665733314608,-0.0005373811045408239
2016-03-23,-0.027194508991640554,-0.02729704217744955,-0.006599496003831251
2016-03-24,0.007641139797871288,0.007655527160573605,-0.0004429070120902656
2016-03-28,0.0024459369205207526,0.0024606859750604393,0.0005906266152029271
2016-03-29,0.016042309036413682,0.016092296636021963,0.009250116039449807
2016-03-30,0.02743085516831556,0.027365192218466117,0.004387741183200289
2016-03-31,-0.004879170889757756,-0.004881776364117019,-0.0024269460670182097
2016-04-01,0.004977013615953263,0.004969849497233447,0.006811612405701606
2016-04-04,-0.00826132398187518,-0.008265347029302594,-0.003237644577584353
2016-04-05,-0.0125811053188003,-0.012504080879676471,-0.009987878363535319
2016-04-06,0.0037627097251911046,0.004277188798862186,0.010921229555514556
2016-04-07,-0.006686256487355768,-0.006669923979964021,-0.011965876094902295
2016-04-08,-0.007088197276186259,-0.007008557875932575,0.002696656660856167
2016-04-11,0.007715888814094907,0.007830272612900036,-0.002347182247036672
2016-04-12,0.0010208270125402485,0.0009901299771051253,0.009312696375750384
2016-04-13,0.002065530054124798,0.0019954864705509223,0.01010118985056141
2016-04-14,-0.01217321837260632,-0.012209696905681189,4.807860452626933e-05
2016-04-15,0.004746682274434644,0.004763410139304813,-0.0011055811803354354
2016-04-18,0.0047851140870296405,0.004765228478353256,0.007026646978166573
2016-04-19,0.01384621327206581,0.013895728534969232,0.003154382541953993
2016-04-20,0.0009977538293295396,0.0009695259677591217,0.0009526097913528098
2016-04-21,0.0035703638352031497,0.003662771288407418,-0.005378407481038239
2016-04-22,0.0005465024007900166,0.0005064368852412127,0.0
2016-04-25,-0.003332307073362184,-0.0033411668597055355,-0.001722622826713316
2016-04-26,0.016180834033856284,0.016191295808561268,0.0014859918465575106
2016-04-27,0.005464067683064178,0.005479958556600328,0.0020581895397211447
2016-04-28,0.0006999189391116989,0.000753592108440948,-0.009075855016367651
2016-04-29,-0.00475689343171426,-0.004653971604284379,-0.005398993606777758
2016-05-02,-0.00491862714773017,-0.004432333643020425,0.007948711667605579
2016-05-03,-0.03101537226346296,-0.031002236363073865,-0.008703395220749033
2016-05-04,-0.01808306123195713,-0.018132736149216067,-0.005578124875502022
2016-05-05,-0.014572915074454906,-0.014047311182919242,-0.00019494317063184496
2016-05-06,0.016658415069971566,0.016707913003220387,0.0036589354661609175
2016-05-09,-0.02094222117403577,-0.02103515222304997,0.0008263948659976705
2016-05-10,0.0092269659162032,0.00925422841893031,0.012433645127915005
2016-05-11,-0.01073869000942107,-0.010649498690315062,-0.009354657246744003
2016-05-12,-0.010219978710016342,-0.009586754937257469,0.00029065450061227516
2016-05-13,-0.002203199418502999,-0.00216230270985196,-0.008714392279523309
2016-05-16,0.02159623362763985,0.021643152585478997,0.00986537874102833
2016-05-17,0.0008370479685397836,0.0008244441311529016,-0.009333568801133452
2016-05-18,-0.03487946810653508,-0.034924827247012846,0.0002928193693976233
2016-05-19,0.01077714521383144,0.010765189765096883,-0.0034649692167176838
2016-05-20,0.005304871092767671,0.00526626487963644,0.006317380850532128
2016-05-23,0.002227720722644211,0.0022315936334056374,-0.0013622931008568928
2016-05-24,-0.013343701405466923,-0.013425097677770337,0.012962077943646344
2016-05-25,0.01850378020292398,0.018510404372990452,0.006783149285816359
2016-05-26,-0.0024275068394327137,-0.0024163927490580273,0.0002869660238955518
2016-05-27,0.0029587345262671594,0.002922848132340894,0.004298857794156508
2016-05-31,-0.0014732015534187903,-0.0014621598107517064,-0.0019026541682207743
2016-06-01,0.002803760452616544,0.0028035632600924565,0.002049252249170852
2016-06-02,0.0035169763064457626,0.003493437992475812,0.003043726472393482
2016-06-03,0.03247097146609712,0.03257748083420364,-0.0029870750654420464
2016-06-06,0.011302555627624722,0.01125755877205381,0.00508863170935725
2016-06-07,-0.007463842487337891,-0.007455635876583044,0.0015610184225285373
2016-06-08,0.020786583057559538,0.020750857807072753,0.0032597519890360527
2016-06-09,-0.003806546608418948,-0.0037851067707157515,-0.0013655892089041721
2016-06-10,-0.014483665480174213,-0.014449533732914355,-0.009477548339113961
2016-06-13,-0.0021864932207474874,-0.002173202402451002,-0.007711728383551497
2016-06-14,-0.005774546765306421,-0.0057961276088885905,-0.00196662130130576
2016-06-15,0.016476365263425663,0.01694121398026538,-0.0013942716251797993
2016-06-16,0.002116512296479245,0.0020813207973275905,0.0029846349947801887
2016-06-17,0.007740033456802298,0.007737622145817413,-0.0037241532855220028
2016-06-20,-0.004813225143572519,-0.0048288652740754445,0.00644000255297561
2016-06-21,-0.0011477536196188298,-0.001164754453764627,0.002838254321963829
2016-06-22,0.0011261610312243153,0.0011553961951238367,-0.0016308816091090694
2016-06-23,0.002926600884380459,0.00291090975631092,0.013022457413687238
2016-06-24,-0.007083021241372944,-0.006986237659369232,-0.03590884453170007
2016-06-27,-0.0034007921979701816,-0.003362974187371748,-0.017909980653237678
2016-06-28,0.005894328063819065,0.006457327373132538,0.018035967210669357
2016-06-29,0.009901349161786754,0.009883554878211243,0.017027639966891384
2016-06-30,0.024918794176567838,0.02491826296188626,0.01364551805723635
2016-07-01,0.007447396789654004,0.007473491306270175,0.0021002757362003077
2016-07-05,0.0030081343374042113,0.0030226117202576397,-0.007193038961438969
2016-07-06,0.009432822102643845,0.009436206435527117,0.00599799182305083
2016-07-07,-0.010277056154470277,-0.010308821020865722,-0.0006203768838818347
2016-07-08,0.010727737939625781,0.010710402750661041,0.01489040289792909
2016-07-11,-0.0007139711474658528,-0.0007095415076076028,0.003527039879044125
2016-07-12,-0.013054508178565016,-0.013084629615369159,0.0072633106417812066
2016-07-13,0.01096710116117805,0.010989911242121675,-0.00013935143270060735
2016-07-14,0.0031145949005080276,0.0031170990063933424,0.005583356847290943
2016-07-15,0.000591775303719011,0.0005802395424081563,-0.001341848463770945
2016-07-18,0.003975717604509876,0.00398797927308614,0.002687386084167631
2016-07-19,-0.0023039589448962117,-0.0023006863927877985,-0.001016758635208448
2016-07-20,-0.0152586306081125,-0.015306633730240327,0.004163043655225129
2016-07-21,0.01028152608880295,0.010323905116635723,-0.0037772648740920234
2016-07-22,0.009592882034844985,0.009620629338297437,0.0044853367153681045
2016-07-25,-0.003108816010393034,-0.0031609973710842176,-0.0027159040381125044
2016-07-26,0.00012892785531803952,0.0001550293589700491,0.0004616058179740534
2016-07-27,0.0018269374224506585,0.0018593413801011316,-0.0010612283786834986
2016-07-28,0.007263924449605552,0.007265681271760638,0.0011546660301433587
2016-07-29,0.012766582156565898,0.012797443699471112,0.0016146846083799904
2016-08-01,0.004648883384157587,0.004641335089969445,-0.0008289925569322509
2016-08-02,0.0007542267700950678,0.0008083953862070281,-0.006407486542837737
2016-08-03,-0.006067580276753914,-0.006091457232543562,0.0029224828482521392
2016-08-04,-0.0012444479567810252,-0.0012470122489189883,0.0010642761489254582
2016-08-05,-0.006706302929711083,-0.006725738061772901,0.008179127429738031
2016-08-08,0.004791110055222481,0.005218165744537817,-0.0005959863067186433
2016-08-09,-0.0005276072956068578,-0.0005061442869157551,0.0005963417182168751
2016-08-10,0.005405859037078686,0.005415269238000064,-0.002475223891997058
2016-08-11,0.003441263672014472,0.0034029104395643106,0.004640607085997894
2016-08-12,-0.002720476478756617,-0.0027182366611294695,-0.0008686098636662143
2016-08-15,-0.0009495752508407174,-0.0009739707203362258,0.0028834706471354554
2016-08-16,-0.010686561325874089,-0.010698729766715265,-0.005157586969937289
2016-08-17,-0.007292380960595479,-0.006749126316304088,0.001881134728282996
2016-08-18,0.007949323703870581,0.007926449764332766,0.0022437977310709734
2016-08-19,-0.0018248517478777204,-0.001845186472319349,-0.0014620751538957366
2016-08-22,-0.007098606315346867,-0.0071028105265935615,-4.568741606691962e-05
2016-08-23,-0.000915492093217285,-0.0009230169366555296,0.002013378642638841
2016-08-24,-0.022430896037060277,-0.02248735312542771,-0.0051148971780110575
2016-08-25,0.005624454135696455,0.0056246808942981286,-0.0006882237570486893
2016-08-26,-0.011969491734235893,-0.011928778698565234,-0.0018840407559921335
2016-08-29,0.009356229179273257,0.00937664320295939,0.004924529175110326
2016-08-30,-0.017071885516039886,-0.017076699498194015,-0.0016484058269221613
2016-08-31,-0.0019013589814359522,-0.0012242874845417306,-0.0028440845126229686
2016-09-01,-0.003595860321017108,-0.0035922931718710416,4.593121701135239e-05
2016-09-02,-0.012150523629033128,-0.011958626901321545,0.004508156670794072
2016-09-06,0.0007208624228909333,0.0013719442748187927,0.003022321942910855
2016-09-07,-0.0029447253974062004,-0.00293984382507273,-9.158035471046322e-05
2016-09-08,-0.007134383095143804,-0.007133023417123852,-0.0022827489610784957
2016-09-09,-0.029789001282938488,-0.02977320175382736,-0.02393511101512147
2016-09-12,0.011139725741482032,0.011690797737007319,0.01434762401130274
2016-09-13,-0.02167082260265296,-0.021646591734047038,-0.014375607561062376
2016-09-14,-0.006307607358582934,-0.006021530702222999,-0.0003753592525760352
2016-09-15,0.01687718459710652,0.01716117901327241,0.009993006445679464
2016-09-16,-0.002988319782861071,-0.002988467602611289,-0.0038655791783077653
2016-09-19,-0.008255254287254266,-0.008251755608996159,0.00018782807107675659
2016-09-20,-0.0005391636828021573,-0.0005371882927475147,4.6717958743336396e-05
2016-09-21,0.0030912166648768835,0.0030954237991760447,0.011245609198420103
2016-09-22,0.00438304669169276,0.004960671337575384,0.006301072026692278
2016-09-23,-0.011712924699275762,-0.011697612783274525,-0.005479141229618234
2016-09-26,-0.005433927365757207,-0.005430710115887805,-0.008102224875268904
2016-09-27,0.005880507532063151,0.0058786981905414315,0.006208016119474857
2016-09-28,0.01628555351557459,0.016259461732922142,0.00496315676662773
2016-09-29,-0.010256858824571613,-0.010245566497438685,-0.009046925544723305
2016-09-30,-0.004194248276095824,-0.00419362770820908,0.007546260577323993
2016-10-03,0.003889336483821504,0.0038830376375018627,-0.002404227607703091
2016-10-04,-0.009717815099428151,-0.009117558400830394,-0.005097769630561522
2016-10-05,0.016181561350062657,0.016159349889215857,0.004425268558121642
2016-10-06,-0.0052391266398641445,-0.00523176870940012,0.0006955435166293711
2016-10-07,-0.0009998199942995445,-0.0010016257185520017,-0.003429343922579875
2016-10-10,0.0035677666495879112,0.0035589038519843186,0.005208704206040471
2016-10-11,-0.019362249906663243,-0.01932930103069186,-0.01263001504307315
2016-10-12,-0.005000690914533368,-0.004992455324957401,0.0013121665482085376
2016-10-13,-0.01769291457174138,-0.01764173141858494,-0.003275615920133923
2016-10-14,-0.003938515436269885,-0.0034261569747607856,0.0005164564394535276
2016-10-17,-0.004655512093373559,-0.0046531914899374804,-0.0034722297909202116
2016-10-18,0.045679589014010036,0.0456380165044179,0.006262469117979563
2016-10-19,0.01907607530536337,0.019064222413193388,0.0026667939713751476
2016-10-20,0.00220871841721193,0.002211318285101571,-0.001866385228815437
2016-10-21,0.002796175836102366,0.002807482340666967,0.00046740612906037704
2016-10-24,0.003265076541074219,0.0032563463639994072,0.004253036908334229
2016-10-25,-0.011990946274451741,-0.011983468572956069,-0.0033509198212964275
2016-10-26,-0.011751246442723517,-0.011893428347596657,-0.002007667596653828
2016-10-27,-0.001969290775704957,-0.0019279790398772922,-0.0026667544968306256
2016-10-28,-0.0024371478553043557,-0.0024319473545296733,-0.00295551431699026
2016-10-31,-0.0033889815524321687,-0.003341169031836455,4.716140861793505e-05
2016-11-01,0.001221450143794378,0.0011985880935494464,-0.0072452815596660836
2016-11-02,-0.007460187588151923,-0.007450892260207453,-0.0060185317295770036
2016-11-03,-0.027003533046499384,-0.026329123702787727,-0.004577201362954919
2016-11-04,-0.0004657490870253467,0.0006686222198368785,-0.0011017653234726144
2016-11-07,0.017957085137408457,0.017976771782678647,0.022056955057440986
2016-11-08,0.007825002990691665,0.007830336045178576,0.004503640944656606
2016-11-09,-0.0028436495784365245,-0.002811552124811212,0.010602523452654777
2016-11-10,-0.018884710687191775,-0.018795379764399822,0.0024953268874918777
2016-11-11,-0.004328155282905755,-0.004303821139919561,-0.0023047733956615968
2016-11-14,0.005901034657755044,0.0059465166809806735,0.0007853886179332026
2016-11-15,0.009027523343797528,0.009044689247023063,0.007802763045137606
2016-11-16,0.0026721370451447957,0.00264967169027841,-0.001878104440582673
2016-11-17,0.01507709725556139,0.015095103894687822,0.005140389296738546
2016-11-18,-0.004431241878137149,-0.00441626787715188,-0.002237623088647611
2016-11-21,0.010675824706003034,0.010663155399971869,0.007551547631002187
2016-11-22,-0.003955031037651047,-0.003960428159177187,0.0019535385709430475
2016-11-23,0.0026183668898409618,0.002628771895005766,0.0005441746620840071
2016-11-25,0.003879442301564451,0.003876933152119344,0.00371518210909505
2016-11-28,-0.006986344707457737,-0.006970717443637864,-0.0046951465767332
2016-11-29,0.009122039505236934,0.009100714244753227,0.0019504527622593582
2016-11-30,-0.0058143312614067355,-0.0058324318006024445,-0.002399107003553169
2016-12-01,-0.0035660958761202233,-0.003555756017602274,-0.003675418686641563
2016-12-02,0.0071974010880977435,0.0072061616996634825,0.0005010264654594643
2016-12-05,0.0014615546626486342,0.001436158582955871,0.006008737423371935
2016-12-06,0.016950488545934617,0.016932061763574424,0.0031672418501833555
2016-12-07,0.022244634423702836,0.022289574324754424,0.013081016162097558
2016-12-08,0.0007825453735910148,0.0007822771034617926,0.0024486308589539707
2016-12-09,-0.0007262977299888895,-0.000718033852964095,0.0060402807063209
2016-12-12,-0.002790998388886079,-0.0028027479756373985,-0.0011476523492913726
2016-12-13,0.003197242733390615,0.0032015440259229866,0.0066738084134938536
2016-12-14,-0.009464728252387866,-0.009460851220935429,-0.008254006407553471
2016-12-15,0.011523134772103871,0.011548345364866819,0.004117251735652916
2016-12-16,-0.004068623267701188,-0.004088275606603964,-0.001956124392211933
2016-12-19,0.0014732767288094806,0.0014844452596805002,0.002177652528619456
2016-12-20,0.004297872399989133,0.004311642344024369,0.0038573693270460563
2016-12-21,0.0023445592192334885,0.0023285388283957875,-0.0027828182529151535
2016-12-22,-0.008407261880041594,-0.008407041568249785,-0.0017271896375231632
2016-12-23,0.0020087138953270856,0.002013532366140325,0.0014641058803039897
2016-12-27,0.005667605524162456,0.005650147304267827,0.002481414183370223
2016-12-28,-0.01189528810511642,-0.011881901535505834,-0.008264775523578405
2016-12-29,-0.00041579230461663563,-0.000411369160241537,-0.0002227478600295152
2016-12-30,-0.002014080682859243,-0.0020220489093426552,-0.0036550189132423805
2017-01-03,0.0,0.0,0.0
2017-01-04,-0.006758919961600829,-0.006458919961600751,0.00275084551898952
2017-01-05,-0.0007225885743872285,-0.0007223703885701482,-0.0007945375951906586
2017-01-06,-0.002587727270052742,-0.0025869453402550535,0.003577909182319594
2017-01-09,-0.0034721624944566987,-0.0034711105949429832,-0.003300677060958934
2017-01-10,-0.0018760455919730745,-0.0018754752600147473,0.0
2017-01-11,0.0026468556908141316,0.00264604951482994,0.0028256907647170593
2017-01-12,-0.0015686821766119907,-0.0015682056502758224,-0.002509949065789052
2017-01-13,0.00013005336192328798,0.00043067829347709363,0.0022956897302053303
2017-01-17,0.011654193447877548,0.011650287605569964,-0.0035233858801857476
2017-01-18,-0.00045825668005250453,-0.0004583169973847445,0.0022099712104712843
2017-01-19,0.002126625656927672,0.0021266073951651254,-0.003704931267826006
2017-01-20,0.00903883849712539,0.009035712455813583,0.003674519921334385
2017-01-23,0.0012130632483851045,0.0012127534031476372,-0.0026023009893492155
2017-01-24,0.0073053682116022145,0.007301667990547989,0.006411821761518777
2017-01-25,-0.0006143707467155535,-0.0006137178926310938,0.00865547847575554
2017-01-26,-0.0005845309831785661,-0.0005841012284137914,-0.001045791929342954
2017-01-27,-0.0014745361361645504,-0.0014737003996192488,-0.0015694006681764572
2017-01-30,-0.004854232851442819,-0.004852003383620351,-0.006201825094785729
2017-01-31,0.002659231396240802,0.0026588050427012178,-8.805307852055577e-05
2017-02-01,-0.003990607581918382,-0.003989052464375198,0.00039557113344046435
2017-02-02,0.005766585020317239,0.0057646705451401825,0.0006594147175433829
2017-02-03,0.0059943653679284115,0.005992317052264218,0.006892698686812304
2017-02-06,-0.004352386676825359,-0.00435135951597565,-0.0017877462933811872
2017-02-07,-0.0074681799486170375,-0.007465504548791579,4.35283709543377e-05
2017-02-08,0.005691019566634203,0.005687986714445037,0.0013106047022404255
2017-02-09,0.003834551716567658,0.0038325156724172693,0.0059326188579080785
2017-02-10,0.004027787626239565,0.0040263855890241285,0.003946183698355865
2017-02-13,0.001730842393384835,0.0017301866726651127,0.0054427883821197565
2017-02-14,0.004405897811849968,0.004403455070764339,0.00399493877253243
2017-02-15,0.008192602074752031,0.008190630983555769,0.00522084519485988
2017-02-16,-0.0075464953737531815,-0.007543601509458764,-0.0008516207220197192
2017-02-17,8.814830903070003e-05,8.805552175106257e-05,0.0015761941706546878
2017-02-21,0.0015996884279823043,0.0015988260333512638,0.005955147799732385
2017-02-22,-0.005981770705946743,-0.005979426716401615,-0.0008878789390097674
2017-02-23,0.004830547359427895,0.004828549774916979,0.0006771949125281562
2017-02-24,0.004436781090624509,0.004435876974018704,0.001268956307289848
2017-02-27,-0.006504510252637541,-0.006503480879774037,0.001562669992039245
2017-02-28,-0.0071154761203415795,-0.007112137699424981,-0.0026990730228516613
2017-03-01,0.009105489961901858,0.009101282610868067,0.013997461658209032
2017-03-02,0.0025941010375194473,0.0025933070858614737,-0.0062974429680603405
2017-03-03,0.0044529736705347656,0.004451452558610125,0.0006297170068023661
2017-03-06,0.00035666832444669616,0.00035670196191972536,-0.002978377428373591
2017-03-07,-0.007126220462503552,-0.007123091979255092,-0.0029863779617934627
2017-03-08,0.0011955821412272805,0.0011951622657964123,-0.0018567031119507416
2017-03-09,0.0057494755741984704,0.005748895634090312,0.0012681624911941025
2017-03-10,0.0021669466948899263,0.0021656708164032867,0.003504121576205277
2017-03-13,-0.002923108891356385,-0.0029235319008509286,0.000504883341382989
2017-03-14,-0.007857651964919166,-0.007854334878452107,-0.003826542521268017
2017-03-15,0.011774019055663665,0.011768904302214445,0.008653552360811112
2017-03-16,0.004305235678745412,0.004304450470233867,-0.0019671064593972387
2017-03-17,0.0008206715907184137,0.0008208748201194993,-0.0017560240802324545
2017-03-20,0.002502202341809312,0.0025018228712414547,-0.0010969834224331398
2017-03-21,-0.005689229219183578,-0.005686264679214625,-0.01283935932503033
2017-03-22,-0.0025487509724068103,-0.00224856210804103,0.0023528977341129576
2017-03-23,-0.001069945045795273,-0.0010695298613278004,-0.0010668306117275206
2017-03-24,0.00032335367756486377,0.0003241076976792101,-0.0007268422746218306
2017-03-27,0.002122751781537646,0.002689494789515523,-0.0010260180697763133
2017-03-28,-0.0029438683585780723,-0.0029412048764685395,0.0072768650983841
2017-03-29,0.008421103370794158,0.008411042816055314,0.000934799992784896
2017-03-30,-0.002943949285153513,-0.0029390726355175145,0.0031844221163634945
2017-03-31,0.0034142397778975653,0.0034099056569123487,-0.0023276304964056083
2017-04-03,-0.0019314021849907714,-0.001930408502145764,-0.001739405083699186
2017-04-04,0.0014433960523840828,0.001441486620151311,0.00063722725354598
2017-04-05,-0.004958786016718286,-0.004954523726307447,-0.00297245933100021
2017-04-06,0.017945269156024235,0.01792976073689556,0.0028110008695301225
2017-04-07,-0.007438739410065565,-0.007431206503389576,-0.001019432926068431
2017-04-10,-0.0018054613075391135,-0.001806714769687745,0.0005956206952661969
2017-04-11,-0.004994035823505771,-0.004990562816461375,-0.0011898559314651447
2017-04-12,-0.0036646153989741137,-0.003662595232859167,-0.004381821437653977
2017-04-13,-0.005375261364335304,-0.005369257719565312,-0.006494801997070532
2017-04-17,0.005005355580124826,0.005001637449059793,0.00885960282320064
2017-04-18,0.0024830613772262033,0.0024809786719495186,-0.002984367244703412
2017-04-19,-0.006876319791540908,-0.006868054222729847,-0.0018384650816789527
2017-04-20,0.0008591943471107921,0.0011661700907088512,0.008139344597635212
2017-04-21,-0.0069500446549091155,-0.006941835144426589,-0.0031869020707160356
2017-04-24,-0.0015130269886276526,-0.0008655543915498942,0.01099776044563705
2017-04-25,0.009013904128053252,0.009004594651719877,0.005818589434265498
2017-04-26,-0.006145459204422554,-0.006137181282568793,-0.000628922377870822
2017-04-27,0.011516049698321984,0.011501763473557025,0.0008390414363321774
2017-04-28,-0.008085589079109945,-0.008081805408504894,-0.002179382399111529
2017-05-01,0.011001990699835096,0.010989740663261749,0.0025201358295641185
2017-05-02,0.0006586596286501933,0.0006578193384714215,0.00037716273000909517
2017-05-03,0.0009145675668085218,0.0009134309484370995,-0.0012146134935870911
2017-05-04,0.004561119787898527,0.004554377661384557,0.0011741154995335013
2017-05-05,0.007158935186339699,0.007150252911729993,0.003936881598367581
2017-05-08,-0.0023063156768533544,-0.0023056774217679044,-0.00016704575378767572
2017-05-09,0.0016426912427380813,0.0016389601216939553,-0.0009177244124360939
2017-05-10,0.0022433522053124655,0.002239788074747784,0.0017960666612844012
2017-05-11,-0.0011213110731744802,-0.001120229999157285,-0.00204294264254945
2017-05-12,-0.0004073816229561711,-0.00040677054016746705,-0.0016709172261326621
2017-05-15,0.010260639793855386,0.01025183341545155,0.0055234185620463006
2017-05-16,0.00793664337376132,0.007927475157328612,-0.0009156479307579346
2017-05-17,-0.029833109853939277,-0.029799004089044567,-0.017743944801854705
2017-05-18,0.00784653521240064,0.007837298957910077,0.004028486722193136
2017-05-19,0.010440317681572608,0.010427669201942047,0.006504049372601628
2017-05-22,0.00599574138685921,0.005988760985529362,0.00507741280822227
2017-05-23,-0.0035932914693243,-0.003588181530838286,0.0022130998350069486
2017-05-24,0.00032580975962948067,0.00032448396642270616,0.0023326513650256953
2017-05-25,0.005312338424105834,0.005304215070663032,0.0047793295046363315
2017-05-26,0.004149693776096974,0.004143622433775418,-0.00020651590980869106
2017-05-30,0.006755948275201096,0.00674619564184753,-0.0008690386487688606
2017-05-31,0.0016233042120175067,0.0016196102658134759,-0.0002481884040724802
2017-06-01,0.003351036749558167,0.0033459569343861073,0.007952131478014213
2017-06-02,0.005569210390601542,0.005562287445440184,0.0033285322605132173
2017-06-05,0.003977596764088709,0.00397485203395509,-0.0007370751098079165
2017-06-06,0.003609047092220319,0.0036028297449777202,-0.003197072952353941
2017-06-07,0.0070006268249847015,0.006992539820820598,0.0018501068745409022
2017-06-08,0.0035583787093471653,0.0035570541420297808,0.0004927023723459989
2017-06-09,-0.03493263988836681,-0.034896682641591625,-0.0015180064115530856
2017-06-12,-0.006112973747570027,-0.005547551259578509,-0.00020526131618348042
2017-06-13,0.004404051678114751,0.0043965357515867165,0.004889637945718395
2017-06-14,-0.005710067353078774,-0.005699826444096501,-0.0012672663503431325
2017-06-15,-0.009802239598407647,-0.009787070571683931,-0.0019244196074722497
2017-06-16,-0.0030552043819390695,-0.0030472061853091814,0.00021838018204922705
2017-06-19,0.018523777472809977,0.01849056940210314,0.00832535924038269
2017-06-20,-0.003692880388483588,-0.003688650094926027,-0.006744076434880397
2017-06-21,0.007300792761017361,0.007283944728748715,-0.0002469701255956025
2017-06-22,-0.004166688343928637,-0.0041613151493319345,-0.00045305944800644316
2017-06-23,0.002622651407160781,0.002619645731113396,0.001194331740263177
2017-06-26,-0.001379461522858616,-0.0013784885445559114,0.0006580207993931442
2017-06-27,-0.011478536954369845,-0.011457938807365009,-0.008056213726402639
2017-06-28,0.008224674106619867,0.008823703223618917,0.008950486731214014
2017-06-29,0.002771235132733363,0.0027562226419686198,-0.008788756428805167
2017-06-30,-0.00946071609667909,-0.009435627901566823,0.0018644326242092113
2017-07-03,-0.003131607533374492,-0.003115191672532047,0.0016958077053925713
2017-07-05,0.001456894213100357,0.002050851842675838,0.0023118927611947004
2017-07-06,-0.0038985326691923783,-0.003892898948860135,-0.00914453699877471
2017-07-07,0.0021577857874397477,0.0021560515722178764,0.006485062479682835
2017-07-10,1.4889888840130538e-05,1.563222802514197e-05,0.0010739886122603792
2017-07-11,-0.0027166621357802567,-0.002715084696845338,-0.0007426491027647808
2017-07-12,0.005619682445691332,0.005604072870059484,0.007514636743868319
2017-07-13,0.003553611161235093,0.003551811690095663,0.0016802325883327196
2017-07-14,-0.0017268604870388504,-0.001730458063470497,0.004664140212380374
2017-07-17,-0.0006945784923002574,-0.0006883053646303816,-0.00012220277489904952
2017-07-18,0.002556906342067178,0.0025531925415560597,0.0005296578656774908
2017-07-19,0.002667787271215527,0.00266224934260606,0.005413921746416861
2017-07-20,-0.0003336129224748019,-0.00033238680957592415,0.000445435060221433
2017-07-21,0.003197096058775495,0.00319276858200368,-0.0008904022458564587
2017-07-24,-0.0015854872193480363,-0.0015762891670464407,-0.00024309875776518108
2017-07-25,-0.009328981584234786,-0.009104680148286137,0.0024307230038966843
2017-07-26,-0.012693494729431709,-0.012740658952808404,4.047546507490729e-05
2017-07-27,-0.006121913298944515,-0.0061862112289843285,-0.0009292619935543645
2017-07-28,0.010226769058041318,0.010247390569447345,-0.0011730527651607758
2017-07-31,0.0036872130209013587,0.003701297498781564,-0.0005669713323782632
2017-08-01,0.009659797549758098,0.0096666610288767,0.0022286611472213114
2017-08-02,-0.010329609257117456,-0.010429566228373321,0.00048497668197966526
2017-08-03,-0.007293346500477194,-0.007294586241667456,-0.0019397487893374477
2017-08-04,-0.00472789604813495,-0.0041543556754009,0.0018220799862256332
2017-08-07,0.019812002769541204,0.0199193370476054,0.0018594565555216658
2017-08-08,0.0010436665244284438,0.0010256586054349093,-0.0024611118621885586
2017-08-09,-0.0001552094247961877,-0.0001948143368089017,-4.0430467745489196e-05
2017-08-10,-0.013794259058763858,-0.01383349849800597,-0.014115145929636919
2017-08-11,-0.0002687043275100276,-0.00027252393724863655,0.0014767562337769657
2017-08-14,0.013013595434286485,0.013035262056160013,0.009913122207047653
2017-08-15,-0.0002525327603559724,-0.00026695457535275136,-0.0001214314606141631
2017-08-16,-0.0002930088599912839,-0.0003075821436822057,0.001744156034887645
2017-08-17,-0.013938625772438984,-0.013959361193270126,-0.015590818088710212
2017-08-18,0.004759490076882145,0.00476203629322125,-0.0015630745732605478
2017-08-21,-0.002640708580746054,-0.0026747877117112573,0.0007825795131821689
2017-08-22,0.01124735826701051,0.01128932129216742,0.010457077139737647
2017-08-23,-0.0032106687877285767,-0.003218901984343492,-0.0035854826138762563
2017-08-24,-0.0005938526345858897,-0.0005887812147945537,-0.002330339201413567
2017-08-25,0.0014659981598414973,0.0014309056049319757,0.0023357823666285693
2017-08-28,-0.002559424041722491,-0.002538841388760482,4.0948797307205353e-05
2017-08-29,-0.0030443800281197975,-0.002494839980919261,0.0011448642199956005
2017-08-30,0.010663780044918525,0.010690373463961178,0.004737533676253625
2017-08-31,0.003009179239691573,0.003000227009333889,0.006016116427005613
2017-09-01,0.002691472215112789,0.002738768979694939,0.001414177905088021
2017-09-05,-0.0032840366607387317,-0.0033171162990173197,-0.007181982714383972
2017-09-06,-0.0004618125819335628,-0.00045374379104123896,0.003413722885612147
2017-09-07,0.011015183337771628,0.011036333835963585,-0.0001216108201410604
2017-09-08,0.0012784021673735158,0.0012739273277244667,-0.001174621083821048
2017-09-11,0.005440350097233093,0.005452718789662914,0.010665891039904896
2017-09-12,0.001974319252117551,0.001984751233543136,0.003370856505470421
2017-09-13,-0.0039396287714711375,-0.00392837596616169,0.0004798929229237192
2017-09-14,0.002891611014391504,0.0028982481448343034,-0.0003198220590546752
2017-09-15,0.00457481556374173,0.004596196176192668,0.0013461314344491715
2017-09-18,0.004615170920236222,0.004632403998132251,0.0021268930704736455
2017-09-19,0.0036429683057601636,0.0036425221597573554,0.0010012624308339824
2017-09-20,-0.0008993779796664381,-0.0009063015687951204,0.00035983329965727506
2017-09-21,-0.004604844641440176,-0.004592381585041161,-0.002679429617243101
2017-09-22,0.00809162270465924,0.008105307211104362,0.00020055962877929545
2017-09-25,-0.010549596290295837,-0.01054385825146742,-0.002044581868579809
2017-09-26,-0.0052739260940658506,-0.005274341198300281,0.000602720339240026
2017-09-27,0.006712795690975604,0.006742512013540036,0.0038944047357221123
2017-09-28,0.0002866789972213457,0.0003139998811327871,0.0011998310109004873
2017-09-29,-0.00035874957811632413,-0.000363332385904358,0.0035148714845603113
2017-10-02,0.0034195925037672215,0.003465148391982309,0.004338727464618941
2017-10-03,0.002988272735521713,0.002986841802149698,0.0021399330624551904
2017-10-04,0.0055165016601785855,0.005497940598237605,0.0011864977648667896
2017-10-05,0.008618520891793935,0.008525296866066734,0.005925181568549043
2017-10-06,0.007935937356339018,0.007938332518523383,-0.0011387742844010118
2017-10-09,-0.0063271160838799245,-0.006302425201890283,-0.0016510707346215625
2017-10-10,-0.0032893476935733634,-0.0033046654241258855,0.0026382478492343875
2017-10-11,0.0028115333879177307,0.002807068471005092,0.0015709011252587057
2017-10-12,0.0026292706641672936,0.00265197820178531,-0.0014900806420820034
2017-10-13,0.0036541264976894805,0.0036358306276949026,0.0012174061360679111
2017-10-16,-0.002725637453778962,-0.0027734266595466073,0.0013335274125303442
2017-10-17,0.0018428493867934659,0.0018302762273274542,0.0007051498232426567
2017-10-18,-0.0028953042505219795,-0.0028938392660957657,0.0009786579758328529
2017-10-19,0.0009373456040602246,0.0009236357632285142,0.0002735316864954651
2017-10-20,0.01005891003013093,0.010179020431337893,0.005160831196651783
2017-10-23,-0.0005038995467916418,-0.0005193534681878775,-0.003889525010949524
2017-10-24,0.0035735362061968257,0.003587625838707975,0.0017569223135767142
2017-10-25,-0.003015746986979817,-0.003007213745250925,-0.004950114204787415
2017-10-26,-0.0012393407284070346,-0.0007200673592644424,0.0012928547104611443
2017-10-27,0.00563550785189415,0.005623815062769211,0.00817606874263932
2017-10-30,0.002173039021724499,0.0021427696207689806,-0.0037248490967894954
2017-10-31,0.011644907078284694,0.01163183625673292,0.001557595743367557
2017-11-01,-0.004658060444722278,-0.004666101223874675,0.0013223911599951066
2017-11-02,-0.017259850565124135,-0.017342291140194255,0.0003880928541741824
2017-11-03,0.0035403860779232854,0.003542162547376826,0.0033387785311129736
2017-11-06,0.002116825556166768,0.0021461813710281774,0.0015475540846028313
2017-11-07,-0.005702817716510378,-0.005712738991088151,-0.0006952488643849897
2017-11-08,0.035777295735547554,0.03580878004511634,0.0017008752107221525
2017-11-09,-0.00397805079243263,-0.003971562102806914,-0.0036276716075827053
2017-11-10,0.013710115706152992,0.013828624816053514,-0.00030987363355927666
2017-11-13,0.00868237253374815,0.008651994733761104,0.0009299090549756972
2017-11-14,-0.0012925348986663199,-0.0012881420551250633,-0.0023225450250289326
2017-11-15,-0.00518148239970484,-0.005189164999932383,-0.005005446315905493
2017-11-16,0.009110147094328891,0.00914626316052325,0.008501159758154131
2017-11-17,-0.001592157996101462,-0.0015558881306152461,-0.0029388127245350004
2017-11-20,0.007041127788026902,0.007069132745605611,0.0017063541384387815
2017-11-21,0.01781489466122932,0.01789025827437829,0.006542786811286394
2017-11-22,-0.0015765612506228877,-0.0015775877638309899,-0.0008843135586729112
2017-11-24,0.0003120977736321695,0.00029501525705244447,0.0023095564843853555
2017-11-27,-0.004979477845726832,-0.005002895184155198,-0.0004992418882107108
2017-11-28,-0.000745715177022932,-0.0007413433507138523,0.010145217896162073
2017-11-29,-0.02474858382174283,-0.02480858362286298,-0.0006089327367835295
2017-11-30,0.004781228686918881,0.004753517811414643,0.008755041755306836
2017-12-01,-0.0069432296657381265,-0.0070026591854954745,-0.0020754609749101816
2017-12-04,-0.026200438504350942,-0.026237721156994298,-0.0012102124848367701
2017-12-05,-0.005104694744591409,-0.004545033176695745,-0.0035965811494327316
2017-12-06,0.0013139584559660467,0.0013289015543764826,0.00019017663803100326
2017-12-07,0.015584184380426525,0.015589331499642478,0.00315288571772232
2017-12-08,-0.002187783500403384,-0.002173897568288563,0.005453104620037896
2017-12-11,0.005453647283425678,0.005509348936995506,0.003013006009587871
2017-12-12,0.007943343319257945,0.007939874830163118,0.0017650595286711201
2017-12-13,-0.0025208330927453115,-0.0025643461127143885,-0.00011245229639667009
2017-12-14,0.01296544247560627,0.01292573551748899,-0.004086357582188782
2017-12-15,-0.00234682011123466,-0.002329603750055531,0.008327217860012448
2017-12-18,0.022989363713598276,0.023180426698731882,0.006341542921576515
2017-12-19,-0.0041083910029469095,-0.004069710198588483,-0.0038405102333698427
2017-12-20,0.004440371670067833,0.004442166062578856,-0.0005242161035560189
2017-12-21,0.0006590294061907809,0.0006467135140857394,0.00205998786453776
2017-12-22,-0.0024918490153140738,-0.002500493306037521,-0.0002616412957743286
2017-12-26,0.0016302455766803448,0.001607337238283213,-0.0011965177880248756
2017-12-27,-0.005862169665029282,-0.0058501159912421885,0.0004869407346761445
2017-12-28,-0.000923328876359486,-0.0009327630838312784,0.002057165756028212
2017-12-29,-0.007762260754625938,-0.007781673280636392,-0.003770438603515225
2018-01-12,0.0,0.0,0.0
2018-01-16,-0.001344332570043183,-0.001044332570043105,-0.010004788166995238
2018-01-17,0.0014009190361379265,0.0014004983210607058,0.009531758310115546
2018-01-18,-0.0006304844296854961,-0.0006302953514233378,-0.0016808410972970478
2018-01-19,0.007077923141768139,0.007075799179003361,0.004549713333354299
2018-01-22,0.004228692621214503,0.0042274325792335254,0.008130557691373053
2018-01-23,0.0008023369629950317,0.0008020988935737439,0.0021227699435746317
2018-01-24,-0.0007625816034284583,-0.000762355511565449,-0.00038822709932162525
2018-01-25,-0.0006653261332810745,-0.0006651287254376692,0.00042381920542133855
2018-01-26,-0.0001928104820643206,0.00010674951363398577,0.011577761894707495
2018-01-29,-0.008588677468113648,-0.00858577824522122,-0.006630127841302125
2018-01-30,-0.002599463018622239,-0.002597703529169104,-0.010256882954202684
2018-01-31,-0.004960638067246781,-0.004958863801038826,0.0004970713419818473
2018-02-01,-0.004225114917032813,-0.004223307653371644,-0.0011355632741827382
2018-02-02,-0.009285762150501253,-0.009281502906445582,-0.02176990483455743
2018-02-05,-0.011904752516442518,-0.011898688659254253,-0.04182224417093183
2018-02-06,0.008941627522847773,0.008937181236121416,0.01970183311049012
2018-02-07,0.002516560456574002,0.003416332932859145,-0.005424497381336324
2018-02-08,-0.024886992210592873,-0.024858341983990728,-0.03750927039840801
2018-02-09,0.020595949958263526,0.020571830092416477,0.015021660237433787
2018-02-12,0.005732771881164833,0.005726369900190154,0.014684543672399908
2018-02-13,0.004793183749418617,0.004790569395580979,0.00248740145184545
2018-02-14,0.0031316108159655798,0.0031292377984524222,0.013496201843272049
2018-02-15,0.006812638250824676,0.0068060021705236284,0.012760258571196337
2018-02-16,-0.005408927961923382,-0.005403261402872728,0.00029285843424942115
2018-02-20,-0.005663918139898416,-0.005657385429619688,-0.006261214234073775
2018-02-21,-0.0037450901658382385,-0.0037409427237420356,-0.004974211832767694
2018-02-22,0.005143037893169833,0.005136088156430851,0.001296176823579076
2018-02-23,0.012364939888448223,0.012352571271204038,0.015939238904999042
2018-02-26,0.0061831024392371425,0.006176599580291375,0.01161231789491679
2018-02-27,-0.009959210898420112,-0.00994709424445539,-0.012486532226350877
2018-02-28,-0.013782266430949264,-0.01376178549725704,-0.010129819402294737
2018-03-01,0.002206496298928995,0.002884288362817955,-0.014540916580615293
2018-03-02,0.012804454599070647,0.012830423298654248,0.005154848195324746
2018-03-05,0.014041217797560401,0.013997415469912289,0.011558126675881963
2018-03-06,0.017017867151488675,0.017023819206682278,0.002534971240559347
2018-03-07,0.00718667219918756,0.007202966892157603,-0.0003665775519043901
2018-03-08,0.0166314591514094,0.016605142960963937,0.004839052341124805
2018-03-09,0.011721758725746989,0.011705092592690924,0.017402475797139383
2018-03-12,-0.002780846321840613,-0.002794109708775694,-0.0012549941877012527
2018-03-13,-0.0018452141970739522,-0.0018445662637749383,-0.006463089957696511
2018-03-14,-0.00117240238107863,-0.0011850945552537295,-0.005131581747721103
2018-03-15,-0.0038730150412592534,-0.003883136044586566,-0.0010893697775583577
2018-03-16,0.0040732288501437175,0.0040390974838770966,0.0010845385680278152
2018-03-19,-0.00819916722900671,-0.008209634743592598,-0.013530684374158719
2018-03-20,0.008026202242961356,0.008053751331127179,0.0017006838729141105
2018-03-21,0.0038858041124809617,0.003897863141820279,-0.0019192203215482317
2018-03-22,-0.017251356014338803,-0.017234369695446783,-0.024997006281226253
2018-03-23,-0.017267693312765786,-0.017265928942829634,-0.02131466592053899
2018-03-26,0.02438178443024519,0.024377440715044996,0.02735904134103162
2018-03-27,-0.009712824574808598,-0.009700973128313195,-0.017011694099533403
2018-03-28,-0.0012374543932464066,-0.0012657255462394934,-0.0029548072322919117
2018-03-29,0.014875737752669593,0.014909628542271403,0.01277765629043004
2018-04-02,-0.01363235838922039,-0.01360332512457707,-0.021584575176795462
2018-04-03,0.02730420263882416,0.027380089110007333,0.012816721761802263
2018-04-04,0.008353555734653462,0.008322081457951436,0.010699054971383015
2018-04-05,0.01269083369744628,0.01270428915930144,0.007892464780515418
2018-04-06,-0.0178366378939262,-0.017846285323809497,-0.022285970943954014
2018-04-09,0.0011132037817389584,0.0010902457711188251,0.004928401332611632
2018-04-10,0.014788829695977501,0.01479534266256377,0.01590038551104045
2018-04-11,-0.00973343075231925,-0.009688157579352263,-0.0052424378802264915
2018-04-12,0.0033707802836666634,0.0033769819657172295,0.008227174474605414
2018-04-13,-0.00768429297228157,-0.00768281766338208,-0.002932978475763681
2018-04-16,0.011969733881790567,0.011956037903503969,0.008221875239717624
2018-04-17,0.002619241375057868,0.0026166502735589514,0.010698321637781838
2018-04-18,-0.006045864651602839,-0.005504223485805038,0.0007403267123571311
2018-04-19,0.010136740014112577,0.010119801658095895,-0.005547636737814443
2018-04-20,-0.012722599725904282,-0.012709947399582089,-0.00847946939613764
2018-04-23,0.0026811641724346913,0.0026882392019940138,-0.00014991035972367062
2018-04-24,-0.019525037656720312,-0.019513220484700056,-0.01346771864006302
2018-04-25,0.0028840073580445047,0.0029082789199328385,0.002471797644137075
2018-04-26,-0.005755321673528879,-0.00578610834364468,0.010165758222081767
2018-04-27,-0.0030798996466294692,-0.0031208757222790373,0.0009390542700380422
2018-04-30,-0.00919262418250566,-0.009180693773363502,-0.0076910025732380705
2018-05-01,-0.019839693287265092,-0.019801482182558172,0.001776924260432411
2018-05-02,0.007461896286034886,0.008039053781849326,-0.006717451541688124
2018-05-03,-0.003931073640330407,-0.003945871012944635,-0.002203610149055568
2018-05-04,0.010967691684419245,0.01105211113177873,0.01294668293000778
2018-05-07,0.013050255080753193,0.013044805779962365,0.0033832361756540585
2018-05-08,0.00022147000438299536,0.00019795596994831577,0.0
2018-05-09,0.06246963394910421,0.06269667114973032,0.009665691593165437
2018-05-10,0.02559231573327314,0.025589431919215144,0.009350416423010266
2018-05-11,0.008793700106773494,0.008839084744342474,0.003051247639120458
2018-05-14,-0.013420320504481054,-0.013415979723786275,0.0004767183964959898
2018-05-15,-0.012924692692013018,-0.01298874022663754,-0.006887094461925591
2018-05-16,0.010234733290664932,0.01022578869543822,0.004205045516890715
2018-05-17,0.023040827791900087,0.02310893680877224,-0.0008449713716941476
2018-05-18,0.0031602194797784033,0.0031749245445635843,-0.0024996065056122063
2018-05-21,0.019374387853341224,0.01939048832734347,0.007518314157885175
2018-05-22,-0.0015326819137920777,-0.001464608766766351,-0.0027803393517308317
2018-05-23,-0.009202229661094963,-0.009246709153248545,0.002751868159879045
2018-05-24,0.017738886865735104,0.017761427205278624,-0.002048825299742041
2018-05-25,-0.0041941166063167445,-0.004167851824947277,-0.002382692292155153
2018-05-29,0.008410238260234904,0.008448467933413584,-0.011501339232849128
2018-05-30,0.016271272805229886,0.016241016038940348,0.013344620071841229
2018-05-31,0.007131656660424479,0.0071261813769651905,-0.00612563929830956
2018-06-01,0.00900421203694246,0.009028069102465563,0.00981801516332137
2018-06-04,0.01163116184446844,0.01163631828082301,0.004750878734009145
2018-06-05,0.01165938896442098,0.011666076964633731,0.0007276426493034727
2018-06-06,0.009677311248046605,0.00969912192054867,0.008360670536741166
2018-06-07,-0.0066159187514165385,-0.006690629292020578,-0.00010798129408640111
2018-06-08,0.017566634907119738,0.017586362100622255,0.002956291509401243
2018-06-11,0.004476424327016781,0.004464221436945026,0.001329900304888998
2018-06-12,0.015579205338494884,0.015565459715364272,0.0012926847153256205
2018-06-13,-0.010859075815663588,-0.01086562910137212,-0.0031914827424862624
2018-06-14,0.014411749238017801,0.014372083894452325,0.0025180163948210765
2018-06-15,0.01107665962219273,0.011090632225747576,-0.0012754588211721929
2018-06-18,0.012398932332322143,0.012429702359640249,-0.0020571180198601935
2018-06-19,-0.003962041827468066,-0.0039491038670765866,-0.00383291357968385
2018-06-20,-0.007992218257721784,-0.007949089628128125,0.001706315984209228
2018-06-21,-0.013384591047496897,-0.013399998283994297,-0.006269102629588574
2018-06-22,0.012303894450406583,0.012323277114680398,0.00182352292280763
2018-06-25,-0.03646999495736725,-0.036547214321031585,-0.013612948154032245
2018-06-26,0.014951242031168377,0.014965316130134632,0.00221400633141533
2018-06-27,-0.006091267858950422,-0.006101821296630505,-0.0082840552864063
2018-06-28,0.012163391220649356,0.012193194117771089,0.005717028481935893
2018-06-29,-0.004557396413772508,-0.004575356611055903,0.0014398674525986088
2018-07-02,0.013916867998449156,0.013929766089159967,0.0021377807903133483
2018-07-03,-0.011644670719511141,-0.011631521894229668,-0.0035309002066935546
2018-07-05,0.028389509664215273,0.0288749900377554,0.008157882585777099
2018-07-06,0.018831780451864066,0.01883285068336571,0.008458210097118446
2018-07-09,-0.00449975362414623,-0.004476093749082977,0.009004465912484827
2018-07-10,-0.0003578613083272675,-0.00035420188234336347,0.0035983287998042623
2018-07-11,0.006020506990090269,0.0060066545295942575,-0.007314261685950618
2018-07-12,0.02422886444108907,0.02423653855655883,0.009065713442555356
2018-07-13,-0.014126434809157762,-0.01413276388202489,0.0007876908721797804
2018-07-16,0.00860865051494919,0.008629385276716306,-0.0008943453865113415
2018-07-17,0.01124630575808827,0.011262590868714284,0.004045320003391861
2018-07-18,0.007134631747552689,0.007147393276263347,0.002103646120768632
2018-07-19,-0.0014077656588749043,-0.001383874872734503,-0.003771360588163075
2018-07-20,0.002345909383361322,0.0023533584208315084,-0.0011429969807824625
2018-07-23,0.0007460203143636601,0.0007629454220647869,0.001859649926955198
2018-07-24,-0.009859951023008517,-0.009889213870936775,0.0050319713835722535
2018-07-25,0.015463180494893924,0.015449041146674558,0.008522239603585557
2018-07-26,-0.006445849048468344,-0.006449915389886485,-0.002359018545113556
2018-07-27,-0.030493638092668474,-0.03051734716420329,-0.006776530766738675
2018-07-30,-0.03625265211875739,-0.036245088258747615,-0.005222945006732593
2018-07-31,0.01764154206446955,0.017658169857783346,0.004929266458104431
2018-08-01,0.0226520228307987,0.02263020959215889,-0.0016711394970368998
2018-08-02,0.03254765004301574,0.032469743843839494,0.005447984189256516
2018-08-03,0.003608311686849497,0.0035945161753565547,0.0042845294653020005
2018-08-06,-0.0004840654573475822,-0.0005243634870447655,0.0036673428416968967
2018-08-07,0.0024731643422406524,0.0024912227943774123,0.003302320638059353
2018-08-08,-0.03193401483798319,-0.032059696912577595,-0.00042052121762770067
2018-08-09,0.025957886742352443,0.02660294607232694,-0.0013654078284349724
2018-08-10,0.011972645500935908,0.011954226938798218,-0.006700615806956356
2018-08-13,-0.008302571703564965,-0.008288910148866124,-0.0037432694368122466
2018-08-14,0.009958620279522767,0.010415168623921778,0.006380547457365715
2018-08-15,-0.0063008365071473005,-0.006271090493788378,-0.007467328876730739
2018-08-16,0.005614725534099696,0.0055745780377352006,0.008091643033774965
2018-08-17,0.010143596637548713,0.01015692305045568,0.00352017460192533
2018-08-20,0.01713882097620356,0.017120807838689522,0.0021400789883698756
2018-08-21,-0.002365232674062523,-0.002382680975523077,0.002345189066315756
2018-08-22,0.001274098477521246,0.0012815944115418532,-0.0005937800140682903
2018-08-23,-0.00021678189717544427,-0.00022368242595083299,-0.0013278484670968815
2018-08-24,0.025175342567991477,0.025140721841676816,0.006018446897928964
2018-08-27,0.010995660655839457,0.010948107474987756,0.007894984483689083
2018-08-28,-0.003933444483262827,-0.003937123042651591,0.0004834080385962558
2018-08-29,0.00400485757321678,0.003981374116242664,0.005380828247328218
2018-08-30,-0.0004863726503193666,-0.0004957496814729234,-0.004048134246127488
2018-08-31,0.015523240014581718,0.015518510532949836,3.4042176352055975e-05
2018-09-04,0.02388926151877735,0.023852632950495334,-0.0017219874859982776
2018-09-05,-0.03143200432651805,-0.03137995176172503,-0.00269125615382515
2018-09-06,-0.01097626960446596,-0.010973575319987328,-0.003010309113196663
2018-09-07,0.0079928449414024,0.00796915303745771,-0.0019435428851407588
2018-09-10,0.033875760479511685,0.03382019978987194,0.001738874157978909
2018-09-11,0.012796536716124907,0.012782641125363536,0.0032975621679642853
2018-09-12,-0.012314670268520955,-0.012321893753824642,0.00024147750281411362
2018-09-13,-0.009774733279476422,-0.009793454375894406,0.005915188835533103
2018-09-14,-0.003233735884425104,-0.00323381569364789,0.0001719204788774853
2018-09-17,-0.019537395734501306,-0.019497484181317803,-0.0052943474731736995
2018-09-18,-0.004739916082800222,-0.004747786385874142,0.00542570869345238
2018-09-19,-0.012650960751662721,-0.012619057887484852,0.0010660419838810498
2018-09-20,0.00384056647620179,0.00439163121793773,0.00810397001981955
2018-09-21,0.0015276955631411404,0.0015276715056260493,-0.0009140483798297794
2018-09-24,-0.0003258279822151433,-0.0003469220311581589,-0.00332190532558041
2018-09-25,0.009296271325942573,0.009262204175364275,-0.0009277444403889001
2018-09-26,0.011069806891579104,0.0110488510805129,-0.002992148434981412
2018-09-27,0.001775883072907547,0.00175749237612699,0.0027940597809654744
2018-09-28,-0.002894830891381761,-0.0028854547319856483,0.00010306826290351623
2018-10-01,-0.009997734555072468,-0.009998217351807281,0.0034742612062761413
2018-10-02,-0.018871735080872143,-0.01883259555982475,-0.0005827181502437995
2018-10-03,0.0017754588246159386,0.0024092974421492386,0.0005489616448888235
2018-10-04,-0.012376133367371644,-0.012343829778314164,-0.007815787813559294
2018-10-05,-0.010180554534991226,-0.010135017665820145,-0.005597030889530452
2018-10-08,-0.0074944277133356385,-0.007436455504455819,0.0
2018-10-09,-0.003317631135187238,-0.003316319241935095,-0.0014590171604822455
2018-10-10,-0.02712782268564906,-0.027097930945102378,-0.03166347469203867
2018-10-11,-0.015784568733921756,-0.014618904790072884,-0.022026339969826392
2018-10-12,0.0037232737292922646,0.003716567061876841,0.013888099858530678
2018-10-15,0.0014838466779372173,0.0014793447427297046,-0.005616912716155609
2018-10-16,0.009395324570002472,0.00967806519764225,0.021865855314946447
2018-10-17,-0.0044470178800134486,-0.004136888159195995,0.00017818658803969711
2018-10-18,-0.004625263649416622,-0.004614238446825292,-0.014440967886746203
2018-10-19,0.0037773023944762674,0.0037671358304653957,-0.0005427313849887261
2018-10-22,0.002427415414056,0.002946272455913279,-0.004488588264746407
2018-10-23,-0.010333407719900767,-0.010303315140665403,-0.005090636825546002
2018-10-24,-0.005152249475251169,-0.005108325358098242,-0.0302984910440115
2018-10-25,-0.007250583139708944,-0.007251226823745349,0.017940211525071748
2018-10-26,-0.012835581969127485,-0.012833073096828351,-0.01758709727625174
2018-10-29,-0.009301471601076416,-0.009284366014926437,-0.005540635399224891
2018-10-30,0.008488425967715818,0.00901523250564451,0.014818867257449408
2018-10-31,-0.010457382868970577,-0.010451088981201728,0.010680849563283523
2018-11-01,0.006318711217268902,0.0063252225959782304,0.010641631660504913
2018-11-02,-0.0007296309588232797,-0.0007100297625083352,-0.0059228925402706745
2018-11-05,0.013340255289155944,0.013331026768041543,0.005516643266578525
2018-11-06,0.013638656322090048,0.013590228080472944,0.006327870044667838
2018-11-07,-0.0014732294491590636,-0.0014488673639262428,0.021409228814528225
2018-11-08,0.0030506840938078206,0.0030496439950862264,-0.0018150877516831532
2018-11-09,0.002583013679772428,0.0026030099364178216,-0.009767828065918138
2018-11-12,-0.0007810357465036777,-0.0007787768820555208,-0.018685488133020844
2018-11-13,-0.0006312368094582022,-0.0006121356418964385,-0.0018709756843833247
2018-11-14,-0.0028874389529276456,-0.002886908447408354,-0.00683685848543103
2018-11-15,0.004252573060710363,0.004239709739288777,0.010436673058952017
2018-11-16,0.0007919591855234387,0.0007850661439097184,0.0026007865418540277
2018-11-19,-0.0034621124364100364,-0.003466294324240393,-0.016914887527615607
2018-11-20,-0.02447652679885859,-0.0244643709857868,-0.018505862442727783
2018-11-21,0.005772402427948187,0.005750668500989153,0.0034076602222186114
2018-11-23,-0.0056209353978613485,-0.005603238578596015,-0.006678799042735495
2018-11-26,0.01075880265662077,0.010733401108239171,0.016144262427891798
2018-11-27,0.008416541363607921,0.008431159334639116,0.0033645384755798258
2018-11-28,0.014999525067977082,0.014992421721929494,0.02302525762189922
2018-11-29,-0.003696556178482302,-0.0036933566454778743,-0.0021851896556832617
2018-11-30,0.009554272087952675,0.009566443122890123,0.006095219537697316
2018-12-03,-0.00126158272759902,-0.0012822012703792574,0.013241315865513359
2018-12-04,-0.00932896156402041,-0.009324971010815197,-0.032402384973374554
2018-12-06,-0.0015911631115582692,-0.0015862905201345923,-0.0015170253752516683
2018-12-07,-0.006725989191557535,-0.006758879309582411,-0.023235866825162654
2018-12-10,0.007970598050123234,0.007969285636179269,0.001897015380304401
2018-12-11,0.0062112335307238364,0.0062194243432507346,0.0002274374791173539
2018-12-12,0.006476076087122307,0.006471374483229875,0.005035240235142346
2018-12-13,0.0026127765924361945,0.002660825196930894,-0.0003391754660617696
2018-12-14,-0.005935960892096137,-0.005942999525082371,-0.018464405343252444
2018-12-17,-0.038196075529912,-0.038177301672819075,-0.019618786185908732
2018-12-18,-0.0030189707699475044,-0.0030266509388693352,-0.001096364794337612
2018-12-19,-0.007109545236910542,-0.006549328792093911,-0.014975824238063984
2018-12-20,-0.002668758986624331,-0.002677007064138426,-0.016277993963117243
2018-12-21,-0.00479259728748227,-0.004773153248933015,-0.020489440550005233
2018-12-24,-0.027613406351618686,-0.027593744496141825,-0.026422846529909227
2018-12-26,-0.00034942391475656365,0.0005754187729325455,0.050524996530377786
2018-12-27,0.0,0.0,0.007677315346365177
2018-12-28,0.0,0.0,-0.001290218430713086
2018-12-31,0.0,0.0,0.00875904821779816
2019-01-04,0.0,0.0,0.0
2019-01-07,0.006005952641203294,0.006605952641203228,0.00518027590802661
2019-01-08,0.0028113009941743705,0.0028096252832447988,0.009395266673119629
2019-01-09,0.0023555361436973232,0.0029565115404930342,0.004673487204997828
2019-01-10,0.00385384628633334,0.00385068349744766,0.003527636366311704
2019-01-11,-0.002787914966715044,-0.0027853704495618414,0.00038620038073133856
2019-01-14,-0.008132871890737192,-0.00812317531009632,-0.006100957264577933
2019-01-15,0.024899885837383895,0.0248753588814401,0.011460977902915781
2019-01-16,-0.008457280583192728,-0.008445949292854138,0.002419974861054719
2019-01-17,0.004020582586977239,0.004016994334004265,0.007586703308684051
2019-01-18,0.0010482154981925618,0.0010490718900588725,0.013310017539516439
2019-01-22,-0.010704367914490032,-0.010695193126796232,-0.013510722895772265
2019-01-23,-0.004254816079666157,-0.004250432618893574,0.002092363896331051
2019-01-24,0.020727686167426373,0.020712206043613568,0.0005315899726900941
2019-01-25,0.013387223862064923,0.013373573937877747,0.008461538012364933
2019-01-28,0.0024544984517864687,0.0024516856743914683,-0.007600298931966787
2019-01-29,-0.0034230082469041134,-0.0034198041204618335,-0.0013271787299770077
2019-01-30,-0.0029901066720725566,-0.00298940468115505,0.015830981782867903
2019-01-31,0.01036304974084934,0.010353741530688465,0.008782701483493582
2019-02-01,0.00740596291637674,0.007399994724736292,0.0004811846721017865
2019-02-04,-0.00827449286464721,-0.008265532155538158,0.007035429145981764
2019-02-05,0.003678718034264783,0.003674639258879786,0.004191829484902376
2019-02-06,-0.0015960847977500858,-0.0015916451636568407,-0.0013181670759394581
2019-02-07,-0.007002513689375878,-0.006997733591757482,-0.009532570629879555
2019-02-08,0.005595635555182277,0.005591916043306888,0.0012215223657654484
2019-02-11,0.005164554067150773,0.005163043835259229,0.0005545083055178424
2019-02-12,0.010234032696750717,0.010223050891745578,0.01285934604914285
2019-02-13,0.0013212514419058685,0.00132150319977975,0.0032470560493027545
2019-02-14,0.007648393988203939,0.0076416089098567674,-0.0022183870058087862
2019-02-15,0.009683828965842967,0.009676497649485194,0.010897479720999526
2019-02-19,0.008065919644072439,0.008061899879689749,0.0017303959406558267
2019-02-20,0.0030856875979250464,0.003084116884492394,0.002015605433666634
2019-02-21,0.00455644237860664,0.004552782126394206,-0.003556143472618012
2019-02-22,0.014288098489241952,0.014276665412187084,0.006200419709908811
2019-02-25,0.004505497238217471,0.0045017656354733315,0.001360763492824102
2019-02-26,-0.002273593049398781,-0.0022702388979723986,-0.0007149991316384163
2019-02-27,0.0004925568414111403,0.0004917446074734766,-0.0004296859815177134
2019-02-28,-0.004748577036478574,-0.004744611739369464,-0.0018628546525065737
2019-03-01,0.007660261996007334,0.0076543552146519644,0.006244175192537282
2019-03-04,-0.0023391460095970595,-0.0023374925314445516,-0.003637790507828864
2019-03-05,-0.01615999588128092,-0.01614788684916879,-0.0013601710223046792
2019-03-06,-0.008561092985096663,-0.008553586548621595,-0.006056761177111958
2019-03-07,-0.005598403515840178,-0.005596927346653624,-0.008365353786963237
2019-03-08,-0.0005461755439722937,-0.0005455791733791626,-0.0020000467570850944
2019-03-11,0.018247309849177107,0.018231784746026936,0.014501129122705736
2019-03-12,-0.0019112551398077215,-0.0019105709681911387,0.003771068442985692
2019-03-13,-0.006457445767667602,-0.00645233354969299,0.006619284127661107
2019-03-14,-0.0016495907789975117,-0.001646345721634801,-0.0006398103142016831
2019-03-15,0.00238990881463641,0.0023887412075525027,0.0049405249852108035
2019-03-18,-0.0014858010771954255,-0.001485426311710003,0.00362593298254299
2019-03-19,-0.0009685631295031083,-0.0009664359983383441,0.00024776986021057823
2019-03-20,-0.007304705353664898,-0.007299951790282866,-0.0030095164307165634
2019-03-21,0.010758389856476924,0.011308861244595514,0.011294508899890365
2019-03-22,-0.023592405760156976,-0.023566358793611686,-0.019246316050036794
2019-03-25,0.0025677874827345626,0.0031491793661455603,-0.0007521175061521168
2019-03-26,0.0026685352620710034,0.0026611462089936033,0.007454172903694989
2019-03-27,-0.0062341328874440105,-0.00622457434344581,-0.005229316973724196
2019-03-28,0.003942959229793264,0.0039385179807125414,0.003790579290930296
2019-03-29,0.004232170608716057,0.00422590286021296,0.006305500243529494
2019-04-01,0.007483925575017869,0.007471777086534015,0.011859216336003175
2019-04-02,0.0038510262602295953,0.00384461208879161,0.0004898291947013078
2019-04-03,-0.00425625276986108,-0.004246534287294046,0.0015736631394087652
2019-04-04,-0.0036093824460947666,-0.0036001286387574716,0.0026532044585341197
2019-04-05,0.005390082120455997,0.005379604985622732,0.004840290566822114
2019-04-08,0.0022645448139482216,0.0022637142802872656,0.0007624566442752112
2019-04-09,-0.0019928130892689078,-0.0019846434602814877,-0.005124445600397487
2019-04-10,0.003202930551877925,0.0031961617711571133,0.0034106662602624294
2019-04-11,-0.002705702943213706,-0.002696701967020876,-0.00027754766910748074
2019-04-12,-0.0026063069262051153,-0.0026004074411838385,0.006765655435348794
2019-04-15,0.0091717388714454,0.009767471369855452,-0.0006545463335607682
2019-04-16,-0.015323669345028712,-0.015309926980467625,0.0006549750450750569
2019-04-17,-0.0077716891569996616,-0.007758421014159578,-0.00244686270122052
2019-04-18,-0.0005860016881580332,-0.0005945352981597818,0.001969161333717384
2019-04-22,0.008658871378967703,0.008647070364472764,0.0008621923376883611
2019-04-23,0.009348583024425094,0.009331478382612168,0.00899173212483273
2019-04-24,0.013305882918356549,0.01329665424292803,-0.0022194137729673047
2019-04-25,-0.013320330406528802,-0.013289317701921544,-0.0006160044647799401
2019-04-26,0.001701216346357004,0.0017058336288815479,0.004656982273155252
2019-04-29,0.0037214224206574276,0.0037129760351066743,0.0015677604397064115
2019-04-30,-0.02207444023434424,-0.022044742299588305,0.0005102597667123732
2019-05-01,-0.014154818411156955,-0.014136262957123336,-0.007516818751677645
2019-05-02,-0.00251325301078531,-0.002518285178165325,-0.002158827740901481
2019-05-03,0.012102401431481002,0.012085503303823852,0.00978801177283617
2019-05-06,0.002057808079463319,0.002054320023471723,-0.004115292100278944
2019-05-07,-0.010576182662061728,-0.010558284279875374,-0.016699422259710217
2019-05-08,-0.007820080425338993,-0.007814690875840746,-0.0013895915090532673
2019-05-09,-0.00777335303984239,-0.007766729195044064,-0.0030258063912580457
2019-05-10,-0.006171423430352374,-0.006166400292606289,0.005023435294274181
2019-05-13,-0.014489920940014445,-0.0139079046658942,-0.02513043891388589
2019-05-14,-0.007030005318582,-0.005533919178910773,0.009043990377985534
2019-05-15,-0.001996769929903497,-0.001995844714153039,0.005857706251938488
2019-05-16,0.002284959649737184,0.0022983295507139623,0.00926112114205302
2019-05-17,0.005979539525766908,0.005980399130873559,-0.0064650923123060755
2019-05-20,0.0004890821408589652,0.0004922238457332195,-0.006612044848290477
2019-05-21,-0.00028629848704542216,-0.00028461422098269296,0.009015295130750056
2019-05-22,0.0025841868223950293,0.0025956800196362817,-0.0030713987003508914
2019-05-23,0.001900756660624392,0.00191215749996676,-0.012218544341037862
2019-05-24,0.0010124340503185891,0.0010151085089036282,0.0022685396821873205
2019-05-28,-0.012888095662747845,-0.012882716586009701,-0.009300754974060688
2019-05-29,-0.014525810424377616,-0.014518820686467593,-0.006710609208877005
2019-05-30,0.0019735072155642186,0.001967966236027463,0.002731034573894453
2019-05-31,0.007841923971655396,0.007847408084500573,-0.01347521252776207
2019-06-03,0.014159381766261081,0.014151763875457357,-0.0025427302245735195
2019-06-04,0.002895249581707837,0.0028843725395606423,0.02170662172652471
2019-06-05,0.01718161004773866,0.017192871379752006,0.008662168159436323
2019-06-06,0.003244881884061357,0.0032644708947902057,0.006502578914892032
2019-06-07,-0.00037460753144435976,-0.00039985668490571946,0.010006980084850126
2019-06-10,-0.004757229822041742,-0.004753970712696454,0.004589016733120399
2019-06-11,-0.0007853213842508033,-0.0007932027139125886,-0.00024213548652840533
2019-06-12,0.009062209727835224,0.009071644483858776,-0.0017653653908005218
2019-06-13,-0.00607510122783117,-0.006062485930378392,0.004126352575871017
2019-06-14,0.007623329455724415,0.007634709055263089,-0.0011048924737504517
2019-06-17,-0.004554701451570886,-0.004553973361732022,0.00038008343943851663
2019-06-18,-0.0028347569384823412,-0.0028375479241509183,0.010470856123007577
2019-06-19,0.007313278085485653,0.007322951925495591,0.0022572927089736794
2019-06-20,0.003559064526877709,0.0035564544811885757,0.009554547138143743
2019-06-21,0.0023176324260583137,0.002320482081861419,-0.001453849848026545
2019-06-24,-0.0008604796810255388,-0.0008614845508904123,-0.00122419672894436
2019-06-25,-0.00275541173833449,-0.00276519734398728,-0.009808116418850266
2019-06-26,-0.01959123649658545,-0.019582820014393598,-0.0009974257349590898
2019-06-27,0.0023950126284815187,0.0030119247540101313,0.003545743958231151
2019-06-28,0.011536205017930401,0.011520855978262912,0.005146039249199763
2019-07-01,0.001196322077468004,0.0011903227021148322,0.009078316467368897
2019-07-02,0.012871859141808661,0.012872625404752869,0.0026044901841686396
2019-07-03,0.005298190445895967,0.005301555313984352,0.007995266805708834
2019-07-05,-0.0008853844914576969,-0.0008842094497919506,-0.0011380785478315447
2019-07-08,-0.005621621430477952,-0.00561038202357822,-0.005495021988262128
2019-07-09,0.003322134251300124,0.0033224989781579506,0.0012469272028763356
2019-07-10,0.0009192255987988673,0.0009276320582636277,0.0047779823567981605
2019-07-11,-0.0015325761970822471,-0.0015428763083457087,0.0023444404048491574
2019-07-12,-0.00687652338998479,-0.006876204145295994,0.004476859202404482
2019-07-15,-0.0011863884498619637,-0.0011760369818754057,0.0003323576736584677
2019-07-16,-0.004315882939936677,-0.004318589575757925,-0.003225243129726274
2019-07-17,-0.0034584594415658643,-0.003448388069118624,-0.006804793285358546
2019-07-18,0.010788025903326837,0.010774899623331224,0.0036607117556222146
2019-07-19,-0.010033633406974385,-0.010046159478504513,-0.00555477695624218
2019-07-22,0.0016674322139496045,0.0016653309798055904,0.0024563676339615093
2019-07-23,-0.0004392130070541844,-0.0004490473610870849,0.007149722298366301
2019-07-24,0.004861114048781978,0.0048570376959260475,0.004699554551389928
2019-07-25,-0.009196949382068387,-0.008632210835531007,-0.0047767145870601935
2019-07-26,0.00627525958344366,0.006271299888973125,0.006700070828449034
2019-07-29,0.0030001611589542954,0.0030204879876485347,-0.0018213624248691884
2019-07-30,-0.004279917569075975,-0.004291829342592313,-0.0024544575993770135
2019-07-31,-0.009272100139808725,-0.009274900411400333,-0.010940236080142496
2019-08-01,0.006469672254416414,0.006436058129517086,-0.008708191510037322
2019-08-02,0.007039392519984977,0.007623048293762702,-0.0075295046763190765
2019-08-05,-0.024269592451296007,-0.024265851359537627,-0.030072832464719812
2019-08-06,0.007274189104312212,0.007262882650301616,0.0140227598769882
2019-08-07,0.0025060796209910308,0.002484596223419233,0.0005907884565259369
2019-08-08,0.019389676163718672,0.019396214927430044,0.01961982182795774
2019-08-09,0.0006749995010957299,0.0006596357856649693,-0.006811496999133082
2019-08-12,-0.007614259628500153,-0.007600942650938136,-0.012173514556663378
2019-08-13,0.006264578422863432,0.006246200174895744,0.015551830810308642
2019-08-14,-0.024435738062818846,-0.024427494436063846,-0.0295676921610436
2019-08-15,0.011269362428406815,0.011265486037741246,0.0026419587350299256
2019-08-16,0.014436605817416126,0.014423806950115692,0.014754960498849501
2019-08-19,0.0052379318103512595,0.005238026203020274,0.012048018932232507
2019-08-20,-0.004855050019953233,-0.004848001136921298,-0.007662771299021265
2019-08-21,0.008286544840919952,0.008282741164043594,0.008135547369639617
2019-08-22,0.0004232092265008536,0.0004259670055895004,-0.000308076683866898
2019-08-23,-0.021296956105641085,-0.021293442904455562,-0.025687536225232566
2019-08-26,0.008772139299099813,0.008771529768825115,0.011058363306560626
2019-08-27,-0.005302602567309522,-0.0053098713411786624,-0.003923345866815753
2019-08-28,0.000492052121834341,0.0004853173387089349,0.007041576436231933
2019-08-29,0.013622155248063317,0.013616056988322356,0.01277284209928764
2019-08-30,0.0026089465632952447,0.002611124387038588,-0.0004440171297499518
2019-09-03,0.0012491021736282804,0.0012538438459912538,-0.005847316314925632
2019-09-04,0.01112275343684388,0.011125817620521117,0.0113501544199055
2019-09-05,-0.0021965035932139942,-0.0021549615059693883,0.01285565961310886
2019-09-06,0.0007609963042329859,0.0007660511525011682,0.0007720619606461643
2019-09-09,-0.0061070209515722285,-0.006058786204992783,0.0005032834498754912
2019-09-10,-0.004268652665919359,-0.004240619865924056,-0.0002345277850088756
2019-09-11,0.003969960507223869,0.00461123214980641,0.007110791161183849
2019-09-12,-0.004776411872614905,-0.00477287383224545,0.0034641047158139315
2019-09-13,0.007846003196088303,0.007842789988735888,-0.000663978065331583
2019-09-16,-0.0013951592173031546,-0.0013971653469180279,-0.003088919188886541
2019-09-17,0.003616808056895904,0.00361818715143869,0.0025321419814714474
2019-09-18,0.0012764258063970857,0.0012801857428719199,0.0005982475501746798
2019-09-19,-0.002220276869918547,-0.002214853412943585,-6.684482951879733e-05
2019-09-20,-0.004973368557998681,-0.004972949665542736,-0.004724467225724838
2019-09-23,0.003117740221606047,0.0031188715429097957,-0.00023485703572656558
2019-09-24,-0.0013863731961719639,-0.00138649742275343,-0.007846882029623359
2019-09-25,0.003702074759544205,0.003710895128627545,0.0059148069896088895
2019-09-26,-0.014540698898663718,-0.014534243386743473,-0.002083156733802438
2019-09-27,-0.01043350260482101,-0.010441416375300383,-0.0053872900428652
2019-09-30,0.0033371699681652434,0.003337848039688396,0.004637664876704584
2019-10-01,-0.005197388130004477,-0.0051922314344220455,-0.011894434591576908
2019-10-02,-0.015145663766732098,-0.015141776367289639,-0.01766489955944439
2019-10-03,0.007761195499464968,0.008318200230203354,0.008192454357178747
2019-10-04,0.013462628702511914,0.013473063580744515,0.013532454582607212
2019-10-07,-0.002298389239300591,-0.002303108507578977,-0.004314807710553037
2019-10-08,-0.00980496931955488,-0.009808199620166658,-0.015524138327866921
2019-10-09,0.008442126854586673,0.008447491983133215,0.009495940372685752
2019-10-10,-0.00017731584636526687,-0.00017988983858185925,0.006763675599713359
2019-10-11,0.007555634125486765,0.0075499454384631015,0.010366855231971117
2019-10-14,-0.009465249666123832,-0.00944988521377399,-0.0011137952950344143
2019-10-15,0.003284315456990372,0.003299370709504812,0.009900058065357875
2019-10-16,0.004164485012283725,0.0041635985238721585,-0.0016057166174799908
2019-10-17,-0.0010644576074775314,-0.0010622823868282616,0.0029489439355911973
2019-10-18,-0.0025840702036018515,-0.0025828456992212923,-0.004376713351533779
2019-10-21,-0.0010776931123950284,-0.0010704555836019702,0.006778773509141134
2019-10-22,-0.0036603059157878093,-0.003124198859462135,-0.0032667834145980734
2019-10-23,0.008769836284387766,0.008771206791945652,0.0029097652425404963
2019-10-24,0.010568841298637333,0.010572215676085683,0.001634215547294815
2019-10-25,-0.0007269311626187935,-0.0007174629900222884,0.004094818051380011
2019-10-28,-0.003686664279339169,-0.0036880687892738573,0.005636699066540407
2019-10-29,-0.004483902144030161,-0.004488485532386788,-0.00029680233020423774
2019-10-30,0.005581490753868046,0.005570668312648408,0.0030672376218152664
2019-10-31,-0.005401131678497206,-0.005409269217857449,-0.0026633998053987584
2019-11-01,0.006036454988668005,0.0060525739803904965,0.009263899490793426
2019-11-04,-0.005124020219387959,-0.005126007221937345,0.004017641176288667
2019-11-05,-0.006307155098279504,-0.006306006937000452,-0.001106199302856381
2019-11-06,0.00843395316042228,0.008436459456779177,0.00022805405408377055
2019-11-07,-0.013149191361538137,-0.013148177502344316,0.0035166791302665423
2019-11-08,0.006603852753765516,0.007742451553188534,0.0024661819303308796
2019-11-11,0.007269020731388354,0.007290867097505149,-0.0019098805806063712
2019-11-12,-0.0005772181468864934,-0.0005874684663232932,0.002108017060587164
2019-11-13,0.00038554243666566457,0.0003660803427647519,0.00032396395660860833
2019-11-14,0.00022029240811249906,0.00021954810509061673,0.0014555106830380637
2019-11-15,0.015102476932856268,0.015110516794771378,0.007236250002724098
2019-11-18,0.0021715108366193725,0.002183327617714559,0.0007377572590392401
2019-11-19,-0.0033874534999575046,-0.0033868567534774963,-0.00028861579325079045
2019-11-20,-0.004688543439542947,-0.004695426791549773,-0.0037183797427073895
2019-11-21,-0.015322952570310688,-0.015334237629077596,-0.0016091827279245408
2019-11-22,0.01104320837180306,0.01105943654467123,0.0022238970115446843
2019-11-25,0.013573151091108349,0.013589057586462339,0.007750423688599017
2019-11-26,-0.018416047672102254,-0.018413354499684953,0.002265506026693842
2019-11-27,0.004548144904023443,0.004554604586377575,0.004457626772822021
2019-11-29,-0.009443648568033147,-0.009442817519053737,-0.0037088235168339923
2019-12-02,-0.006410883989094285,-0.006414790958565786,-0.008494734760325473
2019-12-03,0.0004165721236912834,0.00041661564275408125,-0.006706539880194318
2019-12-04,0.01065161155507699,0.011180909176624843,0.006170201638297623
2019-12-05,0.0064276018908779875,0.0064374037895242875,0.001798049889062181
2019-12-06,-0.000979287696347364,-0.0009814007683194292,0.009133879137866785
2019-12-09,-0.009187647319181425,-0.009188001251391631,-0.0031442171972495547
2019-12-10,-0.004405776055735333,-0.004398049031688056,-0.0011148484053314922
2019-12-11,-0.0048254610833156075,-0.00485222830490184,0.002838801900595378
2019-12-12,0.002298674106170129,0.002295727638431666,0.008618984421294051
2019-12-13,0.0007308528779086387,0.0007271777626289833,0.0005990921621346068
2019-12-16,0.023939707918958275,0.023938281783919768,0.006869650739520283
2019-12-17,0.004845150566386458,0.004825962610893519,0.0002195754930101046
2019-12-18,0.0013243857079570098,0.0013277657310037938,6.237530216668397e-05
2019-12-19,-0.0023550665737954724,-0.002349621549599279,0.004098572159027203
2019-12-20,0.001378759120843176,0.0013608993012752535,0.0043846487997947214
2019-12-23,0.0007389481434980638,0.0007525629768627695,0.0015277235945236889
2019-12-24,0.0006650637761553835,0.000668946773572765,3.1241357036693174e-05
2019-12-26,0.002579273079775568,0.0025773986548556227,0.0053232982403204065
2019-12-27,6.136253536781489e-05,6.066264964310619e-05,-0.00024776824107930473
2019-12-30,-0.00873273513294881,-0.00874236046028154,-0.00551337796692597
2019-12-31,0.0033944519561592834,0.003398656484064011,0.002429526027089457
2020-01-27,0.0,0.0,0.0
2020-01-28,-0.0037617953539410554,-0.0034617953539410884,0.004123597117055233
2020-01-29,-0.00021717406011056983,-0.0002171086815654366,-0.0008260108082667195
2020-01-30,0.001384807812877309,0.0013843908368318392,0.003245633243751822
2020-01-31,-0.002494679311113912,-0.0024939291828856014,-0.018158023632194764
2020-02-03,0.0004163164215691406,0.0007150052878412971,0.007428663290229176
2020-02-04,0.004493623052272522,0.004491576967014632,0.015241192111092428
2020-02-05,0.007660090864880731,0.007656498516746657,0.01154786328116475
2020-02-06,0.002864510989250446,0.002862563983367483,0.0033647741920912466
2020-02-07,-0.0035787653529074648,-0.0035768527261450522,-0.005329909295972102
2020-02-10,0.0011830931863319183,0.0011829080972665107,0.007465808778101879
2020-02-11,0.0027361794054723276,0.0027346345930852056,0.0017329068991756014
2020-02-12,0.0032685339859601648,0.003268475658496195,0.0064429103959129375
2020-02-13,0.00289346437175797,0.0028921073872623104,-0.0010671099562911124
2020-02-14,0.00014324044829638893,0.00014315885361981806,0.001602076116987483
2020-02-18,0.0028126855172974086,0.002811213570302673,-0.002576977522802948
2020-02-19,-0.002792254848193343,-0.0027906271093210977,0.004781235715548782
2020-02-20,-0.003180579627686586,-0.0031793287121865133,-0.004108035419256861
2020-02-21,-0.00391985589377386,-0.003918922612578424,-0.010298507299150383
2020-02-24,-0.00858305969930373,-0.008580155872629391,-0.033165192706187896
2020-02-25,-0.01048113132307138,-0.010476540705676496,-0.0303025003534102
2020-02-26,0.0023792931557706787,0.0023776428127757487,-0.0036777114305662773
2020-02-27,-0.062365073122257475,-0.06211167819587238,-0.04491196842596923
2020-02-28,-0.0053259698340488715,-0.005322052145314893,-0.004201612889578987
2020-03-02,0.026083523885349624,0.02638509929494015,0.04330670169869144
2020-03-03,-0.013775467033125932,-0.01376635384255076,-0.02863244494278472
2020-03-04,0.0035054929498294918,0.0035018166464848566,0.04203305440523253
2020-03-05,-0.006116871193035167,-0.005514375055522436,-0.033241739261780645
2020-03-06,0.010424752221686706,0.010414114743228176,-0.016531288938967048
2020-03-09,-0.057957982487640614,-0.05789886590187332,-0.0780945000656682
2020-03-10,-0.0008623497295910942,-0.0005694044697388545,0.051744830302423495
2020-03-11,0.0018157495007069535,0.0018103141844056925,-0.04874798973163064
2020-03-12,-0.039743875801166895,-0.03970264317687222,-0.09567739559873611
2020-03-13,0.01763388012368572,0.01790941854239847,0.0854863901342442
2020-03-16,0.009370176116709983,0.009636877698605328,-0.1094236335014227
2020-03-17,0.04619664762892173,0.04614002995863098,0.053991772334476495
2020-03-18,0.00617595241267388,0.006738590461686789,-0.05063299458072379
2020-03-19,-0.044464851287735474,-0.0444062070267075,0.002125239940805823
2020-03-20,-0.04517199680834039,-0.045108921848010186,-0.04309433305065269
2020-03-23,-0.05232509118697004,-0.052278572196176154,-0.025568138523694106
2020-03-24,0.0001975523033339588,0.00048584578431287717,0.09060325945836323
2020-03-25,-0.007546299205034912,-0.007539667967393582,0.01497006419427338
2020-03-26,0.033622127759149745,0.03356212671820713,0.05838980101580993
2020-03-27,0.01739009073221731,0.01735148842216816,-0.02978558423736455
2020-03-30,0.02330152474565672,0.023259098951254886,0.03247584880882304
2020-03-31,-0.002067990099981265,-0.0020706816932724026,-0.014905529724725364
2020-04-01,0.005146864568962739,0.005139756332651624,-0.045004900814416215
2020-04-02,0.031477600384496096,0.0314105619709486,0.023075440836357375
2020-04-03,0.010273085920837755,0.010251120714550144,-0.014454213187073739
2020-04-06,0.01121096605393701,0.01119719736115754,0.0671662975485614
2020-04-07,-0.017850618439070542,-0.01750931926806676,0.0010195491269804347
2020-04-08,0.008084600898015104,0.00806639007574872,0.03356793814381742
2020-04-09,0.004448389929420538,0.00444716714759652,0.01521775540360415
2020-04-13,0.012030861037388041,0.012006493122722173,-0.00913018179105407
2020-04-14,0.03274936374332893,0.032697139916063156,0.02949265553853886
2020-04-15,0.00822313973078681,0.00819660162791358,-0.021248006061267977
2020-04-16,0.04433538099762835,0.044249318703987184,0.004824532504223988
2020-04-17,0.04628236807811037,0.04617178081495976,0.02701541437451538
2020-04-20,0.02260050743848674,0.02254112786964546,-0.01761792701018139
2020-04-21,-0.02593944683976468,-0.0258885264137515,-0.030363410362568954
2020-04-22,0.019032451752896806,0.018994483349465963,0.02219467451727386
2020-04-23,-0.014831789100654857,-0.014789812372146272,-7.202978745546318e-05
2020-04-24,0.01985345919810677,0.01981205834883326,0.013939216229569729
2020-04-27,-0.02131176413651903,-0.021264429172416777,0.014418117628747229
2020-04-28,-0.01747233890339972,-0.01745442542747422,-0.004598357707802592
2020-04-29,-0.01985074941735876,-0.019816053039334425,0.026178474524117146
2020-04-30,0.006671950886239397,0.006666859958766702,-0.009310530711402865
2020-05-01,0.012695858882029842,0.01266651227908433,-0.026473717709630695
2020-05-04,0.03179941773613382,0.031745986178807195,0.0027585248316790434
2020-05-05,0.006748310902533916,0.006732027470076396,0.009239093535952758
2020-05-06,-0.020600318778787985,-0.020573906040262102,-0.0067785306887659935
2020-05-07,0.023151557690796798,0.023092083780552164,0.012066759479465672
2020-05-08,0.031022240348485886,0.030943269530610218,0.016545855730214942
2020-05-11,0.04676690761503677,0.04667020774839292,0.00020560472548569741
2020-05-12,-0.023856925788218963,-0.023801647723348807,-0.019931801630628243
2020-05-13,0.02172734545694821,0.021679582821479082,-0.017685689496996226
2020-05-14,-0.011800025360608424,-0.011787291315444426,0.011967268280660637
2020-05-15,0.016801133535606416,0.016772459526373185,0.004596910866530468
2020-05-18,0.04050355002173833,0.040381282865946666,0.030459762478702856
2020-05-19,-0.03935499663533515,-0.039273163510194053,-0.010271667061036216
2020-05-20,0.02254508585080095,0.022513625258919534,0.016988668849524435
2020-05-21,-0.03610097746417262,-0.036023487617964034,-0.006904290715352146
2020-05-22,0.011585019334530378,0.011558640464047976,0.0018991757640549611
2020-05-26,-0.055963445685540014,-0.05582880885208652,0.012320564624969776
2020-05-27,-0.019505069148520793,-0.019443752553948146,0.014879188592889836
2020-05-28,0.0393691810329182,0.03929461231609421,-0.0018452723826946071
2020-05-29,0.043939077785791314,0.04384217513110222,0.004455959895920403
2020-06-01,-0.002408762842539436,-0.002406372188430983,0.004041693629930343
2020-06-02,-0.0027762625135546726,-0.002766187451017643,0.00827995513085944
2020-06-03,-0.014399475491900793,-0.014387094558412028,0.013308505317488617
2020-06-04,-0.011962888368983626,-0.011965663963515727,-0.0026265506498132085
2020-06-05,-0.015809971432034997,-0.01577970848775523,0.025629317200602797
2020-06-08,0.012686139912589711,0.012668051935436964,0.012087458431207176
2020-06-09,-0.0002099931426777779,-0.00020726203317256164,-0.007456434446094673
2020-06-10,0.011202276002022282,0.011180797185954994,-0.005580172331298816
2020-06-11,-0.015522090892724605,-0.015511561265127316,-0.05764920517903449
2020-06-12,0.005974166745833731,0.00596117897690851,0.011976033946470288
2020-06-15,0.026734982550828068,0.026681278591639712,0.009335495415337514
2020-06-16,-0.0012405527153384055,-0.001219882226104585,0.01924768189870063
2020-06-17,0.003473839887012442,0.003476176120651653,-0.004153689164510199
2020-06-18,0.008543273157947784,0.008529382546649034,0.00038510070324493384
2020-06-19,0.03794267043672006,0.03789796467154827,-0.005715104573400076
2020-06-22,-0.005697196706371144,-0.005669419794626873,0.006415295272893307
2020-06-23,-0.015236405104942952,-0.01521726601155815,0.004603532476432859
2020-06-24,-0.00747584546774549,-0.007478085081709662,-0.025508729402108243
2020-06-25,-0.0007489096068146184,-0.0007308147438265244,0.010720647348679169
2020-06-26,-0.016651877821784122,-0.01663844358740485,-0.02375143458911355
2020-06-29,0.011086499870136102,0.011075059918130403,0.014697573691864418
2020-06-30,0.019395009441119937,0.01936210017622808,0.012809467195298962
2020-07-01,-0.02045036331245631,-0.020412946179571345,0.007004819988407851
2020-07-02,0.004531333191011511,0.004551859061128871,0.005507103731598573
2020-07-06,0.007653142058299478,0.007643239575247263,0.015437067944463756
2020-07-07,0.017752323564403927,0.017720527768313232,-0.010313855204298839
2020-07-08,0.0023018801773539987,0.00229644436553178,0.007648858467744546
2020-07-09,0.015658309098976142,0.015622218162793633,-0.005693045614445835
2020-07-10,-0.017772889623805077,-0.017740068855814584,0.010210502723494663
2020-07-13,0.022965158555228404,0.022876727583472922,-0.008658769402027255
2020-07-14,0.03255559301032318,0.03250618616732481,0.012959151297302629
2020-07-15,0.013007485323309087,0.012968864532788116,0.00918702782837344
2020-07-16,0.0031238280572096766,0.0031077046882319603,-0.0032933694760686194
2020-07-17,0.054571630724585596,0.05445343425678639,0.002898818776914336
2020-07-20,-0.03122355264832788,-0.031130012503224558,0.008081604743493509
2020-07-21,-0.01566408803854713,-0.01564062349411277,0.002127915871626085
2020-07-22,0.007046685398251373,0.007025703549494944,0.005691899055724869
2020-07-23,-0.03512858576054567,-0.0350601465533491,-0.011931927671168685
2020-07-24,-0.020827058228869877,-0.02079515328968984,-0.006440254832891346
2020-07-27,0.039992079791183466,0.039912182788286676,0.007292431816570133
2020-07-28,0.0027414413998756437,0.002729737495961837,-0.006342468204663887
2020-07-29,-0.009588320090985536,-0.009573996565367171,0.012298681890286378
2020-07-30,-0.004980542117910103,-0.004961105280459899,-0.003567704488292134
2020-07-31,-0.01217426285924017,-0.012145515920027217,0.007902156008822603
2020-08-03,0.023553275767506543,0.023511493708389786,0.006951998045748864
2020-08-04,0.006850642961309772,0.006840467983141085,0.0038626236074412734
2020-08-05,-0.024405163383582118,-0.024368296171304205,0.006211131361955946
2020-08-06,-0.010501737577864212,-0.010480876255447136,0.0066843397954086115
2020-08-07,0.001856552810516332,0.001853178451534987,0.0007179109695008012
2020-08-10,-0.020633169876237867,-0.02060598483108944,0.002988934626810602
2020-08-11,-0.03139449957205309,-0.030869292472029075,-0.008254721767575579
2020-08-12,0.01802946441610409,0.018052324905973638,0.013942490346746661
2020-08-13,-0.007204971254057835,-0.007165844600808269,-0.0018077211608322763
2020-08-14,0.010461765119367694,0.010483722019925867,2.978545203569105e-05
2020-08-17,0.00790714605199394,0.007871533900229322,0.0031762970093140996
2020-08-18,-0.008692649465314561,-0.008658197444500249,0.002160605429621043
2020-08-19,0.007506300572988067,0.007493589533105638,-0.004163763310597979
2020-08-20,-0.004400275560021205,-0.004379233152961404,0.0031136162070781737
2020-08-21,-0.009420129167379332,-0.009378129691098192,0.003547345304731664
2020-08-24,-0.0054329938758165275,-0.005344563436918359,0.010133234849614814
2020-08-25,-0.0018742096253792084,-0.0012297501037773495,0.0034993464276431574
2020-08-26,0.004872070005050855,0.0054420911620831625,0.010025272669016427
2020-08-27,0.004742598655069097,0.004751854941293487,0.002186768725431776
2020-08-28,-0.0056774553044168785,-0.005626216769712644,0.006459299204947921
2020-08-31,0.005799676025793898,0.005758474080100884,-0.0036223561736882237
2020-09-01,-0.008633534701830814,-0.008552179458326092,0.009418680192173845
2020-09-02,0.020830068408042468,0.02080574247770084,0.014463789649124648
2020-09-03,-0.03328905567475571,-0.0332661152898317,-0.03441424403026827
2020-09-04,-0.0005783473687411833,5.641551042079307e-05,-0.00816468449578478
2020-09-08,-0.029020531292570317,-0.028999280552520434,-0.02732321673380711
2020-09-09,0.01580479512077093,0.016347639011559112,0.0197476482788439
2020-09-10,-0.02519826719948648,-0.02516541996120425,-0.01736372097752492
2020-09-11,0.011227466176480183,0.011279513455136891,0.0005092193273708023
2020-09-14,0.007578073077669112,0.0075903182942616,0.013171208607333673
2020-09-15,0.007877803771816572,0.00786726111229652,0.0050521954519346934
2020-09-16,0.0033654476429310076,0.003468458400716301,-0.003968762027310002
2020-09-17,-0.015189306311994666,-0.015207689938919855,-0.008795010686260096
2020-09-18,-0.016144693177487013,-0.015558422542707784,-0.011512776702263583
2020-09-21,-0.04171256325593686,-0.04112579762550728,-0.011129301640449896
2020-09-22,-0.004155218475687339,-0.004113072998086609,0.010184101540462231
2020-09-23,-0.012718889274370149,-0.012718365849256119,-0.023190888134050125
2020-09-24,0.0015534949935671616,0.0015759335947418407,0.002664981764267882
2020-09-25,0.005896805682805484,0.006498968951340833,0.016167604097701016
2020-09-28,0.020928817767228436,0.020928627675227407,0.01660881375940293
2020-09-29,-0.00943748393681032,-0.009422665657457974,-0.005445657582880958
2020-09-30,0.007247316782051261,0.0072141393436693235,0.007582001464812249
2020-10-01,0.01391575360705577,0.013911215276146027,0.006419932786187799
2020-10-02,0.0023480364670267484,0.002351055718255557,-0.009494398794594017
2020-10-05,0.013234619514018275,0.01323425376485221,0.017733066386504737
2020-10-06,-0.0022169945404719726,-0.0022135395223390475,-0.014215865581074905
2020-10-07,0.027798642849125477,0.027799432043287498,0.01740654312939216
2020-10-08,0.014566337513309602,0.014560555301915246,0.008862617198674316
2020-10-09,-0.0026927820725346496,-0.002690043491990979,0.008930095930531845
2020-10-12,0.004050726573423757,0.00405175769255095,0.016087624129604627
2020-10-13,-0.011713004116773673,-0.011700458100254552,-0.006526381173557971
2020-10-14,0.004629638038042172,0.004647372578470366,-0.006283289726677688
2020-10-15,0.012636183932224876,0.012641022243180311,-0.0012358265106898747
2020-10-16,0.006188488152863547,0.0061765444293178096,-0.0006043475507830909
2020-10-19,-0.010241814057583398,-0.010241602743763178,-0.015203287230199147
2020-10-20,0.0187666535527653,0.01874576623783919,0.004005682488809281
2020-10-21,-0.005592746095547163,-0.005615684956672862,-0.0018929013309281206
2020-10-22,0.014534490006059109,0.014468373308406335,0.0054853816480975315
2020-10-23,0.0037763744115697495,0.0038184466579400667,0.003395041754625572
2020-10-26,-0.02603109814784177,-0.026027624365394297,-0.01847993536615833
2020-10-27,-0.008703840645063354,-0.008697588585562355,-0.003447552059625103
2020-10-28,-0.04132937285807847,-0.041356769731109355,-0.03417851955399909
2020-10-29,0.008406930351134934,0.008896129480772785,0.010163277320645037
2020-10-30,-0.01106042869858681,-0.011082030032854684,-0.010424715690027897
2020-11-02,0.020110835874844968,0.020133177065110308,0.011208276120075356
2020-11-03,0.007955589090034021,0.007964149634745343,0.017655987224070024
2020-11-04,-0.029690043769804775,-0.029726121073623046,0.02234947128117759
2020-11-05,0.04301130562701139,0.043025937331589326,0.01950261009833909
2020-11-06,0.006079799540142705,0.0060777266486768955,-0.00022862441977111736
2020-11-09,0.007168535893884442,0.0070391739172410706,0.012565690217154035
2020-11-10,0.008909662264179552,0.008851561173685463,-0.001466646210516953
2020-11-11,-0.000396662923309421,-0.0003642045600081856,0.007428862806788228
2020-11-12,-0.01683292106733425,-0.016816634992733004,-0.00970093259572724
2020-11-13,0.024143807048943033,0.024100493189211036,0.013844186020804505
2020-11-16,0.02555492629117717,0.025551534291724964,0.012482686676664079
2020-11-17,0.00404549967039336,0.004075841101852662,-0.005378234544979099
2020-11-18,-0.004192361758145191,-0.004204858484596508,-0.012034864175274329
2020-11-19,0.004014097601395594,0.004006487431248429,0.0042100426028597315
2020-11-20,-0.0003448171457288707,-0.00035943613831335153,-0.006847549676456399
2020-11-23,0.0190158826709661,0.019034138576428772,0.005994388426275865
2020-11-24,0.03036742674228532,0.030354967861883075,0.016113854627079816
2020-11-25,-0.011639966613699815,-0.01161646399099292,-0.0015418136210147981
2020-11-27,0.004079779399582817,0.004088219570774987,0.0027849330777589554
2020-11-30,-0.011639881385126394,-0.011622766168536525,-0.0044271044918762215
2020-12-01,0.005980992189767775,0.005954103735258176,0.010937581250257677
2020-12-02,0.0015285379844338642,0.0015435676755888306,0.002103516060226296
2020-12-03,-0.005288546152514617,-0.00528057225445977,-0.000272705359855685
2020-12-04,0.010479551056124858,0.010474828474478892,0.008617421755840793
2020-12-07,-0.006652141918853105,-0.00663298984695071,-0.0020548053665060406
2020-12-08,0.0065391529180980346,0.0065643236709063135,0.002926291467487241
2020-12-09,-0.00907715009665122,-0.009123407008629902,-0.008969038760209602
2020-12-10,-0.007462173331600708,-0.007451795128277983,-0.0003269584699606698
2020-12-11,-0.01093525274570184,-0.010912159428538182,-0.0011724730926672144
2020-12-14,-0.008082444201732764,-0.00808591772523748,-0.004477158263714642
2020-12-15,0.013199171006103239,0.01321106170305364,0.01351928267608371
2020-12-16,-0.004485826156046091,-0.004455950941532394,0.0015694040517124641
2020-12-17,0.004443851147136524,0.004985333728417585,0.005591928401434743
2020-12-18,-0.02265823004473211,-0.022672805333372126,-0.003992912313974473
2020-12-21,0.00418835509989135,0.004180529395172439,-0.003575274426252495
2020-12-22,0.014629225094354936,0.01467811180675982,-0.0016853631179638562
2020-12-23,-0.004560965569786468,-0.004613321415100735,0.0008985176567020137
2020-12-24,-0.0063731210695328055,-0.0063569834576935325,0.0038904098734411363
2020-12-28,-0.010263704192940759,-0.010287247351778883,0.008590700003830332
2020-12-29,-0.012808030980555052,-0.012158868911012255,-0.001907706118177921
2020-12-30,0.013886998229909242,0.013874790323530783,0.00142670674395462
2020-12-31,0.00011180565817214827,0.00011152811893877512,0.00508117542658959
2021-01-27,0.0,0.0,0.0
2021-01-28,-0.021919938510673864,-0.02131993851067382,0.0018716732550254633
2021-01-29,0.0003285875603447064,0.00032838611296259757,-0.020019576876670664
2021-02-01,0.005093915991976283,0.005090794086889838,0.016645615257157242
2021-02-02,-0.009404008243010242,-0.009398274006218843,0.014140216066375721
2021-02-03,0.005433591300976426,0.005430246652266657,0.0007862383335788259
2021-02-04,0.0021641189932744,0.0021627940638904164,0.011365743471086986
2021-02-05,0.012300479679674847,0.012292965261358146,0.00393583059607705
2021-02-08,0.008343501424223465,0.008338466239062647,0.007221973890623401
2021-02-09,0.0038542469807369972,0.0038519402319170393,-0.0006658564794113087
2021-02-10,0.0032719056467294116,0.0032699549404826556,-0.0004357292221072173
2021-02-11,0.006345345794149138,0.006341575036756142,0.0016153757076717845
2021-02-12,0.009465146851846518,0.00945955757993211,0.004939589201850225
2021-02-16,-0.0053872439548553475,-0.005384092539839291,-0.0008659020704113729
2021-02-17,0.01019644961027355,0.010190452631191338,0.00022936602340872803
2021-02-18,0.004499992907455397,0.004497372962745327,-0.004255859037820775
2021-02-19,0.006640986633495993,0.006637137490035583,-0.0017659490913861653
2021-02-22,0.02076236601862247,0.020750411409351743,-0.007691607850319304
2021-02-23,-0.015915616144236866,-0.015610940230668557,0.0012140343081108451
2021-02-24,0.007041393365150528,0.007038663518338817,0.011019343007416138
2021-02-25,-0.013401452827580318,-0.013393775259932683,-0.02409566512161443
2021-02-26,0.004353350352039209,0.0043471107219146266,-0.005152474997699108
2021-03-01,0.02982356050330326,0.02980073322979293,0.024240099608968668
2021-03-02,-0.00027024979715539743,-0.00027079846981992173,-0.007803333136561452
2021-03-03,0.018895019004652625,0.018879175165571693,-0.0132457545276089
2021-03-04,-0.010536303272098868,-0.010529826867953118,-0.012374798212103966
2021-03-05,0.018304280864626987,0.01829268106409887,0.018396510879885142
2021-03-08,0.020340857865743356,0.020326729220061956,-0.0049784486516054605
2021-03-09,-0.016996158214119816,-0.016982989193761622,0.014277267854460929
2021-03-10,0.015910046263289512,0.015899609010052718,0.006224730408761703
2021-03-11,0.010048079870111692,0.010039547104340851,0.01013897118260565
2021-03-12,0.016928100469208784,0.016915196872375082,0.0013468616165204228
2021-03-15,0.005954705476585609,0.005949462522920834,0.005963553968804769
2021-03-16,0.003844066338404728,0.0038382977023114773,-0.0012612751138162404
2021-03-17,0.0009680051131470968,0.0009682066177711945,0.0034101179231544876
2021-03-18,-0.0017167645257828434,-0.001714872025784575,-0.0145497196423372
2021-03-19,0.006477538134841643,0.006472097736122118,-0.0018503857186513706
2021-03-22,-0.009566459955222317,-0.00956039558023436,0.007984916517993046
2021-03-23,-0.0233888527161068,-0.02337325803496204,-0.007870719803094284
2021-03-24,-0.04259734454049291,-0.042563028088798194,-0.005083693985145632
2021-03-25,-0.00755018466239199,-0.007540546236375456,0.005625509791168382
2021-03-26,-0.05625970423914184,-0.05621008337903388,0.01611520510962028
2021-03-29,-0.003916866690193976,-0.003327320367052522,-0.0005050677201267062
2021-03-30,0.009468056324184904,0.00946024566989756,-0.0026529869357009295
2021-03-31,0.00027627209514724527,0.0002742352981648377,0.004053336989545242
2021-04-01,0.007080349099660266,0.007070755585724342,0.01079898770728227
2021-04-05,0.00542760690954025,0.005422077921932722,0.01435300091246905
2021-04-06,-0.0018472413761206896,-0.0018453658422448171,-0.0005904381348361687
2021-04-07,0.0015306578044425034,0.0015288715048002999,0.0011571532122605088
2021-04-08,0.0003343899069987444,0.00033226969251809457,0.004746921580445207
2021-04-09,0.005080119389967885,0.005075280759751388,0.007270308611095233
2021-04-12,0.0020396116899303873,0.0020389613649720584,0.00036440318762598345
2021-04-13,-0.0075869959966299305,-0.007582158355856183,0.002963706265906474
2021-04-14,0.005633918245214309,0.005629023301527258,-0.003415264904159998
2021-04-15,0.0028579073356467255,0.002853571315861947,0.01074240138125937
2021-04-16,0.0037518575284782862,0.0037478479565555833,0.003342692028694083
2021-04-19,0.0007053683372124642,0.0007042890129296264,-0.00491311982833631
2021-04-20,-0.00810928250945031,-0.008103010464181049,-0.0073217139981323065
2021-04-21,0.013013671525639925,0.013001150092981861,0.00946236010829593
2021-04-22,-0.013624993363524074,-0.01361663613095021,-0.009133401844107936
2021-04-23,0.022025563382347624,0.021999467926994587,0.010842672320402258
2021-04-26,0.016594435600411295,0.016576004428037416,0.0020874013519840418
2021-04-27,0.004633105638814472,0.004627815822214831,-0.00021523336345175004
2021-04-28,0.007282746959327069,0.007275879373790151,-0.00028764262280056574
2021-04-29,0.00801051540135167,0.008002061717919728,0.006372995324324782
2021-04-30,-0.01195758811687131,-0.011941935279544014,-0.006570694776350083
2021-05-03,0.006803819402567468,0.00680266519679229,0.0021568442127644083
2021-05-04,0.001620508549039501,0.0016268830807477652,-0.006169431801958836
2021-05-05,0.010613914424795201,0.010607488637141893,0.0003129781885573557
2021-05-06,0.013486265957097343,0.013474861098889512,0.007985753323809686
2021-05-07,0.011292128877369967,0.011282831487031908,0.007277860569789407
2021-05-10,0.0022036590325036354,0.0022060176991731684,-0.009902623861568927
2021-05-11,-0.012463467335908418,-0.012152764744371325,-0.008924620863319799
2021-05-12,-0.022653125538022123,-0.02262732749367502,-0.021245312338954436
2021-05-13,0.02383609199614245,0.024023441174860327,0.012012699945362248
2021-05-14,0.04444500166676857,0.044408731679917546,0.015355355231965184
2021-05-17,0.028644924139411776,0.02860622681212055,-0.0025446452045315704
2021-05-18,-0.015892859027940465,-0.015854140591992083,-0.008615570162786135
2021-05-19,-0.012988521931068586,-0.012977789432046194,-0.002621857416333584
2021-05-20,-0.003989458521070133,-0.003964686375039994,0.01075798678127704
2021-05-21,-0.0024437424010624875,-0.0024336003330998057,-0.0008187903933759566
2021-05-24,0.018805480063744717,0.018812308748303197,0.010194355752125572
2021-05-25,-0.028243351461539112,-0.028215695734696844,-0.002218672986138426
2021-05-26,0.012553995183491429,0.012549597908185772,0.0019846702362358304
2021-05-27,0.00018701678651544817,0.00018754691787248312,0.0005248848963783637
2021-05-28,0.0028418562359806554,0.0028411270015287204,0.001788669452209124
2021-06-01,0.02962033815747578,0.02959387847986461,-0.0008809713013512299
2021-06-02,-0.007341987040073716,-0.007306415497788654,0.001572716829588039
2021-06-03,0.0018144233730990056,0.0017944261300946174,-0.003711230760408135
2021-06-04,0.01014122194168876,0.010144121655111027,0.009145641655498915
2021-06-07,-0.005547955895094603,-0.005541635216680385,-0.0009702075941182553
2021-06-08,0.012787318522855307,0.012766682172247412,0.00021336515271785927
2021-06-09,-0.009770737553144948,-0.0097415705787407,-0.0014919931644391538
2021-06-10,-0.007142891400166884,-0.007126655939962756,0.004648250980785473
2021-06-11,0.0014490753600122641,0.001445737833017935,0.0016525140369889613
2021-06-14,-0.01905400160971049,-0.019035973515062588,0.002238853909886984
2021-06-15,-0.0028699176734451326,-0.0028845855808846688,-0.001834142291169738
2021-06-16,-0.010734105815011219,-0.010731375043943281,-0.005583327260126447
2021-06-17,-0.03532624881012947,-0.03529031983051545,-0.00033158392084065014
2021-06-18,-0.024676550778885087,-0.02346800448669817,-0.013490338228166254
2021-06-21,0.0008952568939928351,0.0021532774391932463,0.014316035145871098
2021-06-22,0.012027288801051528,0.01199257907226059,0.0053461357899979856
2021-06-23,0.0041782135776071705,0.004176000106825839,-0.0012052395544165373
2021-06-24,0.0017868847535056354,0.0017908698928223998,0.005915503387093013
2021-06-25,-0.005293735139696887,-0.005297024148023799,0.003552053484238593
2021-06-28,0.0059261298175632415,0.005904910177029876,0.0020158852339573485
2021-06-29,-0.00027422592225512243,-0.0002604830024679483,0.0005383154646545485
2021-06-30,-0.0010380024090476114,-0.0010385023944299299,0.0008417081302438678
2021-07-01,0.00016750302426715713,0.00016407312404109753,0.005536470299454255
2021-07-02,0.006646438022131385,0.006634031325657874,0.0076435279410072
2021-07-06,0.02015803746482403,0.020136794325858576,-0.0018214823523000634
2021-07-07,-0.004082967088878342,-0.004067456991160068,0.003533856109248612
2021-07-08,-0.01746843303784895,-0.017453255682564395,-0.008147715015089929
2021-07-09,0.01669924529983291,0.016687099144063078,0.01067456518809684
2021-07-12,0.005002515350161163,0.004978700350042553,0.003582062181021861
2021-07-13,-0.003050047713401449,-0.003050065359820775,-0.0034090862284403833
2021-07-14,-0.01911477402937445,-0.01908800847604264,0.001492260953441793
2021-07-15,-0.019106060849915507,-0.01910389884821906,-0.0034155007412669525
2021-07-16,0.003250172873928703,0.0038377072672428625,-0.007843370216515821
2021-07-19,0.026777249648282986,0.02693170390624333,-0.01476798692315473
2021-07-20,0.012220867090680931,0.012142172334832724,0.014330404990878565
2021-07-21,0.022360665017736148,0.022406857663139546,0.008096174823552404
2021-07-22,0.009738063048867707,0.009730953801612152,0.0020943007044602613
2021-07-23,0.025905429812581593,0.026036235749176573,0.0102877048468073
2021-07-26,-0.02386360283964961,-0.023896017599329133,0.002455094289028237
2021-07-27,-0.014804998630680188,-0.014824524836283937,-0.004557784059542214
2021-07-28,0.02096705681490829,0.02108080281961522,-0.0004100118954896148
2021-07-29,-0.014973581918254264,-0.014969243344886807,0.004147376305793982
2021-07-30,-0.0031639306798720845,-0.002530389996090787,-0.004856295259186183
2021-08-02,0.0037273271897120264,0.003660437984962961,-0.002098229444886912
2021-08-03,0.02800687277776115,0.02824065084298888,0.008135738363774125
2021-08-04,0.036288089235957166,0.03641622870371375,-0.004919276175308407
2021-08-05,0.009935371257171699,0.009880181789136744,0.006332913972586951
2021-08-06,-0.0044471503795610046,-0.0044431282091327295,0.0016525119114678688
2021-08-09,0.05008867056179933,0.050430989679180804,-0.0008132787695329657
2021-08-10,-0.016230108734518245,-0.016357571931357673,0.0012437879086935055
2021-08-11,-0.053694413152483356,-0.05399949536131221,0.002484929302334127
2021-08-12,0.008971951933366418,0.008993658746998978,0.002996784370488559
2021-08-13,-0.0014018846556116404,-0.0014060496657855026,0.0018201725953972403
2021-08-16,-0.009593610329244995,-0.009664959640022008,0.0023544158547013083
2021-08-17,0.015076689278189503,0.015241397109680532,-0.006555187973096621
2021-08-18,-0.007465553597023056,-0.007460889619153033,-0.01094506458491118
2021-08-19,-0.008219778928336141,-0.008359204143471466,0.0015482596705669316
2021-08-20,0.014315415733490822,0.014322143766951623,0.007957122061817978
2021-08-23,0.03138996341903311,0.03148326407023183,0.00879672556769262
2021-08-24,-0.0013927169384592153,-0.0015115168663744072,0.0015872541907666626
2021-08-25,0.009619526392069089,0.009604335803368613,0.002098419820750763
2021-08-26,-0.005845704763118853,-0.005803474798994124,-0.0059031282343174896
2021-08-27,-0.0017903941958299363,-0.001916588188147661,0.00894090402343628
2021-08-30,-0.002564711602678904,-0.0026336062473116817,0.004397467108962605
2021-08-31,-0.004238258577223264,-0.004179387861501405,-0.0014812880351373625
2021-09-01,0.006332960025830614,0.006406020388736167,0.0005314161853524624
2021-09-02,0.010028080678732731,0.010060470229396268,0.0030764616235630093
2021-09-03,0.016036460666846386,0.016120337428681575,-0.00024290343494204336
2021-09-07,-0.002262048889369428,-0.0021234788138644323,-0.003575369835016051
2021-09-08,-0.016687679880974415,-0.016707366358882036,-0.0012181561751476444
2021-09-09,0.020976883911942412,0.02112681584243825,-0.004280397855445317
2021-09-10,-0.004297011239216553,-0.004330025914532243,-0.007884654206780861
2021-09-13,-0.031097530186491196,-0.031214654236736528,0.0025594782926408044
2021-09-14,0.00870425656056617,0.00874843879842313,-0.00539643857336547
2021-09-15,0.0073921481971359615,0.007411781456045041,0.008352513676311846
2021-09-16,0.006252012967510989,0.006278287417309736,-0.001585276449892925
2021-09-17,-0.010237084382365813,-0.01028186428792266,-0.009740946114425886
2021-09-20,-0.02566436836608421,-0.02562119817332975,-0.016674349483708828
2021-09-21,0.010123295406214705,0.01016943079286814,-0.0009447129788769937
2021-09-22,0.01244908410413692,0.01244567658029383,0.009755012194988089
2021-09-23,0.0214949234721864,0.021522697238415933,0.012149979332359617
2021-09-24,-0.02020903466662305,-0.020297486342118476,0.0016473311100926313
2021-09-27,-0.01646037669274958,-0.016569892390538965,-0.002861017287015599
2021-09-28,-0.05529044721909859,-0.05529495668901352,-0.020151883819779948
2021-09-29,0.002083207325609182,0.0037274776618416716,0.0016832615568036502
2021-09-30,-0.0021759277217037187,-0.0015509895941608898,-0.01222236149683864
2021-10-01,-0.014076211086724522,-0.014277417024887051,0.011884327280136775
2021-10-04,-0.013236206614972934,-0.01279935567970858,-0.012896261105424744
2021-10-05,0.00915776377781885,0.00914117752660748,0.010404922601927158
2021-10-06,-0.008487193026087914,-0.008473048122253357,0.00415598007600626
2021-10-07,0.005443620910983604,0.005439255554515521,0.008645708705106392
2021-10-08,0.01491593938727176,0.01489070784193447,-0.001823632558234367
2021-10-11,-0.0019828332847811048,-0.001976033710153424,-0.007239747386066919
2021-10-12,-0.008772021053256918,-0.008760964800811566,-0.0024614980437047684
2021-10-13,-0.0031161051628270098,-0.003112071279123718,0.003597630083474357
2021-10-14,0.014892304966142023,0.014870371982171005,0.016820828478249172
2021-10-15,0.002797254000700189,0.002788484820313464,0.007615542520026386
2021-10-18,0.013759295049266651,0.01374517023948063,0.002960332510331787
2021-10-19,0.00420523507313586,0.004197029390170304,0.007715093650185745
2021-10-20,0.0066216389457394165,0.0066102216317707185,0.003927606348204993
2021-10-21,-0.004729622099000741,-0.004719070437966155,0.0026083527292575237
2021-10-22,0.011501486787901527,0.011483147789683068,-0.0010362100192338186
2021-10-25,-0.0035733237375477067,-0.0035704485691681054,0.005362773549228761
2021-10-26,0.000935377647984792,0.0009321182740684719,0.0009000342437028852
2021-10-27,-0.02427396926872738,-0.02423926791899811,-0.004430217649496582
2021-10-28,0.006969917330627018,0.0069560362291885,0.009648910449911119
2021-10-29,-0.006045315933862927,-0.006037270926466665,0.002029176197748228
2021-11-01,0.014925499196269065,0.014902033363393796,0.0017200600493496587
2021-11-02,-0.01347162083002873,-0.01345205181854947,0.004043179448625089
2021-11-03,0.006960510900598349,0.006955252478188401,0.006105265031711049
2021-11-04,0.004668432536566902,0.0046636816203713405,0.004712578357497721
2021-11-05,0.021524205139519248,0.02149072863947099,0.003469567194745782
2021-11-08,0.011794586655305528,0.01178717382119121,0.0008537203550846861
2021-11-09,0.0077866065731071465,0.007780616225789183,-0.0033053010479857647
2021-11-10,-0.012835966056799375,-0.012813848317736687,-0.008044953669156585
2021-11-11,0.0014046364914939158,0.0014058217457018074,0.0003237379971499088
2021-11-12,0.002421238672866144,0.00242094977927354,0.007546493606379379
2021-11-15,0.012128903180615769,0.012114488166619974,0.00034250678938541057
2021-11-16,0.0007713347566029594,0.0007697291928021599,0.003957897188070936
2021-11-17,-0.01224772605402491,-0.01222960778795723,-0.0024292040132969372
2021-11-18,0.011806127360591612,0.011792520009846319,0.003396398451554594
2021-11-19,-0.03350017828828544,-0.033453841882931545,-0.0017881701531110572
2021-11-22,-0.005590095016179797,-0.005097433219053538,-0.00281527386100644
2021-11-23,0.015345020830037193,0.015337635528888338,0.001325952030557298
2021-11-24,0.017776119347014285,0.01776931217145017,0.0026699268984593516
2021-11-26,-0.03186842807734103,-0.03185519616128041,-0.022303137197962064
2021-11-29,0.022015895908103822,0.022045072548569022,0.01226665407884786
2021-11-30,-0.0341884609552886,-0.034234274286208066,-0.01945774783697074
2021-12-01,-0.017462102663604706,-0.017405295104627183,-0.011107221187110827
2021-12-02,0.02514906351030799,0.025129369727712847,0.01531637869389968
2021-12-03,-0.002085937855795361,-0.0021478763528411937,-0.008701426575988713
2021-12-06,0.00433884462808698,0.004322925406807121,0.011843417699721304
2021-12-07,0.04258998669730851,0.04259270075952126,0.02068474258430686
2021-12-08,-0.006363077325881927,-0.006353097200220814,0.0026479531544387758
2021-12-09,-0.020796270565265784,-0.02077870165853024,-0.006751637248578746
2021-12-10,0.021367595013146223,0.021367485440294764,0.009413624644993401
2021-12-13,-0.022495057162140064,-0.022471226607241324,-0.00885838546737372
2021-12-14,-0.010766366037899933,-0.010815680067734257,-0.006879993554988695
2021-12-15,0.014837280957332943,0.014836792920885467,0.015624969192423066
2021-12-16,-0.007119625661741291,-0.007141385074736495,-0.00881831121429233
2021-12-17,-0.011148736977235063,-0.011161251150742624,-0.010643018064730558
2021-12-20,-0.015268487111424256,-0.015281071353352216,-0.010633355409267242
2021-12-21,0.03266654459884366,0.03370179615245261,0.017758823509654187
2021-12-22,0.023303623840418952,0.023281705728168456,0.009998795089018797
2021-12-23,0.003873337253047504,0.0038965984587298053,0.006222071624005343
2021-12-27,0.02371480922041469,0.023667842699558905,0.014152304037381214
2021-12-28,0.0003769368782886584,0.00036477091398245953,-0.0008172525028187216
2021-12-29,0.004826605618351021,0.0048389766631737885,0.0012791776389848852
2021-12-30,-0.01308244476406839,-0.013072753117430613,-0.002764413050813319
2021-12-31,-0.0013192357213478445,-0.0013275707597429909,-0.002520379669829542
2022-01-18,0.0,0.0,0.0
2022-01-19,-0.0020355915651483203,-0.0017355915651483533,-0.015403084042683979
2022-01-20,0.0004348102718625402,0.00043467960199139455,-0.011067901810805636
2022-01-21,-0.0029878432232477437,-0.0029869457020076373,-0.019630868636643317
2022-01-24,-0.0015146287527990632,-0.0012161950784127518,0.004246878239750895
2022-01-25,0.004006140792256918,0.004003183134281052,-0.012208916722084462
2022-01-26,-0.0031084254299124092,-0.0031068848262304494,-0.0025088279326752616
2022-01-27,0.005060372214320319,0.005058089853797076,-0.004937995216556357
2022-01-28,-0.002602588932257066,-0.0026019547792844877,0.024835270076550175
2022-01-31,0.003617897175497653,0.003616272043192925,0.018011008304968934
2022-02-01,0.012184750188096505,0.012177190402024918,0.006757108821756175
2022-02-02,0.0029200609348774,0.002919396853444889,0.009714029631795906
2022-02-03,-0.0023952746108500955,-0.0023938336567272955,-0.02350487551527236
2022-02-04,0.0020042999754910085,0.002002326798012488,0.004702055938193839
2022-02-07,0.003926468758734369,0.003924560983101344,-0.003209187550262449
2022-02-08,-0.004048896943251612,-0.004046040547365681,0.008227814651572851
2022-02-09,-0.0012822739923064042,-0.001281597905415377,0.014635993948788784
2022-02-10,-0.005447819218293848,-0.005445639616537767,-0.017965675675963744
2022-02-11,0.0051547740783162155,0.005151669367155831,-0.01971838609556764
2022-02-14,-0.0049237824024526144,-0.004921372725975703,-0.0032694449295995742
2022-02-15,-0.0034645750582703583,-0.00346276534311174,0.0161268199792155
2022-02-16,0.0005216417686615404,0.0005211940202727305,0.0011209100340507927
2022-02-17,0.0006790045880473716,0.0006789072524104878,-0.021361538048794926
2022-02-18,-0.0025423675479385732,-0.00254091676834034,-0.006474970000900027
2022-02-22,-0.0011043690496432834,-0.0011033054672664466,-0.010731759329984492
2022-02-23,0.0002997520752892058,0.00029940854881793655,-0.017738581909533258
2022-02-24,-0.0073494090031541726,-0.007346468645366477,0.015049062778827116
2022-02-25,0.011743869609256663,0.011738719028759004,0.022064049375030814
2022-02-28,-0.002095047876625178,-0.002094919739309864,-0.002558438159106946
2022-03-01,-0.0012331987222992113,-0.0012334605389555664,-0.015230198095190217
2022-03-02,0.00475026160004699,0.004747767310045559,0.01839610239405065
2022-03-03,0.0019879366543609223,0.001986948547750833,-0.004978467208594406
2022-03-04,0.005183535776968062,0.005179556310350719,-0.008124740542385211
2022-03-07,0.004476840888903544,0.004473109965472455,-0.029479053618148177
2022-03-08,-0.0012879725474739256,-0.0007219921539052265,-0.007581794174490009
2022-03-09,-0.023812585796376462,-0.023791288820025902,0.026810872794151397
2022-03-10,0.024322390179079223,0.02430392900041478,-0.004515613552211417
2022-03-11,-0.004106082768080999,-0.004103046972406821,-0.012715116705588891
2022-03-14,-0.01391735583832121,-0.013904602175989766,-0.007308392231885175
2022-03-15,-0.021361991794409674,-0.02134204709492804,0.021990688578889195
2022-03-16,-0.005316908291974176,-0.00531319977143041,0.022174168695649366
2022-03-17,0.016468899320367658,0.016455474520253865,0.012511025144981147
2022-03-18,-2.2728376456448984e-05,-2.2219891365748978e-05,0.010952641805038743
2022-03-21,0.018350160528897597,0.01833350622479135,-0.00029240235146898996
2022-03-22,-0.003658782788301451,-0.0036560811341652677,0.011701265575344122
2022-03-23,0.008899692833368666,0.008892440306305538,-0.012878365243265688
2022-03-24,-0.0014459565877155134,-0.0014455082734843305,0.015074388504740632
2022-03-25,0.011577074837753942,0.01156751633438824,0.004883523798580258
2022-03-28,-0.014909883315449846,-0.014897684665239663,0.0071131866865845605
2022-03-29,0.0017023021878075362,0.001701999192706749,0.012370732215050584
2022-03-30,0.007483190998837541,0.007476624150941857,-0.006174849668612481
2022-03-31,-0.00672679663859177,-0.006721072370584169,-0.015391215415467396
2022-04-01,0.005310189088148842,0.005306269882135117,0.0028340044070318537
2022-04-04,-0.0045862837260191025,-0.00428632839958043,0.008566656759556146
2022-04-05,-0.01127638421371946,-0.011267729076168465,-0.012631314983390096
2022-04-06,0.0007482902875348696,0.0007457230155409889,-0.00999912251835644
2022-04-07,0.009668481841967669,0.009659803228987407,0.005038878284455484
2022-04-08,0.01943539881953238,0.01941707515623481,-0.002674231509648406
2022-04-11,-0.014511537976614863,-0.014495553355754032,-0.017092173752834672
2022-04-12,0.010063843552958751,0.010053919279238599,-0.0037051844141023915
2022-04-13,0.011064304934274904,0.011055333833464909,0.011453672102416768
2022-04-14,0.0068335189084285375,0.006826749592665049,-0.01245187875306597
2022-04-18,0.008057460040381992,0.008050399282618859,0.00041113991484453827
2022-04-19,-0.009720520358352691,-0.009714561283631795,0.016142654654740074
2022-04-20,-0.009154416802011012,-0.009147315252329369,-0.0007414409095629626
2022-04-21,-0.019003195230714476,-0.01899303361364424,-0.014953597862132906
2022-04-22,-0.018116590539813515,-0.018101458138543913,-0.02743919741797829
2022-04-25,-0.025677570718189435,-0.025653073676740745,0.005797616816809237
2022-04-26,-0.00908264734347286,-0.008780141570640554,-0.028960703029004664
2022-04-27,0.013247805190259143,0.013229542682670736,0.002811752416221891
2022-04-28,0.01661437492994211,0.016593944173981523,0.02525944232571553
2022-04-29,-0.016917740623361488,-0.01689928634958182,-0.03695583506465938
2022-05-02,-6.588178399569156e-05,-7.199665173229786e-05,0.0060196541542922866
2022-05-03,0.010649098245922639,0.01063508220529119,0.004583955015679431
2022-05-04,0.023089059452842342,0.023060281326657828,0.030453080210406158
2022-05-05,-0.01727055144215195,-0.017253062296832655,-0.035542964270966704
2022-05-06,0.010079878698123768,0.01006785077443606,-0.005968884754121717
2022-05-09,-0.04784304279142604,-0.047778782458713365,-0.03201735304586473
2022-05-10,0.0035083372998565565,0.004367395634325089,0.0023106431067470012
2022-05-11,0.0032756873738868375,0.003263806386208268,-0.015886166883656405
2022-05-12,0.004889462643711262,0.004882971467155883,-0.0010438388378198882
2022-05-13,0.007385130470649592,0.007666287094493018,0.023907721019996053
2022-05-16,0.008349823452664662,0.008333393650823862,-0.004057595129336566
2022-05-17,0.003971698500044418,0.003962787594359529,0.020570335551547858
2022-05-18,-0.028168300002085367,-0.028128978786796655,-0.04031137164592191
2022-05-19,-0.013357165063097587,-0.01334296631442533,-0.006124726577660611
2022-05-20,0.003916858567673875,0.004481027337736698,0.00043660955287738723
2022-05-23,0.007263352785914279,0.007239358179184752,0.018709863552091255
2022-05-24,0.005495426000875048,0.005481856645980221,-0.007633603994165683
2022-05-25,0.007666950169438191,0.007648977632270126,0.008834853633777007
2022-05-26,0.0021127294502636396,0.002107649852071347,0.019981491670231888
2022-05-27,0.009876229071987153,0.009860624884085123,0.024549065301910034
2022-05-31,-0.007045845353161995,-0.007027605833265893,-0.005610917384172742
2022-06-01,-0.0023012311123934426,-0.00231157639396129,-0.008088612713119447
2022-06-02,-0.0017831109511694532,-0.0017808030120388674,0.01904379485621921
2022-06-03,-0.0033263075494009975,-0.0033358068810165342,-0.01641183099374688
2022-06-06,0.0007547070085125451,0.0007555933265679382,0.0030447692563260187
2022-06-07,0.016791833264817813,0.016744430336334437,0.009592245726223192
2022-06-08,-0.0010031161696475444,-0.0010095194829398135,-0.010872143184489258
2022-06-09,-0.016669974843243618,-0.016638401098571176,-0.023783059889403213
2022-06-10,-0.013859906429217417,-0.013837606725475737,-0.028995451560883678
2022-06-13,-0.026950126433827326,-0.02689397738170618,-0.03796819538522256
2022-06-14,-0.011708549817453617,-0.01140097290532216,-0.003013344738324264
2022-06-15,0.0036943426361375487,0.003978922132571228,0.014256296544701064
2022-06-16,-0.01803775184142442,-0.01798601352153606,-0.03309610344806069
2022-06-17,-0.013011528992933674,-0.012948325051966303,0.0021559293804278568
2022-06-21,0.009830698641786206,0.010210518954923309,0.025173557967893778
2022-06-22,0.0005426958663161674,0.0005418058835102713,-0.0018131285791348484
2022-06-23,0.001807935984754705,0.0018049727032378726,0.009802696107800157
2022-06-24,0.006619031295537647,0.0069125601884652,0.03179377278044937
2022-06-27,-0.004917329546918481,-0.004022339766131644,-0.0038195747559409687
2022-06-28,-0.01273656385407318,-0.012717089527707226,-0.020432949158319613
2022-06-29,-0.005413738584019501,-0.005407229886471909,-0.0008142957228023384
2022-06-30,-0.010460628516500536,-0.010438530151828607,-0.008124306247192847
2022-07-01,0.013323564748531247,0.01330116104644996,0.010576448843111264
2022-07-05,0.00186510385470684,0.0018698104292325102,0.001888758387074363
2022-07-06,-0.0037299776600211443,-0.0037202942131401295,0.00337731846321776
2022-07-07,0.009935650339932822,0.009922345087335582,0.014977006355389566
2022-07-08,-0.004849471556378271,-0.004842847773876557,-0.0008228064661619516
2022-07-11,-0.01286571972573436,-0.012842792799661606,-0.01142348478148858
2022-07-12,-0.008563654624703987,-0.008018817438001147,-0.008848764380838148
2022-07-13,-0.004280140823962664,-0.0042999555011608015,-0.005251605978023877
2022-07-14,-0.0009464110430823514,-0.0009479862141728024,-0.002428638768714908
2022-07-15,0.0044591983440689376,0.004466749681443449,0.01910508393980037
2022-07-18,-0.012190776367462575,-0.012181668350276897,-0.00825689857045786
2022-07-19,0.02011638291414153,0.020134041116898205,0.027019088730410923
2022-07-20,0.0020717166572010726,0.0020674481571687497,0.006373310471702087
2022-07-21,0.0034206100461031674,0.003444544625478052,0.010183094919505864
2022-07-22,-0.003704067163139979,-0.0037014062608494713,-0.009278181980042599
2022-07-25,0.0049100311027219234,0.0049151690994684305,0.0012148683152017892
2022-07-26,-0.0017549952458643103,-0.001748071290566422,-0.01183075663842148
2022-07-27,0.01063171804792673,0.010615168566463717,0.02596626155387205
2022-07-28,0.010087329835984482,0.010077517423855875,0.012542395933048622
2022-07-29,0.011091468354224032,0.011045192265884962,0.014578678983015791
2022-08-01,-0.006465940392138436,-0.006541230493365968,-0.0029613105659768157
2022-08-02,-0.0017174292947316205,-0.0017000653624048567,-0.006597214910840199
2022-08-03,0.006881412412385046,0.0068748158101485934,0.01565939754464063
2022-08-04,0.004219421216672847,0.004228770668304849,-0.0006753096752750709
2022-08-05,-0.007693803942747768,-0.0076624426471986196,-0.0016903501671180488
2022-08-08,-0.00853684107692565,-0.008091225006779279,-0.0011609416545834694
2022-08-09,-0.013299035055245767,-0.013291612469210179,-0.0039707636884128705
2022-08-10,0.022961319794769564,0.022934019840612496,0.02100393645804144
2022-08-11,-0.0016355423685273651,-0.001634979143840587,0.0
2022-08-12,0.013726516691841661,0.01373417455091741,0.01692884587025789
2022-08-15,0.002783224340980661,0.002770697178548831,0.004120838742911692
2022-08-16,0.014314703265822182,0.01430677003036962,0.00195853342608876
2022-08-17,-0.008281465772757901,-0.008237924751475334,-0.007097926555515333
2022-08-18,0.0027957442503199204,0.0028184618663238403,0.0029066092909375563
2022-08-19,-0.020597134838664766,-0.02060663457200984,-0.013438200216609686
2022-08-22,-0.023598615928126287,-0.023578809143752655,-0.020822355836348283
2022-08-23,-0.011284510143936832,-0.011285680495557782,-0.002419219584622656
2022-08-24,0.00867533220869987,0.008670142179094231,0.0032009669038008948
2022-08-25,0.012039492192960743,0.012034667893217943,0.014117583909121878
2022-08-26,-0.02514526911533832,-0.025143909110581397,-0.03384896746874344
2022-08-29,-0.015664110084100513,-0.015078461336655247,-0.006612190165563692
2022-08-30,-0.026450634910959225,-0.026439645822652125,-0.010978028392464312
2022-08-31,-0.00302659632125879,-0.0030254956793943633,-0.007609215770564726
2022-09-01,0.0055935139659473165,0.005619447870992111,0.0031379949255347928
2022-09-02,-0.0019593000497323265,-0.0019625536413642175,-0.010544363180384653
2022-09-06,0.0014414082916491822,0.001446581440591732,-0.0037731157439623297
2022-09-07,0.016441963660591696,0.017071829162282226,0.017964905209541637
2022-09-08,0.003569813269516775,0.0035701375826049375,0.006536386800654492
2022-09-09,0.005894027790912082,0.005886002359137166,0.015535204117248735
2022-09-12,0.00464690062045503,0.0046349786507116075,0.010747729314671162
2022-09-13,-0.020558299160065796,-0.02055889078274331,-0.0434824401281263
2022-09-14,-0.0015351907245301222,-0.0015341517982625508,0.0038157635467981343
2022-09-15,-0.00981345692870561,-0.009826317619664016,-0.011353312270845684
2022-09-16,-0.02077931027725244,-0.020732012709748115,-0.007628934124167097
2022-09-19,0.02023538162051053,0.020202197316939063,0.007754857696448125
2022-09-20,-0.010559318576544241,-0.010557026569633199,-0.011478539223154116
2022-09-21,-0.012981075853974677,-0.012976748258829551,-0.017443764762905656
2022-09-22,-0.012347643150901533,-0.012325937343031002,-0.008399775628965322
2022-09-23,-0.021343909818544504,-0.021228606310166875,-0.016754959913737877
2022-09-26,-0.0054849567509165364,-0.004916196377017346,-0.009892579822617265
2022-09-27,-0.00046111017707306523,-0.0004562913918043643,-0.00255268862968816
2022-09-28,0.010246195687634296,0.010222284332045861,0.019676188112379256
2022-09-29,-0.00929306268526553,-0.008695239754299422,-0.020888912561054296
2022-09-30,-0.002057502026269309,-0.0020634596197813826,-0.015463495547191508
2022-10-03,0.012105739640761115,0.012056496989960586,0.026401266969970916
2022-10-04,0.019318197136501736,0.01927385579035712,0.030986558600777814
2022-10-05,0.010224583737401094,0.010557787216188164,-0.0023281127889306363
2022-10-06,-0.0016178110802885781,-0.0016224724710075522,-0.010315861844761631
2022-10-07,-0.012173785165207285,-0.012099674468262989,-0.027893942489252366
2022-10-10,-0.0067625063631946425,-0.006899924462830276,-0.0076353096836601075
2022-10-11,0.00028238505606781317,0.0003020708838339381,-0.006332909972757483
2022-10-12,-0.010347349865904798,-0.01034193770040781,-0.0032986760012649885
2022-10-13,0.025922878136612537,0.025913349382482354,0.02639137865104102
2022-10-14,-0.018211414417258376,-0.018241510994366328,-0.022788745904938623
2022-10-17,0.013940821915031654,0.013968380020774829,0.0256967622969273
2022-10-18,0.009055737995014468,0.009027863833553473,0.011749749001394472
2022-10-19,-0.008865402662042277,-0.008895919534274377,-0.007086385519014637
2022-10-20,-0.010834575200617924,-0.010787558501695327,-0.008385403383119772
2022-10-21,0.023568971095876412,0.02359573414623628,0.024301344375728506
2022-10-24,0.014984899171981203,0.014989815337703716,0.012236428921737597
2022-10-25,0.005415407457834975,0.00548821917105502,0.015968613704059775
2022-10-26,0.02389568338027992,0.023860127888813976,-0.007534192412415375
2022-10-27,0.00644349887831952,0.006450418687564463,-0.0053396162708743145
2022-10-28,0.020243642742425072,0.020158387291711044,0.02379044291552379
2022-10-31,0.005673117913515213,0.005593458283093877,-0.007223193736808575
2022-11-01,-0.009940666178061774,-0.009869060432019183,-0.004375951673780798
2022-11-02,-0.004523363140698455,-0.004580079695704065,-0.025096187507376744
2022-11-03,0.01373825440426435,0.013745808367940038,-0.010296956219330022
2022-11-04,0.0017208996773789842,0.0017274478214046596,0.014393336366689047
2022-11-07,0.0038779865120486257,0.003844945253965948,0.009565449767275691
2022-11-08,-0.0009451891782443766,-0.0009585143879378144,0.0053955227819986185
2022-11-09,-0.008036697069075283,-0.008078951912663834,-0.020602300842125443
2022-11-10,0.030807971743737506,0.03077010267581559,0.054954105898362915
2022-11-11,-0.03160220648494394,-0.03151156326782678,0.009678735212036882
2022-11-14,0.0093757828997163,0.009309727919805333,-0.00850677916983611
2022-11-15,0.0006231525444675423,0.0006093275140834908,0.008529248279308455
2022-11-16,0.007852097211902054,0.007871400279396035,-0.007628899041646764
2022-11-17,0.0013780258436024706,0.0013570657690309407,-0.0030599493056451266
2022-11-18,0.007810436903347817,0.007853738313019276,0.004540541280916743
2022-11-21,-0.005692365597473437,-0.005677394768660804,-0.00363617475260114
2022-11-22,0.005251425973746393,0.005254644509253392,0.013456971219873548
2022-11-23,0.005901475812493118,0.005891924142030325,0.00630160563869997
2022-11-25,-0.00010851821999813271,-7.531677122085689e-05,-0.0002237221698127012
2022-11-28,-0.016955933608235108,-0.016935230443496874,-0.01595709325222472
2022-11-29,0.0018835303576567597,0.0018499538750678113,-0.0017171568085416755
2022-11-30,0.03845108793521934,0.038433109864673076,0.031500524995195844
2022-12-01,0.00029825591353316305,0.0002859503927059581,-0.0007359872869332484
2022-12-02,0.0006511439716661016,0.0006593414223030614,-0.0011537513527365428
2022-12-05,-0.021941564726882357,-0.02193360963687485,-0.017989231169653896
2022-12-06,0.0040595796314510935,0.004049592630922971,-0.014414636741935993
2022-12-07,-0.005996111808940108,-0.0059423019471237515,-0.0017013330482271716
2022-12-08,0.005517647306385598,0.005473441138298396,0.007834024790427163
2022-12-09,-0.018564922619222046,-0.018502687179012378,-0.007470397617597602
2022-12-12,0.01564462025271296,0.01568578444708768,0.014417237656153548
2022-12-13,-0.0037567314725872603,-0.003754726357642957,0.007569910977531125
2022-12-14,0.005220293153364919,0.005260599500391816,-0.006393654626225986
2022-12-15,-0.014593620450788158,-0.014602207391138156,-0.02446154581582516
2022-12-16,-0.0028638106785567885,-0.00257896600844687,-0.011806230517979022
2022-12-19,-0.0030589000840934855,-0.0028105030912186635,-0.00847970249165253
2022-12-20,0.008217887200908214,0.008202362166415789,0.001368399428156808
2022-12-21,0.021207712822230773,0.02117522907612157,0.014952622129840387
2022-12-22,-0.012272615960765676,-0.012238073686343331,-0.014266277672469796
2022-12-23,0.001004786677212044,0.0010176427410801825,0.00575245903967625
2022-12-27,0.0012646116680541386,0.0013093827001773306,-0.003943695489253662
2022-12-28,-0.0355731067559617,-0.034934100345057284,-0.01242790578122821
2022-12-29,0.005593948984763397,0.006021936777298009,0.018000546194413714
2022-12-30,-0.0010777002854607254,-0.001085257399463524,-0.002634285564565686
2023-01-09,0.0,0.0,0.0
2023-01-10,-0.00019397598488801737,0.00010602401511206061,0.00708842887319272
2023-01-11,0.0036690714312292982,0.0036679708264903965,0.012647872045784547
2023-01-12,-0.0003275038924364093,-0.00032740601071179487,0.0036408048745546484
2023-01-13,-0.0034454683585011248,-0.00344443826742169,0.0038795554127668552
2023-01-17,-0.000530307544747699,-0.0005301484508034582,-0.0018318796027321227
2023-01-18,-0.00048810797782905535,-0.0004879614662156584,-0.01578801608828595
2023-01-19,-0.003651955883202551,-0.0036508591685703307,-0.00727966098370425
2023-01-20,0.0028236022977838893,0.002822751237955723,0.018629023168984737
2023-01-23,0.004890157076002932,0.005188895373977154,0.011998627342807433
2023-01-24,-0.0015710347021419269,-0.0015699642083233378,-0.0010734300935140162
2023-01-25,0.0008986010888698548,0.0008987910466187188,0.00037487704968164337
2023-01-26,0.008925585992672458,0.008922180660230872,0.010990354669102587
2023-01-27,-0.0014446811825147288,-0.0014443870210368859,0.0022975721543581074
2023-01-30,-0.016831685510673378,-0.016527193147500507,-0.012546832947207598
2023-01-31,0.018802308362145803,0.01878857848590343,0.014703494464065603
2023-02-01,0.015513336253086152,0.01550111559624634,0.010627672454092574
2023-02-02,0.019952425021870557,0.019936861272614292,0.014556989778104157
2023-02-03,-0.001778136972544364,-0.0017753135029536793,-0.010629110241724748
2023-02-06,-0.014112586390843784,-0.014104119891007016,-0.00611141786011693
2023-02-07,0.005305178923071585,0.005303071865145448,0.013078533893259081
2023-02-08,0.00020711158629937998,0.00020722395323136134,-0.010934524091624875
2023-02-09,-0.010779493058731493,-0.010477584169856113,-0.008669224521750007
2023-02-10,0.004437308745211199,0.0044365523218814484,0.0023338018909186964
2023-02-13,0.0076506884611291515,0.007644981028254616,0.011738835434946582
2023-02-14,0.004255378094965012,0.0042532150434015925,-0.00046020854623840535
2023-02-15,0.006424925684919369,0.00642214864122681,0.003247367508553145
2023-02-16,-0.013421034649816699,-0.013412517683994984,-0.01376883107066662
2023-02-17,-0.011018137927436111,-0.011009694949194015,-0.0024982295162850887
2023-02-21,-0.015379302717970056,-0.015367308811186864,-0.020060951744074407
2023-02-22,0.0037074664709593197,0.0037064178285222127,-0.0013780517223561661
2023-02-23,0.00505294687942226,0.0050485465034944,0.005319271066065001
2023-02-24,-0.015960347171592892,-0.015949137924027967,-0.010682312347813583
2023-02-27,0.0030690290206281112,0.0036612254503203268,0.003405843725257096
2023-02-28,-0.002700928573259209,-0.00269852689034622,-0.0036959509210153785
2023-03-01,0.005087795941769002,0.005381083678768883,-0.003835863136222417
2023-03-02,0.006346173884227646,0.0063349953249489666,0.007777295956619801
2023-03-03,0.01678949368038518,0.016775635203408745,0.016037605797673216
2023-03-06,0.0033523456744251057,0.003355004635636316,0.0006931161126224605
2023-03-07,-0.01530920104231348,-0.015300716824867333,-0.015328883460585585
2023-03-08,0.005431313156603945,0.0054083124845973884,0.0016320983847801784
2023-03-09,-0.02075980849382475,-0.020771421742892482,-0.018449811298357877
2023-03-10,-0.027415465576134945,-0.027413051323804227,-0.014429491730757027
2023-03-13,-0.017065761884467956,-0.016786186599069608,-0.0014252820882890704
2023-03-14,0.015478642896534778,0.016132482374206614,0.016530085938712302
2023-03-15,-0.028403737366469284,-0.028162477709529066,-0.006254321725367551
2023-03-16,0.015851002972929518,0.015880290604136205,0.01754504060229478
2023-03-17,-0.026257421990898533,-0.02627641107098222,-0.011692639585236697
2023-03-20,0.016556071212382673,0.016577145579358854,0.00961561958721946
2023-03-21,0.016626455575662336,0.01663238334994599,0.013130809191266968
2023-03-22,-0.016757620804779383,-0.016757602220126566,-0.01704672207800839
2023-03-23,-0.00391380341384695,-0.003920969084491355,0.002703132867100999
2023-03-24,0.006991707691194282,0.0069911038723917684,0.006562317697633935
2023-03-27,0.008895380483379345,0.008886883727919681,0.001869811627109863
2023-03-28,0.003387311480155031,0.0033871701794272457,-0.002244634806711554
2023-03-29,0.015441899914458324,0.015438654886349434,0.014534805492768754
2023-03-30,0.0012666885960694874,0.0012617466728703786,0.0058553435509463014
2023-03-31,0.013721074626907859,0.013700376183120921,0.014094581982270649
2023-04-03,0.002332945695268318,0.002343793807993322,0.0038106022314881027
2023-04-04,-0.01575846183416485,-0.015746732300413235,-0.005548157977114498
2023-04-05,-0.016716693613821,-0.016675175798697595,-0.0026182430785610666
2023-04-06,0.0006493129953157872,0.001229264948425346,0.0039009994131218306
2023-04-10,0.006647072088198591,0.006625213738443492,0.0010262589081027063
2023-04-11,0.0019216265381989395,0.0019263420574000545,0.00026846021956461463
2023-04-12,0.0011653408189731262,0.0011795720015390643,-0.0040759216449689495
2023-04-13,0.007205292843543987,0.007189928891962127,0.013282797961150505
2023-04-14,-0.00589134049845097,-0.005890424144486928,-0.0024427678638192507
2023-04-17,0.004240486908296592,0.004246841961681902,0.0035882743780331072
2023-04-18,0.004832927091562134,0.004843892488243906,0.0006521178700162888
2023-04-19,0.0007679656057475448,0.0007722794583053805,-0.0001689061155171201
2023-04-20,-0.006973145233439726,-0.006959151255560014,-0.0054570894445474805
2023-04-21,-0.002006712860593396,-0.002011517847315014,0.0007768749876664316
2023-04-24,0.0032150036053015807,0.0032307049864517268,0.0010432772949395819
2023-04-25,-0.026013264101386824,-0.02595761348553005,-0.01587393177842178
2023-04-26,-0.010492627763798335,-0.010496428336692731,-0.00423545257711444
2023-04-27,0.007278819324834984,0.007871985450423002,0.019907926264709275
2023-04-28,0.007220360245497659,0.007232009744141177,0.00853510646528055
2023-05-01,-0.0037384210321522726,-0.0037256971626259405,-0.0010097822511898613
2023-05-02,-0.007343516714080178,-0.007319866593742952,-0.011238882951136508
2023-05-03,-0.003336491598960878,-0.002706339619467646,-0.006864417437264958
2023-05-04,-0.013111475608537204,-0.01312695489067972,-0.007082785109090439
2023-05-05,0.024139568678893886,0.024726214074885844,0.018512631002797653
2023-05-08,0.009722989374501445,0.009728915818301598,0.00026649536807865637
2023-05-09,-0.0016350520949208747,-0.0016303050261666785,-0.004385422308878395
2023-05-10,0.006284919342515405,0.006285513393277098,0.004672491975553639
2023-05-11,-0.002220174879007608,-0.0022183416227824493,-0.001743958295085335
2023-05-12,-0.007634261597887271,-0.007633367973354677,-0.0013104277613935622
2023-05-15,-0.00733319975326252,-0.007345301276550642,0.003450194510494553
2023-05-16,-0.005994226150875082,-0.005412856085394213,-0.006682493503109788
2023-05-17,0.00480068891738239,0.0047981945500132905,0.012138777364691933
2023-05-18,0.0201600476374304,0.020182101914775874,0.009633089917948423
2023-05-19,-0.0038402757753821515,-0.0038389508318932286,-0.0014549662955997134
2023-05-22,-0.0016854553074996392,-0.0017097246485809903,0.0004062055415268162
2023-05-23,-0.025856858470623578,-0.025840579461841595,-0.011222855785945396
2023-05-24,-0.005227115312658959,-0.005240710736542864,-0.0072449768012031734
2023-05-25,0.008158209882780376,0.008195014460326,0.008659974205849963
2023-05-26,0.013802424134450764,0.013800696205923169,0.012950614142771322
2023-05-30,-0.017275637956963852,-0.016738077546409103,0.00038094755315953854
2023-05-31,-0.02351274013983018,-0.023574689408837002,-0.005545075901445706
2023-06-01,0.015304293336872332,0.015329020883051214,0.00950090880049026
2023-06-02,2.3432219479424532e-05,-4.048034493719932e-06,0.014461233260246953
2023-06-05,-0.0019980986154944924,-0.0020431369123082854,-0.0019162754404427051
2023-06-06,0.018247894298556444,0.01824494271353716,0.0021773465805001724
2023-06-07,-0.01783828427996137,-0.01780752184394896,-0.003457747919945131
2023-06-08,0.001614726920239784,0.0016232926261932068,0.006048777892504464
2023-06-09,0.006765680853242806,0.006751467964424052,0.0017940375917497864
2023-06-12,0.02891232813543243,0.02892437319642438,0.009072232058388474
2023-06-13,0.003445715842068653,0.0034547216209308562,0.006592724483602153
2023-06-14,0.008242665423974227,0.008231619510340238,0.0011908993826885705
2023-06-15,-0.002948205087010103,-0.0029709474221262244,0.012397742935372325
2023-06-16,-0.010399050532310494,-0.010407855286666878,-0.003406357713433006
2023-06-20,-0.0028496227553558295,-0.0028465742693645213,-0.005188097342600506
2023-06-21,-0.008907168204166815,-0.00893732157386673,-0.005123776103644895
2023-06-22,0.003065654471783086,0.003081202146979045,0.003609692901579642
2023-06-23,-0.007907894427736095,-0.007929894348717825,-0.007560147406906137
2023-06-26,0.003425213284507622,0.0034291637778083306,-0.004085625431801243
2023-06-27,0.025524224302567733,0.025564527357327282,0.010963225363546103
2023-06-28,0.0023218847549384414,0.0023019429753925458,0.0005045435126187492
2023-06-29,-0.0054850229134503214,-0.005508987059290371,0.00394131384987384
2023-06-30,0.013248432899224394,0.013253291552387969,0.011800572328192871
2023-07-03,0.004402229232337573,0.004432073180034246,0.0011508634807269047
2023-07-05,-0.01338511329392178,-0.01341305978498597,-0.001487497557271067
2023-07-06,-0.016979623353960527,-0.016976678452746752,-0.007830526958561568
2023-07-07,-0.0024154490936535433,-0.002409018344347813,-0.0025247215782114862
2023-07-10,0.011312989518719174,0.011324260510983342,0.0025311119311208774
2023-07-11,0.004624529816463774,0.004639932843386818,0.00636846662835211
2023-07-12,0.014756489087213387,0.014748728927905574,0.008045997552762696
2023-07-13,0.026361669615309946,0.026376665189831616,0.007936779166373142
2023-07-14,-0.010672234710727424,-0.010686917403644913,-0.0006227376226837222
2023-07-17,0.015706639738717554,0.015723723748313212,0.0034721444237921784
2023-07-18,0.0003191971309193242,0.000334656394348265,0.007430715158172951
2023-07-19,-0.0007816115921955857,-0.000800242684513508,0.002223784015379593
2023-07-20,-0.028004662802434965,-0.02802403068961501,-0.0066347138160965935
2023-07-21,0.004865611348463306,0.004868886459485244,0.0
2023-07-24,0.004918091733892682,0.004920413376627852,0.004467409289568014
2023-07-25,0.004397199912583805,0.004414192918524629,0.002729993969081468
2023-07-26,-0.0034131378874383556,-0.0034194973488314018,0.00015374415118540874
2023-07-27,-0.002837620424271603,-0.0027702767775117376,-0.006629990322230217
2023-07-28,0.013307411340978348,0.013823480514500108,0.009790364480256608
2023-07-31,0.00778854876279933,0.007781577608539703,0.0019040052219061465
2023-08-01,0.0016200088313846894,0.0016281830719100387,-0.0028616097156412
2023-08-02,-0.04051072858673921,-0.040521451338430325,-0.013910702781173567
2023-08-03,-0.007011061631164939,-0.0069764408512120735,-0.0028660024454674193
2023-08-04,0.01531849587978984,0.015920108593973747,-0.004522727226096257
2023-08-07,0.014223312424366696,0.014228834724705708,0.008728489892785074
2023-08-08,0.00499751695139139,0.004933735952818541,-0.004348534332770382
2023-08-09,-0.005126425000767543,-0.0051546342960070435,-0.006685141443425913
2023-08-10,0.001976545852322653,0.001961010580846745,0.0003587694663247376
2023-08-11,-0.004175127058887784,-0.004210453465592567,-0.00058311176439374
2023-08-14,0.005278186842913923,0.005767829701479377,0.005520062860039143
2023-08-15,-0.018036476888055097,-0.018059150233081134,-0.011648916207173121
2023-08-16,-0.0008983047332390415,-0.0008906036163790487,-0.007338096957553719
2023-08-17,-0.0015099786539549687,-0.001523033252306849,-0.007619726040616559
2023-08-18,0.003073405643288618,0.0030713158782156302,0.000481185998659317
2023-08-21,-9.12002464105166e-05,-9.089241017068428e-05,0.0065063091912958
2023-08-22,-2.1688683473186643e-05,-1.6995578051792748e-05,-0.0027086347726139604
2023-08-23,0.011332160511097644,0.011320293044921659,0.01113785500893627
2023-08-24,-0.008794040033714978,-0.008805758632425054,-0.013859223013909627
2023-08-25,0.0053759947223841476,0.00537329186253066,0.007049714555938946
2023-08-28,0.010192925072533443,0.010185996711589596,0.006341461196515352
2023-08-29,0.011856188477626262,0.011869533417536493,0.014454721180120478
2023-08-30,0.005286303656208524,0.005293614045689621,0.004118917872557359
2023-08-31,-0.0007015193467749814,-0.0006863526082880878,-0.0014634035059160055
2023-09-01,0.004082951669561075,0.004062911589099993,0.0018650764885848048
2023-09-05,-0.015618479608740521,-0.015611994905308069,-0.004321737613855237
2023-09-06,-0.0032924389149358024,-0.003280633486662854,-0.00672252394009365
2023-09-07,-0.006180102564039114,-0.006199653613342959,-0.0030701693208238234
2023-09-08,0.0008053714345390706,0.0008074699548314968,0.0015060113029730093
2023-09-11,-0.01211430338709052,-0.012108459190295573,0.006576583948365355
2023-09-12,0.0034347308358455564,0.0034232566051197733,-0.005485455170274323
2023-09-13,-0.00752158877930198,-0.007543312136412239,0.0011659429869186333
2023-09-14,0.006021151966729699,0.0060302793823265866,0.008622268389973042
2023-09-15,-0.019060463779586923,-0.019053871274910095,-0.012048198717857117
2023-09-18,0.0018317660297302307,0.0024291919636096893,0.0005863179581946376
2023-09-19,-0.0017742493354797606,-0.001296702125376914,-0.002073700242464338
2023-09-20,0.011110634000168984,0.011096028736790275,-0.009193361806369982
2023-09-21,-0.012220664839894813,-0.012215928388200403,-0.01652842718934633
2023-09-22,-0.00012296855245419458,-0.00011715622722274777,-0.0022485835771977047
2023-09-25,0.00956957548002113,0.009544586008070066,0.004205286191780955
2023-09-26,-0.013781592423695588,-0.013754079679043185,-0.014691274582096181
2023-09-27,0.005373311635198386,0.005365694618454597,0.00039922850002582777
2023-09-28,0.00369130345313029,0.0036925723947933697,0.005797235571361359
2023-09-29,-0.018223837632420192,-0.018228819548089747,-0.0024268410510678295
2023-10-02,-0.01166436817185701,-0.01100795213709338,-0.00039758620536511913
2023-10-03,-0.007286461974118974,-0.007295481545255056,-0.013386233602487696
2023-10-04,0.002126694712188959,0.0024435222693743874,0.0072819807960526894
2023-10-05,-0.0004281317555062669,-0.00010132809064222759,-0.0003767538409181759
2023-10-06,0.00548057975445615,0.005460418334699568,0.011872889791437746
2023-10-09,0.0193373343876575,0.019307110935725458,0.006402109308006665
2023-10-10,0.0012188378252651066,0.0012020100347498452,0.005204881069301948
2023-10-11,0.010053245442557701,0.010040986505722715,0.004096306420702467
2023-10-12,-0.001975124271110018,-0.001981610219685015,-0.006096438609385357
2023-10-13,-0.0006739688647432462,-0.0006596921147531409,-0.004980692946558785
2023-10-16,0.012105789973271053,0.012109990870487142,0.010521293502573803
2023-10-17,0.007290548438359634,0.00729318718213845,-4.593770614813586e-05
2023-10-18,-0.0018040849634363143,-0.0018168702613780008,-0.013325159481198057
2023-10-19,-0.016630565262495067,-0.016647442432221604,-0.00878627754271677
2023-10-20,-0.020730412953034127,-0.020714242477690603,-0.012288140278315818
2023-10-23,-0.012694609845109617,-0.01267753010234629,-0.0017330258208602123
2023-10-24,0.00014991130198360736,0.00020904013847511393,0.007539297844937787
2023-10-25,0.003694063034572981,0.0037197638421553325,-0.014352274963949196
2023-10-26,-0.0012462241067384694,-0.0007175980227610568,-0.011974642931195767
2023-10-27,-0.012284069854041735,-0.01229950353855902,-0.004532795672202106
2023-10-30,0.007365648711989081,0.007401188459522645,0.011955898365193729
2023-10-31,0.008180770218661149,0.008173110480962142,0.006280381790441103
2023-11-01,0.009256778835460278,0.009296532914352396,0.010664691247419755
2023-11-02,-0.007042169276872845,-0.007036008890944689,0.019164236800371937
2023-11-03,0.016839991659688858,0.016815597715316377,0.00912348368318261
2023-11-06,-0.0006898830429935554,-0.0006634006650992896,0.0023004516022138155
2023-11-07,-0.010920790156802473,-0.010891705254151729,0.002845922811025803
2023-11-08,0.002455397909095103,0.0030726723637817255,0.0007324199123486252
2023-11-09,0.001717032289777265,0.0017151542627893424,-0.007798728101199637
2023-11-10,0.008359736974748788,0.008373441577167018,0.015604954192212306
2023-11-13,0.004495757794024335,0.004481612212614561,-0.0009533215038348697
2023-11-14,0.0015670113475534375,0.001540196062863819,0.01940078393032696
2023-11-15,-0.0006530183193710348,-0.0006633455714537551,0.00211712476939363
2023-11-16,-0.0040875896564050995,-0.004051370956311695,0.0012231032171463596
2023-11-17,0.0006440508042195869,0.0006495874725174211,0.0012437485749885457
2023-11-20,0.005753816194411954,0.005749964439203392,0.007697646973265915
2023-11-21,0.0016430672456004825,0.001661874484013559,-0.002179472264966731
2023-11-22,0.003647260293642818,0.003653360128961669,0.003860856688096659
2023-11-24,0.0030237580805241304,0.003022232573579142,0.0006152583229561692
2023-11-27,0.007117271303245687,0.00712288701044872,-0.0018008540764696823
2023-11-28,-0.0065563244215484096,-0.006573232508489402,0.0009900947357737166
2023-11-29,-0.02364951264840065,-0.023586773028990815,-0.0007033709637728203
2023-11-30,0.01637485669735561,0.016955687556502008,0.003937389890417808
2023-12-01,0.006690088770065383,0.006672917686559421,0.005915855135181891
2023-12-04,0.002725904564992998,0.0027156110420847313,-0.005249354505640236
2023-12-05,-0.0027404213502152386,-0.0027444226743166267,-0.00019712999514076568
2023-12-06,-0.00936132065666162,-0.00936647055497497,-0.004029729599363985
2023-12-07,-0.001389596175923824,-0.0013943366150995784,0.0076305170581814075
2023-12-08,0.002165445593558246,0.002160023574825143,0.0042990810778074096
2023-12-11,0.0029248021651966383,0.0029325899128647137,0.003889562713336847
2023-12-12,0.005388945593574723,0.005396286943689654,0.0045670463737028655
2023-12-13,0.009212682355305812,0.009189552879453888,0.013790217632763557
2023-12-14,-0.021010075964328467,-0.02100980076365866,0.0032093987584638217
2023-12-15,-0.001545600540933445,-0.0010216977613521916,-0.0016465279846737957
2023-12-18,0.018384098155054485,0.018362793512361364,0.0056250888080024986
2023-12-19,0.01575106904214385,0.015750500051290972,0.006080888558688935
2023-12-20,-0.022781958871283425,-0.022777799572464397,-0.013857292868214355
2023-12-21,0.011978142801262193,0.011974134105763978,0.00948193552633847
2023-12-22,-0.01205619542691605,-0.01204131092851457,0.0020097867761843524
2023-12-26,-0.003337948012741565,-0.003327007518990399,0.004222440322714682
2023-12-27,0.0012589408365628607,0.0012638895225347557,0.0018080853378115158
2023-12-28,-0.0014396003347247888,-0.0014225958474726186,0.0003777903707899988
2023-12-29,-0.005324657886046524,-0.005311287204240456,-0.002895034567458432
2024-01-05,0.0,0.0,0.0
2024-01-08,-0.0019709155139022716,-0.0013709155139023377,0.011654206081111118
2024-01-09,0.0010032375959487805,0.0010026348270459895,-0.0015173092049581838
2024-01-10,0.009418078960241827,0.009412426023228004,0.0056555426872197945
2024-01-11,0.0016170178107308697,0.001616056291497081,-0.00044064304124258324
2024-01-12,-0.005798030927813946,-0.005794588836222303,0.0006927821246200949
2024-01-16,-0.0011700356399841905,-0.0011693369816194732,-0.0036712991848998344
2024-01-17,-0.007052924513275771,-0.007048708100295342,-0.005558629120554048
2024-01-18,-0.002410428352783045,-0.002408977109616073,0.008892804945121346
2024-01-19,0.002446070401622702,0.00244459414322562,0.01246601761428856
2024-01-22,0.0021792577842714156,0.0021779457606434516,0.0021144766293073047
2024-01-23,0.003290681992683453,0.0032887051408327928,0.0029164192965691615
2024-01-24,-0.0053312680375036114,-0.0053280758175803244,0.0010933126058945142
2024-01-25,0.0026035170171758715,0.002601949750689725,0.00543884142451212
2024-01-26,0.0026298081598421508,0.002628229175039687,-0.001270453392287485
2024-01-29,0.00020575835542890886,0.00020563513820115453,0.007919381068000497
2024-01-30,-0.0030838413679370458,-0.003081995006647409,-0.0007734882337024906
2024-01-31,-0.0033786650149356667,-0.0033766358826947673,-0.01631739659210396
2024-02-01,0.007847505402671207,0.00784277644119924,0.013088243385340759
2024-02-02,-0.0020152907087486183,-0.0020140857308880156,0.010527345896630402
2024-02-05,-0.007384240420393651,-0.00737981634232987,-0.0036411212279221505
2024-02-06,0.006543073712727443,0.0065391244532908566,0.002903296810174316
2024-02-07,-0.005226969788662661,-0.005223835397596632,0.008340343964780894
2024-02-08,-0.004160246926911304,-0.004157739103637481,0.0004418983685636757
2024-02-09,0.0016310380337205554,0.001630050728676391,0.005779329416906842
2024-02-12,0.0082739447308815,0.008268944471454764,-0.0004390393376605406
2024-02-13,-0.001684719043193228,-0.0016837092533086295,-0.013773156019081911
2024-02-14,0.0008918966560496067,0.0008913611678456057,0.009087717382374239
2024-02-15,0.013682770175017511,0.013674562456302608,0.006899796528982316
2024-02-16,0.0031412007038411627,0.003139341848601651,-0.004979972192162729
2024-02-20,0.004111043590927954,0.004108618429219835,-0.00550536084322828
2024-02-21,0.0006072808426105247,0.0006069240650703467,0.0009057847460314239
2024-02-22,0.0017196239023813398,0.0017186142360017254,0.02069547359013213
2024-02-23,0.004007151070086978,0.00400480233306344,0.0006896938035241273
2024-02-26,-0.00196183575240394,-0.0019606904358635546,-0.0036624892391068364
2024-02-27,-0.003071438239579116,-0.003069641616278651,0.0018575652385470764
2024-02-28,-0.015207410180173908,-0.015198487287287454,-0.0013215656359362171
2024-02-29,0.002206175558341572,0.00220486111527074,0.003594930678976649
2024-03-01,0.004858684869417207,0.004855796425500047,0.009388320968662267
2024-03-04,-0.005392332122031718,-0.005389141920650209,-0.0010724808912873085
2024-03-05,-0.0012477172397894476,-0.001246975067995204,-0.009993971737729979
2024-03-06,-0.0011287675291428156,-0.0011280952731700378,0.005067159247770903
2024-03-07,0.0077255415125481175,0.007720935243571203,0.009926370346830193
2024-03-08,0.0027462125916868363,0.0027445877380869454,-0.006002115368710204
2024-03-11,-0.001436767776627823,-0.0014359200099632874,-0.0008599654929837275
2024-03-12,0.0014120748367734137,0.0014112404420854041,0.010757433934536875
2024-03-13,0.0012972472385470724,0.0012964817757121772,-0.001567579929561469
2024-03-14,-0.006124061171570383,-0.006120452243845942,-0.001976722296110567
2024-03-15,0.007463893222849238,0.007459467641495632,-0.006866621980632703
2024-03-18,-0.004027455790738155,-0.004025085464575251,0.005943123520944171
2024-03-19,0.003755832592779562,0.0037536131949620355,0.0055572273176933695
2024-03-20,-3.165803360305475e-05,-3.163939618511247e-05,0.009249402694907927
2024-03-21,0.0028448642718565953,0.0028431894173017724,0.0033045469982364573
2024-03-22,-0.0037084648155513156,-0.0037062877240566783,-0.001895828125221044
2024-03-25,0.0015816464946549758,0.0015807145190342986,-0.0027627018670887127
2024-03-26,-0.004748847451041094,-0.004746053637654346,-0.0018470850305899456
2024-03-27,-0.0013292142012669705,-0.0007367718319919447,0.008403901287043603
2024-03-28,0.0017906065915382907,0.0017896740489482532,-0.0001911530432040509
2024-04-01,-0.005080365259845343,-0.005074645190120131,-0.0017398673121423736
2024-04-02,0.005404344378299397,0.005400440606992296,-0.006357919615774921
2024-04-03,-0.0055718751210038775,-0.00556834219320701,0.0010984169872829685
2024-04-04,-0.0017005977281943085,-0.0016983328652225849,-0.01220615604832942
2024-04-05,-0.0002978724404752997,-0.00029831765333176996,0.010447018952042919
2024-04-08,0.0007148268461900642,0.0007142224018295007,0.0005592485270635716
2024-04-09,-0.0024308195107073383,-0.002427928417728098,0.0011566969768881386
2024-04-10,-0.0006548557727954485,-0.0006553849955616142,-0.010012983815937626
2024-04-11,-0.0008071090751289312,-0.0008082446211147287,0.007546719431144933
2024-04-12,-0.01125538735069409,-0.010946820578916716,-0.013803096677538984
2024-04-15,-0.005338291230771786,-0.005333256139216647,-0.012528035229721235
2024-04-16,-0.0012241007693023498,-0.0012228150291719864,-0.0018237698460005225
2024-04-17,-0.003903639055686803,-0.0036024816600541687,-0.005918270721091856
2024-04-18,-0.0038148260220792762,-0.0038157038139980948,-0.0020577941117486676
2024-04-19,0.00012730309191355538,0.00012333461034375048,-0.008728310287311025
2024-04-22,0.009285077725796675,0.009280687717605707,0.009209223639820241
2024-04-23,0.010399853895262545,0.010392813037823023,0.011866617014164138
2024-04-24,-0.003923020581770631,-0.003922756008179373,-0.00047477474141222054
2024-04-25,-0.0007583498234999819,-0.0007566308308162295,-0.0037987587828579583
2024-04-26,0.006217522221049876,0.006215320787559264,0.009473829310949533
2024-04-29,0.005502636452146659,0.005497843396033764,0.003541505391073896
2024-04-30,-0.015767397844360986,-0.015751001222248817,-0.015841202983065017
2024-05-01,0.002242401862939447,0.002243434648073528,-0.0032472021430118847
2024-05-02,0.007516529394675953,0.007509471702715986,0.009353443441858289
2024-05-03,0.008450831354415378,0.008444640990974195,0.012395256153737932
2024-05-06,0.006805292652197759,0.006800258624763744,0.01032693850317501
2024-05-07,0.002693425140828376,0.0026902217008828444,0.0011034264304021768
2024-05-08,-0.0036542327821844633,-0.0036513299049437675,9.672134683258449e-05
2024-05-09,0.0012031500881364288,0.0012000099870845826,0.00576189641039937
2024-05-10,0.0021623199903806345,0.0021589577170137986,0.0012880452787931151
2024-05-13,-0.005896833327772688,-0.005890103997225782,0.00013421871437180322
2024-05-14,-0.003988718213783327,-0.003979257533797909,0.004588035509807353
2024-05-15,0.0017670375174156927,0.0017688734124385874,0.012383318564626933
2024-05-16,-0.001364064078587801,-0.0013662682114687907,-0.002057648556520686
2024-05-17,0.00026373797896694917,0.0002643774254491582,0.0014374286500424827
2024-05-20,-0.004435664552627561,-0.004428687954503907,0.0011521851699716201
2024-05-21,-0.005441196569755724,-0.004836755618493727,0.002452510759075155
2024-05-22,0.0038547947131504223,0.0038528205082277722,-0.0028793330278348295
2024-05-23,-0.008724785654627532,-0.00871279230617017,-0.007304094973100028
2024-05-24,0.011881634810336328,0.01246293211712235,0.006616635547303407
2024-05-28,0.012010345269591882,0.012004762609358233,0.0006985875025946608
2024-05-29,-0.006748241601107208,-0.006737732318070955,-0.007002465409604586
2024-05-30,-0.014790477315824835,-0.014573830382560105,-0.006633746666733664
2024-05-31,-0.030607396853566837,-0.03082528060803058,0.009108165895193254
2024-06-03,0.0051825457749798964,0.005114173454170867,0.0008153583340808623
2024-06-04,0.01302552984989025,0.013044045454458031,0.0011178083574778785
2024-06-05,0.022083519032603194,0.02208057300616706,0.011885081701314748
2024-06-06,-0.011647414248912913,-0.011669033306169307,-1.868653409564658e-05
2024-06-07,-0.010705495437737356,-0.010727755943213624,-0.0012154701067456086
2024-06-10,-0.001958731356130783,-0.0019360372009187277,0.0030894414176951823
2024-06-11,-0.0012957458424188717,-0.0013027942923734548,0.002408336857466553
2024-06-12,0.019286764445365367,0.019271590035193853,0.008213376461439603
2024-06-13,0.003297857076882238,0.0033292290093407395,0.0020131698731635783
2024-06-14,-0.004859598705333368,-0.004851532005486159,0.000608506369971451
2024-06-17,0.007151714989936497,0.007203335629257124,0.007958910221575577
2024-06-18,0.010572666369097705,0.01062700654006865,0.0025407121528531196
2024-06-20,-0.0064110460572855965,-0.006415533326012968,-0.002716544837253032
2024-06-21,-0.011549189793091608,-0.011570436187473665,-0.0013404904271936413
2024-06-24,-0.022306698272952286,-0.022352682109776034,-0.003250874173535312
2024-06-25,0.013515535447545801,0.013534059940473409,0.0038509684777763287
2024-06-26,0.009587045364733093,0.009553158421058638,0.001248036721894108
2024-06-27,0.0016879764774546668,0.001691179826513567,0.0015764724631708305
2024-06-28,-0.011521557373445623,-0.01151752436960407,-0.003935092412651886
2024-07-01,0.010499948929388214,0.011144176309358489,0.002058070220223307
2024-07-02,0.005821188445936265,0.005813398762751332,0.0067297191878714635
2024-07-03,0.003755411187666091,0.0037426946638421388,0.004462763358313637
2024-07-05,-0.0013170356435486807,-0.0013472399121202683,0.00576649129051976
2024-07-08,0.012129307331394612,0.012172381192814052,0.0011536875313662431
2024-07-09,-0.0011758424374741505,-0.0011703051622651284,0.0009724431209321427
2024-07-10,0.011115672132377519,0.011103263552247444,0.009895287551016096
2024-07-11,-0.012223344250564705,-0.012249074817483718,-0.008622664527645374
2024-07-12,0.009991653712170034,0.009968357135730521,0.006307644912907806
2024-07-15,-0.0012487707532254921,-0.001264934745316082,0.0027502945306061566
2024-07-16,0.0028621726419946203,0.0028365846239430947,0.005930227551637524
2024-07-17,-0.026160142192258706,-0.02619453696525542,-0.014021344049971685
2024-07-18,-0.009662824448890661,-0.008538350995541122,-0.007684830624340111
2024-07-19,-0.006530486597529528,-0.006499978587967359,-0.006640697294749365
2024-07-22,-0.0014998846753074835,-0.0015045880522102095,0.010309899385924082
2024-07-23,0.009530097087653733,0.009507489839107874,-0.0015686753676523724
2024-07-24,-0.010987895186969077,-0.010964605960508633,-0.022662373657600487
2024-07-25,0.002413183544905717,0.002416617372112073,-0.005210401360493
2024-07-26,0.016421389120229835,0.017003351069718065,0.011199677243803441
2024-07-29,-0.0089897493762775,-0.008969302276718882,0.0005877660449544742
2024-07-30,0.012941782795963475,0.012937163707592791,-0.005066489846381805
2024-07-31,-0.019158200416964033,-0.019133893927102075,0.01625464939413712
2024-08-01,-0.01049856523560555,-0.010515800710464096,-0.01416089772791096
2024-08-02,-0.005122751989051322,-0.005104175674562117,-0.018618465583101207
2024-08-05,-0.04010806947672174,-0.040086911064675546,-0.02912373106089783
2024-08-06,0.015549565114942876,0.015525583718795533,0.009219621998645566
2024-08-07,-0.004861433516919589,-0.004873388001310985,-0.006683908795014792
2024-08-08,0.008790049455111193,0.009347016316724632,0.02311740208643176
2024-08-09,-0.03541211328698102,-0.035267025122042495,0.004409783108547671
2024-08-12,-0.013368163194475091,-0.01275933686857833,0.0005251819392879664
2024-08-13,0.018416356969899184,0.018416203824094257,0.016445457845939204
2024-08-14,0.003215675363751558,0.003221020942310915,0.0031548723144527724
2024-08-15,0.00606814528928501,0.006068071435143985,0.017140221567987224
2024-08-16,0.006254279564487097,0.006250464881260909,0.0022420117925041616
2024-08-19,0.006178162232689077,0.00617688109521386,0.009561331973907183
2024-08-20,0.0014565101525276791,0.0014618340398173668,-0.0016259572939693046
2024-08-21,0.0006178864237245119,0.0006110351225483424,0.0034366969502579447
2024-08-22,1.4315749959026292e-05,2.046401874045145e-05,-0.007848785276715287
2024-08-23,0.016271764405741962,0.01626948958697061,0.010625422141984808
2024-08-26,0.0010753995158705454,0.001083110207650062,-0.002383710675264439
2024-08-27,0.0007451601753882819,0.0007501594963106317,0.0013729062119203217
2024-08-28,-0.0014243971774038355,-0.0014139475207255447,-0.005804990250471875
2024-08-29,0.006398470596844952,0.006401235434544628,8.930257271066999e-05
2024-08-30,0.005126423386846657,0.005128641751869445,0.009546108600853476
2024-09-03,-0.001957649232354197,-0.001956414520644656,-0.02057890461708045
2024-09-04,-0.001518188529899711,-0.0015134526357394318,-0.002046808041376691
2024-09-05,-0.011073343908869604,-0.011077717316726798,-0.002432422016352409
2024-09-06,-0.01156975407183125,-0.01156742656463905,-0.01683006116965957
2024-09-09,0.0027965665074718427,0.0027994169201452923,0.01119600514425767
2024-09-10,0.005605478874906256,0.005599751499375305,0.0043558432423733695
2024-09-11,0.001151079793854759,0.0011322074332682508,0.010259216180270592
2024-09-12,-0.008484372603820733,-0.008494738637169652,0.00842313754247681
2024-09-13,0.011327834243458623,0.011330826926267523,0.005222868726185936
2024-09-16,0.005753050979182106,0.0057431031886840955,0.0014766934860208636
2024-09-17,-0.010844284082514033,-0.010842282149541305,0.00040874698517123775
2024-09-18,0.0037973890899460905,0.003798234921052579,-0.0029659591584654255
2024-09-19,0.014641603291578598,0.014634838911349979,0.01706447020191537
2024-09-20,-0.001162208554483568,-0.0011667738484745227,-0.0017287267010224205
2024-09-23,0.0030742926127356185,0.0030659048836441105,0.0024988464537973876
2024-09-24,0.004486323199006659,0.004475570953646146,0.002861468217643548
2024-09-25,-0.011358744810488486,-0.011354921504868942,-0.002205585632772067
