date,strategy,strategy_no_costs,spy
2016-01-04,0.0,0.0,0.0
2016-01-05,0.000587058114916994,0.000887058114916961,-0.001696032353380561
2016-01-06,-0.006974042512790435,-0.006971952154306016,-0.012614485248228502
2016-01-07,0.006552120343408463,0.007149484855831334,-0.02399165666307046
2016-01-08,-0.012231530981543504,-0.012222607780436046,-0.010976423005055191
2016-01-11,0.01133604720211312,0.01132774841651929,0.0009899369800312474
2016-01-12,-0.002339482421789274,-0.0023377730578015843,0.008068257461905537
2016-01-13,-0.013975324005364498,-0.013965093889151459,-0.024940557490074844
2016-01-14,0.006687043549089111,0.006682561882769722,0.016416903819580053
2016-01-15,-0.00579413061857359,-0.005790054713514681,-0.021465794264166616
2016-01-19,0.0035818768732813755,0.003580203529545134,0.0013307986811228467
2016-01-20,-0.008100941076790824,-0.008096602414633614,-0.012814743733104872
2016-01-21,0.011979862715930656,0.011970741628088755,0.005601902524081437
2016-01-22,0.008204386735910285,0.008199551712473552,0.020514910830279343
2016-01-25,-0.010496303970914833,-0.010486346682877956,-0.015116452597792374
2016-01-26,0.024649997882477237,0.024629724423927968,0.013643113984610045
2016-01-27,0.004411960280998883,0.004407864510540316,-0.010883131118148204
2016-01-28,0.010267002179958684,0.010258182081156475,0.005208630204326381
2016-01-29,0.017060454764736166,0.017048572640740556,0.024377583756477472
2016-02-01,0.0074942936145014905,0.0074898290318472505,-0.0003612558403183197
2016-02-02,-0.00016675468237514757,-0.00016656013403226755,-0.018022003062555303
2016-02-03,-0.005386090896920437,-0.005381860287188234,0.005994785334435315
2016-02-04,-0.0009361656052843115,-0.0009350777136890587,0.0015686784081219152
2016-02-05,-0.009975384010991628,-0.009968014906168388,-0.019050344565891275
2016-02-08,-0.0028039111480175904,-0.0028012473012614114,-0.013461321808526883
2016-02-09,-0.014866381821182273,-0.014565328612963113,5.39181149210588e-05
2016-02-10,-0.0007211631049603984,-0.0007197824345039905,-0.000862545476890908
2016-02-11,0.01681222847948005,0.016800831428118723,-0.013008307955313714
2016-02-12,0.01483959540934987,0.014828490650270254,0.02061686373902094
2016-02-16,-0.006664459204496875,-0.006665919368302742,0.016878659382641548
2016-02-17,0.004963426647883962,0.004959760293709703,0.016334528419140515
2016-02-18,5.83643007106005e-05,5.874692347473953e-05,-0.0040959136720886136
2016-02-19,-0.003751024447439577,-0.003748011074622526,-0.00046831859644203
2016-02-22,0.005271747540174676,0.005267870096701932,0.01447893998139449
2016-02-23,0.008913636160384986,0.008905938671393665,-0.012629545081511373
2016-02-24,0.007937878549374,0.007930435060891527,0.004575787488583227
2016-02-25,0.012463147963469146,0.012452221859019286,0.012112053469631956
2016-02-26,-0.014579144614825568,-0.01456872671982734,-0.002301762918790473
2016-02-29,0.004844299358709447,0.00484171729370142,-0.007842802802899618
2016-03-01,0.0002548418082017889,0.0002520782772164054,0.02350713697563811
2016-03-02,0.005715012913994233,0.005714149077215014,0.004492702998206477
2016-03-03,0.0036042500094992658,0.0036038880885946867,0.003919436509997265
2016-03-04,-0.006537343028083731,-0.006534950643578785,0.0032535816508312276
2016-03-07,0.0071978135549009,0.0071929559668983956,0.000798174328986212
2016-03-08,-0.00498715896744284,-0.004984452807518802,-0.010917683104429088
2016-03-09,0.004819127589976491,0.0048156240357080105,0.004939559624523415
2016-03-10,0.01132894318291533,0.011324309553064404,0.0008024687425773891
2016-03-11,-0.0011658744642278895,-0.0011686940530937218,0.016137166139512216
2016-03-14,-0.004492494425611837,-0.0044907220000940384,-0.0012824304522421892
2016-03-15,0.0013266538060565658,0.0013274859534084804,-0.0016295800634807955
2016-03-16,0.012855989097926956,0.0128502141291853,0.005787016158250946
2016-03-17,0.004050761360315791,0.00404592292929884,0.006344340839048446
2016-03-18,-0.002612152865470785,-0.0026079263986423795,0.003929619049156008
2016-03-21,0.0020408225948096437,0.0020389334976322893,0.0014189751583075783
2016-03-22,-0.005774361045724041,-0.005770448140573703,-0.0005373811045408239
2016-03-23,-0.017520874123917007,-0.017516535419387247,-0.006599496003831251
2016-03-24,0.004497114064254681,0.0044953409252848076,-0.0004429070120902656
2016-03-28,0.0062552964571760405,0.006251040648200368,0.0005906266152029271
2016-03-29,0.014239645260482492,0.014232552453931291,0.009250116039449807
2016-03-30,0.004043118102655674,0.004037536759361693,0.004387741183200289
2016-03-31,-0.0023006594012483506,-0.0022991486422075935,-0.0024269460670182097
2016-04-01,0.0033224165171994446,0.003319215523174268,0.006811612405701606
2016-04-04,-0.004491204646253966,-0.00448834131056941,-0.003237644577584353
2016-04-05,0.006007958792203505,0.006008025315400234,-0.009987878363535319
2016-04-06,0.015395911965874198,0.01569516573498353,0.010921229555514556
2016-04-07,-0.0027158162072157266,-0.0027173655706745903,-0.011965876094902295
2016-04-08,0.00033515930304228725,0.000333304307180482,0.002696656660856167
2016-04-11,0.010854708064395924,0.010831057415614964,-0.002347182247036672
2016-04-12,0.0018314466194158108,0.0018302278798274507,0.009312696375750384
2016-04-13,-0.003865304332534958,-0.0038482420197530898,0.01010118985056141
2016-04-14,-0.011223734283404396,-0.011210152582112665,4.807860452626933e-05
2016-04-15,0.007361228010789755,0.007350747519744294,-0.0011055811803354354
2016-04-18,0.007425370512682328,0.007420089986727607,0.007026646978166573
2016-04-19,0.014191662902289126,0.014190281871728994,0.003154382541953993
2016-04-20,-0.006490252075466496,-0.0064751463747732,0.0009526097913528098
2016-04-21,-0.0009370314365555465,-0.0009279262855105275,-0.005378407481038239
2016-04-22,-0.003515625332124017,-0.0029169182699305685,0.0
2016-04-25,0.001896012309153594,0.0018949335349831564,-0.001722622826713316
2016-04-26,0.013279844127925822,0.013252819186452935,0.0014859918465575106
2016-04-27,0.003486464674777645,0.003484805666964963,0.0020581895397211447
2016-04-28,-0.0018810350594247183,-0.0018822117162593521,-0.009075855016367651
2016-04-29,0.0015663201525015769,0.0015648778880796854,-0.005398993606777758
2016-05-02,-0.0035001993759409267,-0.0029732486080884524,0.007948711667605579
2016-05-03,-0.021746589929170113,-0.021706410947580523,-0.008703395220749033
2016-05-04,-0.017196401660870886,-0.017180103191871687,-0.005578124875502022
2016-05-05,-0.008936052122760274,-0.008926216722364266,-0.00019494317063184496
2016-05-06,0.017688882552377105,0.017665957387771325,0.0036589354661609175
2016-05-09,-0.025864864277641342,-0.025833307493154378,0.0008263948659976705
2016-05-10,0.014738979980627454,0.014723596438416697,0.012433645127915005
2016-05-11,-0.004837071277786986,-0.004830535222756005,-0.009354657246744003
2016-05-12,-0.012835881302550756,-0.012212169961732133,0.00029065450061227516
2016-05-13,-0.005713516769284777,-0.005718293927859164,-0.008714392279523309
2016-05-16,0.02256632878482212,0.022536746201311075,0.00986537874102833
2016-05-17,-0.0024181380735284197,-0.002431398216179881,-0.009333568801133452
2016-05-18,-0.024982711011909964,-0.02493358030423254,0.0002928193693976233
2016-05-19,0.005645988413046643,0.005637257285831421,-0.0034649692167176838
2016-05-20,0.002021127150876545,0.002033409744391479,0.006317380850532128
2016-05-23,0.001823150196121004,0.001815937176584903,-0.0013622931008568928
2016-05-24,-0.007729356676761112,-0.00710210720411264,0.012962077943646344
2016-05-25,0.015091694308321246,0.015066618564322454,0.006783149285816359
2016-05-26,-0.001058359474693349,-0.001052538596809427,0.0002869660238955518
2016-05-27,0.003239071442525443,0.003251800775617264,0.004298857794156508
2016-05-31,0.001410124220685427,0.0014039064007753677,-0.0019026541682207743
2016-06-01,-0.003380949069500816,-0.003374572740920234,0.002049252249170852
2016-06-02,0.0005881201803961122,0.0005940352218352096,0.003043726472393482
2016-06-03,0.022529669503492666,0.0224533880952289,-0.0029870750654420464
2016-06-06,0.006883696177803822,0.006874805587873345,0.00508863170935725
2016-06-07,-0.006713782105715382,-0.006697506087839256,0.0015610184225285373
2016-06-08,0.006012126063369427,0.006002456473012119,0.0032597519890360527
2016-06-09,-0.004116712440863868,-0.00411164402720432,-0.0013655892089041721
2016-06-10,-0.012704586016898722,-0.012687831965723317,-0.009477548339113961
2016-06-13,-0.0064875686684569,-0.006495310552256273,-0.007711728383551497
2016-06-14,-0.005083528192647124,-0.0050608463729825415,-0.00196662130130576
2016-06-15,0.009406598899968754,0.009774576990577044,-0.0013942716251797993
2016-06-16,-0.004434812702535429,-0.004412572474245646,0.0029846349947801887
2016-06-17,-0.006214210575422818,-0.00621890608008413,-0.0037241532855220028
2016-06-20,0.001822899383358445,0.0018225857813738422,0.00644000255297561
2016-06-21,-0.00121915803888617,-0.001205364844731771,0.002838254321963829
2016-06-22,0.006074321177734321,0.006048568034657809,-0.0016308816091090694
2016-06-23,0.005442126898821176,0.005440904600447771,0.013022457413687238
2016-06-24,-0.0025924638817165224,-0.002610930443534887,-0.03590884453170007
2016-06-27,-0.0006748153262920997,-0.0006683968459776368,-0.017909980653237678
2016-06-28,0.006497329154814935,0.007090509665684586,0.018035967210669357
2016-06-29,0.007837813954006734,0.007821542082780963,0.017027639966891384
2016-06-30,0.009057665628680711,0.009051725127089627,0.01364551805723635
2016-07-01,0.01251136801825159,0.012476182874291863,0.0021002757362003077
2016-07-05,0.004293944633710467,0.004309873133463649,-0.007193038961438969
2016-07-06,0.008127994964085561,0.008098511820689103,0.00599799182305083
2016-07-07,-0.010224161411367949,-0.010233309496999188,-0.0006203768838818347
2016-07-08,0.00913310650161403,0.009134435527936358,0.01489040289792909
2016-07-11,-0.0018143003289572412,-0.001813218203211897,0.003527039879044125
2016-07-12,-0.01191310674245838,-0.01190429618196931,0.0072633106417812066
2016-07-13,0.008130833275640459,0.008116654045952298,-0.00013935143270060735
2016-07-14,0.005594603469041282,0.005576112634851471,0.005583356847290943
2016-07-15,-0.004071441312370472,-0.004061566660234384,-0.001341848463770945
2016-07-18,0.004274130130789144,0.004263149822436363,0.002687386084167631
2016-07-19,-0.0018045132487004567,-0.001798166277050206,-0.001016758635208448
2016-07-20,-0.01560626016461042,-0.015555663394301367,0.004163043655225129
2016-07-21,0.004821961087802418,0.004811261067122041,-0.0037772648740920234
2016-07-22,0.01445934337567456,0.015033274534115293,0.0044853367153681045
2016-07-25,-0.0068903962505596494,-0.0068550134022674625,-0.0027159040381125044
2016-07-26,0.008974386409369428,0.008940779349654315,0.0004616058179740534
2016-07-27,0.004194001260082514,0.004147138250138349,-0.0010612283786834986
2016-07-28,0.0016629450720133665,0.0016550994044532974,0.0011546660301433587
2016-07-29,0.011798730866347862,0.011763404521697662,0.0016146846083799904
2016-08-01,0.004794525891460344,0.00479607050768438,-0.0008289925569322509
2016-08-02,0.0019509106337871618,0.0018902903271573734,-0.006407486542837737
2016-08-03,-0.010265101296844659,-0.01025396300435144,0.0029224828482521392
2016-08-04,-0.0019129562623626528,-0.0019116505510962112,0.0010642761489254582
2016-08-05,-0.0034600399941542292,-0.0034537971044810156,0.008179127429738031
2016-08-08,-0.0025960917983750553,-0.002215008697806442,-0.0005959863067186433
2016-08-09,0.0001096654370926764,0.0006570814697237637,0.0005963417182168751
2016-08-10,0.005069502100316425,0.005052843887811909,-0.002475223891997058
2016-08-11,0.004716934718118182,0.004743798318650683,0.004640607085997894
2016-08-12,-0.005797344032605012,-0.005796580697564391,-0.0008686098636662143
2016-08-15,-0.0008614133424835746,-0.0008471541424526219,0.0028834706471354554
2016-08-16,-0.008159114555523206,-0.008141664046546815,-0.005157586969937289
2016-08-17,-0.0010815613058307028,-0.000523843737393892,0.001881134728282996
2016-08-18,-0.00014893197164944638,-0.0001692324668368661,0.0022437977310709734
2016-08-19,-0.0013024632414331272,-0.0012954045213390275,-0.0014620751538957366
2016-08-22,-0.005612759916347687,-0.005576532990176908,-4.568741606691962e-05
2016-08-23,0.000676146641027886,0.000686887318332996,0.002013378642638841
2016-08-24,-0.022936998669674025,-0.022822634424300103,-0.0051148971780110575
2016-08-25,0.005858649922497738,0.005848851909538988,-0.0006882237570486893
2016-08-26,-0.0017250058900277754,-0.0017102963352053635,-0.0018840407559921335
2016-08-29,0.009708853596057221,0.00967424657725724,0.004924529175110326
2016-08-30,-0.014220794893043842,-0.014130506804945209,-0.0016484058269221613
2016-08-31,-0.0039498307143542855,-0.003223346445831776,-0.0028440845126229686
2016-09-01,-0.005055052915590386,-0.005048004917705073,4.593121701135239e-05
2016-09-02,0.006181112712570158,0.006183834892509621,0.004508156670794072
2016-09-06,-0.0023226635917099614,-0.0023177183594456086,0.003022321942910855
2016-09-07,-0.0005681945517405085,-0.0005733839348955883,-9.158035471046322e-05
2016-09-08,-0.001559669320489454,-0.0015575519340795818,-0.0022827489610784957
2016-09-09,-0.026446938476629156,-0.02646058515922367,-0.02393511101512147
2016-09-12,0.012208198879384291,0.012218343031511925,0.01434762401130274
2016-09-13,-0.017283654078721233,-0.017296286234409708,-0.014375607561062376
2016-09-14,-0.0010056862876836048,-0.0007355133009185888,-0.0003753592525760352
2016-09-15,0.010881063785055156,0.011688558874603405,0.009993006445679464
2016-09-16,-0.0057081010853785585,-0.00570721750674541,-0.0038655791783077653
2016-09-19,-0.010614773728182092,-0.010619821480669533,0.00018782807107675659
2016-09-20,-0.0020037915348853907,-0.0020008857942168667,4.6717958743336396e-05
2016-09-21,0.007031978013927187,0.007023131016340889,0.011245609198420103
2016-09-22,0.004140038465102913,0.004136269884949861,0.006301072026692278
2016-09-23,-0.009923045730972357,-0.00992489669086316,-0.005479141229618234
2016-09-26,-0.007490882425412182,-0.007487637045477058,-0.008102224875268904
2016-09-27,0.0047646615018930305,0.004761634984360219,0.006208016119474857
2016-09-28,0.010757920079953243,0.010766038869920447,0.00496315676662773
2016-09-29,-0.01135625430284437,-0.011372540450153679,-0.009046925544723305
2016-09-30,0.002944914206224336,0.0035020042334223955,0.007546260577323993
2016-10-03,-0.0050830672125834475,-0.005086852243039619,-0.002404227607703091
2016-10-04,-0.007454717550523626,-0.007459567495034181,-0.005097769630561522
2016-10-05,0.007056718514335758,0.007066122208579051,0.004425268558121642
2016-10-06,0.002066395951863642,0.0020731029334866147,0.0006955435166293711
2016-10-07,-0.0065578029099993,-0.006541974943598872,-0.003429343922579875
2016-10-10,0.006969892155943791,0.00695704012962528,0.005208704206040471
2016-10-11,-0.0113206647719174,-0.01132045832548323,-0.01263001504307315
2016-10-12,0.0011111630530378225,0.0011097115880456254,0.0013121665482085376
2016-10-13,-0.005215158846877954,-0.005219187691899663,-0.003275615920133923
2016-10-14,0.002723066838789867,0.0027146327591036634,0.0005164564394535276
2016-10-17,-0.002884263004868659,-0.00288714360105613,-0.0034722297909202116
2016-10-18,-0.001685806036419546,-0.0016743649495909452,0.006262469117979563
2016-10-19,0.010964185886776834,0.010944814383128332,0.0026667939713751476
2016-10-20,-0.020460446510821573,-0.020377884012334202,-0.001866385228815437
2016-10-21,-0.002335471870698158,-0.0017276790915230489,0.00046740612906037704
2016-10-24,-0.001013372232116394,-0.0010096647192787689,0.004253036908334229
2016-10-25,-0.002757119129261465,-0.002758869102710948,-0.0033509198212964275
2016-10-26,-0.00451002008213397,-0.0045042731512746625,-0.002007667596653828
2016-10-27,0.0017418312616162002,0.0017557484863606199,-0.0026667544968306256
2016-10-28,-0.0033027590907293014,-0.0033153841070659995,-0.00295551431699026
2016-10-31,0.00672304483463626,0.006721363140148817,4.716140861793505e-05
2016-11-01,-0.0012835631921916946,-0.00128462616335423,-0.0072452815596660836
2016-11-02,-0.007212035980419196,-0.006616700591658087,-0.0060185317295770036
2016-11-03,-0.01727912063568149,-0.01694513867593095,-0.004577201362954919
2016-11-04,0.0006855184201122189,0.001237238758587278,-0.0011017653234726144
2016-11-07,0.020663143981021426,0.020958858965878013,0.022056955057440986
2016-11-08,0.007245493711240059,0.007244470752554966,0.004503640944656606
2016-11-09,0.009448070188220914,0.009457301028931386,0.010602523452654777
2016-11-10,0.002639234804647561,0.0026530677227183386,0.0024953268874918777
2016-11-11,-0.00956083678434938,-0.009528079479157903,-0.0023047733956615968
2016-11-14,0.019436854889749,0.019421558128168925,0.0007853886179332026
2016-11-15,0.016646686084696105,0.0166202954905168,0.007802763045137606
2016-11-16,-0.007629540748986474,-0.007627279850371593,-0.001878104440582673
2016-11-17,0.016131737294348136,0.016134430999604765,0.005140389296738546
2016-11-18,0.008301283439811069,0.008301513001271354,-0.002237623088647611
2016-11-21,0.004288385376006287,0.004272900089193676,0.007551547631002187
2016-11-22,0.00498113994586058,0.004986024426412605,0.0019535385709430475
2016-11-23,0.0017398301005897565,0.0017437842862599862,0.0005441746620840071
2016-11-25,0.0027696406585775435,0.0027663412024940826,0.00371518210909505
2016-11-28,-0.012277431761357538,-0.012280564855988385,-0.0046951465767332
2016-11-29,0.000506199948735242,0.0005056533914877814,0.0019504527622593582
2016-11-30,0.003054666862277289,0.0030500451391051175,-0.002399107003553169
2016-12-01,-0.005679259406360493,-0.0057005275018586765,-0.003675418686641563
2016-12-02,0.0066387516354218246,0.006649183224916921,0.0005010264654594643
2016-12-05,-0.002298165184148715,-0.0022999313930847087,0.006008737423371935
2016-12-06,0.023753450545640264,0.02375786653019163,0.0031672418501833555
2016-12-07,0.019652064842438532,0.01966717618360936,0.013081016162097558
2016-12-08,0.0077439126670912906,0.007739266110350584,0.0024486308589539707
2016-12-09,0.010507602957208872,0.010493868770143244,0.0060402807063209
2016-12-12,-0.014420071327063355,-0.014439658657030008,-0.0011476523492913726
2016-12-13,-0.0029353129159115365,-0.0029309339815692947,0.0066738084134938536
2016-12-14,-0.007581518907817997,-0.007577266336070365,-0.008254006407553471
2016-12-15,0.016822473073247357,0.016815620596941416,0.004117251735652916
2016-12-16,-0.0062151487175823306,-0.006224088140953765,-0.001956124392211933
2016-12-19,0.0012367482487940507,0.0012447881618475876,0.002177652528619456
2016-12-20,0.009058781827191886,0.009050131501327163,0.0038573693270460563
2016-12-21,-0.001401938721603102,-0.0013944757092269056,-0.0027828182529151535
2016-12-22,-0.015494995666822997,-0.01549732431879225,-0.0017271896375231632
2016-12-23,0.003557985322266255,0.0035545586126584094,0.0014641058803039897
2016-12-27,0.005048599734958303,0.005055109708808292,0.002481414183370223
2016-12-28,-0.015177766301226692,-0.015182724974955208,-0.008264775523578405
2016-12-29,-0.0029036990229560633,-0.0029035529621728173,-0.0002227478600295152
2016-12-30,-0.0025584400981365496,-0.0025611875112024896,-0.0036550189132423805
2017-01-17,0.0,0.0,0.0
2017-01-18,-0.0019894101564763567,-0.0016894101564762787,-0.0005721235393707502
2017-01-19,0.00390643031442961,0.0039052564021158087,-0.003704931267826006
2017-01-20,0.007133852459973333,0.0071317170219489245,0.003674519921334163
2017-01-23,0.001287858755699256,0.001287475979601993,-0.0026023009893491045
2017-01-24,0.008615350033073677,0.00891516072860199,0.006411821761518777
2017-01-25,-0.0008350081708931034,-0.0008350242227948002,0.008655478475755318
2017-01-26,-0.0015853959997568223,-0.001584999881907967,-0.001045791929342954
2017-01-27,0.0015481240812196262,0.0015477006779964775,-0.0015694006681764572
2017-01-30,-0.008293326512177512,-0.00829025268159811,-0.006201825094785618
2017-01-31,0.00304783736311931,0.003045851252329701,-8.80530785206668e-05
2017-02-01,0.004943235428009896,0.004942520948123308,0.00039557113344046435
2017-02-02,-0.0008472006607458393,-0.0008483507116953115,0.0006594147175433829
2017-02-03,0.0050160901825537785,0.005013197758307886,0.006892698686812526
2017-02-06,-0.005896331708883484,-0.0058931642697577225,-0.0017877462933812982
2017-02-07,-0.008863993093092937,-0.00885972677751412,4.352837095411566e-05
2017-02-08,0.0014456453044922046,0.0014448647673817039,0.0013106047022404255
2017-02-09,-0.0017596623020145197,-0.001759362823271271,0.0059326188579080785
2017-02-10,0.010719985440424074,0.010715839735299992,0.003946183698356087
2017-02-13,0.00600773025894874,0.006005605767178235,0.005442788382119534
2017-02-14,-0.0016550999853564008,-0.0016547629737293512,0.00399493877253243
2017-02-15,0.0003439851791955384,0.00034124099227228477,0.005220845194860102
2017-02-16,-0.010273509936241543,-0.01026907275955169,-0.0008516207220198302
2017-02-17,0.0032108111053308352,0.003209896278427049,0.0015761941706544658
2017-02-21,-0.0007589710123563354,-0.0007588224541029698,0.0059551477997326074
2017-02-22,-0.007731521441256439,-0.007728129558314478,-0.0008878789390098785
2017-02-23,-0.00524981208152564,-0.005249045063437041,0.0006771949125281562
2017-02-24,0.0016293019701023592,0.001627194295533485,0.001268956307289848
2017-02-27,-0.007016856359381762,-0.007012109827273738,0.001562669992039245
2017-02-28,-0.003148460497079286,-0.0031466931686690014,-0.0026990730228516613
2017-03-01,0.008015654330107536,0.008012085043390016,0.013997461658209032
2017-03-02,-0.0010347274462749745,-0.0010351099349690251,-0.0062974429680604516
2017-03-03,2.19438524882154e-05,2.089506576452571e-05,0.0006297170068023661
2017-03-06,9.395399121592263e-05,9.369424584870778e-05,-0.002978377428373702
2017-03-07,-0.006995563534173965,-0.006992465358507838,-0.0029863779617934627
2017-03-08,-0.0005712897814430518,-1.1338333445243265e-05,-0.0018567031119507416
2017-03-09,0.009367137266192982,0.009356472191343057,0.0012681624911941025
2017-03-10,0.00012718730679672774,0.0001271174881574133,0.003504121576205277
2017-03-13,-0.0057543700949092,-0.0057470844272743404,0.000504883341383211
2017-03-14,-0.002301478250676281,-0.001996160946165837,-0.003826542521268017
2017-03-15,0.01013014541086621,0.010119685742016271,0.008653552360811334
2017-03-16,0.005683224385965913,0.00567501597398179,-0.0019671064593972387
2017-03-17,0.0008381840781466199,0.000835585748354184,-0.0017560240802324545
2017-03-20,-0.0014780864824055495,-0.0014799315449048889,-0.0010969834224330288
2017-03-21,-0.0101615292279027,-0.010156384297283605,-0.012839359325030442
2017-03-22,-0.0024152107710051496,-0.0021107476502340017,0.0023528977341129576
2017-03-23,-0.0035575078169015617,-0.0035561407803744727,-0.0010668306117276316
2017-03-24,0.00023792455303661697,0.00023929649918930096,-0.0007268422746218306
2017-03-27,-0.0022935370134712363,-0.002290675017867727,-0.0010260180697762022
2017-03-28,0.002785741276430498,0.002783086804270196,0.0072768650983841
2017-03-29,0.009763441212893076,0.009748780723517925,0.000934799992784896
2017-03-30,-0.004155202531754054,-0.004148248290537948,0.0031844221163634945
2017-03-31,0.0019101327454746908,0.0019042823010704257,-0.0023276304964054972
2017-04-03,-0.0023919827712993724,-0.0023930213801757194,-0.001739405083699297
2017-04-04,-0.0027373233509773165,-0.002738692442063706,0.00063722725354598
2017-04-05,-0.005750526662844813,-0.0057438596789143315,-0.00297245933100021
2017-04-06,0.017280617752816196,0.017856169640917408,0.0028110008695301225
2017-04-07,-0.0055921621348439254,-0.00557780711400413,-0.001019432926068431
2017-04-10,0.0028280289551907423,0.0028185061298613423,0.0005956206952661969
2017-04-11,-0.0011753467091094594,-0.0011735457510972935,-0.0011898559314652557
2017-04-12,0.0009688460064660731,0.0009678849471514983,-0.004381821437653977
2017-04-13,-0.008562908073610931,-0.00854873388465327,-0.006494801997070643
2017-04-17,0.004879323523166557,0.004873651864022888,0.00885960282320064
2017-04-18,0.001154422361993035,0.0011543322796554456,-0.002984367244703412
2017-04-19,-0.006361161291197459,-0.006346165674465665,-0.0018384650816790638
2017-04-20,-0.0014779647882912084,-0.001464071590846161,0.008139344597635212
2017-04-21,-0.004790617254817553,-0.004782906751474525,-0.0031869020707161466
2017-04-24,0.0040013285721536285,0.004636888473987133,0.010997760445637272
2017-04-25,0.003076521518108555,0.003068750045894131,0.0058185894342652755
2017-04-26,-0.004720924611932076,-0.00471686823047468,-0.0006289223778707109
2017-04-27,0.002442223616848427,0.00243995207657699,0.0008390414363319554
2017-04-28,0.004784989191236599,0.004774042862775163,-0.002179382399111418
2017-05-01,0.002862804030822508,0.0028568286312353752,0.0025201358295641185
2017-05-02,0.0016143958592176322,0.0016093736112423596,0.0003771627300088731
2017-05-03,-0.006152049899104117,-0.0058907442695216305,-0.0012146134935870911
2017-05-04,-0.001486523555369157,-0.0014975797123463197,0.0011741154995335013
2017-05-05,-0.002008747862271232,-0.0014444588137040304,0.003936881598367581
2017-05-08,0.008048203677055499,0.008103122892780146,-0.00016704575378778674
2017-05-09,0.005541260659227998,0.005553853044761636,-0.0009177244124358719
2017-05-10,0.0027070936270030543,0.0027366246268554217,0.0017960666612844012
2017-05-11,0.003746296320623399,0.003743746956500704,-0.002042942642549339
2017-05-12,-0.0010638341097336523,-0.0010780945121158236,-0.0016709172261326621
2017-05-15,0.008245606420983265,0.008246712833768877,0.0055234185620463006
2017-05-16,0.001216303156104992,0.001208690283805991,-0.0009156479307578236
2017-05-17,-0.013719284458894698,-0.013709875848269992,-0.017743944801854705
2017-05-18,0.014106097142489338,0.014085477817299852,0.0040284867221933585
2017-05-19,0.0014191914896646285,0.0014299149026939517,0.006504049372601406
2017-05-22,0.011525701259677446,0.011531206296740093,0.005077412808222048
2017-05-23,-0.007479327598287289,-0.007450611094766635,0.0022130998350069486
2017-05-24,0.0008129261877645177,0.0008085627231628756,0.0023326513650259173
2017-05-25,0.0022326266986403276,0.0022213843328013905,0.0047793295046363315
2017-05-26,0.004036116819449598,0.0040362162802709545,-0.00020651590980869106
2017-05-30,-0.005134836071894133,-0.005141443436838755,-0.0008690386487690827
2017-05-31,0.014730786623607273,0.014717861148889622,-0.0002481884040722582
2017-06-01,0.013307462123167246,0.013284521556715223,0.007952131478014213
2017-06-02,0.009200600626659172,0.009197536715791266,0.0033285322605132173
2017-06-05,0.0010484930180445495,0.0010679231031811565,-0.0007370751098078054
2017-06-06,-0.003136618466157537,-0.0031370591923333135,-0.003197072952354052
2017-06-07,-0.003263859101926614,-0.0032436285037662493,0.0018501068745411242
2017-06-08,-0.0005818867761711033,-0.0005659742528044687,0.0004927023723457769
2017-06-09,-0.011864223937693041,-0.011843834596307778,-0.0015180064115528635
2017-06-12,-0.0052953769550383445,-0.005294114029229524,-0.00020526131618348042
2017-06-13,0.002080644211253979,0.0020597152147627806,0.004889637945718395
2017-06-14,0.005836622280453563,0.005834586720314228,-0.0012672663503430215
2017-06-15,-0.00395268691926054,-0.003964146339094365,-0.0019244196074722497
2017-06-16,-0.002358446631103961,-0.0023639891686383363,0.000218380182049005
2017-06-19,0.013954562809378901,0.013952648187534056,0.008325359240382912
2017-06-20,0.00678947439599531,0.006780615446684957,-0.006744076434880508
2017-06-21,0.030868033373130377,0.030869963950006518,-0.0002469701255956025
2017-06-22,0.0028413956750072966,0.002838690255599907,-0.00045305944800633213
2017-06-23,-0.004264741881687573,-0.004262100785990652,0.001194331740262955
2017-06-26,-0.0039550716524964225,-0.003924974936345582,0.0006580207993931442
2017-06-27,-0.010966740277194909,-0.01097006995725791,-0.00805621372640275
2017-06-28,0.012480010921627649,0.01247343925914679,0.008950486731214236
2017-06-29,0.0004933157905153696,0.00046820983037765274,-0.008788756428805389
2017-06-30,-0.0008443471669744573,-0.0008537484806093731,0.0018644326242092113
2017-07-03,-0.006028984016513084,-0.006019300126382743,0.0016958077053927934
2017-07-05,0.009307965585008349,0.009289422725789809,0.0023118927611947004
2017-07-06,-0.008552671237500253,-0.008555726319071533,-0.009144536998774822
2017-07-07,0.008980912759191328,0.009007436232389754,0.006485062479682613
2017-07-10,-0.0007685487579482952,-0.0007668557347270122,0.0010739886122603792
2017-07-11,0.00039210489439112095,0.00036004010949097776,-0.0007426491027646698
2017-07-12,0.0046685896232727675,0.004666153590556776,0.007514636743868097
2017-07-13,0.0019366413975279162,0.001959222045341491,0.0016802325883327196
2017-07-14,0.005296028922011642,0.0053024880602610125,0.004664140212380152
2017-07-17,-0.00878079244375296,-0.008771572798757066,-0.00012220277489871645
2017-07-18,0.0023363146881891783,0.00232610124028354,0.0005296578656772688
2017-07-19,0.05097051653412121,0.05088863421077261,0.005413921746417083
2017-07-20,0.00404348701932955,0.004052633394491467,0.00044543506022121093
2017-07-21,0.00672667245496017,0.0067279102647685995,-0.0008904022458565697
2017-07-24,0.0027093323348166276,0.002705671324009895,-0.00024309875776518108
2017-07-25,-0.011999719954725818,-0.01198533534743984,0.0024307230038966843
2017-07-26,-0.0007168659359854113,-0.0007323204166768127,4.047546507490729e-05
2017-07-27,-0.012869798741504956,-0.012850122134600794,-0.0009292619935544755
2017-07-28,0.0001841215894342607,0.00020824768907279356,-0.0011730527651607758
2017-07-31,-0.018558674322694868,-0.0185941195956858,-0.0005669713323783743
2017-08-01,-0.001778573604342526,-0.0017796353511141394,0.0022286611472213114
2017-08-02,0.004942269852185932,0.00599475626516055,0.0004849766819794432
2017-08-03,-0.009123125301354507,-0.008587024119349307,-0.0019397487893373366
2017-08-04,0.004018843287175944,0.004018217778305688,0.0018220799862256332
2017-08-07,0.005026350426365678,0.00500871244772938,0.0018594565555216658
2017-08-08,-0.007790854953066306,-0.007773465561141002,-0.0024611118621885586
2017-08-09,0.0007183293675940838,0.0007270264802745618,-4.043046774560022e-05
2017-08-10,-0.011928633979071623,-0.011913303924010576,-0.014115145929636919
2017-08-11,0.00885763416348384,0.00881977438660031,0.0014767562337769657
2017-08-14,0.00865802649099301,0.00865765765863169,0.009913122207047653
2017-08-15,-0.0010351029260313727,-0.0010321256578812443,-0.00012143146061427412
2017-08-16,-0.00042455184909895305,-0.00041542919951020885,0.001744156034887645
2017-08-17,-0.014232182119792158,-0.01422989585361878,-0.015590818088710323
2017-08-18,1.7524121220802158e-07,-7.270185474417268e-06,-0.0015630745732604368
2017-08-21,0.001390763727555644,0.0013815296738382,0.0007825795131821689
2017-08-22,0.013731036690982412,0.013718775054252452,0.010457077139737647
2017-08-23,-0.005467199528658373,-0.005464588135297932,-0.0035854826138763674
2017-08-24,0.0019739854315767857,0.0019313595533951844,-0.002330339201413567
2017-08-25,0.0002540760974882872,0.00027265012712551773,0.0023357823666285693
2017-08-28,-0.0009687712793500225,-0.0009885499386425023,4.0948797307205353e-05
2017-08-29,0.0006703000755532429,0.0006796107090698555,0.0011448642199958226
2017-08-30,0.0067141062462283685,0.006679203002293299,0.004737533676253625
2017-08-31,0.00944271968564303,0.009424950904602936,0.006016116427005391
2017-09-01,0.0014663753752484077,0.0014451928107668266,0.001414177905088243
2017-09-05,-0.011641324913657991,-0.011681538677059788,-0.007181982714383972
2017-09-06,-0.0013798965372219252,-0.0008922315629510402,0.003413722885612147
2017-09-07,0.006773652149938414,0.006786073731991804,-0.00012161082014094937
2017-09-08,0.0019356035560267326,0.0019494149991303722,-0.001174621083821048
2017-09-11,0.006117939845555531,0.006124323149052868,0.010665891039904896
2017-09-12,-0.0006061688466855175,-0.0006051820354129323,0.003370856505470643
2017-09-13,-0.0003911926748659811,-0.00039396053143758714,0.0004798929229237192
2017-09-14,-0.004604735827502648,-0.004587561879191293,-0.0003198220590547862
2017-09-15,-0.00010507138850412989,-0.00010612787996588935,0.0013461314344491715
2017-09-18,0.0033293110498895384,0.003344325769927492,0.0021268930704738676
2017-09-19,-0.0021456839539989447,-0.00213865993561968,0.0010012624308339824
2017-09-20,0.00035739268789503065,0.00036345609368049203,0.00035983329965727506
2017-09-21,-0.004578943668333224,-0.0045995794948990865,-0.002679429617243101
2017-09-22,0.001395076504234094,0.0013989028915784019,0.00020055962877929545
2017-09-25,-0.006148691414602392,-0.006154534480881324,-0.002044581868579587
2017-09-26,-0.005479217859111318,-0.005476422223233857,0.000602720339240026
2017-09-27,-0.0006669132906075292,-4.478775195049245e-06,0.0038944047357221123
2017-09-28,-0.0019725104703216534,-0.001965950360165114,0.0011998310109004873
2017-09-29,0.0022700578135881333,0.002303385989424145,0.0035148714845600892
2017-10-02,0.00860844027568386,0.00862925186609087,0.004338727464618941
2017-10-03,0.003378066987267614,0.003400907058995317,0.0021399330624551904
2017-10-04,0.0037087281457317545,0.0037157573454000836,0.0011864977648670116
2017-10-05,0.01093339801904003,0.010896438886305537,0.005925181568549265
2017-10-06,0.00041123147803889815,0.00039816533404990473,-0.0011387742844012338
2017-10-09,-0.005331427492459628,-0.005354474437465284,-0.0016510707346214515
2017-10-10,-0.001494355840524042,-0.0014902368456525261,0.0026382478492341654
2017-10-11,-0.0006667613568799302,-0.0006379215587121179,0.0015709011252587057
2017-10-12,0.0034792049127219116,0.0034903104488999137,-0.0014900806420821144
2017-10-13,0.0010426944066252997,0.0010353380061600692,0.0012174061360681332
2017-10-16,0.0015746181355367206,0.0015201155190964766,0.0013335274125303442
2017-10-17,-0.0030379425464758247,-0.003044233783659034,0.0007051498232426567
2017-10-18,-0.0011099675952084276,-0.001103891989890693,0.0009786579758328529
2017-10-19,0.004073733158078241,0.004086269848824653,0.0002735316864954651
2017-10-20,0.006653212512263806,0.00671523162753096,0.005160831196651783
2017-10-23,-0.000893510885761506,-0.0008750596418173329,-0.003889525010949524
2017-10-24,0.008512245934146012,0.008491729797081016,0.0017569223135767142
2017-10-25,-0.002055378707120026,-0.002048363939147535,-0.004950114204787304
2017-10-26,0.011215592419082654,0.01121175835235566,0.0012928547104611443
2017-10-27,-0.0038988093226793863,-0.0038895439752126837,0.008176068742639098
2017-10-30,0.013789955967692835,0.013786209466082333,-0.0037248490967893844
2017-10-31,0.0062673029589397355,0.006232940862256342,0.001557595743367557
2017-11-01,-0.003052435802753606,-0.0030333578921867277,0.0013223911599953286
2017-11-02,0.0022321697448901556,0.0022567796206500734,0.00038809285417396033
2017-11-03,0.005807855776703619,0.0058186778905331416,0.0033387785311129736
2017-11-06,0.0017524855286883412,0.0017521338788812901,0.0015475540846028313
2017-11-07,0.002693437174999813,0.0027236918006290356,-0.0006952488643852117
2017-11-08,0.0038407764968078073,0.0038349818639729083,0.0017008752107221525
2017-11-09,-0.004860421481062693,-0.004870455948240537,-0.0036276716075827053
2017-11-10,-7.763569421226357e-05,-8.418202576887523e-05,-0.00030987363355927666
2017-11-13,0.0055497148776118,0.005551356902222304,0.0009299090549759192
2017-11-14,-0.003839822680533067,-0.003830914279245645,-0.0023225450250291546
2017-11-15,-0.006620711725313755,-0.006618253734732238,-0.005005446315905382
2017-11-16,0.005400903900356635,0.005416604826457672,0.008501159758153909
2017-11-17,-4.584310102317968e-05,-4.770156320821339e-05,-0.0029388127245347784
2017-11-20,0.0039033648959381217,0.0038976171552074224,0.0017063541384385594
2017-11-21,0.005831000118216467,0.005844097063508302,0.006542786811286394
2017-11-22,-0.0018267827226465805,-0.0018377227536653384,-0.0008843135586730222
2017-11-24,0.004739942998253532,0.004737791745079711,0.0023095564843853555
2017-11-27,-0.00015288060287343974,-0.00011829296735177408,-0.0004992418882104888
2017-11-28,0.005527148558694961,0.005516678695644872,0.010145217896161851
2017-11-29,-0.01057270481248307,-0.010578578513145809,-0.0006089327367835295
2017-11-30,0.008886643693733154,0.008892938724895272,0.008755041755306836
2017-12-01,-0.004017053967412143,-0.004033656429555332,-0.0020754609749102926
2017-12-04,-0.012522032422352392,-0.012632470172243337,-0.0012102124848367701
2017-12-05,-0.0015643572160227714,-0.001033858861071768,-0.0035965811494327316
2017-12-06,-0.002016763462733495,-0.0020249417545479265,0.0001901766380312253
2017-12-07,0.007234627521102821,0.007248907217863865,0.00315288571772232
2017-12-08,0.0028578323570436215,0.002862096254761637,0.005453104620037896
2017-12-11,-0.0004938164529124656,-0.0005267313891771375,0.003013006009587871
2017-12-12,0.003308027590075646,0.003335876306333363,0.0017650595286713422
2017-12-13,-0.005689027163788274,-0.005726341844162208,-0.00011245229639689214
2017-12-14,-0.00476507111456459,-0.004783590051207209,-0.004086357582188782
2017-12-15,0.009348855374015752,0.009375638281253762,0.008327217860012226
2017-12-18,0.009239014510878718,0.009256034531572643,0.006341542921576515
2017-12-19,0.0002654614671981914,0.00026456878568925646,-0.0038405102333697316
2017-12-20,0.00231405824459352,0.002310102460168828,-0.0005242161035561299
2017-12-21,0.0036619098808741146,0.003671907638062022,0.00205998786453776
2017-12-22,-0.0022579640346922503,-0.002259961717116732,-0.0002616412957742176
2017-12-26,0.00010826739087743675,9.22877134510447e-05,-0.0011965177880248756
2017-12-27,0.0034530271396260304,0.0034465355229931216,0.0004869407346761445
2017-12-28,0.0059001479409808155,0.005892470976684994,0.00205716575602799
2017-12-29,-0.003066396066706223,-0.003092048758879251,-0.003770438603515225
2018-02-05,0.0,0.0,0.0
2018-02-06,0.0,0.0,0.03380361616954408
2018-02-07,0.007805791694289299,0.008405791694289233,-0.005424497381336213
2018-02-08,-0.01890263071392695,-0.018598700316021843,-0.03750927039840801
2018-02-09,0.002298820235786758,0.0022982414804746387,0.015021660237433787
2018-02-12,0.0010627515059338233,0.001060473446428123,0.014684543672399908
2018-02-13,-0.002273147684847543,-0.002272378223219018,0.00248740145184545
2018-02-14,0.009989054417667287,0.010283118767424382,0.01349620184327227
2018-02-15,-0.011621062223067913,-0.011618457405013105,0.012760258571196337
2018-02-16,0.004887716321966273,0.0048868481851169765,0.00029285843424942115
2018-02-20,-0.0057109856080349575,-0.005706244657597503,-0.006261214234073664
2018-02-21,-0.0027211333053300812,-0.0027192526684655105,-0.004974211832767805
2018-02-22,-0.003799550773281535,-0.0037976392900971323,0.001296176823579076
2018-02-23,0.008253155976459592,0.008244575830698597,0.015939238904999264
2018-02-26,0.005054436453723055,0.005051403295371237,0.011612317894916568
2018-02-27,-0.006189784417147126,-0.0061864867148543334,-0.012486532226350988
2018-02-28,-0.006474289019072432,-0.006470128236621853,-0.010129819402294626
2018-03-01,-0.009998774162419233,-0.00999127044828585,-0.014540916580615293
2018-03-02,0.007932763865761139,0.007926515687836977,0.005154848195324746
2018-03-05,0.015960975751511786,0.015943714871280434,0.011558126675882185
2018-03-06,-0.0008881876779537334,-0.000889432397125911,0.002534971240559125
2018-03-07,-0.007658904328320615,-0.007654522238643824,-0.0003665775519042791
2018-03-08,0.006482339322456676,0.00647363348759411,0.004839052341124805
2018-03-09,0.003338952822161234,0.003333211783217882,0.01740247579713916
2018-03-12,-0.004602268679633537,-0.004599146983966351,-0.0012549941877010307
2018-03-13,0.0017002717443221904,0.0016980111884337123,-0.006463089957696622
2018-03-14,-0.0024618994697545027,-0.001889120294951252,-0.005131581747721103
2018-03-15,-0.0013486742890794767,-0.0013463293574174084,-0.0010893697775584688
2018-03-16,0.005382486094746897,0.005375367288160904,0.0010845385680275932
2018-03-19,-0.00646226749682588,-0.006456829751570581,-0.013530684374158608
2018-03-20,0.0013805163660394193,0.0013782741144985344,0.0017006838729141105
2018-03-21,-0.006958478566640558,-0.006387486564129352,-0.0019192203215481207
2018-03-22,-0.017699539268433706,-0.0176711913285702,-0.024997006281226364
2018-03-23,-0.01272071218533155,-0.01270283463232158,-0.021314665920538767
2018-03-26,0.029747212245279764,0.029707429264000496,0.027359041341031398
2018-03-27,-0.01845357454609675,-0.018437514782856046,-0.017011694099533403
2018-03-28,0.0009127477527473005,0.0009063350599036735,-0.0029548072322919117
2018-03-29,0.006329151203659844,0.006324614071357759,0.01277765629043004
2018-04-02,-0.016153218074175357,-0.016128381498620947,-0.021584575176795462
2018-04-03,0.008808929016716815,0.008796040395478988,0.012816721761802263
2018-04-04,0.01577036193851611,0.015751255328187108,0.010699054971383015
2018-04-05,0.005980508439782151,0.0059678999623935525,0.007892464780515418
2018-04-06,-0.01741125067885252,-0.017384234789473152,-0.022285970943954014
2018-04-09,0.003971955556766993,0.0039632903513531215,0.004928401332611632
2018-04-10,0.009583073557766886,0.009574040428796504,0.01590038551104045
2018-04-11,-0.004216549766357214,-0.004212911188482105,-0.0052424378802266025
2018-04-12,-0.001451665495326826,-0.0014400717833739085,0.008227174474605414
2018-04-13,-0.006619590921095098,-0.006611040816906444,-0.00293297847576357
2018-04-16,0.0069774471059278476,0.006965379242817038,0.008221875239717846
2018-04-17,0.004875777529389058,0.00487342023872106,0.010698321637781838
2018-04-18,-0.0030597840410987454,-0.0024427112925712313,0.0007403267123571311
2018-04-19,-0.0038927979084155684,-0.003886577009897363,-0.005547636737814443
2018-04-20,-0.007017922611477823,-0.007007248562309276,-0.00847946939613764
2018-04-23,0.0025460439870104157,0.0025389597017351218,-0.00014991035972367062
2018-04-24,-0.00995826832689728,-0.009939896953527927,-0.013467718640062909
2018-04-25,-0.005427887578611124,-0.0054180633537882494,0.002471797644137075
2018-04-26,0.009154633379715449,0.009722605739460377,0.010165758222081767
2018-04-27,-0.0043375166286692135,-0.004336338984267996,0.0009390542700380422
2018-04-30,-0.005066223528171654,-0.004799210194489922,-0.0076910025732380705
2018-05-01,-0.027409987202100528,-0.027309939568039066,0.0017769242604321889
2018-05-02,-0.0049194139619485044,-0.004314278712843067,-0.006717451541688124
2018-05-03,0.0009446324624999836,0.0009239838979926418,-0.002203610149055457
2018-05-04,0.009538602874501478,0.009578544229436936,0.012946682930007558
2018-05-07,0.005414145813067206,0.005401151316077657,0.0033832361756540585
2018-05-08,-0.0063047866292246235,-0.0063270274334288334,0.0
2018-05-09,0.006319967087885736,0.006305017417999936,0.009665691593165437
2018-05-10,0.00688661791055889,0.006860310309856121,0.009350416423010266
2018-05-11,-0.06708102670081106,-0.06696538113376305,0.00305124763912068
2018-05-14,0.002485983363944788,0.0029548675200630203,0.0004767183964959898
2018-05-15,-0.0071542700823732375,-0.007115576219364206,-0.006887094461925591
2018-05-16,0.0003974591102255953,0.00041206578192065635,0.004205045516890715
2018-05-17,0.00351438464773679,0.0035580016058500696,-0.0008449713716941476
2018-05-18,0.0006055441795811412,0.0005915517493484401,-0.0024996065056123173
2018-05-21,0.009351575704584114,0.009955053305481742,0.007518314157885175
2018-05-22,-0.0027538421313040296,-0.002767747359230688,-0.0027803393517307207
2018-05-23,0.016291657909832225,0.016260221884388804,0.002751868159879045
2018-05-24,0.0018761653204133477,0.001864437934550267,-0.00204882529974193
2018-05-25,-0.0031355703256565892,-0.0031328771654113297,-0.002382692292155153
2018-05-29,0.00692971890528149,0.006943917001742239,-0.011501339232849128
2018-05-30,0.01416483311643324,0.014135446026449783,0.013344620071841229
2018-05-31,-0.005823856532791938,-0.005868291974156725,-0.006125639298309449
2018-06-01,0.004588799720322001,0.004567120487974474,0.009818015163321148
2018-06-04,0.019096947663563624,0.019149369639549052,0.004750878734009145
2018-06-05,-0.0009247765792921303,-0.0009387353149270528,0.0007276426493036947
2018-06-06,0.004622440035089603,0.0046287919315461945,0.008360670536741166
2018-06-07,-0.009060602133822315,-0.009027353352453082,-0.00010798129408651214
2018-06-08,0.00572168272343232,0.005678913989507706,0.002956291509401243
2018-06-11,-0.004701989234631498,-0.004703524320118557,0.001329900304888998
2018-06-12,0.004343433694559584,0.004309334732044867,0.0012926847153253984
2018-06-13,0.004705791531604886,0.004687351209162527,-0.0031914827424861514
2018-06-14,0.0033894786080865824,0.003371637893107682,0.0025180163948208545
2018-06-15,-0.006414241047730473,-0.006383339660712584,-0.0012754588211720819
2018-06-18,0.00823124311150214,0.008212233848120087,-0.0020571180198599714
2018-06-19,-0.0070167527505227145,-0.0070063097451319445,-0.003832913579683961
2018-06-20,0.006126056472823382,0.00615613317638708,0.001706315984209228
2018-06-21,-0.0040353142581628365,-0.004030017827430843,-0.006269102629588574
2018-06-22,-0.009475419424520126,-0.009457907778827934,0.00182352292280763
2018-06-25,-0.017160248960949365,-0.017186826211718298,-0.013612948154032467
2018-06-26,0.005888543675839353,0.00585810479497284,0.0022140063314155523
2018-06-27,-0.01022324266540997,-0.010217364703652643,-0.008284055286406411
2018-06-28,0.009236189290444452,0.009243543442093216,0.005717028481935893
2018-06-29,-0.005571709678378056,-0.0056210195060941714,0.0014398674525983868
2018-07-02,-0.006952586833541274,-0.006476145246537945,0.0021377807903133483
2018-07-03,-0.003986020098491694,-0.004033020313919611,-0.0035309002066937767
2018-07-05,0.008380033663680564,0.008370220318004273,0.00815788258577732
2018-07-06,0.006189660421614285,0.006168152711399033,0.008458210097118446
2018-07-09,0.007149859240334733,0.007157914659646547,0.009004465912484605
2018-07-10,5.609337046275087e-05,6.790867256367683e-05,0.0035983287998040403
2018-07-11,-0.002255141853252929,-0.002257519681716391,-0.007314261685950396
2018-07-12,0.013791754191662342,0.013755626978483537,0.009065713442555356
2018-07-13,0.0062916626741833515,0.006275128538989927,0.0007876908721797804
2018-07-16,-0.004462952012629584,-0.004436024381362924,-0.0008943453865113415
2018-07-17,0.006809041922745784,0.006785355211023303,0.004045320003391861
2018-07-18,-9.09778633838565e-05,-0.00011744735972740727,0.002103646120768632
2018-07-19,0.0013757638670077732,0.0013882765730517388,-0.003771360588162964
2018-07-20,0.00042425292390491087,0.000427509828112127,-0.0011429969807824625
2018-07-23,0.00147903924147319,0.0014643765864499336,0.001859649926954976
2018-07-24,-0.012760039841418713,-0.012767877342361955,0.0050319713835724755
2018-07-25,0.021546154640909032,0.022136007551955217,0.008522239603585557
2018-07-26,-0.008647650469157053,-0.00861227525123398,-0.002359018545113445
2018-07-27,-0.02730485209444089,-0.027278762886282504,-0.006776530766738675
2018-07-30,-0.012821818583175881,-0.012785039343635285,-0.005222945006732704
2018-07-31,0.012278182523064451,0.012278261381274413,0.004929266458104209
2018-08-01,-0.0003187842434251298,-0.00031189781718188314,-0.0016711394970368998
2018-08-02,0.02302768298808533,0.02301230140626176,0.005447984189256516
2018-08-03,-0.0032742978808492085,-0.0032730170969071937,0.0042845294653020005
2018-08-06,0.004597073703692001,0.004602803739327088,0.0036673428416968967
2018-08-07,0.0034907293607766565,0.00351623175574578,0.003302320638059353
2018-08-08,0.002644787172408014,0.0026362652003009135,-0.00042052121762770067
2018-08-09,0.0009301604880733727,0.000946656002070112,-0.0013654078284348614
2018-08-10,-0.005006084945173961,-0.005012445024519141,-0.006700615806956356
2018-08-13,-0.005526356027386714,-0.00553258169227322,-0.0037432694368121355
2018-08-14,0.011643504639882396,0.01161811227931353,0.006380547457365715
2018-08-15,-0.020455189396422324,-0.02042123047294364,-0.007467328876730739
2018-08-16,-0.0008384399219123484,-0.000817914912805473,0.008091643033774965
2018-08-17,0.0009012214473806957,0.0008987563370568274,0.00352017460192533
2018-08-20,0.00839561226950658,0.008432703112380535,0.0021400789883698756
2018-08-21,0.01394011543493412,0.013938101472176445,0.002345189066315756
2018-08-22,0.015647908682430156,0.015606642294329731,-0.0005937800140682903
2018-08-23,0.010351366624175906,0.010339200569910334,-0.0013278484670968815
2018-08-24,0.0068492682833518614,0.006816548522778465,0.006018446897929186
2018-08-27,0.005148112617661349,0.005142025086842139,0.007894984483689305
2018-08-28,-0.0005595517200992495,-0.0005620420754869349,0.0004834080385962558
2018-08-29,0.007469368463782766,0.0074462050504546795,0.005380828247328218
2018-08-30,-0.003995197796467176,-0.00401765843597357,-0.004048134246127488
2018-08-31,0.005342320837761427,0.005370551420036174,3.4042176352055975e-05
2018-09-04,0.004681046386152632,0.00460699884736937,-0.0017219874859983886
2018-09-05,-0.019583043327788374,-0.01952127714491303,-0.002691256153825039
2018-09-06,0.0037453650396450655,0.003743812016311132,-0.003010309113196663
2018-09-07,-0.0012525956059616927,-0.001255674489479608,-0.0019435428851407588
2018-09-10,0.013340703657515052,0.013352540969846727,0.001738874157978687
2018-09-11,0.004137329945652413,0.004129546183699873,0.0032975621679642853
2018-09-12,-0.003907549989817238,-0.003895197779113846,0.00024147750281411362
2018-09-13,0.002392746372118726,0.002402387708460907,0.005915188835533103
2018-09-14,0.008030596578194382,0.007999304838640864,0.0001719204788774853
2018-09-17,-0.013625564722319017,-0.013594540856268766,-0.005294347473173477
2018-09-18,0.013213025798020972,0.013233425791711495,0.005425708693452158
2018-09-19,-0.009092057209134308,-0.009080510436134781,0.0010660419838810498
2018-09-20,0.00671595404758607,0.006729160756203223,0.008103970019819773
2018-09-21,-0.0019106488323429316,-0.0018868876294098058,-0.0009140483798297794
2018-09-24,0.007315099294723737,0.007265695635996661,-0.003321905325580521
2018-09-25,0.007760806445684887,0.0077531908515369174,-0.0009277444403887891
2018-09-26,-0.001448792271481203,-0.001472404812921213,-0.002992148434981412
2018-09-27,0.004314525876588204,0.004325665814650659,0.0027940597809654744
2018-09-28,-0.0010309817102116536,-0.0010284770955799605,0.00010306826290329418
2018-10-01,0.0034386775306196604,0.003412692275690077,0.0034742612062761413
2018-10-02,-0.017375095801966278,-0.017375745128112352,-0.0005827181502436884
2018-10-03,-0.0019887317826291495,-0.0019872989818345843,0.0005489616448888235
2018-10-04,-0.027559995031870677,-0.02756064937295233,-0.007815787813559183
2018-10-05,0.0009695189292631134,0.0015427561907044307,-0.005597030889530563
2018-10-08,-0.006071412807474363,-0.006033052882198686,0.0
2018-10-09,0.0022422134995356835,0.002246427831647857,-0.0014590171604822455
2018-10-10,-0.04668406032482464,-0.046694724640999996,-0.03166347469203867
2018-10-11,-0.01673409231427203,-0.015529938193793336,-0.022026339969826392
2018-10-12,0.00849027908862543,0.008481628432648325,0.013888099858530678
2018-10-15,-0.001344425756190426,-0.0013424785894178282,-0.005616912716155609
2018-10-16,0.00949826104585938,0.009784378997353516,0.021865855314946447
2018-10-17,0.0027515270549622883,0.0030491554504925578,0.00017818658803969711
2018-10-18,-0.001075985901580978,-0.0010732779494545541,-0.014440967886746092
2018-10-19,-0.0006561409157131992,-0.0006546028635505685,-0.0005427313849886151
2018-10-22,0.0031761976559556704,0.0031764589227338824,-0.004488588264746629
2018-10-23,-0.016312827112109796,-0.016293272154642824,-0.005090636825545891
2018-10-24,-0.028023603108890405,-0.027995043541429898,-0.0302984910440115
2018-10-25,-0.0052553106584513065,-0.004687276269279006,0.017940211525071526
2018-10-26,-0.014722017799323583,-0.014725733627771409,-0.01758709727625174
2018-10-29,-0.006662714769993472,-0.006648227138564833,-0.005540635399224891
2018-10-30,0.004920224731758793,0.005460805516041889,0.014818867257449408
2018-10-31,-0.011087217742619893,-0.011099049906765135,0.010680849563283523
2018-11-01,0.0003089560946614167,0.0003084211690649319,0.010641631660505135
2018-11-02,-0.002321084084077052,-0.002315511208217047,-0.0059228925402706745
2018-11-05,0.013096145962492534,0.01309605251134216,0.005516643266578525
2018-11-06,-0.006741280281704176,-0.00670676468617093,0.006327870044667838
2018-11-07,0.014872316705314415,0.014873717950900422,0.021409228814528225
2018-11-08,0.003032995504798741,0.0030354422739105047,-0.0018150877516831532
2018-11-09,0.009694166280422634,0.00969659867218331,-0.009767828065918027
2018-11-12,0.001936874397085786,0.0019392595295366633,-0.018685488133020955
2018-11-13,-0.000507908495476217,-0.0004947368898213789,-0.0018709756843833247
2018-11-14,-0.005196692883689846,-0.0052039982581931765,-0.00683685848543103
2018-11-15,0.005281397390069387,0.0052621042676552765,0.010436673058952017
2018-11-16,0.0019464154893502617,0.001934568670568515,0.0026007865418542497
2018-11-19,0.0034752236120312308,0.0034654713259432146,-0.01691488752761583
2018-11-20,-0.018273243459501876,-0.018270288750175667,-0.018505862442727783
2018-11-21,-0.002971661847527174,-0.002978998858930826,0.0034076602222186114
2018-11-23,-0.003861045099615601,-0.0038528850095642664,-0.006678799042735495
2018-11-26,0.0029462260012078634,0.0029393315371200046,0.016144262427891798
2018-11-27,0.01461176931645114,0.014602600862034354,0.0033645384755796037
2018-11-28,0.012459601785273833,0.01245715810834036,0.02302525762189922
2018-11-29,0.0007957022461542174,0.0007946135629437467,-0.0021851896556833728
2018-11-30,0.011907525913282813,0.01190814525967454,0.006095219537697316
2018-12-03,-0.0016778157261545523,-0.0016782115549387466,0.013241315865513359
2018-12-04,-0.01092234553760063,-0.010917198525492,-0.032402384973374554
2018-12-06,-0.002827619007635729,-0.0028219951432323365,-0.0015170253752516683
2018-12-07,-0.00969170073701009,-0.00969090254557281,-0.023235866825162765
2018-12-10,0.003801349922006425,0.0037991855425387744,0.001897015380304623
2018-12-11,0.006695595169816659,0.0066910122933465654,0.0002274374791173539
2018-12-12,0.0019101306024866815,0.0019007456305784043,0.005035240235142346
2018-12-13,0.0020297024531785723,0.0020404010298296082,-0.0003391754660616586
2018-12-14,-0.015438399219787957,-0.015432566080949672,-0.018464405343252555
2018-12-17,-0.02863672611915069,-0.02863920724179625,-0.019618786185908732
2018-12-18,-0.002076889227220491,-0.0014609799961010639,-0.001096364794337612
2018-12-19,-0.001902810332280569,-0.001325763810150149,-0.014975824238063984
2018-12-20,-0.0002387461835350324,-0.00023775571825646047,-0.016277993963117243
2018-12-21,-0.0010346627451779389,-0.00103036931012368,-0.020489440550005233
2018-12-24,-0.010158819010221531,-0.01011662050927975,-0.026422846529909227
2018-12-26,-0.00018064971671738483,0.0001202159430129246,0.050524996530377786
2018-12-27,0.0,0.0,0.007677315346365177
2018-12-28,0.0,0.0,-0.001290218430712975
2018-12-31,0.0,0.0,0.008759048217797938
2019-01-04,0.0,0.0,0.0
2019-01-07,0.006005952641203294,0.006605952641203228,0.00518027590802661
2019-01-08,0.0028113009941743705,0.0028096252832447988,0.009395266673119629
2019-01-09,0.0040724459876804175,0.004372605623031545,0.004673487204997828
2019-01-10,0.0003855690162242187,0.0006834847671541855,0.003527636366311704
2019-01-11,0.00093737920426884,0.0009384479376690624,0.00038620038073133856
2019-01-14,-0.013873963338378092,-0.013862648440809866,-0.006100957264577933
2019-01-15,0.019809914534068662,0.019788537002805917,0.011460977902915781
2019-01-16,-0.01240382752500635,-0.012391039645337054,0.002419974861054719
2019-01-17,0.0013217126851929883,0.0013193456424236416,0.007586703308684051
2019-01-18,-0.00363014462161515,-0.0036271244138526004,0.013310017539516439
2019-01-22,-0.014149342699471656,-0.014139113537208536,-0.013510722895772265
2019-01-23,0.0008693704163220684,0.0008720703773272831,0.002092363896331051
2019-01-24,0.019478048736813358,0.019464684421153233,0.0005315899726900941
2019-01-25,0.006020809991728493,0.006009823488357657,0.008461538012364933
2019-01-28,0.0014931783880134386,0.001489479415803352,-0.007600298931966787
2019-01-29,-0.0025978545928923014,-0.0025946202414829367,-0.0013271787299770077
2019-01-30,0.011370176273445054,0.011363773588944248,0.015830981782867903
2019-01-31,0.01206785224040785,0.012058752721295196,0.008782701483493582
2019-02-01,0.0041082959443743405,0.0041034880487971215,0.0004811846721017865
2019-02-04,-0.007989762542467305,-0.00798123884236901,0.007035429145981764
2019-02-05,0.007176063388477427,0.0071708342948695325,0.004191829484902376
2019-02-06,-0.005912606017835165,-0.00590685701391247,-0.0013181670759394581
2019-02-07,0.0010492408077940052,0.001050769847315225,-0.009532570629879555
2019-02-08,-0.00042067044929838815,-0.000421771965365747,0.0012215223657654484
2019-02-11,0.001088834666092664,0.001089746971583594,0.0005545083055178424
2019-02-12,0.02381105753106083,0.02379627507735682,0.01285934604914285
2019-02-13,-0.002149533705216755,-0.0021479562593085255,0.0032470560493027545
2019-02-14,0.002748117513532655,0.0027435226942205126,-0.0022183870058087862
2019-02-15,0.008042905381263843,0.00803665475682136,0.010897479720999526
2019-02-19,0.002294719505903098,0.002294528861590095,0.0017303959406558267
2019-02-20,-0.001684755613311495,-0.0016845080958387548,0.002015605433666634
2019-02-21,0.005872065865999199,0.005868157622160419,-0.003556143472618012
2019-02-22,0.01113131856073335,0.011122175781817623,0.006200419709908811
2019-02-25,0.0038343695885880713,0.003830825458226217,0.001360763492824102
2019-02-26,-0.00027065430715156324,-0.00026856099889760454,-0.0007149991316384163
2019-02-27,-0.0011771107249187729,-0.0011778305469335448,-0.0004296859815177134
2019-02-28,-0.00908707335975889,-0.009082274592978168,-0.0018628546525065737
2019-03-01,0.006869269979062009,0.006863460565643242,0.006244175192537282
2019-03-04,0.0030974253749822545,0.0030979037284988298,-0.003637790507828864
2019-03-05,-0.01005455514442477,-0.01004662270494594,-0.0013601710223046792
2019-03-06,-0.004982493252885578,-0.004976811721863039,-0.006056761177111958
2019-03-07,0.007566307267581562,0.00756250810754544,-0.008365353786963237
2019-03-08,-0.0029240970509735176,-0.002922411622838017,-0.0020000467570850944
2019-03-11,0.015491601209979278,0.015478498105157668,0.014501129122705736
2019-03-12,0.0016747353678390198,0.001673910631855291,0.003771068442985692
2019-03-13,-0.006796998143883903,-0.006792295389968395,0.006619284127661107
2019-03-14,-0.0015610124232432465,-0.001558009178741493,-0.0006398103142016831
2019-03-15,0.001408723250404087,0.0014080266879643588,0.0049405249852108035
2019-03-18,-0.0013511943497264145,-0.0013513146691063183,0.00362593298254299
2019-03-19,-0.005324203814259243,-0.005320928565325178,0.00024776986021057823
2019-03-20,-0.0028672503411723005,-0.002865422496383996,-0.0030095164307165634
2019-03-21,0.014039719133149386,0.014591960398519177,0.011294508899890365
2019-03-22,-0.014454245376385733,-0.014437605376743101,-0.019246316050036794
2019-03-25,0.00462119414178308,0.004615365765343382,-0.0007521175061521168
2019-03-26,0.0012804819953589064,0.0012761332717139418,0.007454172903694989
2019-03-27,-0.00028369979955478186,-0.00028144400920082635,-0.005229316973724196
2019-03-28,-0.002212877629454102,-0.0022116649777903508,0.003790579290930296
2019-03-29,0.00204147341793548,0.00203883275266592,0.006305500243529494
2019-04-01,0.010322869404710833,0.010313940986098835,0.011859216336003175
2019-04-02,0.0032202117232871252,0.0032161061618274367,0.0004898291947013078
2019-04-03,-0.002129058770590886,-0.002122525643439621,0.0015736631394087652
2019-04-04,0.0001223098229681252,0.00012595291094696925,0.0026532044585341197
2019-04-05,0.007330671186039472,0.007320664608691851,0.004840290566822114
2019-04-08,0.00048220188634662264,0.0004820735203256987,0.0007624566442752112
2019-04-09,-0.005901177983867911,-0.005893255347215076,-0.005124445600397487
2019-04-10,0.006343519825856125,0.0063367284844781935,0.0034106662602624294
2019-04-11,0.0009320417786877755,0.0009359632291940922,-0.00027754766910748074
2019-04-12,0.0016429410404967815,0.0016454381656925143,0.006765655435348794
2019-04-15,0.0012025293613797672,0.0017959927920361274,-0.0006545463335607682
2019-04-16,-0.004298344565986212,-0.004293750733622148,0.0006549750450750569
2019-04-17,-0.0014429326155299682,-0.0014364412852542197,-0.00244686270122052
2019-04-18,0.008357641874184196,0.008345507228959104,0.001969161333717384
2019-04-22,-0.0006323878362348712,-0.0006325612142749071,0.0008621923376883611
2019-04-23,0.01308590840346513,0.01306901733939081,0.00899173212483273
2019-04-24,0.003907952245616908,0.003903909621781221,-0.0022194137729673047
2019-04-25,-0.01931530090914302,-0.01928192264421802,-0.0006160044647799401
2019-04-26,-0.001707717226007821,-0.0017001685192775673,0.004656982273155252
2019-04-29,0.0036277602248151464,0.0036218080970744637,0.0015677604397064115
2019-04-30,-0.016879294606680917,-0.01686267257510743,0.0005102597667123732
2019-05-01,-0.007304858551614779,-0.0072950615549151054,-0.007516818751677645
2019-05-02,-6.0323656865257647e-05,-6.451307632493464e-05,-0.002158827740901481
2019-05-03,0.005175386687322092,0.005168479045618346,0.00978801177283617
2019-05-06,0.0015783213490236925,0.0015771080349165079,-0.004115292100278944
2019-05-07,-0.01149459997746971,-0.01147940499199085,-0.016699422259710217
2019-05-08,-0.00039213405120297473,-0.0003902407156868293,-0.0013895915090532673
2019-05-09,-0.0022558302833419752,-0.002254120756316924,-0.0030258063912580457
2019-05-10,-7.341494365031842e-05,-7.226523472991797e-05,0.005023435294274181
2019-05-13,-0.020045351634681907,-0.020018504393184644,-0.02513043891388589
2019-05-14,0.0024737612205139037,0.003963005344421289,0.009043990377985534
2019-05-15,0.002339796428100005,0.002332982373628445,0.005857706251938488
2019-05-16,0.009577873668267678,0.009569422011703965,0.00926112114205302
2019-05-17,0.0010889671905569553,0.001103810541463801,-0.0064650923123060755
2019-05-20,-0.00618280950901795,-0.006159832635638018,-0.006612044848290477
2019-05-21,0.0022828402182426544,0.002275654403063543,0.009015295130750056
2019-05-22,0.0038350925434607053,0.0038448158256305653,-0.0030713987003508914
2019-05-23,0.001189202269670231,0.0012018831013471676,-0.012218544341037862
2019-05-24,0.005852806002845767,0.005839828258936031,0.0022685396821873205
2019-05-28,-0.009676810318340667,-0.009681872475392317,-0.009300754974060688
2019-05-29,-0.011934734026814775,-0.0119357405271302,-0.006710609208877005
2019-05-30,0.0031571822212745904,0.0031476786460640227,0.002731034573894453
2019-05-31,-0.000591754497753616,-0.0005635407867754516,-0.01347521252776207
2019-06-03,0.010135453017801499,0.01013954251250282,-0.0025427302245735195
2019-06-04,0.008239606888127637,0.008213218481231355,0.02170662172652471
2019-06-05,0.014588163458105985,0.014603473676947809,0.008662168159436323
2019-06-06,0.009299275079310387,0.00929638446536396,0.006502578914892032
2019-06-07,-0.0017812487015321787,-0.001799484943518448,0.010006980084850126
2019-06-10,-0.004663784746185673,-0.00466407712684036,0.004589016733120399
2019-06-11,-0.008015081418746961,-0.0080036810063423,-0.00024213548652840533
2019-06-12,0.009108007322834677,0.009117214370481186,-0.0017653653908005218
2019-06-13,0.011005184103654031,0.010978573139449388,0.004126352575871017
2019-06-14,0.008631585483411808,0.008637296328314337,-0.0011048924737504517
2019-06-17,-0.0036585364568815226,-0.003661294177088714,0.00038008343943851663
2019-06-18,-0.006249146060513855,-0.006247658733786299,0.010470856123007577
2019-06-19,0.004137204149738727,0.0041569369836413905,0.0022572927089736794
2019-06-20,0.006887490246714423,0.006874775496515939,0.009554547138143743
2019-06-21,-0.005353285738124325,-0.00532947032842479,-0.001453849848026545
2019-06-24,-0.00408707838743716,-0.004079961597218795,-0.00122419672894436
2019-06-25,-0.011004140704368615,-0.010990576107542838,-0.009808116418850266
2019-06-26,-0.012296898617781715,-0.01231085417152955,-0.0009974257349590898
2019-06-27,0.0037648051646788083,0.004363194442954299,0.003545743958231151
2019-06-28,0.006177383997809649,0.006176573330310964,0.005146039249199763
2019-07-01,0.00346226981400255,0.003450155521367293,0.009078316467368897
2019-07-02,0.010317750592799158,0.010324357452429878,0.0026044901841686396
2019-07-03,0.0039407560645090545,0.003947090362626637,0.007995266805708834
2019-07-05,0.0011064691354516487,0.0011023226450490586,-0.0011380785478315447
2019-07-08,-0.004265359511824274,-0.0042578014464320635,-0.005495021988262128
2019-07-09,0.0032793228759282478,0.0032794847979153996,0.0012469272028763356
2019-07-10,0.005399285660892428,0.005394847051608531,0.0047779823567981605
2019-07-11,-0.003724447483484661,-0.003728250889790452,0.0023444404048491574
2019-07-12,-0.0014056015279854117,-0.0014196477375494343,0.004476859202404482
2019-07-15,0.0012837296749590443,0.0012868958747120907,0.0003323576736584677
2019-07-16,-0.0048094373191366335,-0.0048102892044443735,-0.003225243129726274
2019-07-17,-0.0043662132587297675,-0.00435397269884108,-0.006804793285358546
2019-07-18,0.0019573343505738805,0.0019680463697797634,0.0036607117556222146
2019-07-19,-0.012286643144356235,-0.012291553495823448,-0.00555477695624218
2019-07-22,0.0019482103144468077,0.0019451630614479853,0.0024563676339615093
2019-07-23,-0.0018979423162014397,-0.0019034316784085625,0.007149722298366301
2019-07-24,0.004179033543340038,0.004176829290798878,0.004699554551389928
2019-07-25,0.00023998338901742855,0.000801829730686654,-0.0047767145870601935
2019-07-26,0.0046498444653479964,0.004643186350202999,0.006700070828449034
2019-07-29,0.004028801054084097,0.0040386834947521155,-0.0018213624248691884
2019-07-30,-0.006776392044983814,-0.0067703336888436105,-0.0024544575993770135
2019-07-31,-0.006166310488172622,-0.006167894447335898,-0.010940236080142496
2019-08-01,-0.0002168859482354346,-0.00019387119303260203,-0.008708191510037322
2019-08-02,0.010926870771617025,0.011525495344613113,-0.0075295046763190765
2019-08-05,-0.023389463376049857,-0.023378241400553113,-0.030072832464719812
2019-08-06,0.012800199167961823,0.013128412359200814,0.0140227598769882
2019-08-07,0.005160783592326856,0.005461573385350471,0.0005907884565259369
2019-08-08,0.018705162694049093,0.018702476342357777,0.01961982182795774
2019-08-09,-0.004499676617005788,-0.004493517822955595,-0.006811496999133082
2019-08-12,-0.008533603762384323,-0.008528191216854997,-0.012173514556663378
2019-08-13,-0.0005966160168129342,-0.0005864909442134802,0.015551830810308642
2019-08-14,-0.01767894712140594,-0.017681664770300864,-0.0295676921610436
2019-08-15,0.009540871195716338,0.009541510585870494,0.0026419587350299256
2019-08-16,0.01543102848250566,0.015431504026995446,0.014754960498849501
2019-08-19,0.010079257408329267,0.010081248588665215,0.012048018932232507
2019-08-20,-0.004544302889793239,-0.004541536084967657,-0.007662771299021265
2019-08-21,0.0044866878025591195,0.004481174363332174,0.008135547369639617
2019-08-22,-0.005940894722440526,-0.005950333251441675,-0.000308076683866898
2019-08-23,-0.018502858348991458,-0.01850195275282207,-0.025687536225232566
2019-08-26,0.008837221530517692,0.008841745896513986,0.011058363306560626
2019-08-27,-0.008815237578724155,-0.008811801344261405,-0.003923345866815753
2019-08-28,0.005600468926989732,0.005601931493537382,0.007041576436231933
2019-08-29,0.012929701834772933,0.01292910498239741,0.01277284209928764
2019-08-30,0.006436424557145104,0.006438566102065391,-0.0004440171297499518
2019-09-03,0.000865406109504363,0.0008585191817058746,-0.005847316314925632
2019-09-04,0.005450524804194945,0.0054496016460006125,0.0113501544199055
2019-09-05,-0.0006624131244752363,-0.0006500786941736614,0.01285565961310886
2019-09-06,0.0029578936172509618,0.0029585028025815863,0.0007720619606461643
2019-09-09,-0.01662303348652694,-0.01663962555949383,0.0005032834498754912
2019-09-10,0.004827185204513418,0.004821435075679226,-0.0002345277850088756
2019-09-11,-0.0003139760222174992,-0.0003142423596804722,0.007110791161183849
2019-09-12,0.004467627393914597,0.004476663101894207,0.0034641047158139315
2019-09-13,0.0036494263561319684,0.003643287576607257,-0.000663978065331583
2019-09-16,0.0023772292857646704,0.002361061354511751,-0.003088919188886541
2019-09-17,0.006222343140393161,0.006232441469342209,0.0025321419814714474
2019-09-18,0.00218346400044811,0.0021784504537258886,0.0005982475501746798
2019-09-19,-0.0031779052899101323,-0.0031815290739007906,-6.684482951879733e-05
2019-09-20,-0.00010486292835099054,-9.154411398692996e-05,-0.004724467225724838
2019-09-23,0.0043503041983914414,0.004346631116419086,-0.00023485703572656558
2019-09-24,-0.0008149272805691998,-0.0008137282768292398,-0.007846882029623359
2019-09-25,0.0003595231631985385,0.00036625194333606004,0.0059148069896088895
2019-09-26,0.003684860590200456,0.0036819170560806747,-0.002083156733802438
2019-09-27,-0.011074468523313952,-0.011079176254371714,-0.0053872900428652
2019-09-30,0.004226572026849951,0.004229904777598659,0.004637664876704584
2019-10-01,-0.010499411796814018,-0.010507239627766451,-0.011894434591576908
2019-10-02,-0.010369788493801657,-0.01036191941973974,-0.01766489955944439
2019-10-03,0.013033895226835845,0.013046384836731706,0.008192454357178747
2019-10-04,0.012838342564889249,0.012848391288019068,0.013532454582607212
2019-10-07,-0.0030845948790042543,-0.0030939698979696173,-0.004314807710553037
2019-10-08,-0.012881154280198648,-0.01289281243406215,-0.015524138327866921
2019-10-09,0.008591055657853675,0.00860418806046126,0.009495940372685752
2019-10-10,0.0020790566544175437,0.002080592179288354,0.006763675599713359
2019-10-11,0.010147684543285962,0.010142132020200423,0.010366855231971117
2019-10-14,-0.011475502305339114,-0.011466739640280998,-0.0011137952950344143
2019-10-15,0.0006108458698419472,0.000617154938437281,0.009900058065357875
2019-10-16,0.0007523032932466034,0.0007446808147617556,-0.0016057166174799908
2019-10-17,0.0032979893230953294,0.003301784266882102,0.0029489439355911973
2019-10-18,-0.00020310898124697996,-0.00020211389490665255,-0.004376713351533779
2019-10-21,-0.004626744922003545,-0.004621840092730589,0.006778773509141134
2019-10-22,-0.01118353444470388,-0.01064325701568325,-0.0032667834145980734
2019-10-23,0.007477018370223076,0.00747926554937739,0.0029097652425404963
2019-10-24,0.009322109937302647,0.009318453642791713,0.001634215547294815
2019-10-25,-0.003849256183232619,-0.0038388279479557585,0.004094818051380011
2019-10-28,0.009346860706423321,0.009367906985227492,0.005636699066540407
2019-10-29,0.000394261677060026,0.0003985743667807018,-0.00029680233020423774
2019-10-30,0.008572939204823271,0.008560298876300276,0.0030672376218152664
2019-10-31,-0.0009156987702949593,-0.0009141240610575085,-0.0026633998053987584
2019-11-01,0.0011789851217103298,0.0011772686998623438,0.009263899490793426
2019-11-04,-0.004715932168560699,-0.004710195326397604,0.004017641176288667
2019-11-05,-0.003556618779858578,-0.003554276515903454,-0.001106199302856381
2019-11-06,0.0069358765300409075,0.006938488888863725,0.00022805405408377055
2019-11-07,-0.004303107947961071,-0.004290942734181735,0.0035166791302665423
2019-11-08,0.00055544944900765,0.0011030037267796278,0.0024661819303308796
2019-11-11,-0.0006688839498573129,-0.0006641190890125381,-0.0019098805806063712
2019-11-12,-0.00039472681009578015,-0.0003982635622105102,0.002108017060587164
2019-11-13,0.006036978785976421,0.006028139305290781,0.00032396395660860833
2019-11-14,0.002832973547200579,0.002821998543552251,0.0014555106830380637
2019-11-15,0.010055905409269261,0.010063465025930807,0.007236250002724098
2019-11-18,0.002892208326458423,0.0028848027115748742,0.0007377572590392401
2019-11-19,-0.0023541277854760567,-0.0023559175427075862,-0.00028861579325079045
2019-11-20,-0.004296031531472733,-0.004312536409619816,-0.0037183797427073895
2019-11-21,-0.00768230267274872,-0.007689284839925925,-0.0016091827279245408
2019-11-22,0.0015363162848016643,0.001547204248076195,0.0022238970115446843
2019-11-25,0.010213206161374222,0.010222926841284119,0.007750423688599017
2019-11-26,-0.01637681184879991,-0.016393077439793124,0.002265506026693842
2019-11-27,-0.0013524573753717073,-0.0013483107119310889,0.004457626772822021
2019-11-29,-0.005788541552576132,-0.005792048374039349,-0.0037088235168339923
2019-12-02,-0.008819070301735454,-0.00881526253246434,-0.008494734760325473
2019-12-03,-0.00015007073081529931,-0.000156198228042026,-0.006706539880194318
2019-12-04,0.012755973054382475,0.013335632524263952,0.006170201638297623
2019-12-05,0.004504184389200194,0.004507007594422685,0.001798049889062181
2019-12-06,-0.0043993819292039715,-0.004402171535088484,0.009133879137866785
2019-12-09,-0.0053767934450613675,-0.005365200274373927,-0.0031442171972495547
2019-12-10,-0.006527320477112353,-0.006530147023038113,-0.0011148484053314922
2019-12-11,-0.006986608746839207,-0.006411424340914351,0.002838801900595378
2019-12-12,-0.0011050009028434893,-0.0011211948057165966,0.008618984421294051
2019-12-13,0.007136426454796174,0.007133434450641518,0.0005990921621346068
2019-12-16,0.004819705632040483,0.004801171344036348,0.006869650739520283
2019-12-17,0.0013662024941605289,0.0013539186302797823,0.0002195754930101046
2019-12-18,0.0025524579598930064,0.002560889158147006,6.237530216668397e-05
2019-12-19,-0.0018123338232115538,-0.001816739744356921,0.004098572159027203
2019-12-20,0.01151696336319774,0.011497522069217725,0.0043846487997947214
2019-12-23,-0.005453787530187881,-0.005459495303200668,0.0015277235945236889
2019-12-24,0.0022283268229132958,0.0022358899544985267,3.1241357036693174e-05
2019-12-26,0.0034662197898893687,0.003461051322355191,0.0053232982403204065
2019-12-27,6.952746020782996e-05,7.047010599769976e-05,-0.00024776824107930473
2019-12-30,-0.0064288610315510475,-0.0064382412464786265,-0.00551337796692597
2019-12-31,0.0019655860706975226,0.001966556148196519,0.002429526027089457
2020-01-09,0.0,0.0,0.0
2020-01-10,-0.002910951848433374,-0.002610951848433407,-0.006318097935111844
2020-01-13,0.0032966878755136264,0.0035961952035408196,0.006877169885747048
2020-01-14,-0.0068835118163627085,-0.006879341870549616,-0.0015249969630034554
2020-01-15,-0.008228590189358509,-0.008223348805597719,0.002260495972537191
2020-01-16,0.011246067087742118,0.01124035790255884,0.008317891007862288
2020-01-17,-0.0022806431074334776,-0.002279074718669505,0.0031127864007411965
2020-01-21,-0.006602364108292846,-0.006598824662292779,-0.001958273249489939
2020-01-22,0.0062557281835797784,0.006252546134567494,0.00012065673735683902
2020-01-23,-0.0049157218353479415,-0.004912489792196162,0.0011469617264452392
2020-01-24,-0.0026136244507269923,-0.0026126561173871465,-0.008893010688934666
2020-01-27,-0.007736658267525565,-0.007732410276706347,-0.016029751322992225
2020-01-28,8.17433102009435e-05,0.0009556117959022004,0.010479243979687025
2020-01-29,-0.0008982971725252087,-0.0008971909661620314,-0.0008260108082667195
2020-01-30,0.007724833970786049,0.007717618793638525,0.0032456332437516
2020-01-31,-0.0053128450669921445,-0.005307832889853148,-0.018158023632194764
2020-02-03,0.005503586512361824,0.005497981629093429,0.007428663290229176
2020-02-04,0.00774898955293879,0.007740852968295409,0.015241192111092206
2020-02-05,0.002588311637900853,0.00258601760469257,0.01154786328116475
2020-02-06,0.004446668925716546,0.004442376220054722,0.0033647741920912466
2020-02-07,-0.003991144029361626,-0.003987223427911801,-0.005329909295971991
2020-02-10,0.00042122062716809516,0.0004206115092559859,0.007465808778101879
2020-02-11,0.0007991214253377787,0.0007984554510029884,0.0017329068991756014
2020-02-12,-0.006356101490091026,-0.006350752317464958,0.0064429103959129375
2020-02-13,0.0036941250193351927,0.0036905194224048365,-0.0010671099562911124
2020-02-14,0.005123048356787008,0.00511848875887555,0.001602076116987261
2020-02-18,0.0016051537793217996,0.001604030168035564,-0.002576977522802948
2020-02-19,-0.0066719617407229315,-0.006666727676765016,0.004781235715548782
2020-02-20,0.0012780878265070683,0.0012766858704709172,-0.004108035419256861
2020-02-21,-0.001487825569067902,-0.0014859220477674295,-0.010298507299150383
2020-02-24,-0.005632312485798985,-0.005625997708272545,-0.033165192706187785
2020-02-25,-0.008667929700761245,-0.00835678775402271,-0.03030250035341009
2020-02-26,0.019129856796263445,0.019114242056861075,-0.0036777114305663883
2020-02-27,-0.05096233572731568,-0.050727638089712146,-0.04491196842596934
2020-02-28,-0.014102233735615255,-0.013824222780590922,-0.004201612889578987
2020-03-02,0.02550440490997241,0.026174363258431033,0.04330670169869144
2020-03-03,-0.004464612581007166,-0.004476425536227291,-0.028632444942784607
2020-03-04,0.01963920625118165,0.019638348732672783,0.04203305440523253
2020-03-05,-0.0070707993737777475,-0.006192544612954376,-0.03324173926178042
2020-03-06,0.00828041476835728,0.008314159103556484,-0.016531288938967048
2020-03-09,-0.04603047784004888,-0.04606399177221443,-0.07809450006566832
2020-03-10,-0.006208151403081286,-0.006219425913427612,0.05174483030242372
2020-03-11,-0.022347007985597744,-0.022315033468896406,-0.04874798973163064
2020-03-12,-0.06989404941602384,-0.06963741307429894,-0.09567739559873611
2020-03-13,0.04932030476103155,0.04957768085117831,0.08548639013424397
2020-03-16,-0.03818077920158869,-0.03785853550581808,-0.10942363350142259
2020-03-17,0.07951104750136984,0.07944062429197118,0.05399177233447627
2020-03-18,0.00723685926098816,0.007499615327191345,-0.05063299458072379
2020-03-19,-0.04441687433289643,-0.044380164760712715,0.002125239940806045
2020-03-20,-0.09313551042252188,-0.0930806072848156,-0.04309433305065269
2020-03-23,-0.0225229811628187,-0.02231865845305203,-0.025568138523694106
2020-03-24,0.0046312136161734685,0.0049191029823938415,0.09060325945836323
2020-03-25,-0.027075446980112994,-0.02706760777037165,0.01497006419427338
2020-03-26,0.03380065055902004,0.033801285209513754,0.05838980101580993
2020-03-27,-0.004594889586068129,-0.0045949865510969135,-0.029785584237364326
2020-03-30,0.024174193075844563,0.024144754114999056,0.03247584880882304
2020-03-31,0.003986855534331646,0.003940706218060752,-0.014905529724725253
2020-04-01,-0.0007095265879438761,-0.0007386672875207001,-0.045004900814416104
2020-04-02,0.01909891433594546,0.019141616892406343,0.023075440836357375
2020-04-03,-0.0013422035016154021,-0.0013291332263239974,-0.01445421318707385
2020-04-06,0.008094229649204365,0.008079334161668728,0.0671662975485614
2020-04-07,-0.019121601649721987,-0.01864378033619929,0.0010195491269802126
2020-04-08,0.010078568196638882,0.01005576290162824,0.03356793814381742
2020-04-09,-0.004934374789539175,-0.00493887205125676,0.01521775540360415
2020-04-13,0.014566911572069241,0.014576179341608153,-0.00913018179105396
2020-04-14,0.032224019053610276,0.03225588209574659,0.02949265553853908
2020-04-15,-0.019460515282680335,-0.019446486456715206,-0.021248006061268088
2020-04-16,0.03675533444998025,0.03671423271746743,0.004824532504223766
2020-04-17,0.04489940725055197,0.04487408248371905,0.02701541437451538
2020-04-20,-0.004714017613104415,-0.004724076458425763,-0.01761792701018139
2020-04-21,-0.02856265805532554,-0.028535275796368165,-0.030363410362569065
2020-04-22,0.022273641269622058,0.0222662125842068,0.02219467451727386
2020-04-23,-0.006385340184585919,-0.0064231128628015055,-7.202978745535216e-05
2020-04-24,0.010089876750409399,0.010103969308089988,0.01393921622956995
2020-04-27,-0.01172201751027624,-0.011685411725840256,0.014418117628747007
2020-04-28,-0.0313641307769158,-0.031350172892576356,-0.004598357707802592
2020-04-29,-0.003493077223263641,-0.0034567712302179254,0.026178474524117146
2020-04-30,0.013183783007722383,0.013175006797101263,-0.009310530711402865
2020-05-01,-0.00461291879136938,-0.004613921028369994,-0.026473717709630695
2020-05-04,0.02789535408684518,0.027888643625463727,0.0027585248316790434
2020-05-05,0.017152694482852615,0.017084342899738036,0.009239093535952758
2020-05-06,-0.02431669219588295,-0.024295207743244895,-0.0067785306887658825
2020-05-07,0.006203281838767616,0.006196122988766373,0.012066759479465672
2020-05-08,0.0030598542343331925,0.0030564204767240533,0.016545855730214942
2020-05-11,0.029952683124236934,0.02996438732776352,0.00020560472548569741
2020-05-12,-0.025307170059188033,-0.025294858982822688,-0.019931801630628243
2020-05-13,0.008151559165947564,0.00810586165608651,-0.017685689496996115
2020-05-14,-0.006217133067533465,-0.006207230045688572,0.011967268280660415
2020-05-15,0.012287710389823125,0.012288854551536277,0.00459691086653069
2020-05-18,-0.018825216226301844,-0.01881335864010847,0.030459762478702856
2020-05-19,-0.01373446807835288,-0.013750262348311781,-0.010271667061036216
2020-05-20,0.02484781258532598,0.02543744508669943,0.016988668849524435
2020-05-21,-0.022940659050457834,-0.022960310060177958,-0.006904290715352146
2020-05-22,0.008634970947686949,0.008624952450063894,0.0018991757640551832
2020-05-26,-0.03954169314916156,-0.03954914193988557,0.012320564624969776
2020-05-27,0.014064916302645614,0.014104138049021664,0.014879188592889836
2020-05-28,0.025523190173095678,0.025444319130029536,-0.0018452723826944961
2020-05-29,0.030171945697847535,0.030105682374213183,0.004455959895920403
2020-06-01,-0.00922613618462409,-0.009199019408225095,0.004041693629930343
2020-06-02,0.006121458438236749,0.006071573008558762,0.00827995513085944
2020-06-03,-0.022204451295513516,-0.022210595648114007,0.013308505317488617
2020-06-04,-0.018702674060622093,-0.018710863743072625,-0.0026265506498130975
2020-06-05,-0.009269415504723932,-0.009276027935606002,0.025629317200602797
2020-06-08,0.01468101417071721,0.014704007506265437,0.012087458431207176
2020-06-09,0.004824352728149295,0.004818408857849343,-0.007456434446094562
2020-06-10,0.00940106827878795,0.009436911699342465,-0.005580172331298816
2020-06-11,-0.020640703745045674,-0.020640979992763153,-0.05764920517903449
2020-06-12,-1.95509370113367e-05,-2.004036915415064e-06,0.011976033946470288
2020-06-15,0.010368055745056948,0.010389744848881888,0.009335495415337514
2020-06-16,0.007057086091374565,0.007048254244546026,0.01924768189870063
2020-06-17,0.017359100305901265,0.017363350522470844,-0.00415368916451031
2020-06-18,0.003931150444395071,0.003965366426478711,0.0003851007032451559
2020-06-19,0.05048719636402077,0.050400328120528304,-0.005715104573400076
2020-06-22,-0.0034733875254859825,-0.0034437254961251496,0.006415295272893307
2020-06-23,-0.002772170720356293,-0.002769519117376107,0.004603532476432859
2020-06-24,-0.023279694242198445,-0.023250923337619134,-0.025508729402108243
2020-06-25,0.015463398146684515,0.015439809844240981,0.010720647348679169
2020-06-26,-0.01585510591346806,-0.015837609034994093,-0.02375143458911355
2020-06-29,-0.0014179908407178088,-0.0014304962023610202,0.014697573691864418
2020-06-30,0.015581392787291426,0.015568194211833752,0.012809467195298962
2020-07-01,-0.005517807501605243,-0.0054605147419957145,0.007004819988407851
2020-07-02,0.01849326794148376,0.018473894190666362,0.005507103731598795
2020-07-06,0.005839678203993115,0.005835476944245688,0.015437067944463756
2020-07-07,0.015918599094694397,0.01590386051703363,-0.010313855204298727
2020-07-08,-0.000492514092108709,-0.00048608288247875553,0.007648858467744546
2020-07-09,0.005852889132271333,0.005875572217699965,-0.005693045614445724
2020-07-10,-0.011023294062399214,-0.01096418049461978,0.010210502723494663
2020-07-13,-0.026770665076195632,-0.026811226306909353,-0.008658769402027366
2020-07-14,0.030742157978124185,0.030720362805693346,0.012959151297302629
2020-07-15,-0.004711313557621222,-0.00469906274835219,0.00918702782837344
2020-07-16,-0.006706944002484616,-0.006710086426531925,-0.0032933694760687304
2020-07-17,0.012915531162985383,0.012894093206479607,0.002898818776914336
2020-07-20,0.02554414732992205,0.025541159099589983,0.008081604743493731
2020-07-21,-0.02266790745298819,-0.022641947789383776,0.002127915871626085
2020-07-22,-0.0011038115783356117,-0.0010950985379326594,0.005691899055724869
2020-07-23,-0.016346725280257157,-0.016348854626420883,-0.011931927671168685
2020-07-24,-0.01216932113560032,-0.012100118091969647,-0.006440254832891235
2020-07-27,0.02453473795579275,0.024931775455539817,0.007292431816570133
2020-07-28,-0.011665945345974982,-0.011671752041549466,-0.006342468204663887
2020-07-29,0.017454720340306817,0.0175175662408793,0.012298681890286378
2020-07-30,0.010767990423655505,0.010791784017366135,-0.003567704488292023
2020-07-31,0.005153085665555057,0.005175789409126219,0.007902156008822603
2020-08-03,0.012836380035837092,0.012814742268866253,0.006951998045748864
2020-08-04,0.02934989544344213,0.02944024010503088,0.0038626236074412734
2020-08-05,-0.016079873512176657,-0.016027043319881695,0.006211131361955724
2020-08-06,0.001499300698759809,0.0015199467066051575,0.0066843397954086115
2020-08-07,-0.006525223995330065,-0.006541527100907274,0.0007179109695008012
2020-08-10,-0.018370268981032334,-0.01836127589832548,0.002988934626810602
2020-08-11,-0.03659742989073733,-0.036173111296005644,-0.008254721767575468
2020-08-12,0.0280603517242215,0.028071335182673574,0.013942490346746439
2020-08-13,0.001515885984312515,0.0015298737832922793,-0.0018077211608321653
2020-08-14,0.005852331877256978,0.00586208979575642,2.978545203569105e-05
2020-08-17,0.00855649548706472,0.008545001539894237,0.0031762970093140996
2020-08-18,0.0009620412481656793,0.0009732188067452796,0.002160605429621043
2020-08-19,-0.0008568117644989215,-0.0009051959764074802,-0.004163763310597979
2020-08-20,0.0008071171252297393,0.0008595681770680041,0.0031136162070781737
2020-08-21,-0.0047941404970224255,-0.004761424440820616,0.003547345304731664
2020-08-24,-0.0039037726557964447,-0.0038696885432283334,0.010133234849614592
2020-08-25,0.008922200040584638,0.008885064279389399,0.0034993464276431574
2020-08-26,0.002794725714451385,0.003290133803341533,0.010025272669016427
2020-08-27,-0.005528406162894628,-0.005554762478492403,0.002186768725431776
2020-08-28,-0.0027897706041667414,-0.002752315314856424,0.006459299204947921
2020-08-31,0.01779419341317312,0.017761562321935154,-0.0036223561736882237
2020-09-01,-0.006424497159794318,-0.006337791822289662,0.009418680192174067
2020-09-02,0.010203011107022819,0.0101626077121173,0.014463789649124648
2020-09-03,-0.045830085529472764,-0.04580254376886461,-0.03441424403026827
2020-09-04,-0.005847405420827734,-0.005150078373627243,-0.00816468449578478
2020-09-08,-0.0289832204266679,-0.028427708897626136,-0.02732321673380711
2020-09-09,0.015894922781145127,0.015903654458739647,0.0197476482788439
2020-09-10,-0.01701171969404447,-0.017019743020461164,-0.01736372097752492
2020-09-11,0.005170889514752419,0.005171468048328132,0.0005092193273708023
2020-09-14,0.02345307691906484,0.023442324480357213,0.013171208607333673
2020-09-15,-0.0017291829747007048,-0.0017307817766606393,0.0050521954519346934
2020-09-16,0.011125189213253117,0.011120117374691096,-0.003968762027310002
2020-09-17,-0.011231507722294976,-0.011231938357458504,-0.008795010686259985
2020-09-18,-0.009941332355783095,-0.009408304591276062,-0.011512776702263694
2020-09-21,-0.029520170577628457,-0.029487212096144355,-0.011129301640450007
2020-09-22,3.291803184057862e-05,3.5402913257431834e-05,0.01018410154046201
2020-09-23,-0.02292395087903354,-0.022905718736868752,-0.023190888134050125
2020-09-24,0.0018210377135108313,0.002415449546249393,0.002664981764267882
2020-09-25,0.015299361359326191,0.015284212571929912,0.016167604097701016
2020-09-28,0.01702283227431134,0.017003474681957176,0.01660881375940293
2020-09-29,-5.781937472915111e-06,-2.921614266071515e-07,-0.005445657582880847
2020-09-30,0.0019843938986212617,0.001978404795196953,0.007582001464812249
2020-10-01,0.013896705360446182,0.013884514329598252,0.006419932786187799
2020-10-02,0.004137954086574913,0.0041270512055318065,-0.009494398794594017
2020-10-05,0.028227224800964512,0.028198412034749598,0.017733066386504737
2020-10-06,-0.011641231294083454,-0.011626755511940812,-0.014215865581074905
2020-10-07,0.029808866275256474,0.029780237829344358,0.01740654312939216
2020-10-08,0.009918811589571419,0.009905676399293739,0.008862617198674316
2020-10-09,-0.007954882329370583,-0.007948147965892494,0.008930095930531845
2020-10-12,0.0048686287617702995,0.004863430233484012,0.016087624129604627
2020-10-13,-0.0036732078467940354,-0.0036674290630028805,-0.006526381173558193
2020-10-14,-0.0010216897518985357,-0.0010201796538780172,-0.006283289726677688
2020-10-15,0.003745105491981038,0.003743749935421814,-0.0012358265106896527
2020-10-16,0.002109913651971551,0.0021065873143351066,-0.0006043475507833129
2020-10-19,-0.01159841368669956,-0.011585322897745276,-0.015203287230198925
2020-10-20,0.0036380945714054036,0.0036367070199372353,0.004005682488809281
2020-10-21,-0.017226612669442365,-0.01720646773575496,-0.0018929013309282317
2020-10-22,0.01007749014614201,0.01005955556356497,0.0054853816480975315
2020-10-23,0.015830361947350546,0.01581730485442856,0.003395041754625794
2020-10-26,-0.022013158985248027,-0.02198848978526835,-0.018479935366158218
2020-10-27,-0.012698712549198299,-0.0126887746283737,-0.003447552059625214
2020-10-28,-0.03799257942812584,-0.0379615753410546,-0.03417851955399909
2020-10-29,0.022597401787966875,0.02316021318924988,0.010163277320645037
2020-10-30,-0.013337251116379845,-0.01332146489895314,-0.010424715690027897
2020-11-02,0.02499163657034953,0.02546956950693846,0.011208276120075134
2020-11-03,0.027377726069855113,0.027381642883139712,0.017655987224070024
2020-11-04,-0.018628760062490146,-0.018523202422654816,0.02234947128117759
2020-11-05,0.02487801851517224,0.024851212025502,0.01950261009833909
2020-11-06,0.0022713592242933345,0.0022858571851265275,-0.00022862441977100634
2020-11-09,0.030161099050128648,0.03013766093216197,0.012565690217154035
2020-11-10,0.0007935179075706511,0.0007201614203140583,-0.001466646210516953
2020-11-11,-0.004502712594960601,-0.004454178002271436,0.00742886280678845
2020-11-12,-0.013240063463979324,-0.013240800405221353,-0.009700932595727352
2020-11-13,0.024117154972281618,0.024082193194024715,0.013844186020804505
2020-11-16,0.02804104540437158,0.02799467150020618,0.0124826866766643
2020-11-17,-0.0018446678872000577,-0.0018509774342921892,-0.00537823454497921
2020-11-18,-0.01652358794661779,-0.016517691500607556,-0.012034864175274329
2020-11-19,-0.0028670689758555357,-0.0028541968150100905,0.0042100426028597315
2020-11-20,-0.010381699166427838,-0.010368429935971202,-0.006847549676456288
2020-11-23,0.02106013643786042,0.021000628805106114,0.005994388426275865
2020-11-24,0.025869797495538416,0.025788063164444486,0.016113854627079593
2020-11-25,-0.013784187573324669,-0.013761365195270936,-0.001541813621014465
2020-11-27,-0.0007583384635072576,-0.0007202574634723735,0.0027849330777587333
2020-11-30,-0.012517976753792182,-0.012491172379913373,-0.004427104491875999
2020-12-01,0.018145036601649345,0.018120379144328957,0.010937581250257455
2020-12-02,0.002485249836658987,0.002454317040880616,0.002103516060226296
2020-12-03,-0.0014892900087671856,-0.0015015297774455538,-0.000272705359855574
2020-12-04,0.014766157786178624,0.014759169396091787,0.008617421755840793
2020-12-07,0.0010228088536405888,0.001016064597576749,-0.0020548053665061516
2020-12-08,0.0068193330601398205,0.006832981215628253,0.002926291467487685
2020-12-09,-0.0004861844461407916,-0.0004946080596264224,-0.008969038760209602
2020-12-10,-0.004715364307053549,-0.00473473430412974,-0.0003269584699606698
2020-12-11,-0.009780640672922836,-0.009792414853068365,-0.0011724730926674365
2020-12-14,-0.014508573364602206,-0.014052938548112848,-0.004477158263714531
2020-12-15,0.016317234740597986,0.016339110425166004,0.01351928267608371
2020-12-16,0.0031235769668416236,0.0031047269563855284,0.0015694040517126862
2020-12-17,0.002507478639592664,0.002509836050370362,0.0055919284014345205
2020-12-18,-0.022531520608702227,-0.02248495624398339,-0.003992912313974473
2020-12-21,0.0031785085701712124,0.0031319138408441027,-0.003575274426252384
2020-12-22,-0.005129731547191763,-0.005120711561187652,-0.0016853631179638562
2020-12-23,0.0021614462692525205,0.002192465872442595,0.0008985176567017916
2020-12-24,0.0009823960694792522,0.0009826529555232444,0.0038904098734411363
2020-12-28,-0.00034024708312530016,-0.0002734760176570372,0.008590700003830554
2020-12-29,-0.008583290097557539,-0.007984676915073097,-0.001907706118178032
2020-12-30,0.013066617500738564,0.013077658399718972,0.00142670674395462
2020-12-31,0.006552329440840721,0.006534545311984941,0.00508117542658959
2021-01-04,0.0,0.0,0.0
2021-01-05,0.0005027234983943085,0.0008027234983942755,0.007263840493520357
2021-01-06,0.011108950903022219,0.011105620890830448,0.005978739282975543
2021-01-07,0.0033570977421539805,0.0033561024737034373,0.014857398591648252
2021-01-08,-0.003893379503315142,-0.003892229105910472,0.005697673903205525
2021-01-11,0.0020153764398160856,0.0020147786190398698,-0.006740521258104981
2021-01-12,0.004754026206373885,0.004752618855875079,0.0002108989148625895
2021-01-13,-0.007946525253498593,-0.007944183944032512,0.002693091437587114
2021-01-14,0.00018343767254624943,0.0001833831929378693,-0.0035021994367678833
2021-01-15,-0.0026899923881621435,-0.0026891936271443706,-0.007292538691798689
2021-01-19,-0.0017164147328694312,-0.0017159036897808067,0.007851771105696459
2021-01-20,0.0021492541906131812,0.0021486131745458437,0.013839013097133979
2021-01-21,0.00036763965824215816,0.0003675302446297657,0.0009118153381688643
2021-01-22,0.0035525706740404672,0.0035515137783115325,-0.0035398409172407996
2021-01-25,-0.00341794003438578,-0.003416926790048902,0.003943782299774989
2021-01-26,-0.006001919237431541,-0.006000133875021074,-0.0015606874087463751
2021-01-27,-0.013431779880793138,-0.013427760274850042,-0.024440685049319066
2021-01-28,-0.027946121571555405,-0.027048032554030765,0.008600241997579916
2021-01-29,-0.019087210734978988,-0.01906812513851075,-0.020019576876670553
2021-02-01,0.013517599971573535,0.01350439749615684,0.01664561525715702
2021-02-02,-0.000633486291705676,-0.0006360258405440078,0.014140216066375721
2021-02-03,0.020964608884876723,0.020942915870821865,0.0007862383335790479
2021-02-04,0.00801221130340557,0.008001922659602645,0.011365743471086764
2021-02-05,0.019201883431383848,0.019182073991736104,0.003935830596076828
2021-02-08,0.01283095801533074,0.012818218377022017,0.007221973890623401
2021-02-09,0.006134761491258356,0.006129461049781071,-0.0006658564794110866
2021-02-10,0.006631997153782709,0.006624819151330286,-0.00043572922210732834
2021-02-11,0.005858696447609502,0.005853779850388152,0.0016153757076717845
2021-02-12,0.0011510015087119463,0.001151491454949527,0.004939589201850225
2021-02-16,0.0025710958785514215,0.0025675630927919357,-0.0008659020704113729
2021-02-17,0.0087435031640819,0.008736864847041614,0.00022936602340872803
2021-02-18,0.0002472740854975175,0.0002482456840808833,-0.004255859037820553
2021-02-19,0.013248213217937677,0.013234485600879475,-0.0017659490913861653
2021-02-22,0.019139835348809475,0.019121428117961248,-0.007691607850319415
2021-02-23,-0.013723657278249202,-0.013712053036961436,0.0012140343081108451
2021-02-24,0.014497638911681765,0.01448393538092585,0.011019343007416138
2021-02-25,-0.011758046019187507,-0.011749827636199472,-0.02409566512161443
2021-02-26,0.0051537831530776845,0.005150064820923506,-0.005152474997699108
2021-03-01,0.0022357879596337504,0.002772188388903807,0.024240099608968668
2021-03-02,0.007237703444146648,0.007227043958224488,-0.007803333136561452
2021-03-03,0.0101073361543631,0.01009370864000747,-0.0132457545276089
2021-03-04,-0.014939283932717928,-0.014920141704596546,-0.012374798212103966
2021-03-05,0.019606228900164613,0.019578457217804157,0.01839651087988492
2021-03-08,0.04496950547103529,0.044906794257993043,-0.0049784486516053494
2021-03-09,-0.011584418122958628,-0.011566843229422252,0.014277267854460929
2021-03-10,0.009721683746753307,0.009711708360711446,0.006224730408761703
2021-03-11,0.021464873393723716,0.02143539708282205,0.010138971182605427
2021-03-12,0.02993418507782808,0.029897138403809365,0.0013468616165202008
2021-03-15,0.01154756839270843,0.011532546937763621,0.005963553968804769
2021-03-16,-0.003791626523315994,-0.003781633898103598,-0.0012612751138161293
2021-03-17,-0.00577440799458151,-0.00576911943847036,0.0034101179231544876
2021-03-18,0.00024485541708707537,0.0002403949710261255,-0.014549719642337311
2021-03-19,-0.0020009996140768482,-0.0019992713186792743,-0.0018503857186512596
2021-03-22,0.008773012898286359,0.008765767545911629,0.007984916517992824
2021-03-23,-0.04837757758337646,-0.04831799902185785,-0.007870719803094284
2021-03-24,-0.07355351067704541,-0.07346272772199924,-0.005083693985145743
2021-03-25,0.003012798481593082,0.0030102298259220284,0.005625509791168382
2021-03-26,-0.04800045935139763,-0.04793214684706604,0.01611520510962028
2021-03-29,-0.02562068568305098,-0.025041296721766138,-0.0005050677201268172
2021-03-30,0.017879244271411743,0.0178498783577814,-0.0026529869357009295
2021-03-31,0.0022571853607138426,0.002250239650767316,0.004053336989545242
2021-04-01,0.003021964823754608,0.0030151104887126134,0.01079898770728227
2021-04-05,0.016794970610877202,0.01676372207497323,0.014353000912468827
2021-04-06,0.0021467412762850024,0.0021432037981594654,-0.0005904381348361687
2021-04-07,0.0020244636281070427,0.0020200964649637054,0.0011571532122607309
2021-04-08,0.0036996724021955973,0.0036910776565968195,0.004746921580444985
2021-04-09,0.012589212873018507,0.012564885331227904,0.007270308611095455
2021-04-12,0.0035323652067276168,0.003526404651074566,0.00036440318762598345
2021-04-13,-0.004964313069542592,-0.004959502706789021,0.002963706265906252
2021-04-14,0.004409838871674898,0.004403232973150706,-0.003415264904160109
2021-04-15,0.010072226154600683,0.01005346127439588,0.010742401381259592
2021-04-16,0.00830132821968177,0.008289804102399323,0.003342692028694305
2021-04-19,-0.008402697841633833,-0.008386090104914423,-0.004913119828336532
2021-04-20,-0.014350433226958836,-0.014325762442314982,-0.0073217139981323065
2021-04-21,0.01714743393650542,0.017118902808130887,0.009462360108296153
2021-04-22,-0.009371179619782621,-0.009369088265673065,-0.009133401844107936
2021-04-23,0.027747253366455338,0.027701566834517743,0.010842672320402036
2021-04-26,0.012041950792844647,0.012027386990159927,0.002087401351984264
2021-04-27,0.010824369569174541,0.010803015938551264,-0.00021523336345175004
2021-04-28,-0.0014793991195322098,-0.001479407745650474,-0.00028764262280056574
2021-04-29,0.012289182957765377,0.012272335454407202,0.006372995324324782
2021-04-30,-0.01095540082343649,-0.010936514345233683,-0.006570694776350083
2021-05-03,0.010669735855416862,0.010662348302379332,0.0021568442127644083
2021-05-04,-0.004719843458184325,-0.00470005316716704,-0.006169431801958725
2021-05-05,0.00817543970766299,0.008169319923438945,0.00031297818855713366
2021-05-06,0.003812237965184151,0.003818936829491193,0.007985753323809686
2021-05-07,0.022638054835262045,0.022602542396857217,0.007277860569789407
2021-05-10,-0.009457907167427893,-0.009429897062247727,-0.009902623861569038
2021-05-11,-0.008885021089553469,-0.008867074422826415,-0.008924620863319688
2021-05-12,-0.03457692972562887,-0.03453475402371087,-0.021245312338954547
2021-05-13,0.022134912231563053,0.022710944770393482,0.012012699945362248
2021-05-14,0.04526946808900245,0.04517303620527802,0.015355355231965184
2021-05-17,0.026477360881278056,0.026426690062686164,-0.0025446452045313483
2021-05-18,-0.015884428074987578,-0.015849930530794087,-0.008615570162786246
2021-05-19,-0.01772800953195619,-0.017691608744113463,-0.002621857416333584
2021-05-20,-0.010494290676473117,-0.01046505682648824,0.01075798678127704
2021-05-21,-0.008511160495403791,-0.008485990768058782,-0.0008187903933760676
2021-05-24,0.022001104266633265,0.021962177458350274,0.010194355752125794
2021-05-25,-0.02099518340301154,-0.020959209987846172,-0.0022186729861383148
2021-05-26,0.01851730789245809,0.018479222600547685,0.0019846702362358304
2021-05-27,0.003651254603105558,0.0036422954013781705,0.0005248848963783637
2021-05-28,0.0005966212007686433,0.0006002743121975573,0.001788669452209124
2021-06-01,0.02601899900858129,0.02598579235352627,-0.0008809713013512299
2021-06-02,-0.01976416829574079,-0.019723600812618258,0.001572716829588039
2021-06-03,-0.0009055312365627843,-0.0009027429418863031,-0.003711230760408135
2021-06-04,0.011556554695259846,0.011539334203289231,0.009145641655499137
2021-06-07,-0.001188963679472188,-0.001191649590823629,-0.0009702075941184773
2021-06-08,0.013860848997873765,0.013834478826355356,0.00021336515271785927
2021-06-09,-0.00910784788849861,-0.009088328157050851,-0.0014919931644392648
2021-06-10,-0.010258413238944497,-0.010236070881710413,0.004648250980785473
2021-06-11,0.006542507962056909,0.0065242339064173205,0.0016525140369889613
2021-06-14,-0.01969702482338509,-0.019662690157372542,0.0022388539098872062
2021-06-15,-0.005402485358427467,-0.005398748779852469,-0.001834142291169627
2021-06-16,-0.010766681191504257,-0.010749963106908234,-0.005583327260126558
2021-06-17,-0.027311026249010495,-0.027261656248397603,-0.00033158392084065014
2021-06-18,-0.02488188709636785,-0.02421926338920921,-0.013490338228166254
2021-06-21,0.010627773338969693,0.01146859569217007,0.014316035145870876
2021-06-22,0.009339188547998756,0.009361246340532148,0.0053461357899979856
2021-06-23,0.009335396534173812,0.009348813051371252,-0.0012052395544164263
2021-06-24,0.002041872129993072,0.002012672754151401,0.005915503387092791
2021-06-25,-0.0030045328396276494,-0.0030093427420387897,0.003552053484238815
2021-06-28,0.013975233064784653,0.014021321074772164,0.0020158852339571265
2021-06-29,0.0007158466916827866,0.0007198572187887553,0.0005383154646545485
2021-06-30,0.006864100585565858,0.006842995322009049,0.0008417081302440899
2021-07-01,-0.005606525381264382,-0.0055975792005614755,0.005536470299454255
2021-07-02,0.005354098013423236,0.005353221594312396,0.0076435279410072
2021-07-06,0.008689910715386162,0.008737564966899702,-0.0018214823523000634
2021-07-07,-0.0027075191073467897,-0.0026650010288751247,0.00353385610924839
2021-07-08,-0.01626080135402186,-0.016249099581996607,-0.008147715015089818
2021-07-09,0.020626502119465373,0.020615833780906145,0.010674565188096619
2021-07-12,0.01197656889914267,0.011993129864658947,0.003582062181022083
2021-07-13,-0.010806115841930697,-0.010788464637213169,-0.0034090862284404944
2021-07-14,-0.010839473107293718,-0.010844006764417546,0.001492260953441793
2021-07-15,-0.025708873202221594,-0.02567636622286551,-0.0034155007412670635
2021-07-16,-0.016749222693947186,-0.016101448635601034,-0.007843370216515821
2021-07-19,-0.004022337156224576,-0.0033779797313956417,-0.014767986923154508
2021-07-20,0.006493999606688394,0.00650721697627632,0.014330404990878565
2021-07-21,0.010621021960371513,0.010626772298214071,0.008096174823552404
2021-07-22,-0.0010697667759238527,-0.0010747091072663695,0.0020943007044604833
2021-07-23,0.01085100688865226,0.010864319119192833,0.010287704846807078
2021-07-26,-0.005770075299207478,-0.005772406193424562,0.002455094289028237
2021-07-27,-4.4242000537542125e-06,-3.2178274377403504e-05,-0.004557784059542214
2021-07-28,0.001181352207681563,0.0011623568531811124,-0.00041001189548972583
2021-07-29,-0.013165693004618118,-0.013231237403844243,0.004147376305794204
2021-07-30,-0.0024883900015369997,-0.0019372906398111844,-0.004856295259186072
2021-08-02,-0.0034233181439321525,-0.0034561333852041187,-0.002098229444887023
2021-08-03,0.009574304881199591,0.009579788792779542,0.008135738363774347
2021-08-04,0.005455618799526718,0.00544729619550588,-0.004919276175308518
2021-08-05,0.007905690842484603,0.007886543403216706,0.006332913972587173
2021-08-06,-0.0011819319438339804,-0.001147259163854053,0.0016525119114676468
2021-08-09,0.0010746081631569648,0.0010835812850467086,-0.0008132787695330768
2021-08-10,-0.0018739676330281618,-0.0018687591046017138,0.0012437879086935055
2021-08-11,-0.003231008162638438,-0.003229606654203354,0.002484929302334349
2021-08-12,0.008919595557655757,0.008929984239447686,0.002996784370488559
2021-08-13,0.0032278785379002972,0.003209361041916603,0.0018201725953972403
2021-08-16,0.0026718865019497162,0.0026818190536155306,0.0023544158547013083
2021-08-17,-0.013068515839219974,-0.01307847357028602,-0.006555187973096399
2021-08-18,-0.011731471984909092,-0.011706306197370009,-0.010945064584911401
2021-08-19,0.016738196513035986,0.01671322256395369,0.0015482596705671536
2021-08-20,0.0181789308568443,0.018153504631533757,0.007957122061817978
2021-08-23,0.015592950967096009,0.015570495973351584,0.00879672556769262
2021-08-24,-0.0027394806972826924,-0.0027260417315941865,0.0015872541907666626
2021-08-25,0.011260634215435994,0.011248111476860556,0.002098419820750985
2021-08-26,-0.0008373329016583275,-0.0008258339910833801,-0.0059031282343174896
2021-08-27,0.011692816876076373,0.011685452335838953,0.00894090402343628
2021-08-30,0.007738943046514457,0.007747676581037588,0.004397467108962605
2021-08-31,-0.0021092133572884197,-0.00210982063498677,-0.0014812880351373625
2021-09-01,0.005433244618471278,0.005430731808536704,0.0005314161853522403
2021-09-02,0.013729188764912914,0.013751046319133264,0.0030764616235630093
2021-09-03,0.005553419945310223,0.005550922653098755,-0.00024290343494204336
2021-09-07,-0.010277992563992422,-0.010281167058542873,-0.0035753698350161622
2021-09-08,0.004979968175872873,0.004988179586365993,-0.0012181561751476444
2021-09-09,-0.0008340804157414006,-0.0008229692308902026,-0.004280397855445428
2021-09-10,-0.004807125743043095,-0.004818014134781445,-0.007884654206780861
2021-09-13,-0.01665834305847791,-0.016688256107823873,0.0025594782926405824
2021-09-14,0.004982886014623933,0.004986042779118183,-0.005396438573365359
2021-09-15,0.0025566220571502374,0.002567371385387096,0.008352513676311624
2021-09-16,-0.0020404983595554427,-0.0020318590010938165,-0.001585276449892814
2021-09-17,-0.016201254144537658,-0.016194846553385878,-0.009740946114425886
2021-09-20,-0.018075726786781376,-0.01807227191484495,-0.01667434948370894
2021-09-21,0.0008673409353534556,0.0008786059191905338,-0.0009447129788767716
2021-09-22,0.016477308910193722,0.016476235797741934,0.009755012194987867
2021-09-23,0.014949476439351406,0.014954045120757486,0.012149979332359617
2021-09-24,-0.007982193235095525,-0.007975751147273447,0.0016473311100926313
2021-09-27,-0.020418981585929585,-0.02041636421958315,-0.002861017287015377
2021-09-28,-0.03381172843697455,-0.03322563737886308,-0.02015188381978017
2021-09-29,-0.001563559677307258,-0.000369677939509927,0.0016832615568036502
2021-09-30,-0.010377702135624167,-0.009194571695533171,-0.012222361496838974
2021-10-01,0.022334041225180234,0.02233599553108645,0.011884327280136997
2021-10-04,0.018586266260133266,0.018590246744011107,-0.012896261105424633
2021-10-05,0.014654999481851227,0.014663282708304859,0.010404922601927158
2021-10-06,-0.004139885558267609,-0.004155631730979659,0.00415598007600626
2021-10-07,0.0018837365719943655,0.0018718809538993408,0.008645708705106392
2021-10-08,0.028402655410680433,0.028407981508062674,-0.001823632558234256
2021-10-11,-0.004923811257494748,-0.00493724229757031,-0.00723974738606703
2021-10-12,-0.005373112505542177,-0.005373382156676154,-0.0024614980437046574
2021-10-13,-0.005811339943286975,-0.005804250932827104,0.003597630083474357
2021-10-14,0.01315099106063844,0.013156230059602203,0.01682082847824895
2021-10-15,0.002638140836609404,0.0026457194299813747,0.007615542520026386
2021-10-18,0.006531387045332959,0.006531256666837182,0.0029603325103315647
2021-10-19,0.006538635968848627,0.006529872572962558,0.007715093650185745
2021-10-20,0.00791060237647323,0.007918271619614448,0.003927606348205215
2021-10-21,-0.010558331908405494,-0.010567273804981792,0.0026083527292575237
2021-10-22,0.013262992819929709,0.013271770484074574,-0.0010362100192337076
2021-10-25,0.0014025478191663776,0.0014095150627972952,0.005362773549228761
2021-10-26,0.00843264410035438,0.00843163727409113,0.0009000342437031073
2021-10-27,-0.02348858536361076,-0.02349531703612895,-0.004430217649496471
2021-10-28,0.006965932408252495,0.006971838341648606,0.009648910449911119
2021-10-29,-0.009136300651515827,-0.009132760609131152,0.002029176197748228
2021-11-01,0.01883913443211327,0.018833504921479394,0.0017200600493494367
2021-11-02,0.0012506902260172037,0.0012260413592821706,0.004043179448625089
2021-11-03,-0.0022588790129235425,-0.0022471898610384455,0.006105265031711049
2021-11-04,0.0017899920657564738,0.0017932584126927331,0.004712578357497943
2021-11-05,0.014572383367629449,0.014589980760502552,0.0034695671947455597
2021-11-08,0.0070763209003794625,0.0070735730708317845,0.0008537203550846861
2021-11-09,0.0010532187259333359,0.001060426937436354,-0.0033053010479855427
2021-11-10,-0.02410447943223959,-0.024103156764755274,-0.008044953669156585
2021-11-11,0.0051323620649090795,0.00512129374144199,0.0003237379971499088
2021-11-12,-0.0015304068534340853,-0.0015356595254464311,0.007546493606379379
2021-11-15,0.010517011787807506,0.01051599273758863,0.00034250678938541057
2021-11-16,-0.003531578984469541,-0.003522563824259639,0.003957897188071158
2021-11-17,-0.015382983712446618,-0.01538001722380411,-0.0024292040132970483
2021-11-18,0.005257052477280588,0.005269017178956226,0.003396398451554594
2021-11-19,-0.039138627231889656,-0.0386227608289873,-0.0017881701531110572
2021-11-22,-0.010763799846762678,-0.009592243062750194,-0.002815273861006551
2021-11-23,0.020793060948847364,0.020796900971141508,0.001325952030557298
2021-11-24,0.01169624707611372,0.011708231076175135,0.0026699268984593516
2021-11-26,-0.0318142446832691,-0.031817531597832405,-0.022303137197962175
2021-11-29,0.026726739696973922,0.02673409574621033,0.01226665407884786
2021-11-30,-0.03173297127053887,-0.03174313656476391,-0.01945774783697074
2021-12-01,-0.004770231892814558,-0.004767513886901775,-0.011107221187110827
2021-12-02,0.007557334024309803,0.0075405732458389,0.01531637869389968
2021-12-03,-0.012066454956652928,-0.012073674980633275,-0.008701426575988491
2021-12-06,0.008295386203713617,0.008294343727524245,0.011843417699721082
2021-12-07,0.05217799934701439,0.052161551703071796,0.02068474258430708
2021-12-08,-0.0044022257190199365,-0.00439418326280705,0.0026479531544385537
2021-12-09,-0.018225075589427653,-0.018226854497507383,-0.006751637248578635
2021-12-10,0.013013672244492902,0.013008324365143542,0.00941362464499318
2021-12-13,-0.022241250775044463,-0.022246481233171966,-0.008858385467373608
2021-12-14,-0.013823048319345443,-0.013835519806775887,-0.006879993554988806
2021-12-15,0.015725913780867407,0.01572279054258452,0.015624969192423288
2021-12-16,-0.0173172699154166,-0.01731935959590536,-0.008818311214292551
2021-12-17,-0.010150522324680389,-0.010150228992179988,-0.01064301806473067
2021-12-20,-0.015416148578471622,-0.015424729489445732,-0.010633355409267242
2021-12-21,0.04235475466629968,0.04292624871533013,0.017758823509654187
2021-12-22,0.011245337012814272,0.011241729680957047,0.009998795089018797
2021-12-23,0.00983443516604443,0.009847657480370087,0.006222071624005343
2021-12-27,0.01828643720498535,0.01828104467361369,0.014152304037380992
2021-12-28,-0.0030488927448187875,-0.003057176272757367,-0.0008172525028188327
2021-12-29,0.010039148606805881,0.010030970778273085,0.0012791776389848852
2021-12-30,-0.012425016471369621,-0.012426293504863795,-0.002764413050813319
2021-12-31,3.176469338206367e-05,2.7328245082447467e-05,-0.002520379669829431
2022-01-07,0.0,0.0,0.0
2022-01-10,0.0009258517543253575,0.0015258517543252914,0.004566194763311993
2022-01-11,0.004374950680946288,0.004372329709751321,0.009108359337260952
2022-01-12,0.003684952452395418,0.003682754459747306,0.0027035177708931712
2022-01-13,-0.00298325473961103,-0.0029814818233465656,-0.01377859103890422
2022-01-14,0.008579260940533961,0.008574147131131138,0.0004090452475156159
2022-01-18,0.0020975564997283147,0.002096316845699109,-0.017709580758721866
2022-01-19,-0.0045782554494062655,-0.004575555364733308,-0.010383589964794715
2022-01-20,-0.004871632217832489,-0.004868745903971239,-0.011067901810805636
2022-01-21,-0.005626036180566896,-0.005622686593928505,-0.019630868636643428
2022-01-24,0.0009284169005130405,0.0012246329659495458,0.004246878239750895
2022-01-25,0.007236058111298904,0.0072284878553392495,-0.01220891672208435
2022-01-26,-0.005453436305783876,-0.0051482220386762645,-0.0025088279326753726
2022-01-27,0.00909566996385669,0.009086466280376682,-0.004937995216556246
2022-01-28,0.0012915661724044458,0.001291249150215279,0.024835270076550175
2022-01-31,-0.0038420708368400724,-0.0038400030646820182,0.018011008304968934
2022-02-01,0.009243197372675649,0.00923523161016715,0.006757108821756175
2022-02-02,0.007829755733690158,0.007822846748513967,0.009714029631795906
2022-02-03,-0.003943307055513379,-0.003939688233081329,-0.02350487551527236
2022-02-04,0.0033085446587513,0.0033071512956623916,0.004702055938193839
2022-02-07,0.00758287513846434,0.007577964503442169,-0.003209187550262449
2022-02-08,-0.006840856050746913,-0.006836086271268749,0.008227814651573073
2022-02-09,0.00797568314439756,0.007971173665073161,0.014635993948788784
2022-02-10,-0.01072673816342562,-0.010717542632305399,-0.017965675675963744
2022-02-11,0.011396864596614487,0.011389573426453747,-0.01971838609556764
2022-02-14,-0.013638737618243524,-0.013630174028684716,-0.003269444929599463
2022-02-15,-0.005063099708809804,-0.0050566833044100035,0.0161268199792155
2022-02-16,0.008159159612621814,0.00815516971360064,0.0011209100340507927
2022-02-17,-0.0020543883443620015,-0.0020547436272445596,-0.021361538048795037
2022-02-18,-0.006350561945750344,-0.006347166517282843,-0.006474970000900138
2022-02-22,-0.008521575864101183,-0.008515212750105361,-0.010731759329984492
2022-02-23,-0.0010727588652075237,-0.0010705488474211933,-0.017738581909533258
2022-02-24,-0.010458535239471378,-0.010450078992350842,0.015049062778827116
2022-02-25,0.02461045637009107,0.025176481594876954,0.022064049375030814
2022-02-28,0.015781520654844394,0.015762385348921937,-0.002558438159106946
2022-03-01,-0.0035518058421171173,-0.003551392325481184,-0.015230198095190106
2022-03-02,0.014634718011579784,0.014621470601154263,0.01839610239405065
2022-03-03,0.007601646964180642,0.007598274827509632,-0.004978467208594517
2022-03-04,0.01868244032313937,0.01866486648119703,-0.008124740542385211
2022-03-07,0.022275147504947634,0.02225914453552824,-0.029479053618148177
2022-03-08,-0.011391700839679553,-0.010834549749344391,-0.007581794174490009
2022-03-09,-0.0254542988246369,-0.025419490530016575,0.026810872794151175
2022-03-10,0.05667379302179376,0.056604550363808404,-0.004515613552211306
2022-03-11,-0.0038177291515932854,-0.003806897746185811,-0.012715116705588891
2022-03-14,-0.016611417139985152,-0.016589116449976515,-0.007308392231885175
2022-03-15,-0.02493562505999336,-0.02490808108758913,0.021990688578889417
2022-03-16,-0.02858815508791157,-0.028558462850268862,0.022174168695649366
2022-03-17,0.03954368608984837,0.03948821324996454,0.012511025144981147
2022-03-18,0.011674258365061307,0.011660344744476747,0.010952641805038965
2022-03-21,0.03597110223498623,0.035924473767717124,-0.00029240235146898996
2022-03-22,-0.006224904889184479,-0.006214301184500726,0.011701265575344122
2022-03-23,0.025473255153098506,0.025441588015998606,-0.012878365243265688
2022-03-24,0.008149375552636728,0.008143498201171218,0.015074388504740632
2022-03-25,0.022412879709969635,0.02238235121553367,0.004883523798580258
2022-03-28,-0.03561174071103612,-0.03556963393657753,0.0071131866865845605
2022-03-29,-0.0167537750872353,-0.01673175607564259,0.012370732215050806
2022-03-30,0.012037769400154552,0.012024289666597188,-0.006174849668612592
2022-03-31,-0.00670701253967676,-0.006698722016871939,-0.015391215415467285
2022-04-01,-0.001912978038630997,-0.001913886192212555,0.0028340044070318537
2022-04-04,0.005501289111107033,0.005495516815430257,0.008566656759556146
2022-04-05,-0.015347643331005467,-0.015325847188687236,-0.012631314983389985
2022-04-06,-0.001949749893756736,-0.0019455176796778773,-0.009999122518356662
2022-04-07,0.016444347880661958,0.016421336149490928,0.005038878284455484
2022-04-08,0.033925579884168,0.03388308210805291,-0.002674231509648295
2022-04-11,-0.02381318555282086,-0.02377848577628472,-0.017092173752834672
2022-04-12,0.01245788719141605,0.012438935215569824,-0.0037051844141025025
2022-04-13,0.007291386256778276,0.007284800882986664,0.011453672102416768
2022-04-14,0.004708057145277111,0.004699714683246592,-0.012451878753066081
2022-04-18,0.013665123496175768,0.01364538688862349,0.00041113991484453827
2022-04-19,-0.015945189657389225,-0.015926503617370247,0.016142654654740074
2022-04-20,-0.016624895473016155,-0.016612277955543986,-0.0007414409095630736
2022-04-21,-0.04051146268147754,-0.04046669921660817,-0.014953597862132795
2022-04-22,-0.023111245099238342,-0.023079951490396655,-0.02743919741797818
2022-04-25,-0.0283969648589788,-0.027468715385109643,0.005797616816809015
2022-04-26,-0.006941896978497231,-0.006633794611436539,-0.028960703029004664
2022-04-27,0.009419268759824906,0.009392212289745627,0.002811752416221891
2022-04-28,0.012007213434478192,0.011983463651857429,0.02525944232571553
2022-04-29,-0.018622296173123054,-0.018589220323697475,-0.03695583506465949
2022-05-02,-0.004870933718215342,-0.004868823057325611,0.0060196541542922866
2022-05-03,0.016349882638485802,0.016312064131205783,0.004583955015679209
2022-05-04,0.016803124316957074,0.016769233384039017,0.030453080210406158
2022-05-05,-0.019782093475767204,-0.019746276538046392,-0.035542964270966704
2022-05-06,0.0038878510770528063,0.003878309347712827,-0.005968884754121717
2022-05-09,-0.05352553368050783,-0.05334941489151335,-0.03201735304586473
2022-05-10,0.008331955581856842,0.008969157525427818,0.0023106431067470012
2022-05-11,0.004716003322625895,0.0047223104752929235,-0.015886166883656405
2022-05-12,0.01256150143366308,0.012522353078447512,-0.0010438388378196661
2022-05-13,0.01801315099036027,0.018017773486466826,0.02390772101999583
2022-05-16,0.009529732398510404,0.009531137252438482,-0.004057595129336677
2022-05-17,0.004638451724410242,0.004640484070121742,0.02057033555154808
2022-05-18,-0.04741829704406353,-0.04739578358856256,-0.04031137164592191
2022-05-19,-0.020976872709040806,-0.0209595416959375,-0.0061247265776605
2022-05-20,-0.017284653251618654,-0.016072549843644035,0.0004366095528771652
2022-05-23,0.023827514427536833,0.023830166639672745,0.018709863552091477
2022-05-24,-0.00027532530368235,-0.00026547787168573755,-0.007633603994165683
2022-05-25,0.014078486728092088,0.014121158694067937,0.008834853633777007
2022-05-26,-0.005245587208717262,-0.005200420607278655,0.019981491670231888
2022-05-27,0.005525357381607865,0.005565678643525196,0.024549065301910034
2022-05-31,0.0058820057408306425,0.005850621963580105,-0.005610917384172742
2022-06-01,-0.013000001630468438,-0.012923863255530854,-0.008088612713119558
2022-06-02,0.007661075439279852,0.007630647121725342,0.01904379485621921
2022-06-03,-0.009907261121042898,-0.009854164465037285,-0.01641183099374688
2022-06-06,-0.0006634377655608814,-0.0006626536223788282,0.0030447692563260187
2022-06-07,0.002567503247637992,0.0026405878964335106,0.009592245726223192
2022-06-08,-0.01135878313593941,-0.011323466627248813,-0.010872143184489258
2022-06-09,-0.016681500785349357,-0.01604813875195621,-0.023783059889403213
2022-06-10,-0.015373506926035563,-0.015346700904836696,-0.028995451560883567
2022-06-13,-0.04684950200314586,-0.046935193687845156,-0.03796819538522267
2022-06-14,-0.013763678340973029,-0.013446936225370854,-0.003013344738324153
2022-06-15,-0.005497235479428819,-0.004931758780412854,0.014256296544701064
2022-06-16,-0.017606748824506857,-0.01767604584162752,-0.03309610344806069
2022-06-17,-0.021751114551462614,-0.021817443298725703,0.0021559293804276347
2022-06-21,0.008781816594892966,0.009329918310413632,0.025173557967893778
2022-06-22,0.0,0.0,-0.0018131285791348484
2022-06-23,0.0,0.0,0.009802696107800157
2022-06-24,0.0024655716644175207,0.0027655716644174877,0.03179377278044915
2022-06-27,-0.0016373228900642411,-0.0004417290312350719,-0.0038195747559410798
2022-06-28,-0.019097094409810333,-0.01909067188125957,-0.020432949158319613
2022-06-29,0.0019876028423611025,0.0019779524742220556,-0.0008142957228023384
2022-06-30,-0.010552027692887878,-0.010553395259571663,-0.008124306247192736
2022-07-01,0.005528162544503612,0.005522479566727245,0.010576448843111264
2022-07-05,0.005357211175982979,0.005353053949465947,0.001888758387074363
2022-07-06,0.002627624238454418,0.002623431229886286,0.00337731846321776
2022-07-07,-0.0019602512637701963,-0.0019594001988657572,0.014977006355389566
2022-07-08,0.0017878862108102744,0.0017865950378366247,-0.0008228064661619516
2022-07-11,-0.005475009434729783,-0.005474658112786468,-0.01142348478148858
2022-07-12,-0.007811456197803768,-0.007814103062669275,-0.008848764380838148
2022-07-13,-0.005073458426969157,-0.005075689822511165,-0.005251605978023877
2022-07-14,0.0038418940175728444,0.003839496809681764,-0.00242863876871513
2022-07-15,0.007399465324164689,0.007676080472659663,0.019105083939800593
2022-07-18,-0.019405259783314976,-0.019131534869100464,-0.00825689857045786
2022-07-19,0.010770200432311139,0.010773341845019768,0.027019088730410923
2022-07-20,-0.007003406618902086,-0.007010092110359967,0.006373310471702087
2022-07-21,0.007360132782657569,0.007951947702872442,0.010183094919505642
2022-07-22,-0.0009994003591781153,-0.0009978788409519268,-0.009278181980042599
2022-07-25,0.005028782433721624,0.005025861307954127,0.0012148683152017892
2022-07-26,0.005315191099396488,0.0053217915073136,-0.011830756638421591
2022-07-27,0.0030172858242603073,0.003008352700810235,0.02596626155387205
2022-07-28,0.013541321910280235,0.013542272854747628,0.012542395933048622
2022-07-29,0.005378998853443839,0.0053806890704513055,0.014578678983015791
2022-08-01,-0.007925657394630248,-0.007926166398964263,-0.0029613105659768157
2022-08-02,-0.005110730794405938,-0.005094887873227871,-0.00659721491084031
2022-08-03,-0.0008342135665406758,-0.000828285812105034,0.01565939754464063
2022-08-04,-0.00020216536181005829,0.000379701463277593,-0.0006753096752750709
2022-08-05,-0.016299851015353806,-0.016269589070152857,-0.0016903501671180488
2022-08-08,-0.0031692304167396657,-0.0025561946620903386,-0.0011609416545834694
2022-08-09,0.0026368295109677753,0.0026301082199298165,-0.0039707636884129816
2022-08-10,0.01790171014544062,0.017909783003991375,0.02100393645804144
2022-08-11,0.0016488014619908675,0.0016478112504618725,0.0
2022-08-12,0.02260761881799689,0.022612600916558367,0.01692884587025789
2022-08-15,0.005029599353984393,0.005029217155251953,0.004120838742911692
2022-08-16,0.0008752880043265687,0.0008712371640120509,0.00195853342608876
2022-08-17,-0.009281984275647637,-0.009286240413267866,-0.0070979265555152216
2022-08-18,0.0048318049614208824,0.004828931232861766,0.0029066092909375563
2022-08-19,-0.011754966702156922,-0.01176043692999329,-0.013438200216609686
2022-08-22,-0.010410108559912534,-0.010415831013874666,-0.020822355836348394
2022-08-23,-0.007354555771277416,-0.007356931487018548,-0.002419219584622545
2022-08-24,0.00799983837777063,0.007998974444350049,0.0032009669038008948
2022-08-25,0.013796363774447817,0.013798855740314142,0.014117583909121878
2022-08-26,-0.03437629431508826,-0.034388990017030996,-0.03384896746874333
2022-08-29,-0.010132209147021176,-0.009612662503850511,-0.006612190165563581
2022-08-30,-0.022310681113583475,-0.022332026517487558,-0.010978028392464312
2022-08-31,0.0028857257393539726,0.0031979079889035145,-0.007609215770564726
2022-09-01,0.0008258270288326042,0.0008174311759541197,0.0031379949255347928
2022-09-02,-0.0010547905753824915,-0.0010294826595549367,-0.010544363180384764
2022-09-06,0.0011705776565140713,0.0011485498319001586,-0.0037731157439622187
2022-09-07,0.013907518579368894,0.013905513296593508,0.017964905209541637
2022-09-08,0.014367409226835992,0.01465737943577694,0.006536386800654492
2022-09-09,0.005993875326654408,0.0059916609834009815,0.015535204117248735
2022-09-12,0.002245523306806607,0.002224911837930721,0.010747729314671162
2022-09-13,-0.028426622411927505,-0.02795826526498557,-0.04348244012812619
2022-09-14,0.009059030624055442,0.009049500868463678,0.0038157635467981343
2022-09-15,-0.012273276089632912,-0.012274663110776296,-0.011353312270845684
2022-09-16,-0.004849565519136179,-0.004810674811916882,-0.007628934124167097
2022-09-19,0.015427387746488552,0.0154175751093244,0.007754857696448125
2022-09-20,-0.0355568010386047,-0.03562462316058557,-0.011478539223154005
2022-09-21,-0.008775475854672754,-0.00877755581660744,-0.017443764762905656
2022-09-22,-0.018457564066019394,-0.01759344037600763,-0.008399775628965434
2022-09-23,-0.014804702893134847,-0.01449675309547438,-0.016754959913737766
2022-09-26,-0.004171712875342015,-0.003873910982881368,-0.009892579822617376
2022-09-27,0.0012420169588895913,0.00123389628578785,-0.002552688629688049
2022-09-28,0.005139242645809228,0.0051253338210874855,0.019676188112379256
2022-09-29,-0.015139630498453793,-0.014515118169212471,-0.020888912561054296
2022-09-30,-0.004432575935488847,-0.004427077898645826,-0.015463495547191619
2022-10-03,0.01168224944497509,0.011632381795797508,0.026401266969970916
2022-10-04,0.015387453529023265,0.015350167512317103,0.030986558600777814
2022-10-05,0.002192324738901963,0.0025760771881258027,-0.0023281127889307474
2022-10-06,-0.011156556311640697,-0.011136086138533452,-0.010315861844761631
2022-10-07,-0.008121549500385128,-0.008052553228432568,-0.027893942489252255
2022-10-10,-0.009278317892035925,-0.009393122345737415,-0.0076353096836601075
2022-10-11,-3.753062629774373e-05,-9.013049321882072e-06,-0.006332909972757372
2022-10-12,-0.006036926859028124,-0.006045817181894786,-0.0032986760012652105
2022-10-13,0.028517888263051905,0.028503984087065115,0.02639137865104102
2022-10-14,-0.019860306407878947,-0.01988123155866439,-0.022788745904938623
2022-10-17,0.018952129687273,0.018944343423909826,0.0256967622969273
2022-10-18,0.0077846544547184315,0.007759656608465226,0.011749749001394472
2022-10-19,-0.012480853746162812,-0.012488544087826958,-0.007086385519014637
2022-10-20,-0.00761721908814772,-0.007582007613931796,-0.008385403383119772
2022-10-21,0.02484022636094574,0.02485606051494549,0.024301344375728506
2022-10-24,0.014199281947897546,0.014214051159344043,0.012236428921737819
2022-10-25,0.008850088875872242,0.0088900796443665,0.015968613704059775
2022-10-26,0.011024921830685486,0.011013529814765555,-0.007534192412415486
2022-10-27,0.014898953820046579,0.014867097926338557,-0.005339616270874092
2022-10-28,0.011176708394580404,0.011135920696735635,0.023790442915524013
2022-10-31,-0.0005505712498899973,-0.0006005869475579351,-0.007223193736808686
2022-11-01,-0.00420921445184208,-0.004159280255569331,-0.004375951673780687
2022-11-02,-0.011432465782309276,-0.011449044064860803,-0.025096187507376855
2022-11-03,0.009331959222187214,0.009351415916674322,-0.010296956219329911
2022-11-04,-3.504433007939234e-05,-1.9803263128781445e-05,0.014393336366689047
2022-11-07,0.001860454334094097,0.0018336137146832687,0.009565449767275469
2022-11-08,-0.014544260613317483,-0.014495410144517051,0.0053955227819986185
2022-11-09,-0.0069323443435155285,-0.006974962338542556,-0.020602300842125332
2022-11-10,0.030926636026299192,0.030858690318641635,0.054954105898362915
2022-11-11,-0.02356838011866791,-0.023521200696854927,0.009678735212036882
2022-11-14,0.010381426088894585,0.010315517595072432,-0.008506779169835998
2022-11-15,-0.003141488967572492,-0.0031393930598009323,0.008529248279308455
2022-11-16,0.003916195812841972,0.003964168301897164,-0.007628899041646875
2022-11-17,0.001612429583473629,0.0016037063157596787,-0.0030599493056450155
2022-11-18,0.01745326084092569,0.01746290492523017,0.004540541280916521
2022-11-21,0.0010536580751614455,0.0010446016343876874,-0.00363617475260114
2022-11-22,0.012690617663968062,0.012669766790451842,0.013456971219873548
2022-11-23,0.001808075052228686,0.0018170246166842041,0.006301605638700192
2022-11-25,0.0062257587005472015,0.006232052524281828,-0.0002237221698127012
2022-11-28,-0.01574868729311707,-0.01572703255543717,-0.015957093252224608
2022-11-29,-0.003561774264912221,-0.0035681341207159933,-0.0017171568085417865
2022-11-30,0.029029505110039322,0.029051017820844294,0.031500524995195844
2022-12-01,-0.007342773084758836,-0.007332202409698674,-0.0007359872869333595
2022-12-02,-0.0028840199042933223,-0.002857881481479363,-0.0011537513527365428
2022-12-05,-0.016124950778685698,-0.016135857881328985,-0.017989231169653896
2022-12-06,-0.0004514401992676831,-0.00043994338711361713,-0.014414636741935882
2022-12-07,0.011271643379185958,0.011262526131760264,-0.0017013330482272826
2022-12-08,-0.004347408381432438,-0.004359177766838029,0.007834024790427163
2022-12-09,-0.01565466954245942,-0.015603502262770297,-0.007470397617597491
2022-12-12,0.01737256908189755,0.01740480626597507,0.014417237656153548
2022-12-13,-0.0040514404295950435,-0.004047610333140383,0.007569910977531125
2022-12-14,0.006006508689704759,0.0060508339531717414,-0.006393654626225986
2022-12-15,-0.0116894571465046,-0.011693263595783598,-0.024461545815825048
2022-12-16,-0.004147186308680606,-0.004143555155947776,-0.011806230517979022
2022-12-19,-0.005021714849980596,-0.004402677221965412,-0.00847970249165253
2022-12-20,-0.004342793206253415,-0.0043146196130186,0.001368399428156808
2022-12-21,0.0198760916721048,0.01985422257965075,0.014952622129840387
2022-12-22,-0.007642155438278619,-0.007630446689386283,-0.014266277672469796
2022-12-23,0.0017977798479693607,0.001808244944175863,0.00575245903967625
2022-12-27,0.0013170325406715033,0.0013654729794572162,-0.003943695489253551
2022-12-28,-0.011406450717796335,-0.010848081078840499,-0.012427905781228099
2022-12-29,0.005241530098164304,0.00525920816313552,0.018000546194413714
2022-12-30,-0.0024445495046955257,-0.002447342970732125,-0.002634285564565686
2023-01-09,0.0,0.0,0.0
2023-01-10,-0.00019397598488801737,0.00010602401511206061,0.00708842887319272
2023-01-11,0.0036690714312292982,0.0036679708264903965,0.012647872045784547
2023-01-12,-0.0003275038924364093,-0.00032740601071179487,0.0036408048745546484
2023-01-13,-0.0034454683585011248,-0.00344443826742169,0.0038795554127668552
2023-01-17,-0.000530307544747699,-0.0005301484508034582,-0.0018318796027321227
2023-01-18,-0.00048810797782905535,-0.0004879614662156584,-0.01578801608828595
2023-01-19,-0.003651955883202551,-0.0036508591685703307,-0.00727966098370425
2023-01-20,0.0028236022977838893,0.002822751237955723,0.018629023168984737
2023-01-23,0.004890157076002932,0.005188895373977154,0.011998627342807433
2023-01-24,-0.0015710347021419269,-0.0015699642083233378,-0.0010734300935140162
2023-01-25,0.0008986010888698548,0.0008987910466187188,0.00037487704968164337
2023-01-26,0.008925585992672458,0.008922180660230872,0.010990354669102587
2023-01-27,-0.0014446811825147288,-0.0014443870210368859,0.0022975721543581074
2023-01-30,-0.014110134555199605,-0.014103921147615495,-0.012546832947207598
2023-01-31,0.016130876191008836,0.016122878925839856,0.014703494464065603
2023-02-01,0.017010268044383103,0.017002670658281094,0.010627672454092574
2023-02-02,0.02045632447991097,0.02044662860877966,0.014556989778104157
2023-02-03,-0.008044657088089657,-0.008042480727759371,-0.010629110241724748
2023-02-06,-0.01154637895485544,-0.011541907933167006,-0.00611141786011693
2023-02-07,0.002836040196121603,0.002835446167272826,0.013078533893259081
2023-02-08,-0.00012590868331352478,-0.00012574036098356167,-0.010934524091624875
2023-02-09,-0.011193129872341223,-0.010891502273992937,-0.008669224521750007
2023-02-10,0.0045665449773604205,0.004565311460048571,0.0023338018909186964
2023-02-13,0.005347765261582094,0.005344421877928607,0.011738835434946582
2023-02-14,0.0046149168923841355,0.004612881805093005,-0.00046020854623840535
2023-02-15,0.0068315811436632234,0.006828998633044092,0.003247367508553145
2023-02-16,-0.010475258949378619,-0.010470085106477178,-0.01376883107066662
2023-02-17,-0.010329717470768274,-0.01032395899396421,-0.0024982295162850887
2023-02-21,-0.011105869984332717,-0.011098742877426848,-0.020060951744074407
2023-02-22,0.0023050030777298502,0.0023049920053541673,-0.0013780517223561661
2023-02-23,0.004545710298134775,0.0045426076461145826,0.005319271066065001
2023-02-24,-0.014929890970502568,-0.014922052388621876,-0.010682312347813583
2023-02-27,0.004936831239205297,0.00552868797188677,0.003405843725257096
2023-02-28,0.0007905764941134041,0.0007910930034507047,-0.0036959509210153785
2023-03-01,0.00025971603867880333,0.0005592262912281765,-0.003835863136222417
2023-03-02,0.007565763392412883,0.007555849523953384,0.007777295956619801
2023-03-03,0.01344598045387424,0.013434397004509657,0.016037605797673216
2023-03-06,0.0013516178015633429,0.0013475402305174189,0.0006931161126224605
2023-03-07,-0.011222991249975167,-0.011210050905417823,-0.015328883460585585
2023-03-08,0.00653364183980476,0.006523638466571002,0.0016320983847801784
2023-03-09,-0.01834906032375383,-0.018332556886094364,-0.018449811298357877
2023-03-10,-0.017472076094294353,-0.017451564880993087,-0.014429491730757027
2023-03-13,-0.009723336741810917,-0.00971326457150945,-0.0014252820882890704
2023-03-14,0.019064486047129847,0.019371733833541516,0.016530085938712302
2023-03-15,-0.018582901970407018,-0.01826474797972022,-0.006254321725367551
2023-03-16,0.04618668873835907,0.04645313165995124,0.01754504060229478
2023-03-17,-0.011519965821043199,-0.01149618607308922,-0.011692639585236697
2023-03-20,0.011883565516036754,0.011862453762657488,0.00961561958721946
2023-03-21,0.012056203780890673,0.012037542242898436,0.013130809191266968
2023-03-22,-0.008134122289549794,-0.008116806232400409,-0.01704672207800839
2023-03-23,0.017134014071234382,0.01711580515609845,0.002703132867100999
2023-03-24,-0.0031123086874497163,-0.003113566082898256,0.006562317697633935
2023-03-27,0.0014418798803881305,0.0014332313121276918,0.001869811627109863
2023-03-28,-0.008141521103857352,-0.008141530583949286,-0.002244634806711554
2023-03-29,0.008460602334889211,0.008450027919621572,0.014534805492768754
2023-03-30,0.008145498693148179,0.008136469455562345,0.0058553435509463014
2023-03-31,0.011156310941277114,0.011145958174604953,0.014094581982270649
2023-04-03,-0.00012440272161451382,-0.00012794572367980095,0.0038106022314881027
2023-04-04,-0.005848441825206274,-0.005841713492713896,-0.005548157977114498
2023-04-05,-0.013470780761178358,-0.013463551419873543,-0.0026182430785610666
2023-04-06,-0.0012098737207555388,-0.0012127291443222443,0.0039009994131218306
2023-04-10,0.015189512191048138,0.015176910020281653,0.0010262589081027063
2023-04-11,-0.006184362974575697,-0.006183751529394987,0.00026846021956461463
2023-04-12,0.00329943111912967,0.0032911629646941165,-0.0040759216449689495
2023-04-13,0.009706469945562235,0.009693673080959586,0.013282797961150505
2023-04-14,-0.005088549825777333,-0.00508308813977143,-0.0024427678638192507
2023-04-17,-0.0018541936906980583,-0.0018560109529325297,0.0035882743780331072
2023-04-18,0.004222560982905632,0.004214603270713768,0.0006521178700162888
2023-04-19,-0.0069823580229070314,-0.006976183493566879,-0.0001689061155171201
2023-04-20,-0.003045146031883772,-0.0030423821278452445,-0.0054570894445474805
2023-04-21,-0.005305148824391037,-0.005300903462642892,0.0007768749876664316
2023-04-24,0.0006430042232321576,0.0006413165702476853,0.0010432772949395819
2023-04-25,-0.017411913942095736,-0.016855235343555153,-0.01587393177842178
2023-04-26,0.0017279578337756618,0.0023120368796363255,-0.00423545257711444
2023-04-27,0.006090683919913742,0.006074319402662232,0.019907926264709275
2023-04-28,0.00916726773307941,0.009175375799738594,0.00853510646528055
2023-05-01,0.006656598754088305,0.00664795509596261,-0.0010097822511898613
2023-05-02,-0.007570031727821558,-0.007553824112837559,-0.011238882951136508
2023-05-03,-0.00474943973484554,-0.004134460132297901,-0.006864417437264958
2023-05-04,-0.013922091596319408,-0.013893703337068186,-0.007082785109090439
2023-05-05,0.01417914639654172,0.014167171139834567,0.018512631002797653
2023-05-08,0.004885431631452608,0.004879086130126442,0.00026649536807865637
2023-05-09,-0.0004651547555620805,-0.0004733866535571174,-0.004385422308878395
2023-05-10,0.0073632208337148786,0.007350476871917477,0.004672491975553639
2023-05-11,-0.0008925054560914303,-0.0008911634256894008,-0.001743958295085335
2023-05-12,0.0013942246869116381,0.0013991395651142824,-0.0013104277613935622
2023-05-15,-0.0059308486915128356,-0.005914426239303938,0.003450194510494553
2023-05-16,-0.006721898194059217,-0.006713848422865265,-0.006682493503109788
2023-05-17,-0.007535455480707998,-0.007535618938921407,0.012138777364691933
2023-05-18,0.01237222128489468,0.012341388453819047,0.009633089917948423
2023-05-19,0.004001892866158263,0.003998674791510393,-0.0014549662955997134
2023-05-22,-0.008663951263472858,-0.008615074779644627,0.0004062055415268162
2023-05-23,-0.028301758159208434,-0.028347545073896474,-0.011222855785945396
2023-05-24,-0.010420267882719103,-0.009815989430147165,-0.0072449768012031734
2023-05-25,0.009019264846908293,0.008975080202352048,0.008659974205849963
2023-05-26,0.025905596669725917,0.026480936584137194,0.012950614142771322
2023-05-30,-0.006715005717637834,-0.00605035190550407,0.00038094755315953854
2023-05-31,-0.02197063755611639,-0.0220345276790066,-0.005545075901445706
2023-06-01,0.009750599646094482,0.010427169988650675,0.00950090880049026
2023-06-02,0.012454025559597515,0.012403194127118544,0.014461233260246953
2023-06-05,-0.007909348484775314,-0.007898790756958984,-0.0019162754404427051
2023-06-06,-0.006927179901225489,-0.006938838685887738,0.0021773465805001724
2023-06-07,-0.005814870946977635,-0.00585501665856214,-0.003457747919945131
2023-06-08,0.004400144820613239,0.004444020601338083,0.006048777892504464
2023-06-09,-0.0008738489636975766,-0.0008642540761166773,0.0017940375917497864
2023-06-12,0.026622681963962336,0.026595871927221015,0.009072232058388474
2023-06-13,0.013808025714396877,0.013848757262493239,0.006592724483602153
2023-06-14,0.022148061537059505,0.02218388546079164,0.0011908993826885705
2023-06-15,0.0015196278082170167,0.0015021645709090148,0.012397742935372325
2023-06-16,-0.008077351025855717,-0.008061180099712462,-0.003406357713433006
2023-06-20,-0.0014318457159000486,-0.0013785687530922797,-0.005188097342600506
2023-06-21,-0.007484661356119693,-0.007496219661572323,-0.005123776103644895
2023-06-22,-0.0026174507094516297,-0.0026130747171236868,0.003609692901579642
2023-06-23,-0.014860160704362135,-0.01486428366663628,-0.007560147406906137
2023-06-26,-0.004321655816902359,-0.004386706388231243,-0.004085625431801243
2023-06-27,0.02268624042502765,0.02269488378511042,0.010963225363546103
2023-06-28,-0.0026519867738292735,-0.0026813223358468363,0.0005045435126187492
2023-06-29,-0.00233640068530816,-0.0023424423072814227,0.00394131384987384
2023-06-30,0.007194502647209333,0.007243588899355613,0.011800572328192871
2023-07-03,0.005860157310125125,0.0063664962736906805,0.0011508634807269047
2023-07-05,0.0005637866296175353,0.0005733160224081768,-0.001487497557271067
2023-07-06,-0.007196390732159719,-0.007195571785070576,-0.007830526958561568
2023-07-07,0.0034711824560818005,0.0034880775847150325,-0.0025247215782114862
2023-07-10,0.010512493932734568,0.01047218271946937,0.0025311119311208774
2023-07-11,0.0007256156437984718,0.0007183330125255516,0.00636846662835211
2023-07-12,0.0016792971721486527,0.0017130117510484322,0.008045997552762696
2023-07-13,0.008327772775031494,0.00838029037747301,0.007936779166373142
2023-07-14,-0.005064566809466098,-0.005087530707842514,-0.0006227376226837222
2023-07-17,0.01220556422138075,0.01223212194983514,0.0034721444237921784
2023-07-18,0.007804837578271773,0.00784677316563176,0.007430715158172951
2023-07-19,0.009964388490873555,0.00993193875466769,0.002223784015379593
2023-07-20,-0.013926787084615255,-0.013968986727065258,-0.0066347138160965935
2023-07-21,8.041820494830709e-05,3.52817260060867e-05,0.0
2023-07-24,0.0037183178629836,0.0037226038029816166,0.004467409289568014
2023-07-25,0.007109943953501174,0.007120210142094852,0.002729993969081468
2023-07-26,-0.00417849579156615,-0.004168353248724221,0.00015374415118540874
2023-07-27,0.00301194833577223,0.0030435752120618886,-0.006629990322230217
2023-07-28,0.006600582715534209,0.006633314995266204,0.009790364480256608
2023-07-31,0.0029205701566064057,0.002924279674813013,0.0019040052219061465
2023-08-01,-0.004162182567892803,-0.004195422484740252,-0.0028616097156412
2023-08-02,-0.021335924736940237,-0.021379414313887235,-0.013910702781173567
2023-08-03,-0.003907904531775586,-0.0038921893541019603,-0.0028660024454674193
2023-08-04,-0.00444476315658926,-0.004440593229347867,-0.004522727226096257
2023-08-07,0.01767041634039601,0.017689088420417054,0.008728489892785074
2023-08-08,0.005470590949926413,0.0054069165631627225,-0.004348534332770382
2023-08-09,-0.02075795217173193,-0.020815562024150358,-0.006685141443425913
2023-08-10,-0.0025965334346760294,-0.0025971487655214176,0.0003587694663247376
2023-08-11,-0.013311960393967426,-0.012733021666943012,-0.00058311176439374
2023-08-14,0.0020860723491442634,0.00313636551404306,0.005520062860039143
2023-08-15,-0.01924153947449947,-0.019285063963045412,-0.011648916207173121
2023-08-16,0.001929126650380919,0.001950347651238582,-0.007338096957553719
2023-08-17,-0.01190202994529721,-0.011911450434718085,-0.007619726040616559
2023-08-18,-0.0013481186243898824,-0.0013490081204209359,0.000481185998659317
2023-08-21,-0.003259092732738167,-0.0032696615852242372,0.0065063091912958
2023-08-22,-0.00046608364734002095,-0.0004538825692190773,-0.0027086347726139604
2023-08-23,0.013211080177102597,0.01319041418947875,0.01113785500893627
2023-08-24,-0.010084397934417177,-0.010093929510547772,-0.013859223013909627
2023-08-25,0.004928809995939476,0.004926546253653186,0.007049714555938946
2023-08-28,0.01308844414130994,0.013072005130912556,0.006341461196515352
2023-08-29,0.004483899212786691,0.004515900069690382,0.014454721180120478
2023-08-30,0.006825927193952364,0.006832441558633828,0.004118917872557359
2023-08-31,0.0007351944504219166,0.0007550792112283045,-0.0014634035059160055
2023-09-01,0.00177073547536577,0.0017361666681225962,0.0018650764885848048
2023-09-05,-0.007535789797669334,-0.007533333621970728,-0.004321737613855237
2023-09-06,-2.4159169749182752e-05,-8.954398400207175e-06,-0.00672252394009365
2023-09-07,-0.001759905416591323,-0.001791947225955548,-0.0030701693208238234
2023-09-08,0.0008192146758165819,0.0008262218289201151,0.0015060113029730093
2023-09-11,0.0004229706594354177,0.0004150679693346593,0.006576583948365355
2023-09-12,-0.0011744143125866913,-0.0011856549074392708,-0.005485455170274323
2023-09-13,-0.009241983094415485,-0.009290565459763145,0.0011659429869186333
2023-09-14,0.00743477093376943,0.007449535579262978,0.008622268389973042
2023-09-15,-0.011452100923123654,-0.011446078227980383,-0.012048198717857117
2023-09-18,-0.00765677843260737,-0.0076881766259471185,0.0005863179581946376
2023-09-19,-0.0013069481769286684,-0.0002734361466877333,-0.002073700242464338
2023-09-20,-0.00153516945734411,-0.0015365062426447862,-0.009193361806369982
2023-09-21,-0.01206414878833495,-0.012041812599627222,-0.01652842718934633
2023-09-22,-0.00044697766522550086,-0.0004506876727882192,-0.0022485835771977047
2023-09-25,-1.1826672062120736e-05,0.0005491966588651032,0.004205286191780955
2023-09-26,-0.013076682352030522,-0.01307310633924208,-0.014691274582096181
2023-09-27,-0.0005797360782691108,-0.0002452805143247083,0.00039922850002582777
2023-09-28,0.002359181926878451,0.0026960158475390905,0.005797235571361359
2023-09-29,-0.01112294612831477,-0.011135899742597322,-0.0024268410510678295
2023-10-02,-0.003966690629627956,-0.0036121558227468764,-0.00039758620536511913
2023-10-03,-0.006738534424652554,-0.006460783182967389,-0.013386233602487696
2023-10-04,0.00010234308190559815,0.00011949016059253914,0.0072819807960526894
2023-10-05,0.007531251013056517,0.007539314498001604,-0.0003767538409181759
2023-10-06,-0.0005325385249059789,-0.000538131462502256,0.011872889791437746
2023-10-09,0.011368742991377134,0.011394223113472268,0.006402109308006665
2023-10-10,-0.0003776554592075376,-0.0003765088997367272,0.005204881069301948
2023-10-11,-0.002823180218065491,-0.002804287090687252,0.004096306420702467
2023-10-12,-0.0005118875284277902,-0.0005217232304227659,-0.006096438609385357
2023-10-13,0.012127824471492632,0.012131871963528162,-0.004980692946558785
2023-10-16,0.007931793422863098,0.007953494192934674,0.010521293502573803
2023-10-17,0.008184798614773614,0.00818066917440019,-4.593770614813586e-05
2023-10-18,-0.0031195741546338196,-0.003132444244675736,-0.013325159481198057
2023-10-19,-0.01423190586748646,-0.014275033774729606,-0.00878627754271677
2023-10-20,-0.013139472932948482,-0.013156991553324393,-0.012288140278315818
2023-10-23,-0.011134401869753896,-0.011131518888295111,-0.0017330258208602123
2023-10-24,0.0030254872344770423,0.0030533755380746097,0.007539297844937787
2023-10-25,0.004304217427762325,0.004883728003088228,-0.014352274963949196
2023-10-26,-0.00810518136012861,-0.008140221971973949,-0.011974642931195767
2023-10-27,-0.029992577888372285,-0.02957230370272179,-0.004532795672202106
2023-10-30,0.014802735772242448,0.014817784242613152,0.011955898365193729
2023-10-31,0.01126143188560591,0.01125296346943494,0.006280381790441103
2023-11-01,0.02888600300522559,0.028850371154858223,0.010664691247419755
2023-11-02,-0.004002971006043632,-0.004003181225241903,0.019164236800371937
2023-11-03,-0.001018202927404288,-0.0010136308529407057,0.00912348368318261
2023-11-06,-0.0003467628676446788,-0.0003397515352105973,0.0023004516022138155
2023-11-07,-0.0013435618852241094,-0.001340307622641368,0.002845922811025803
2023-11-08,-0.003022784184915306,-0.0030229759833683145,0.0007324199123486252
2023-11-09,0.004965111605812922,0.004960681972635106,-0.007798728101199637
2023-11-10,0.010175848698557255,0.010182119788105126,0.015604954192212306
2023-11-13,0.0036334132840620814,0.0036330416229273244,-0.0009533215038348697
2023-11-14,-0.003613647964923805,-0.003624490221895038,0.01940078393032696
2023-11-15,-0.006770844347970928,-0.006765241815112288,0.00211712476939363
2023-11-16,0.008390060387069687,0.008401241302487428,0.0012231032171463596
2023-11-17,0.001766693933610508,0.0017651240953158176,0.0012437485749885457
2023-11-20,-0.0007353027106090648,-0.0007335371453338624,0.007697646973265915
2023-11-21,0.012327568805998279,0.012321162254999907,-0.002179472264966731
2023-11-22,0.002547661397458656,0.0025545679958134393,0.003860856688096659
2023-11-24,0.006989970456864336,0.0069793763928158725,0.0006152583229561692
2023-11-27,0.0036661018571531034,0.003665066769572345,-0.0018008540764696823
2023-11-28,-0.01404349415317252,-0.014040851874676408,0.0009900947357737166
2023-11-29,-0.0046662078870880475,-0.004661280526944811,-0.0007033709637728203
2023-11-30,0.02609536280427016,0.026086892772975823,0.003937389890417808
2023-12-01,-0.0003993518094815851,-0.00040358284084351936,0.005915855135181891
2023-12-04,0.0040627109756716795,0.00404871880568991,-0.005249354505640236
2023-12-05,-0.002360758568846766,-0.0023655343358010006,-0.00019712999514076568
2023-12-06,-0.008599004919608078,-0.008601702056465266,-0.004029729599363985
2023-12-07,-0.006629116726074025,-0.006622637801209752,0.0076305170581814075
2023-12-08,0.0015576918632884684,0.0015549598255808483,0.0042990810778074096
2023-12-11,0.005455849149563097,0.005459759049985191,0.003889562713336847
2023-12-12,0.008077596962021483,0.008080727300862733,0.0045670463737028655
2023-12-13,-0.0009561134362021662,-0.0009575206601368791,0.013790217632763557
2023-12-14,-0.027963607754222464,-0.027958866251147296,0.0032093987584638217
2023-12-15,-0.00485179222774379,-0.004848365245622599,-0.0016465279846737957
2023-12-18,0.004695400649442183,0.004690405088932259,0.0056250888080024986
2023-12-19,0.0007824777458005361,0.0007854796548687482,0.006080888558688935
2023-12-20,-0.014805596573727264,-0.014801870755954183,-0.013857292868214355
2023-12-21,0.009302434912723978,0.009904306657031459,0.00948193552633847
2023-12-22,0.0047185945864747225,0.00471640248251437,0.0020097867761843524
2023-12-26,0.0010447818485332938,0.0010491068537021864,0.004222440322714682
2023-12-27,0.0001568012094126381,0.0001584199176003498,0.0018080853378115158
2023-12-28,0.005837188691560247,0.00583517308886794,0.0003777903707899988
2023-12-29,0.004197938948730107,0.0042001595657128465,-0.002895034567458432
2024-01-16,0.0,0.0,0.0
2024-01-17,0.001871033453872517,0.002171033453872484,-0.0005031001812164648
2024-01-18,0.0031496764910021735,0.003148733635026879,0.008892804945121346
2024-01-19,0.017933255626711553,0.018230098155836982,0.012466017614288782
2024-01-22,-0.005812923494276534,-0.005809003979775795,0.0021144766293073047
2024-01-23,-0.0008678365925490761,-0.000867667666454075,0.0029164192965691615
2024-01-24,0.010305089773635867,0.010298388246368528,0.0010933126058942921
2024-01-25,0.0035762096208338257,0.003574426623262461,0.00543884142451212
2024-01-26,-0.0061032761936711255,-0.0061003948143462106,-0.001270453392287485
2024-01-29,0.0012937333473235224,0.0012931440547572226,0.007919381068000497
2024-01-30,-0.005628365967791149,-0.005624619157690303,-0.0007734882337024906
2024-01-31,-0.006842224801273056,-0.006838602401474381,-0.016317396592104072
2024-02-01,0.008216916218092507,0.008213433190745079,0.013088243385340759
2024-02-02,0.011241573301708607,0.011235623032000763,0.010527345896630402
2024-02-05,-0.007629209644929746,-0.007625760348157651,-0.0036411212279222616
2024-02-06,-0.007764652974895814,-0.007760059055448076,0.002903296810174316
2024-02-07,0.003740578211427259,0.003738338703666688,0.008340343964781116
2024-02-08,-0.0025510366737829804,-0.002549700552386569,0.00044189836856345366
2024-02-09,0.006107442718890077,0.006104481495215586,0.005779329416906842
2024-02-12,-0.0007316627811204679,-0.0007312395898091406,-0.0004390393376604296
2024-02-13,-0.0036317077119729646,-0.0036305062579032876,-0.013773156019081911
2024-02-14,0.012401797934656011,0.012395509310752173,0.009087717382374016
2024-02-15,-0.002314587699746462,-0.0023132150539826313,0.006899796528982316
2024-02-16,-0.0032816549517870053,-0.0032796511791602923,-0.00497997219216284
2024-02-20,-0.010523640391065125,-0.01051757987365931,-0.005505360843228169
2024-02-21,-0.0010061595940575874,-0.0010053427538605497,0.0009057847460316459
2024-02-22,0.026940428342743683,0.026925883419357977,0.02069547359013213
2024-02-23,-0.006125592779556155,-0.006121926904368413,0.0006896938035241273
2024-02-26,0.0017387550656275952,0.0017384384561436317,-0.0036624892391068364
2024-02-27,0.002852371733278236,0.002850830695188211,0.0018575652385468544
2024-02-28,-0.0005965739128406256,-0.0005958766196076937,-0.0013215656359362171
2024-02-29,0.01783526112900602,0.01782437085628552,0.003594930678976649
2024-03-01,0.01157975990326432,0.01157297501359289,0.009388320968662267
2024-03-04,0.008637035750011623,0.00863375268361155,-0.0010724808912874195
2024-03-05,-0.0015112063549452825,-0.0015107236952199843,-0.009993971737729646
2024-03-06,0.006383938699934477,0.0063803206902464105,0.0050671592477704586
2024-03-07,0.005323247461443303,0.005321586004792378,0.009926370346830637
2024-03-08,-0.005464401460844592,-0.005461599077309587,-0.006002115368710315
2024-03-11,-0.014071399423653985,-0.014064564686343761,-0.0008599654929838385
2024-03-12,0.007777036673503934,0.007773392666276857,0.010757433934536875
2024-03-13,-0.009941577515192535,-0.009936140832042861,-0.001567579929561358
2024-03-14,-0.00850054361400887,-0.008495502822417844,-0.001976722296110456
2024-03-15,0.004095611361886409,0.004093052933495267,-0.006866621980632703
2024-03-18,0.0013927656383720954,0.0013925261075569129,0.005943123520943949
2024-03-19,-0.009521640855318259,-0.009515761908177378,0.005557227317693592
2024-03-20,0.0020774545717539006,0.002077471089980021,0.009249402694907927
2024-03-21,0.0008902950909268625,0.0008904173289698836,0.0033045469982364573
2024-03-22,0.0002559086640512298,0.00025549232046473414,-0.001895828125220933
2024-03-25,-0.004291287139979394,-0.004289717984578445,-0.0027627018670889347
2024-03-26,-0.0015626637023559153,-0.0015619508054762754,-0.0018470850305897235
2024-03-27,0.0034838125254950114,0.003482210610181502,0.00840390128704338
2024-03-28,0.0006814301002200374,0.0006809178371176561,-0.0001911530432040509
2024-04-01,0.0018551440637997185,0.0018536089233351927,-0.0017398673121421515
2024-04-02,-0.006356800356082659,-0.0063533745631635385,-0.006357919615775143
2024-04-03,0.002628823914755385,0.0026273398158560557,0.0010984169872831906
2024-04-04,-0.02124150332214514,-0.021230194546131287,-0.01220615604832942
2024-04-05,0.00934574000579591,0.00995272904924649,0.010447018952042697
2024-04-08,-0.0027619598771536635,-0.002759676895118024,0.0005592485270637937
2024-04-09,0.00105154591703438,0.0010509010963049015,0.0011566969768881386
2024-04-10,-0.00223110945885141,-0.0022287906946779623,-0.010012983815937515
2024-04-11,-0.017238532064519085,-0.017223997155306425,0.007546719431144933
2024-04-12,-0.01167745809918963,-0.010769608064422065,-0.013803096677538984
2024-04-15,-0.004480251334189722,-0.0044763394453923855,-0.012528035229721457
2024-04-16,-0.0024963097848546,-0.0024940364402341597,-0.0018237698460001894
2024-04-17,-0.003397796260701247,-0.0028076213525654037,-0.005918270721091967
2024-04-18,-0.003932370908555249,-0.003931286171955373,-0.0020577941117486676
2024-04-19,0.001147944377138499,0.0011426794244502325,-0.008728310287311025
2024-04-22,0.009861092296024943,0.010443674367623945,0.009209223639820241
2024-04-23,0.004647788323547619,0.004642448293573187,0.011866617014163916
2024-04-24,-0.01144606296768369,-0.011421916146832634,-0.0004747747414121095
2024-04-25,-0.0025799915902721127,-0.0025729764806697863,-0.0037987587828579583
2024-04-26,-0.001970435521367775,-0.0019640724405097787,0.009473829310949533
2024-04-29,0.0028182697121494904,0.002812385864785938,0.003541505391073674
2024-04-30,-0.007651968985015967,-0.007638534657796514,-0.015841202983064795
2024-05-01,0.004869427108012747,0.005471601763777478,-0.0032472021430121067
2024-05-02,0.0005323991937398187,0.0005328506771047348,0.009353443441858289
2024-05-03,0.003451869471663205,0.0034441488242962226,0.012395256153737932
2024-05-06,0.004593181244176847,0.0045870353478518755,0.01032693850317501
2024-05-07,0.0011681351854597732,0.0011665694664468873,0.0011034264304021768
2024-05-08,0.005756874717576244,0.005752954062021809,9.672134683258449e-05
2024-05-09,0.0014690040104685664,0.001469404348461767,0.005761896410399592
2024-05-10,0.004131840898360606,0.0041267328033773865,0.0012880452787931151
2024-05-13,-0.005364251479506366,-0.005358243764426174,0.00013421871437180322
2024-05-14,0.0051136238844533555,0.005106560942653049,0.004588035509807353
2024-05-15,0.006615565926723965,0.0066057439064630685,0.012383318564626933
2024-05-16,-0.004702856075427864,-0.004696449764155175,-0.002057648556520575
2024-05-17,0.0019354556924353616,0.001933920214222784,0.0014374286500422606
2024-05-20,-0.0001267798648375562,-0.00012598940093278,0.0011521851699718422
2024-05-21,0.005608079928671961,0.005600979598676226,0.002452510759074933
2024-05-22,0.0004134096934920173,0.0004110688801000073,-0.0028793330278348295
2024-05-23,-0.006189490901288619,-0.006181179052874963,-0.007304094973100028
2024-05-24,0.008665688738968225,0.008653631712607135,0.006616635547303185
2024-05-28,-0.010530684649301958,-0.010519437411022792,0.0006985875025948829
2024-05-29,-0.009574795518194512,-0.009562327128768255,-0.007002465409604808
2024-05-30,0.0006480564314801374,0.0012373296322918392,-0.006633746666733442
2024-05-31,0.0018017960195479965,0.0018018162935953264,0.009108165895193254
2024-06-03,0.002694025741939443,0.0026923611611455733,0.0008153583340808623
2024-06-04,0.0047873649948311225,0.004779480344683673,0.0011178083574778785
2024-06-05,0.004203913812197202,0.0041991594903489915,0.011885081701314748
2024-06-06,-0.007359577189121946,-0.007348479191130353,-1.8686534095535556e-05
2024-06-07,-0.0004630583418907541,-0.00046293276060827004,-0.0012154701067457196
2024-06-10,-0.004090343366679461,-0.0040902696839602015,0.0030894414176951823
2024-06-11,-0.003121627922571868,-0.0031203489743057977,0.002408336857466331
2024-06-12,0.004631884905411887,0.004624848938977966,0.008213376461439603
2024-06-13,-0.0032998538348363304,-0.0032971208859213785,0.0020131698731635783
2024-06-14,0.0008898268411787758,0.0008903743978578849,0.000608506369971451
2024-06-17,-0.002119996077712516,-0.0021181879320295582,0.007958910221575577
2024-06-18,-0.0011173072276287055,-0.0011191887052397487,0.0025407121528528975
2024-06-20,0.00048469462216571557,0.0004863203528568949,-0.002716544837253032
2024-06-21,0.0017860307608328352,0.0017900140331832404,-0.0013404904271935303
2024-06-24,0.0065909374361576845,0.006582001316830732,-0.003250874173535201
2024-06-25,-0.0029430645987986725,-0.002938045633793185,0.0038509684777761066
2024-06-26,-0.005780714060869663,-0.005773570198379097,0.001248036721894108
2024-06-27,-0.0012666828790734996,-0.0012635787882574467,0.0015764724631710525
2024-06-28,-0.008196896345870286,-0.008182937812377888,-0.003935092412652108
2024-07-01,-0.001367986032996038,-0.0007517903513604152,0.002058070220223529
2024-07-02,0.001599543637441636,0.0015977661125814446,0.0067297191878714635
2024-07-03,-0.006756785792101816,-0.006753045149153092,0.004462763358313637
2024-07-05,-0.0006512203324710031,-0.0006475246202579665,0.005766491290519538
2024-07-08,-0.004332432813710985,-0.003741969939430767,0.0011536875313662431
2024-07-09,0.0011037106120219686,0.0011033967997204908,0.0009724431209319206
2024-07-10,0.010347976467827369,0.010329982795918236,0.009895287551016319
2024-07-11,-0.007602648596426564,-0.007598740131628867,-0.008622664527645485
2024-07-12,-0.0023682129468320934,-0.002370201352161927,0.00630764491290825
2024-07-15,-0.0013103814054437057,-0.0013077916322490335,0.0027502945306059345
2024-07-16,0.00938204857675684,0.009668783317568375,0.005930227551637524
2024-07-17,-0.0004015898478056945,0.00016360844831520005,-0.014021344049971574
2024-07-18,-0.014033779541970826,-0.014015829676754077,-0.007684830624340111
2024-07-19,-0.0025159963563011756,-0.002509726379496313,-0.006640697294749476
2024-07-22,-0.002632351021696566,-0.0026393817999795788,0.010309899385924082
2024-07-23,0.007315728593243254,0.0073018566872418145,-0.0015686753676522613
2024-07-24,-0.01338749917598192,-0.013360170304923424,-0.022662373657600376
2024-07-25,0.009125588422635778,0.009112091907832465,-0.005210401360493222
2024-07-26,0.03397581622244261,0.0339498089029433,0.011199677243803663
2024-07-29,0.009196456225890604,0.009178183923423067,0.0005877660449544742
2024-07-30,0.0019479849703043506,0.0019623190210931174,-0.005066489846381694
2024-07-31,-0.02827147876022751,-0.028216044496839565,0.01625464939413712
2024-08-01,-0.006293826588704254,-0.005678662176075822,-0.01416089772791107
2024-08-02,-0.008577366487202198,-0.008571307834600361,-0.018618465583101207
2024-08-05,-0.02295731783219246,-0.022923659658275253,-0.029123731060897717
2024-08-06,-0.001918808080001333,-0.001912475195752994,0.009219621998645788
2024-08-07,-0.007389964445135733,-0.007371085282144141,-0.0066839087950150144
2024-08-08,0.006057041432646404,0.006635222066355473,0.02311740208643176
2024-08-09,0.0038768758253704405,0.00411809229064608,0.004409783108547671
2024-08-12,-0.006224108216158597,-0.0061989664724974025,0.0005251819392879664
2024-08-13,0.011431965201589955,0.011431495015242765,0.016445457845939204
2024-08-14,0.0016772342581425903,0.0016839136569894997,0.0031548723144527724
2024-08-15,0.008981846267650084,0.008997933719613105,0.017140221567987446
2024-08-16,0.007335444720713014,0.00733297050500803,0.0022420117925041616
2024-08-19,0.001300793597199812,0.0012957524282257715,0.009561331973907183
2024-08-20,-0.006084966927706881,-0.0060759929029448045,-0.0016259572939693046
2024-08-21,0.002221907151182645,0.002229990813413796,0.0034366969502579447
2024-08-22,-0.0024996056999080363,-0.002507589299312163,-0.007848785276715065
2024-08-23,0.011406883590766581,0.01140350419187608,0.010625422141984808
2024-08-26,0.007758841694718521,0.007754243958693063,-0.002383710675264439
2024-08-27,0.006152289551696777,0.006136896928769842,0.0013729062119203217
2024-08-28,-0.007495823456501571,-0.007496818264826843,-0.005804990250471764
2024-08-29,0.0018510769959683149,0.0018525921472114515,8.930257271044795e-05
2024-08-30,0.003986650508177592,0.003997554757352306,0.009546108600853476
2024-09-03,-0.0022438108321077843,-0.0022257040620744517,-0.02057890461708034
2024-09-04,-0.0048508162474676375,-0.0048034676658451625,-0.002046808041376913
2024-09-05,-0.004369403044873765,-0.0037553106750133347,-0.002432422016352409
2024-09-06,-0.005230171130171435,-0.00518851037365764,-0.01683006116965957
2024-09-09,0.0072780863496941794,0.007289604618088141,0.011196005144257892
2024-09-10,-0.0002946407482656843,-0.00030591714755745514,0.0043558432423731475
2024-09-11,0.002019189731925719,0.0020165350559606665,0.01025921618027037
2024-09-12,-0.0031096003773177783,-0.003107283918895143,0.008423137542477033
2024-09-13,0.010071517553158271,0.010076884473210868,0.005222868726185714
2024-09-16,0.010881902053801351,0.010857046525336367,0.0014766934860208636
2024-09-17,-0.0002805618044081637,-0.0002840189747382871,0.0004087469851710157
2024-09-18,-0.004338128878731418,-0.004346412926726884,-0.0029659591584654255
2024-09-19,0.0026488264317789945,0.0026181809085048524,0.01706447020191537
2024-09-20,0.00906409298022881,0.009054508540325079,-0.0017287267010224205
2024-09-23,0.006785363200386696,0.0067720534134101396,0.0024988464537973876
2024-09-24,-0.0012572962652969144,-0.0012490769684551095,0.002861468217643326
2024-09-25,-0.0030256952069327436,-0.0030288654160264272,-0.002205585632772178
