date,strategy,strategy_no_costs,spy
2016-01-04,0.0,0.0,0.0
2016-01-05,-0.0008966112817998528,0.0006020438012774854,-0.001696032353380561
2016-01-06,-0.003892168202231594,-0.003892168202231372,-0.012614485248228502
2016-01-07,-0.019036158001445425,-0.019036158001445647,-0.02399165666307046
2016-01-08,-0.014914016342546743,-0.014914016342546743,-0.010976423005055191
2016-01-11,0.004609104637766537,0.004609104637766315,0.0009899369800312474
2016-01-12,0.013581339102386902,0.013581339102387124,0.008068257461905537
2016-01-13,-0.03334872830244506,-0.03334872830244506,-0.024940557490074844
2016-01-14,0.010758941817105239,0.010758941817105239,0.016416903819580053
2016-01-15,-0.017812753887253896,-0.017812753887253674,-0.021465794264166616
2016-01-19,0.0025103346529951054,0.0025103346529948833,0.0013307986811228467
2016-01-20,-0.008237342855281216,-0.008237342855281327,-0.012814743733104872
2016-01-21,0.0032476152520506396,0.0032476152520508617,0.005601902524081437
2016-01-22,0.021641561269207354,0.021641561269207354,0.020514910830279343
2016-01-25,-0.012983539361034468,-0.012983539361034357,-0.015116452597792374
2016-01-26,0.008719844396194443,0.00871984439619422,0.013643113984610045
2016-01-27,-0.016878334866793243,-0.016878334866793243,-0.010883131118148204
2016-01-28,0.015005005489969525,0.015005005489969525,0.005208630204326381
2016-01-29,0.021954624490533092,0.021954624490533314,0.024377583756477472
2016-02-01,0.007822588155550925,0.007822588155550925,-0.0003612558403183197
2016-02-02,-0.021381777190043305,-0.020523924220487766,-0.018022003062555303
2016-02-03,-0.006639483198274787,-0.0066288079166750835,0.005994785334435315
2016-02-04,-0.004221104497256989,-0.0042253851186094815,0.0015686784081219152
2016-02-05,-0.039624146566605956,-0.03962429915600063,-0.019050344565891275
2016-02-08,-0.027457793208417458,-0.027461933135821126,-0.013461321808526883
2016-02-09,0.007910252236378978,0.007907971495865862,5.39181149210588e-05
2016-02-10,0.012689043821888735,0.012689791652165772,-0.000862545476890908
2016-02-11,-0.00755003403106147,-0.007552680422021285,-0.013008307955313714
2016-02-12,0.016317153820141872,0.016318259392746004,0.02061686373902094
2016-02-16,0.021842915639168403,0.021845455744133657,0.016878659382641548
2016-02-17,0.020701703199491606,0.020702452708659003,0.016334528419140515
2016-02-18,-0.00864634998358571,-0.008645472781265151,-0.0040959136720886136
2016-02-19,0.006594674410949297,0.006592789378998765,-0.00046831859644203
2016-02-22,0.01823923170609465,0.018238211931701942,0.01447893998139449
2016-02-23,-0.0070864100691308,-0.0070872084622223275,-0.012629545081511373
2016-02-24,0.005779386311780099,0.0057721947971351995,0.004575787488583227
2016-02-25,0.018243252105761387,0.018243180232802914,0.012112053469631956
2016-02-26,-0.0028856443642274465,-0.0028853842298564025,-0.002301762918790473
2016-02-29,-0.008995759378913837,-0.008995438020644064,-0.007842802802899618
2016-03-01,0.026861453890860698,0.026861046246906106,0.02350713697563811
2016-03-02,0.0013484524773952344,0.0025022979035487225,0.004492702998206477
2016-03-03,0.00043347135104898626,0.0004389605540822128,0.003919436509997265
2016-03-04,-0.001016293040650651,-0.001012875423326176,0.0032535816508312276
2016-03-07,-0.010412723988084682,-0.01040354574637592,0.000798174328986212
2016-03-08,0.0031935890448699933,0.003199382022299524,-0.010917683104429088
2016-03-09,0.005343893513846787,0.005343733901873593,0.004939559624523415
2016-03-10,0.002516812907846999,0.0025166716595705907,0.0008024687425773891
2016-03-11,0.011872886798361293,0.011866133953065905,0.016137166139512216
2016-03-14,0.0026143878348070526,0.0026111872029788152,-0.0012824304522421892
2016-03-15,0.0030122613180754154,0.0030128819387182926,-0.0016295800634807955
2016-03-16,0.008384319451786748,0.008385210274142185,0.005787016158250946
2016-03-17,0.003383417336123351,0.003390834263239606,0.006344340839048446
2016-03-18,-0.00274133945059718,-0.0027435328121332425,0.003929619049156008
2016-03-21,9.063893890304264e-05,9.07053000913649e-05,0.0014189751583075783
2016-03-22,0.0011095453931972976,0.001105257479893762,-0.0005373811045408239
2016-03-23,0.002392351863624187,0.002394805141915368,-0.006599496003831251
2016-03-24,-0.0018377139366455575,-0.0018379628076039545,-0.0004429070120902656
2016-03-28,0.0032430297903411898,0.003242012831132124,0.0005906266152029271
2016-03-29,0.012317600647255622,0.012314647391835187,0.009250116039449807
2016-03-30,0.0016536989867736995,0.0016542645878014905,0.004387741183200289
2016-03-31,-0.0011323976701937966,-0.0011310705496081486,-0.0024269460670182097
2016-04-01,0.008793547230181886,0.00879177394830255,0.006811612405701606
2016-04-04,-0.0011544656790599683,-0.00030793252308636276,-0.003237644577584353
2016-04-05,-0.008826430515407657,-0.008825358407992256,-0.009987878363535319
2016-04-06,0.0076753731159642236,0.007674341423040021,0.010921229555514556
2016-04-07,-0.006173735437848493,-0.006172421450599597,-0.011965876094902295
2016-04-08,0.0014813069040313653,0.0014841695828231583,0.002696656660856167
2016-04-11,-0.004451529685499778,-0.004452341694932693,-0.002347182247036672
2016-04-12,0.006158894068890808,0.006159906006237392,0.009312696375750384
2016-04-13,0.00011834586523673529,0.00011416325921942416,0.01010118985056141
2016-04-14,-0.0037865488092608812,-0.0037872030153808245,4.807860452626933e-05
2016-04-15,0.004695052796095167,0.004693996231493136,-0.0011055811803354354
2016-04-18,0.006505005998719504,0.006502671433579854,0.007026646978166573
2016-04-19,-0.007239373547822003,-0.007233423698774333,0.003154382541953993
2016-04-20,-0.005791610707008399,-0.005791604752169999,0.0009526097913528098
2016-04-21,-0.014749430400831542,-0.01475446420155202,-0.005378407481038239
2016-04-22,-0.006119727323005364,-0.0061109099657414845,0.0
2016-04-25,0.0038906492914876356,0.0038930502886318497,-0.001722622826713316
2016-04-26,-0.002532344173536205,-0.002531401091939167,0.0014859918465575106
2016-04-27,0.004850015526283613,0.004851787004359842,0.0020581895397211447
2016-04-28,-0.004180377857240014,-0.004177689489798464,-0.009075855016367651
2016-04-29,-0.0004937177666224368,-0.000492693502783248,-0.005398993606777758
2016-05-02,0.015497831973581011,0.01549719486736345,0.007948711667605579
2016-05-03,-0.004120959567323168,-0.0033882327549273894,-0.008703395220749033
2016-05-04,0.00143247967195137,0.0014314060669582407,-0.005578124875502022
2016-05-05,-0.00042120759079222747,-0.0004195135573505926,-0.00019494317063184496
2016-05-06,0.008359428414206782,0.008356811065899139,0.0036589354661609175
2016-05-09,0.0057331563194025215,0.005733187396901762,0.0008263948659976705
2016-05-10,0.010493605658392413,0.010494002267436242,0.012433645127915005
2016-05-11,-0.007734096272168922,-0.007735033658794244,-0.009354657246744003
2016-05-12,0.004785910406348348,0.004784816368182732,0.00029065450061227516
2016-05-13,-0.001726694630299619,-0.001732843350328972,-0.008714392279523309
2016-05-16,0.006102621441073541,0.006103238446295789,0.00986537874102833
2016-05-17,-0.01676181595040971,-0.016761184543817254,-0.009333568801133452
2016-05-18,-0.005775279741643602,-0.0057759280551280545,0.0002928193693976233
2016-05-19,-0.003354265353206487,-0.0033589365996339327,-0.0034649692167176838
2016-05-20,0.004636477625773017,0.004638209924646031,0.006317380850532128
2016-05-23,-0.0007792586472004093,-0.0007778376587126434,-0.0013622931008568928
2016-05-24,0.016110193827396202,0.01611181086614022,0.012962077943646344
2016-05-25,-0.0007081749990671682,-0.0007100149905000519,0.006783149285816359
2016-05-26,0.003866936687583866,0.0038652879728080514,0.0002869660238955518
2016-05-27,0.003955657192636908,0.003955740864151958,0.004298857794156508
2016-05-31,-0.002706899165007215,-0.0027081194291884714,-0.0019026541682207743
2016-06-01,0.002964943839141476,0.0029664782015523805,0.002049252249170852
2016-06-02,0.00038868024444194127,0.001232263781733467,0.003043726472393482
2016-06-03,0.005071158415265176,0.005082694803135945,-0.0029870750654420464
2016-06-06,-0.002673062067300336,-0.0026712759925924257,0.00508863170935725
2016-06-07,0.0008462038982701703,0.0008482940813090423,0.0015610184225285373
2016-06-08,0.004788182563050913,0.004790523980114703,0.0032597519890360527
2016-06-09,0.003930518763892277,0.0039319356594196275,-0.0013655892089041721
2016-06-10,-0.006991696357614097,-0.006988184886691506,-0.009477548339113961
2016-06-13,-0.005106636685708987,-0.005106304734040279,-0.007711728383551497
2016-06-14,0.0020549009236525695,0.002054721198130327,-0.00196662130130576
2016-06-15,-0.000252506148274656,-0.0002519773879287035,-0.0013942716251797993
2016-06-16,0.006544328202540806,0.006542538840908385,0.0029846349947801887
2016-06-17,-0.007049768522246258,-0.007044585467474329,-0.0037241532855220028
2016-06-20,0.0034438036811568207,0.003441468427238803,0.00644000255297561
2016-06-21,0.003223509334687291,0.0032226879499579475,0.002838254321963829
2016-06-22,-0.0015865292429874112,-0.0015844646400887674,-0.0016308816091090694
2016-06-23,0.007676343181652223,0.007674158993096647,0.013022457413687238
2016-06-24,-0.01177413543783934,-0.011759535543238608,-0.03590884453170007
2016-06-27,-0.0017088481539352385,-0.0017052963290918877,-0.017909980653237678
2016-06-28,0.011541109103544667,0.011535889444202363,0.018035967210669357
2016-06-29,0.010740254490062329,0.010739918998708964,0.017027639966891384
2016-06-30,0.01807755474734818,0.01807862021728912,0.01364551805723635
2016-07-01,-2.7782133901199657e-06,-2.731283842427601e-07,0.0021002757362003077
2016-07-05,0.005244482552480223,0.005937365868840194,-0.007193038961438969
2016-07-06,0.004368212918180792,0.004365829705454738,0.00599799182305083
2016-07-07,-0.0060660346935887954,-0.00606332939449894,-0.0006203768838818347
2016-07-08,0.014198067631199462,0.01419954804540513,0.01489040289792909
2016-07-11,0.0037370541249428513,0.0037380733685057344,0.003527039879044125
2016-07-12,-0.0007681452095199548,-0.0007634649829058038,0.0072633106417812066
2016-07-13,0.0033881652935165985,0.003387743597898174,-0.00013935143270060735
2016-07-14,0.0010958010222852366,0.001096778072131821,0.005583356847290943
2016-07-15,-0.002525082976108206,-0.002522777517428576,-0.001341848463770945
2016-07-18,0.0022959072841650663,0.002295755805089339,0.002687386084167631
2016-07-19,0.0013029899200407424,0.0013020002677472942,-0.001016758635208448
2016-07-20,-0.0004562979109126175,-0.0004571169491257576,0.004163043655225129
2016-07-21,-0.008006489130814365,-0.008014414891411525,-0.0037772648740920234
2016-07-22,0.010669491329005742,0.010669320277442607,0.0044853367153681045
2016-07-25,-3.059048848341739e-05,-2.8791375296433053e-05,-0.0027159040381125044
2016-07-26,0.00036423814865949034,0.0003652600946741913,0.0004616058179740534
2016-07-27,-0.0007594255603801114,-0.000762043022607406,-0.0010612283786834986
2016-07-28,0.004682041478192289,0.004683008406740186,0.0011546660301433587
2016-07-29,0.0023320063646634637,0.002331281901294835,0.0016146846083799904
2016-08-01,0.0009444800557210087,0.0009448459309964186,-0.0008289925569322509
2016-08-02,-0.007766753957198835,-0.006578383600949866,-0.006407486542837737
2016-08-03,-0.005374605147494327,-0.005369790229190263,0.0029224828482521392
2016-08-04,0.0015267160903100763,0.0015261895529870007,0.0010642761489254582
2016-08-05,-0.0032363805473040186,-0.003233006693225793,0.008179127429738031
2016-08-08,-0.0020573407329290694,-0.002059482568447457,-0.0005959863067186433
2016-08-09,0.002740384827480513,0.0027386590410760636,0.0005963417182168751
2016-08-10,-0.0020794588935623137,-0.0020895740740508595,-0.002475223891997058
2016-08-11,0.0021474037830970794,0.0021492229811701513,0.004640607085997894
2016-08-12,0.0039124872790459175,0.003911619896797003,-0.0008686098636662143
2016-08-15,-0.002988877393357847,-0.0029837724108763286,0.0028834706471354554
2016-08-16,-0.00985208712436314,-0.009848348656288364,-0.005157586969937289
2016-08-17,0.005223389681266788,0.0052261496131176255,0.001881134728282996
2016-08-18,0.008452484308840047,0.00845395002367666,0.0022437977310709734
2016-08-19,0.0013903302638316184,0.0013975325043535936,-0.0014620751538957366
2016-08-22,0.0009866280362313962,0.000982073090061819,-4.568741606691962e-05
2016-08-23,-0.0027827959615513986,-0.0027857800943601463,0.002013378642638841
2016-08-24,-0.008298809592123035,-0.00829754556807516,-0.0051148971780110575
2016-08-25,-0.00013241463381041818,-0.00013213947516066415,-0.0006882237570486893
2016-08-26,-0.00985319532771034,-0.009849835852792643,-0.0018840407559921335
2016-08-29,0.008315865414762369,0.008316237837341811,0.004924529175110326
2016-08-30,-0.009584467045104073,-0.009579805232498684,-0.0016484058269221613
2016-08-31,-0.001007424142366764,-0.0010073571113323743,-0.0028440845126229686
2016-09-01,0.0031348655521354907,0.0031362260571681233,4.593121701135239e-05
2016-09-02,0.002507019145553846,0.003707058882839176,0.004508156670794072
2016-09-06,0.007100784048232223,0.0070943046871507764,0.003022321942910855
2016-09-07,-0.0013886508574378897,-0.0013898427551811698,-9.158035471046322e-05
2016-09-08,-0.005762633684629814,-0.005761879952273508,-0.0022827489610784957
2016-09-09,-0.03460388392192093,-0.03459983962687174,-0.02393511101512147
2016-09-12,0.017163557339176627,0.017166491887083746,0.01434762401130274
2016-09-13,-0.01640196053004983,-0.016400473753223177,-0.014375607561062376
2016-09-14,0.001971249146393461,0.0019777948574917215,-0.0003753592525760352
2016-09-15,0.012515971534001968,0.012515135507821906,0.009993006445679464
2016-09-16,-0.002766097680006907,-0.0027682453279858077,-0.0038655791783077653
2016-09-19,0.005797219344759297,0.0057908701020426,0.00018782807107675659
2016-09-20,-0.0020908774479950765,-0.002091139610069459,4.6717958743336396e-05
2016-09-21,0.01674868452224132,0.016742199012390824,0.011245609198420103
2016-09-22,0.007583739797992095,0.00758394281635133,0.006301072026692278
2016-09-23,-0.00553808925260868,-0.005536322770696378,-0.005479141229618234
2016-09-26,-0.001702168438076468,-0.0017027841364528618,-0.008102224875268904
2016-09-27,0.003959480537576887,0.0039603001629267,0.006208016119474857
2016-09-28,0.0036150837933655033,0.0036131407060839837,0.00496315676662773
2016-09-29,-0.01010440848735561,-0.01010322211458925,-0.009046925544723305
2016-09-30,0.0021833485975122358,0.0021775980798834915,0.007546260577323993
2016-10-03,-0.008185990298548274,-0.00818291677451366,-0.002404227607703091
2016-10-04,-0.013493038456341533,-0.012381970390812236,-0.005097769630561522
2016-10-05,0.0036807972926529153,0.003684848919167427,0.004425268558121642
2016-10-06,0.0030073408602995233,0.0030107306626001584,0.0006955435166293711
2016-10-07,-0.007492170198527437,-0.007491298015051662,-0.003429343922579875
2016-10-10,0.006874757142512955,0.006876994172410722,0.005208704206040471
2016-10-11,-0.01671401246338078,-0.016718306290829266,-0.01263001504307315
2016-10-12,0.003507624634784934,0.003504819320390151,0.0013121665482085376
2016-10-13,-0.0006253480718723115,-0.0006325471792862913,-0.003275615920133923
2016-10-14,-0.002063117882640464,-0.0020631659011722814,0.0005164564394535276
2016-10-17,-0.00168695214429182,-0.00168684745887826,-0.0034722297909202116
2016-10-18,0.008421692120916147,0.008423565180997628,0.006262469117979563
2016-10-19,0.002152934866233025,0.002151201770745015,0.0026667939713751476
2016-10-20,-0.001461677510394055,-0.0014602178913009078,-0.001866385228815437
2016-10-21,-0.002158641301692521,-0.002157490775491211,0.00046740612906037704
2016-10-24,0.00804670299717447,0.008043757754906622,0.004253036908334229
2016-10-25,-0.004997198762426658,-0.0049997612015656445,-0.0033509198212964275
2016-10-26,-0.010148487511543514,-0.010146353369937855,-0.002007667596653828
2016-10-27,-0.013063094879075754,-0.013055196955306658,-0.0026667544968306256
2016-10-28,0.0031253427563291414,0.0031239183869826714,-0.00295551431699026
2016-10-31,0.006867282176598488,0.00686332047532856,4.716140861793505e-05
2016-11-01,-0.010619621826433834,-0.010617803863606778,-0.0072452815596660836
2016-11-02,-0.009884786131196921,-0.009157183372700772,-0.0060185317295770036
2016-11-03,-0.007702263830958955,-0.007703065850348745,-0.004577201362954919
2016-11-04,0.00031768783975882897,0.0003193766138649412,-0.0011017653234726144
2016-11-07,0.02504545994809204,0.02504747419703013,0.022056955057440986
2016-11-08,0.0053031335732429685,0.005302178872799157,0.004503640944656606
2016-11-09,-0.006082705454084958,-0.006088469703196209,0.010602523452654777
2016-11-10,-0.008575693082637947,-0.008577206962211092,0.0024953268874918777
2016-11-11,0.005921042067179361,0.005919136446679518,-0.0023047733956615968
2016-11-14,-0.0020170233327690967,-0.002015480022578564,0.0007853886179332026
2016-11-15,0.018237126232914846,0.01823381674833291,0.007802763045137606
2016-11-16,0.002830659334173369,0.0028280930636770396,-0.001878104440582673
2016-11-17,0.0047571873626692796,0.004756176624763686,0.005140389296738546
2016-11-18,0.00023978190351625628,0.0002413298013375087,-0.002237623088647611
2016-11-21,0.005379458543188553,0.005379028756816062,0.007551547631002187
2016-11-22,0.0052741454595301995,0.005274320536065691,0.0019535385709430475
2016-11-23,0.0020734644836064575,0.002075029904294201,0.0005441746620840071
2016-11-25,0.003393507166383092,0.0033926080187913765,0.00371518210909505
2016-11-28,-0.005687157188138614,-0.005685538310377769,-0.0046951465767332
2016-11-29,0.002136978943851231,0.002138778777263761,0.0019504527622593582
2016-11-30,-0.004090235313142454,-0.004093516546507248,-0.002399107003553169
2016-12-01,-0.023482525192166648,-0.023478834679120375,-0.003675418686641563
2016-12-02,0.005771415758233589,0.006888265799286586,0.0005010264654594643
2016-12-05,0.01057104549500365,0.010571978564224649,0.006008737423371935
2016-12-06,0.0021030635951337917,0.0021050869103449443,0.0031672418501833555
2016-12-07,0.014939646025929898,0.014940401816214477,0.013081016162097558
2016-12-08,0.0011585546147905301,0.0011621026634267562,0.0024486308589539707
2016-12-09,-0.000889649051465935,-0.0008887601819774771,0.0060402807063209
2016-12-12,-0.0015206745365772267,-0.0015205686943438046,-0.0011476523492913726
2016-12-13,0.006989243406440693,0.006984068405137878,0.0066738084134938536
2016-12-14,-0.01060740229348911,-0.01061248458524866,-0.008254006407553471
2016-12-15,0.0029774279019056937,0.002975320996504882,0.004117251735652916
2016-12-16,-0.004736204826393142,-0.004744186039212117,-0.001956124392211933
2016-12-19,0.002384416146146151,0.0023832135252193076,0.002177652528619456
2016-12-20,0.004430336001522317,0.004434412385013964,0.0038573693270460563
2016-12-21,-0.0008969763515064288,-0.0008975100826583704,-0.0027828182529151535
2016-12-22,-0.003945376080960461,-0.003950736867907367,-0.0017271896375231632
2016-12-23,0.0028603150479773465,0.0028575495236624615,0.0014641058803039897
2016-12-27,0.005330450956349653,0.005327616331071372,0.002481414183370223
2016-12-28,-0.014517778013458105,-0.01451575738442168,-0.008264775523578405
2016-12-29,0.005691937307813699,0.005689367212905916,-0.0002227478600295152
2016-12-30,-0.009362352459185708,-0.009360631231343453,-0.0036550189132423805
2017-01-03,0.0,0.0,0.0
2017-01-04,0.006414297295513016,0.007923918741456148,0.00275084551898952
2017-01-05,-0.002273470182770798,-0.002273470182770687,-0.0007945375951906586
2017-01-06,-3.953806523460113e-05,-3.9538065234490105e-05,0.003577909182319594
2017-01-09,-0.006692368135086557,-0.006692368135086446,-0.003300677060958934
2017-01-10,0.00755587370835098,0.007555873708350536,0.0
2017-01-11,0.007496364047516524,0.007496364047516524,0.0028256907647170593
2017-01-12,-0.006202095959071174,-0.006202095959071285,-0.002509949065789052
2017-01-13,0.00448575850507571,0.00448575850507571,0.0022956897302053303
2017-01-17,-0.006987181145779564,-0.006987181145779564,-0.0035233858801857476
2017-01-18,0.0060607457946326715,0.0060607457946326715,0.0022099712104712843
2017-01-19,0.003963133264115237,0.003963133264115237,-0.003704931267826006
2017-01-20,0.003763756589080458,0.003763756589080458,0.003674519921334385
2017-01-23,-0.0016027425534272943,-0.0016027425534272943,-0.0026023009893492155
2017-01-24,0.022480809633516508,0.022480809633516508,0.006411821761518777
2017-01-25,0.009124056696535376,0.009124056696535598,0.00865547847575554
2017-01-26,0.0012366495514468667,0.0012366495514466447,-0.001045791929342954
2017-01-27,0.0014616453761142623,0.0014616453761144843,-0.0015694006681764572
2017-01-30,-0.009923944346898472,-0.009923944346898472,-0.006201825094785729
2017-01-31,-0.0020808609912128517,-0.0020808609912127407,-8.805307852055577e-05
2017-02-01,-0.0004626505875857667,-0.0004626505875856557,0.00039557113344046435
2017-02-02,0.0015872181629199567,0.0029247065032669273,0.0006594147175433829
2017-02-03,0.015086087690077576,0.015094866432295628,0.006892698686812304
2017-02-06,-0.0037607718595669137,-0.0037603880790577637,-0.0017877462933811872
2017-02-07,-0.0018723904139759107,-0.0018672137698633184,4.35283709543377e-05
2017-02-08,-0.007262900896358171,-0.007277615018214778,0.0013106047022404255
2017-02-09,0.008454206374138407,0.00846126510615175,0.0059326188579080785
2017-02-10,0.002219581164900175,0.002216759239000554,0.003946183698355865
2017-02-13,0.004920645506009125,0.004927734519159177,0.0054427883821197565
2017-02-14,0.0026269671227465707,0.0026344128577735493,0.00399493877253243
2017-02-15,0.0008676827389977326,0.0008754942965336632,0.00522084519485988
2017-02-16,-0.002181692330569529,-0.002183318208429874,-0.0008516207220197192
2017-02-17,-0.0026389709611785994,-0.0026366626162046547,0.0015761941706546878
2017-02-21,0.008684138971723154,0.008682208450011775,0.005955147799732385
2017-02-22,-0.008003581304396157,-0.007998574820800797,-0.0008878789390097674
2017-02-23,-0.00782591097658214,-0.007818687342924235,0.0006771949125281562
2017-02-24,-0.004389627965877496,-0.004393365671440552,0.001268956307289848
2017-02-27,0.00468426078229367,0.004688435998979612,0.001562669992039245
2017-02-28,0.0005552219983713247,0.0005490353208892351,-0.0026990730228516613
2017-03-01,0.026491435254738738,0.026498464035012326,0.013997461658209032
2017-03-02,-0.015531611328984729,-0.014867322198702904,-0.0062974429680603405
2017-03-03,0.006620939486164934,0.0066217048210910345,0.0006297170068023661
2017-03-06,-0.0033762593629311777,-0.003375954955167404,-0.002978377428373591
2017-03-07,-0.006232581120055536,-0.006232866875599763,-0.0029863779617934627
2017-03-08,-0.008048985167163236,-0.008046341778595312,-0.0018567031119507416
2017-03-09,-0.0006424534405632398,-0.0006430673912295459,0.0012681624911941025
2017-03-10,0.00651155710725515,0.006521200673763605,0.003504121576205277
2017-03-13,0.005594402362546935,0.005595165402135782,0.000504883341382989
2017-03-14,-0.007229555143422717,-0.0072266739269126745,-0.003826542521268017
2017-03-15,0.011009282084929684,0.011009386588096026,0.008653552360811112
2017-03-16,-0.0032757080659259197,-0.0032762653350175697,-0.0019671064593972387
2017-03-17,-0.0024546963014929757,-0.002452767634619879,-0.0017560240802324545
2017-03-20,-0.0012003939200749825,-0.001200790294088816,-0.0010969834224331398
2017-03-21,-0.029241752514652997,-0.029241558318015115,-0.01283935932503033
2017-03-22,0.007666276905645031,0.007666957723586609,0.0023528977341129576
2017-03-23,0.0009174021146052258,0.0009150785166562869,-0.0010668306117275206
2017-03-24,0.003128279995598282,0.0031311351329985637,-0.0007268422746218306
2017-03-27,-0.005122687485602628,-0.005121852528035542,-0.0010260180697763133
2017-03-28,0.01138924546435871,0.011388720325659296,0.0072768650983841
2017-03-29,0.007285538697466842,0.0072843099829100755,0.000934799992784896
2017-03-30,0.007366589045366467,0.007366667097657986,0.0031844221163634945
2017-03-31,-0.0027845880796841804,-0.0027876350993759624,-0.0023276304964056083
2017-04-03,-0.0023401925855548456,-0.0023385080952930126,-0.001739405083699186
2017-04-04,7.96734261121479e-06,0.0008859258107447587,0.00063722725354598
2017-04-05,-0.01014304503824337,-0.01014178759928408,-0.00297245933100021
2017-04-06,0.007065032091676526,0.007059065004667131,0.0028110008695301225
2017-04-07,-0.0004375185401723769,-0.0004375579350597292,-0.001019432926068431
2017-04-10,-0.005018780596525718,-0.005019922070966909,0.0005956206952661969
2017-04-11,-0.0017836665705674992,-0.0017804274706127998,-0.0011898559314651447
2017-04-12,-0.01126380318302811,-0.011263183157704915,-0.004381821437653977
2017-04-13,-0.010104087760081204,-0.010105003628676612,-0.006494801997070532
2017-04-17,0.011743330397015583,0.011747130924128157,0.00885960282320064
2017-04-18,-0.005687281323407345,-0.00568660135580068,-0.002984367244703412
2017-04-19,0.000766591121000415,0.0007652754103040227,-0.0018384650816789527
2017-04-20,0.01275335070771555,0.012753750861771218,0.008139344597635212
2017-04-21,-0.006751748938377489,-0.006754393207776377,-0.0031869020707160356
2017-04-24,0.016984836574166717,0.01698914615121172,0.01099776044563705
2017-04-25,0.009486645930628645,0.009485351788732554,0.005818589434265498
2017-04-26,-0.005555660609862789,-0.005564949085562154,-0.000628922377870822
2017-04-27,-0.0021103842091080294,-0.002111326863991514,0.0008390414363321774
2017-04-28,-0.003828954674985452,-0.003831253268794743,-0.002179382399111529
2017-05-01,0.007243887567080387,0.0072462817239866695,0.0025201358295641185
2017-05-02,-0.010259838128311771,-0.009300973381723532,0.00037716273000909517
2017-05-03,-7.862582149809061e-05,-7.854289699116279e-05,-0.0012146134935870911
2017-05-04,-0.002753301343357273,-0.002750695560186256,0.0011741154995335013
2017-05-05,0.006407323171181201,0.006406510070225302,0.003936881598367581
2017-05-08,-0.001417857443100412,-0.0014153741655228425,-0.00016704575378767572
2017-05-09,0.003810821881234716,0.0038177173934748065,-0.0009177244124360939
2017-05-10,0.012841313622930173,0.012833919200966548,0.0017960666612844012
2017-05-11,-0.002606377050014319,-0.0026071013938469,-0.00204294264254945
2017-05-12,-0.0017018333114473538,-0.001697622043922431,-0.0016709172261326621
2017-05-15,0.011283677214593668,0.011281045349211594,0.0055234185620463006
2017-05-16,0.0067940978645024686,0.006796230760967692,-0.0009156479307579346
2017-05-17,-0.03964797060180836,-0.03964243233506137,-0.017743944801854705
2017-05-18,0.008688817253062586,0.008689422358294951,0.004028486722193136
2017-05-19,0.007868144482138462,0.007866951764065488,0.006504049372601628
2017-05-22,0.007743619241401545,0.0077452273395473,0.00507741280822227
2017-05-23,0.0034916928282229254,0.003488404040560278,0.0022130998350069486
2017-05-24,0.0022893515807016485,0.0022867659467542545,0.0023326513650256953
2017-05-25,0.011069420812655384,0.011085134739558189,0.0047793295046363315
2017-05-26,-0.0005577565775802817,-0.0005601286808929462,-0.00020651590980869106
2017-05-30,0.0005423258128920416,0.0005436820989439539,-0.0008690386487688606
2017-05-31,-0.0011679085645341925,-0.0011674010528319734,-0.0002481884040724802
2017-06-01,0.0015538620808268622,0.0015473976203210782,0.007952131478014213
2017-06-02,0.0032755091166851713,0.004102005724359925,0.0033285322605132173
2017-06-05,-0.0036809157547335047,-0.0036830017155211614,-0.0007370751098079165
2017-06-06,-0.0006853930480535952,-0.000689222120013544,-0.003197072952353941
2017-06-07,0.007292808847521037,0.007290906975835565,0.0018501068745409022
2017-06-08,0.010768336448768956,0.01076501099544469,0.0004927023723459989
2017-06-09,-0.016649128367102972,-0.016643197377218977,-0.0015180064115530856
2017-06-12,-0.0062024741795109195,-0.006200307866980781,-0.00020526131618348042
2017-06-13,0.007296923092108276,0.007298110651615453,0.004889637945718395
2017-06-14,-0.01123256132803252,-0.011228670384690997,-0.0012672663503431325
2017-06-15,-0.00618839316374431,-0.006184050601130586,-0.0019244196074722497
2017-06-16,-0.001084161934438388,-0.0010822341121090595,0.00021838018204922705
2017-06-19,0.016986090624707684,0.01698336704587189,0.00832535924038269
2017-06-20,-0.009998927287812931,-0.010000079361645708,-0.006744076434880397
2017-06-21,0.005300040174280651,0.005297127232163579,-0.0002469701255956025
2017-06-22,-0.0012220348298465078,-0.0012238687612826649,-0.00045305944800644316
2017-06-23,0.003028503057955989,0.0030291558952437736,0.001194331740263177
2017-06-26,0.0002456775816130907,0.0002439074222604365,0.0006580207993931442
2017-06-27,-0.014737133188259643,-0.01473309950257462,-0.008056213726402639
2017-06-28,0.014805297238454918,0.014802644964227563,0.008950486731214014
2017-06-29,-0.01301497972431842,-0.01301281610069116,-0.008788756428805167
2017-06-30,-0.0006757296367858601,-0.0006722189295595982,0.0018644326242092113
2017-07-03,-0.0027720040202365848,-0.002768262708173541,0.0016958077053925713
2017-07-05,0.011709320880543883,0.012458726502385664,0.0023118927611947004
2017-07-06,-0.007225391821344629,-0.007223176660736352,-0.00914453699877471
2017-07-07,0.011800360217649963,0.011798326433438255,0.006485062479682835
2017-07-10,0.00631586823437047,0.006316183976426748,0.0010739886122603792
2017-07-11,0.0021309018044546324,0.0021279524117254756,-0.0007426491027647808
2017-07-12,0.009188570839863353,0.00918262030618422,0.007514636743868319
2017-07-13,0.0004913291906174511,0.000493431151886714,0.0016802325883327196
2017-07-14,0.009346020998355575,0.009343190950857672,0.004664140212380374
2017-07-17,9.259749960288666e-05,9.386352898643757e-05,-0.00012220277489904952
2017-07-18,0.0031146684690848137,0.0031121172338672842,0.0005296578656774908
2017-07-19,0.0035527953866503204,0.0035526972743524787,0.005413921746416861
2017-07-20,0.00012368334429146977,0.00012435584376446762,0.000445435060221433
2017-07-21,-0.0022006865451257296,-0.002201199631694184,-0.0008904022458564587
2017-07-24,0.0030992135242682295,0.003101000551857025,-0.00024309875776518108
2017-07-25,-0.0026682790037528825,-0.002662629191421906,0.0024307230038966843
2017-07-26,0.0025983253256245398,0.002598103434230614,4.047546507490729e-05
2017-07-27,-0.010867278766864996,-0.010864877345955093,-0.0009292619935543645
2017-07-28,-0.004049402708137362,-0.004043149880753494,-0.0011730527651607758
2017-07-31,-0.005649260533425737,-0.005649012014963595,-0.0005669713323782632
2017-08-01,0.0027205418866131925,0.0027230361255121682,0.0022286611472213114
2017-08-02,-0.0015948295470075147,-0.0007448119111681528,0.00048497668197966526
2017-08-03,-0.0035774685799564443,-0.0035782019382247787,-0.0019397487893374477
2017-08-04,0.0039708144691359415,0.003971669708652481,0.0018220799862256332
2017-08-07,0.005864003206346835,0.005858786055853882,0.0018594565555216658
2017-08-08,-0.0015416181983461952,-0.0015416821880052112,-0.0024611118621885586
2017-08-09,-0.005258373467737387,-0.005258027939600729,-4.0430467745489196e-05
2017-08-10,-0.025991519505036198,-0.025982278043031992,-0.014115145929636919
2017-08-11,0.0017899172249402628,0.0017873495209361767,0.0014767562337769657
2017-08-14,0.018459860513655446,0.018454338720235608,0.009913122207047653
2017-08-15,0.002494559009498909,0.0024958213293031495,-0.0001214314606141631
2017-08-16,0.001774315988485764,0.0017748825005798885,0.001744156034887645
2017-08-17,-0.024929237076264044,-0.02492343207624692,-0.015590818088710212
2017-08-18,0.00013363767607255106,0.00013303280586485222,-0.0015630745732605478
2017-08-21,-0.005031848018884233,-0.005030237582231645,0.0007825795131821689
2017-08-22,0.015530152175585066,0.015526554696280837,0.010457077139737647
2017-08-23,-0.0015846693452983285,-0.0015879557106658337,-0.0035854826138762563
2017-08-24,-0.001661423370864279,-0.001661972511328158,-0.002330339201413567
2017-08-25,0.0011420331660771943,0.001146052255551755,0.0023357823666285693
2017-08-28,-0.0015673850596698014,-0.0015686385366129318,4.0948797307205353e-05
2017-08-29,-0.006543174800309304,-0.006542301574610887,0.0011448642199956005
2017-08-30,0.008275107099962264,0.008270941515429175,0.004737533676253625
2017-08-31,0.003998339479709845,0.003996385473799435,0.006016116427005613
2017-09-01,0.0057226788523430105,0.0057225821104249786,0.001414177905088021
2017-09-05,-0.01632980917559501,-0.015182945527126401,-0.007181982714383972
2017-09-06,0.001000709916992193,0.000997774402887286,0.003413722885612147
2017-09-07,-0.0026722045983059717,-0.00267139222531676,-0.0001216108201410604
2017-09-08,-0.0019946853110398566,-0.001994116862303108,-0.001174621083821048
2017-09-11,0.014916829321759417,0.014907451309113862,0.010665891039904896
2017-09-12,0.004792789155923849,0.00478662006409758,0.003370856505470421
2017-09-13,0.0020070830795149153,0.002002958487623774,0.0004798929229237192
2017-09-14,-0.001587840768677462,-0.0015928845843667938,-0.0003198220590546752
2017-09-15,0.004048112042118079,0.004043227383268677,0.0013461314344491715
2017-09-18,0.008977754964745177,0.008973728543686388,0.0021268930704736455
2017-09-19,0.0008404006600879477,0.0008430943824977444,0.0010012624308339824
2017-09-20,-0.0005134065729121007,-0.0005172500813291903,0.00035983329965727506
2017-09-21,-0.0004359708038399468,-0.000438760568737373,-0.002679429617243101
2017-09-22,-0.0007793112454924644,-0.000782523241166011,0.00020055962877929545
2017-09-25,-0.011952501507181967,-0.01194829278259324,-0.002044581868579809
2017-09-26,0.002461717747279213,0.0024625367569903744,0.000602720339240026
2017-09-27,0.01626324370297949,0.01625411960098555,0.0038944047357221123
2017-09-28,0.004537462424850203,0.00453867184642065,0.0011998310109004873
2017-09-29,0.00872334575528777,0.008722971683782221,0.0035148714845603113
2017-10-02,0.0012032457503252658,0.0012042462264834075,0.004338727464618941
2017-10-03,0.0033002170071765313,0.004283626992926282,0.0021399330624551904
2017-10-04,0.0016017016828857589,0.0016025738600315975,0.0011864977648667896
2017-10-05,0.0057065984488731125,0.005703756943098659,0.005925181568549043
2017-10-06,0.003515489929867721,0.003513121973119926,-0.0011387742844010118
2017-10-09,0.0016464733510501706,0.0016446846028881357,-0.0016510707346215625
2017-10-10,0.0006901388984950074,0.0006887677615774468,0.0026382478492343875
2017-10-11,0.003427249312934366,0.003429542670019936,0.0015709011252587057
2017-10-12,-9.165179566839043e-05,-8.951745239782483e-05,-0.0014900806420820034
2017-10-13,0.0033391146244936554,0.0033381459968486737,0.0012174061360679111
2017-10-16,0.003612888566114636,0.003610346928619279,0.0013335274125303442
2017-10-17,-0.0008244423157413028,-0.0008265745397997293,0.0007051498232426567
2017-10-18,0.002511292721831593,0.002509578520901945,0.0009786579758328529
2017-10-19,0.002048898284445766,0.0020494506444228566,0.0002735316864954651
2017-10-20,0.008652338780658742,0.008650597524981762,0.005160831196651783
2017-10-23,-0.002438727858717571,-0.002438398510928641,-0.003889525010949524
2017-10-24,0.004986295012109565,0.004985333307550466,0.0017569223135767142
2017-10-25,-0.009881870774358315,-0.00987844175786945,-0.004950114204787415
2017-10-26,0.00392514451051218,0.003927824362083943,0.0012928547104611443
2017-10-27,0.015319356691051889,0.015317078366620107,0.00817606874263932
2017-10-30,-0.0046368424524214635,-0.004633904306803549,-0.0037248490967894954
2017-10-31,0.00679560769920351,0.006794514650269257,0.001557595743367557
2017-11-01,-0.00450363231585349,-0.004501939611191608,0.0013223911599951066
2017-11-02,0.0061911597613293345,0.0071445589933230025,0.0003880928541741824
2017-11-03,0.005733707063581228,0.005732750311165269,0.0033387785311129736
2017-11-06,0.00551115086440257,0.005508736693302652,0.0015475540846028313
2017-11-07,0.0010103026290382289,0.0010131176961891697,-0.0006952488643849897
2017-11-08,-0.002169139840971779,-0.0021703673445189198,0.0017008752107221525
2017-11-09,-0.011049760127492814,-0.011046619184486794,-0.0036276716075827053
2017-11-10,0.003770577169522671,0.0037655487365861884,-0.00030987363355927666
2017-11-13,0.003582166838169698,0.0035817199785237452,0.0009299090549756972
2017-11-14,0.0002200022296319215,0.00021936759186824695,-0.0023225450250289326
2017-11-15,-0.006620007071205802,-0.006622290811613918,-0.005005446315905493
2017-11-16,0.012656215484910582,0.012653545005234967,0.008501159758154131
2017-11-17,-0.0011190926580812999,-0.0011172911740414682,-0.0029388127245350004
2017-11-20,0.0050812716518489065,0.0050809364344786,0.0017063541384387815
2017-11-21,0.007687145257436079,0.007683033411926665,0.006542786811286394
2017-11-22,-0.0030371500567761833,-0.0030362176531412155,-0.0008843135586729112
2017-11-24,0.003628997333303019,0.00362891291495826,0.0023095564843853555
2017-11-27,-0.002166888496632269,-0.0021646046538530417,-0.0004992418882107108
2017-11-28,0.008014969995348231,0.008016800989447015,0.010145217896162073
2017-11-29,-0.020853780411963174,-0.02084165387885506,-0.0006089327367835295
2017-11-30,0.009701240116530618,0.009703577621261728,0.008755041755306836
2017-12-01,-0.0067797429397721265,-0.006778202901442487,-0.0020754609749101816
2017-12-04,-0.0233283344270524,-0.02215413026794255,-0.0012102124848367701
2017-12-05,0.0005267036756182453,0.0005257730447760789,-0.0035965811494327316
2017-12-06,0.004607834686702006,0.004606123558615227,0.00019017663803100326
2017-12-07,0.012316463960478696,0.012313863960598415,0.00315288571772232
2017-12-08,0.0027807140305808886,0.0027771378586494144,0.005453104620037896
2017-12-11,0.001001439844853902,0.0010063467675676119,0.003013006009587871
2017-12-12,-0.005330854394814066,-0.005333527627368051,0.0017650595286711201
2017-12-13,0.00193479838174615,0.00193789074569084,-0.00011245229639667009
2017-12-14,-0.003942196637396589,-0.003940239284642377,-0.004086357582188782
2017-12-15,0.009534845332432651,0.009533279425690155,0.008327217860012448
2017-12-18,0.006778840286405963,0.006775037173814447,0.006341542921576515
2017-12-19,-0.0038220895828936507,-0.003823581295504086,-0.0038405102333698427
2017-12-20,0.00018154407910575543,0.00018087137782241136,-0.0005242161035560189
2017-12-21,-0.006822349502669689,-0.006819443887052468,0.00205998786453776
2017-12-22,0.0009851995538445735,0.0009838542247546656,-0.0002616412957743286
2017-12-26,-0.0032863476412313686,-0.00328653177647642,-0.0011965177880248756
2017-12-27,0.0033326841076994906,0.0033327232435120813,0.0004869407346761445
2017-12-28,0.002749418707512774,0.0027498728392914007,0.002057165756028212
2017-12-29,-0.00728077314920883,-0.00727939536763178,-0.003770438603515225
2018-01-02,0.0,0.0,0.0
2018-01-03,0.010623243654686032,0.012139178520168104,0.004108092076632097
2018-01-04,0.0033225610765788005,0.0033225610765785785,0.004214713307501228
2018-01-05,0.010287021931623785,0.010287021931623785,0.006663891916109943
2018-01-08,0.008355866386072552,0.008355866386072552,0.0018287585586245214
2018-01-09,0.00177081492472686,0.001770814924726638,0.002263566978269349
2018-01-10,-0.003824654380291004,-0.003824654380291115,-0.0015299230506967687
2018-01-11,0.006912143401479387,0.006912143401479387,0.00729616287367052
2018-01-12,0.007416706995071465,0.007416706995071465,0.006519203886003355
2018-01-16,-0.003001973757390086,-0.003001973757390086,-0.003418673849963194
2018-01-17,0.01697436316456935,0.016974363164569573,0.009531758310115324
2018-01-18,-0.0018329357405408864,-0.0018329357405409974,-0.0016808410972969368
2018-01-19,0.007341596955211971,0.007341596955211971,0.004549713333354077
2018-01-22,0.0102247416570862,0.010224741657085978,0.008130557691373275
2018-01-23,0.00911248236009854,0.009112482360098761,0.0021227699435746317
2018-01-24,-0.001474066694081233,-0.0014740666940816771,-0.00038822709932162525
2018-01-25,0.002696052007112204,0.002696052007112426,0.00042381920542133855
2018-01-26,0.010635075416143502,0.01063507541614328,0.011577761894707495
2018-01-29,-0.013861807259300307,-0.013861807259299863,-0.006630127841302125
2018-01-30,-0.011168230240866994,-0.011168230240866994,-0.010256882954202573
2018-01-31,0.002100777717950475,0.002100777717950253,0.0004970713419818473
2018-02-01,-0.004282493800274012,-0.004282493800274123,-0.0011355632741827382
2018-02-02,-0.024711533289885512,-0.02347015534448693,-0.02176990483455743
2018-02-05,-0.03878364481971097,-0.0387802555524045,-0.04182224417093183
2018-02-06,0.01945216225118096,0.019453847835326554,0.01970183311049012
2018-02-07,-0.0007936543929440987,-0.0007931472189163236,-0.005424497381336324
2018-02-08,-0.04222866680656434,-0.0422295355582728,-0.0375092703984079
2018-02-09,0.015755803643200395,0.0157593060700727,0.015021660237433787
2018-02-12,0.014066793328140648,0.01406202288066738,0.014684543672399908
2018-02-13,0.006173898088983609,0.006173391227198399,0.00248740145184545
2018-02-14,0.02229297208903125,0.022297187130113638,0.013496201843272049
2018-02-15,0.007060773901223394,0.007060362274408982,0.012760258571196115
2018-02-16,-0.0007871535266833485,-0.0007876108151320116,0.0002928584342496432
2018-02-20,-0.0035102884228249698,-0.003511236380597804,-0.006261214234073664
2018-02-21,-0.0034796545944725255,-0.0034747520302361723,-0.004974211832767805
2018-02-22,0.0037195850310736134,0.003720209575760469,0.001296176823578854
2018-02-23,0.014817533430353746,0.014816249607841891,0.015939238904999042
2018-02-26,0.006147739995474133,0.006141708030983795,0.01161231789491679
2018-02-27,-0.011674143906123535,-0.011675727445558226,-0.012486532226350877
2018-02-28,-0.010271861749889588,-0.010274120407529508,-0.010129819402294626
2018-03-01,-0.01417578473427017,-0.014172178345113196,-0.014540916580615404
2018-03-02,0.006236287165044319,0.007329665318754897,0.005154848195324746
2018-03-05,0.014294551909612707,0.014290997747476109,0.011558126675881963
2018-03-06,0.009091324148963853,0.009088558815631753,0.002534971240559347
2018-03-07,-0.001202930394272217,-0.0012009274677677872,-0.0003665775519043901
2018-03-08,0.004813852721288203,0.004808435849129156,0.004839052341124805
2018-03-09,0.02083447196712873,0.0208371434051986,0.017402475797139383
2018-03-12,-0.001343002379303071,-0.0013439633625483838,-0.0012549941877011417
2018-03-13,-0.0056057336010116865,-0.005606542618858401,-0.006463089957696511
2018-03-14,-0.0027458994597285846,-0.0027462946758709528,-0.0051315817477212144
2018-03-15,-0.0038738915428413456,-0.0038705209769879234,-0.0010893697775582467
2018-03-16,0.005279861988559009,0.005283761278199517,0.0010845385680275932
2018-03-19,-0.012536208137801541,-0.012534563147296618,-0.013530684374158608
2018-03-20,0.009823335015733958,0.009823099234321786,0.0017006838729141105
2018-03-21,0.0007010445399535659,0.0006997115086941896,-0.0019192203215481207
2018-03-22,-0.03105432276453257,-0.03104981251267791,-0.024997006281226364
2018-03-23,-0.021812709416843434,-0.02181334471030849,-0.021314665920538767
2018-03-26,0.028864214208679684,0.028869339281625495,0.027359041341031398
2018-03-27,-0.02455721374809061,-0.02456007004146432,-0.017011694099533403
2018-03-28,-0.009608827143462229,-0.009606970349982147,-0.0029548072322920227
2018-03-29,0.023068090684005282,0.02306447133201317,0.01277765629043004
2018-04-02,-0.025296282866184794,-0.02529921153985004,-0.021584575176795462
2018-04-03,0.009088681587892111,0.010204863528751273,0.012816721761802263
2018-04-04,0.012627754216719689,0.012630665148502862,0.010699054971383015
2018-04-05,0.010342177901959015,0.010339523473957168,0.007892464780515418
2018-04-06,-0.025587677197893455,-0.025585540585777222,-0.022285970943954014
2018-04-09,0.005192795756976842,0.00519375021972146,0.004928401332611632
2018-04-10,0.022016366202493254,0.022004373952208223,0.01590038551104045
2018-04-11,-0.0053578473787671,-0.005356217493581394,-0.0052424378802266025
2018-04-12,0.012597339557342657,0.012596961813471586,0.008227174474605414
2018-04-13,-0.007245107555282404,-0.007246712230390084,-0.00293297847576357
2018-04-16,0.0090020432922584,0.009001506693616435,0.008221875239717624
2018-04-17,0.017987544763462537,0.01798085759997714,0.010698321637781838
2018-04-18,0.009030016938690544,0.00902399918881902,0.0007403267123571311
2018-04-19,-0.007217609925582291,-0.007211297139591455,-0.005547636737814443
2018-04-20,-0.010416734397476257,-0.010412167455834398,-0.00847946939613764
2018-04-23,-0.002710802372050014,-0.002706378214161975,-0.00014991035972367062
2018-04-24,-0.02463845588800684,-0.024629362523512777,-0.013467718640062798
2018-04-25,-0.00046613440726517297,-0.0004688199854666619,0.002471797644137075
2018-04-26,0.01409808776033139,0.014090289931539157,0.010165758222081767
2018-04-27,-0.0033510102986792356,-0.003350625668327889,0.0009390542700380422
2018-04-30,-0.009151345210477335,-0.009150778519278924,-0.0076910025732381815
2018-05-01,0.00047591498520893616,0.0004755263279550004,0.001776924260432411
2018-05-02,-0.007758258004218366,-0.006695411811385332,-0.006717451541688013
2018-05-03,0.007764570832817785,0.00775899462390095,-0.002203610149055568
2018-05-04,0.011672415332466324,0.011670069510263392,0.012946682930007558
2018-05-07,0.0071825769839168885,0.007176789871305322,0.0033832361756540585
2018-05-08,0.00552421006837811,0.005524914812370607,0.0
2018-05-09,0.015309519495727564,0.01530921469993074,0.00966569159316566
2018-05-10,0.008812564366765141,0.008809252867674644,0.009350416423010266
2018-05-11,0.0012903481137553907,0.0012908277954319924,0.00305124763912068
2018-05-14,0.0022576115783670136,0.0022622109280905356,0.00047671839649621184
2018-05-15,-0.004266269792346122,-0.0042638873136990885,-0.006887094461925702
2018-05-16,0.007016550815607259,0.007015090875124752,0.004205045516890715
2018-05-17,0.001990512466358396,0.0019938288488723366,-0.0008449713716942586
2018-05-18,-0.0027076444120895937,-0.00271709802838338,-0.0024996065056120953
2018-05-21,0.010267432875065596,0.01026862776713755,0.007518314157885175
2018-05-22,-0.0050500636960878476,-0.005048564571987213,-0.0027803393517307207
2018-05-23,0.006848057797464335,0.006839654580409027,0.002751868159878823
2018-05-24,0.005432220704668644,0.005427138150618571,-0.00204882529974193
2018-05-25,-0.008216248105530122,-0.008220951330256687,-0.002382692292155264
2018-05-29,-0.004765727157884259,-0.0047630363978227175,-0.011501339232849128
2018-05-30,0.015513671818602637,0.01551749973964145,0.013344620071841451
2018-05-31,-0.014782145889488896,-0.014779743321589711,-0.00612563929830956
2018-06-01,0.01386711790683881,0.013870383790047347,0.00981801516332137
2018-06-04,0.0043652015735473615,0.005434372502223672,0.004750878734008923
2018-06-05,0.0035857790603843753,0.0035837082793375163,0.0007276426493036947
2018-06-06,0.005420602193152879,0.005428483720177235,0.008360670536741166
2018-06-07,-0.00699628472807956,-0.006996918088029713,-0.00010798129408629009
2018-06-08,0.004703521315656545,0.0047030242932928346,0.002956291509401243
2018-06-11,0.002316798384750962,0.002314918158741186,0.0013299003048887759
2018-06-12,0.0023876767512498454,0.002386365639987398,0.0012926847153256205
2018-06-13,-0.0007024845607672692,-0.0007040177681630899,-0.0031914827424862624
2018-06-14,0.0035127589787422586,0.003511370617247822,0.0025180163948210765
2018-06-15,-0.005015757432756396,-0.005013498977756048,-0.001275458821172304
2018-06-18,0.002224460834907127,0.002223868437314813,-0.0020571180198599714
2018-06-19,-0.007274216804111222,-0.00727416276095616,-0.003832913579683961
2018-06-20,0.002342619761543041,0.002340919575738898,0.001706315984209228
2018-06-21,-0.01094978037812444,-0.010946069302264716,-0.006269102629588574
2018-06-22,-0.006660326089038104,-0.006664516465763826,0.00182352292280763
2018-06-25,-0.025353594489184506,-0.02534481342171191,-0.013612948154032356
2018-06-26,0.004928752232009392,0.004926225362636538,0.0022140063314155523
2018-06-27,-0.01436295181760594,-0.01436183122747059,-0.008284055286406411
2018-06-28,0.008186432993978476,0.008188448113158886,0.005717028481935893
2018-06-29,0.0016587246796473387,0.0016571286811981611,0.0014398674525986088
2018-07-02,0.003363201011960859,0.0033596532732178552,0.0021377807903133483
2018-07-03,-0.009551425023534454,-0.008488556572505468,-0.0035309002066936657
2018-07-05,0.0050905001840662045,0.005088709243445955,0.00815788258577732
2018-07-06,0.008653524360204834,0.008651864611137094,0.008458210097118446
2018-07-09,0.011297899163354774,0.011295896710800557,0.009004465912484605
2018-07-10,0.0032093721957362487,0.0032086559520614344,0.0035983287998042623
2018-07-11,-0.010492474805273821,-0.0104918070283061,-0.007314261685950507
2018-07-12,0.01180388377418673,0.011800050674630747,0.009065713442555579
2018-07-13,-0.0017899349617582772,-0.0017915881828288738,0.0007876908721797804
2018-07-16,-0.0025539382826990087,-0.002555826590489363,-0.0008943453865113415
2018-07-17,0.006108999886975219,0.0061100279765604615,0.004045320003391861
2018-07-18,0.006549333358239595,0.006546475966731746,0.002103646120768632
2018-07-19,-0.005903986501844538,-0.005897922598350647,-0.003771360588163075
2018-07-20,0.00016882426036590736,0.0001719633903844997,-0.0011429969807824625
2018-07-23,0.0015405844668450186,0.0015373482326150878,0.001859649926955198
2018-07-24,-0.0022983817628959846,-0.0022992509838093422,0.0050319713835722535
2018-07-25,0.013235150677782137,0.013234432228227844,0.008522239603585557
2018-07-26,0.0031644073121497307,0.0031638194124130603,-0.002359018545113667
2018-07-27,-0.010281908684140473,-0.010276496520891465,-0.006776530766738675
2018-07-30,-0.015163115639793445,-0.015159605286963362,-0.005222945006732482
2018-07-31,0.0040980396294283405,0.0040984632406297905,0.004929266458104209
2018-08-01,-0.00309757996166915,-0.0030974524887077415,-0.0016711394970367888
2018-08-02,0.013120223921697871,0.014447171649419221,0.005447984189256516
2018-08-03,-0.0002559692741046504,-0.00025456494968734145,0.0042845294653020005
2018-08-06,0.007815585625400745,0.007812136005686643,0.0036673428416968967
2018-08-07,0.009955082988208908,0.009948808309397483,0.003302320638059353
2018-08-08,0.0017739360655317782,0.0017741850235912793,-0.00042052121762747863
2018-08-09,-0.0014148737920116616,-0.0014147595589369955,-0.0013654078284350835
2018-08-10,-0.0021551968784652153,-0.0021530665999222043,-0.006700615806956356
2018-08-13,-0.007379083288779786,-0.007378936808533076,-0.0037432694368122466
2018-08-14,0.012957799675537895,0.012959438698248782,0.006380547457365715
2018-08-15,-0.01227419092276616,-0.012269773251247895,-0.007467328876730517
2018-08-16,0.0026925886261321974,0.002696882355885055,0.008091643033774742
2018-08-17,0.005793681517634264,0.00579627935073046,0.003520174601925552
2018-08-20,0.00866859100945927,0.008662767392994208,0.0021400789883696536
2018-08-21,0.0034257880900960824,0.003427006175301006,0.002345189066315756
2018-08-22,0.005244174853076489,0.005244460819948893,-0.0005937800140681793
2018-08-23,0.00416381700144508,0.004168529481050509,-0.0013278484670969926
2018-08-24,0.0069872303695515114,0.0069837481088528275,0.006018446897929186
2018-08-27,0.0031010266287612165,0.0030968861842137763,0.007894984483689083
2018-08-28,0.001435203778971328,0.0014333564703756796,0.00048340803859647785
2018-08-29,0.00704175658795303,0.007042070727955929,0.005380828247327996
2018-08-30,-0.004709247999925004,-0.004705838614941671,-0.004048134246127377
2018-08-31,0.0038376249618072844,0.0038428998632293876,3.4042176352055975e-05
2018-09-04,0.0009664461036658079,0.0009716692330237198,-0.0017219874859982776
2018-09-05,-0.012194524682548225,-0.011292739118990758,-0.002691256153824928
2018-09-06,-0.000523462033116151,-0.0005260894335238353,-0.003010309113196885
2018-09-07,-0.002518184808807833,-0.0025186698787876827,-0.0019435428851407588
2018-09-10,0.006227890875475817,0.006227254037902474,0.001738874157978687
2018-09-11,0.0032493887979407887,0.0032490394485538143,0.0032975621679642853
2018-09-12,0.0038843774490135985,0.003886883600398461,0.00024147750281433566
2018-09-13,-0.001736049510600579,-0.001735851518232523,0.005915188835533103
2018-09-14,0.004568437137456138,0.0045775851814533475,0.0001719204788774853
2018-09-17,-0.009344253764052901,-0.009340092685488521,-0.0052943474731736995
2018-09-18,0.010494226005896667,0.010493896280052928,0.00542570869345238
2018-09-19,-0.011759580286209492,-0.011759055195616819,0.0010660419838810498
2018-09-20,0.004845893254224798,0.004841409165262434,0.00810397001981955
2018-09-21,0.001951497338262831,0.001955098042094372,-0.0009140483798296684
2018-09-24,0.0029154352685185625,0.0029144331815729174,-0.003321905325580632
2018-09-25,0.003547116635161718,0.003545648822314007,-0.0009277444403889001
2018-09-26,-0.000480147736846237,-0.0004862647188108582,-0.002992148434981412
2018-09-27,0.0007410636774016766,0.0007404459151798548,0.0027940597809654744
2018-09-28,-0.0006409266772288147,-0.0006465568957760848,0.00010306826290351623
2018-10-01,0.002030154034972975,0.002038155963738353,0.0034742612062759193
2018-10-02,-0.01664948756525675,-0.015668447645706518,-0.0005827181502434664
2018-10-03,0.003393842439266992,0.0033946809146585544,0.0005489616448886014
2018-10-04,-0.017621614862578294,-0.01761954361747775,-0.007815787813559183
2018-10-05,-0.005614236416792817,-0.005615068238064347,-0.005597030889530452
2018-10-08,-0.01304762995247677,-0.013052459654526949,0.0
2018-10-09,-0.0011167599551769047,-0.0011166292312947412,-0.0014590171604822455
2018-10-10,-0.045792131157000204,-0.04579319239044932,-0.031663474692038784
2018-10-11,-0.015550614975878618,-0.015552594809562614,-0.022026339969826503
2018-10-12,0.027243899668465188,0.02725068895664573,0.013888099858530678
2018-10-15,-0.009974117041554598,-0.009978055683146247,-0.005616912716155498
2018-10-16,0.029421471609329508,0.029429228225206217,0.021865855314946447
2018-10-17,-0.0016779836355877986,-0.0016772431024546508,0.00017818658803969711
2018-10-18,-0.015524995253947016,-0.015528436985837946,-0.014440967886746203
2018-10-19,-0.018908174829894264,-0.018906927674480545,-0.0005427313849886151
2018-10-22,0.010230797191374208,0.010230759088197816,-0.004488588264746518
2018-10-23,-0.012416420510376391,-0.012416963778062229,-0.005090636825545891
2018-10-24,-0.04241515061254275,-0.04241433305946829,-0.0302984910440115
2018-10-25,0.018361100267146657,0.018373664589732996,0.017940211525071526
2018-10-26,-0.021160286472473144,-0.021158622351773793,-0.01758709727625163
2018-10-29,-0.00807751399504697,-0.008078570858150669,-0.005540635399224891
2018-10-30,0.021629862231106634,0.021631195096145417,0.014818867257449186
2018-10-31,0.01452881123458849,0.014531722308607886,0.010680849563283523
2018-11-01,0.015447176914536564,0.015444092425215494,0.010641631660504913
2018-11-02,-0.0023703739572109583,-0.0014865710490250539,-0.0059228925402705634
2018-11-05,0.0003428172218027381,0.0003441034319853209,0.005516643266578525
2018-11-06,0.002627227245933561,0.002633702582491848,0.006327870044667838
2018-11-07,0.033325320297363126,0.03332393792968613,0.021409228814528225
2018-11-08,-0.0014517086116271338,-0.001454704165575027,-0.0018150877516831532
2018-11-09,-0.013403543094713144,-0.01340517999128954,-0.009767828065918138
2018-11-12,-0.027742052467471856,-0.02773696746565446,-0.018685488133020844
2018-11-13,-0.002050199509470274,-0.0020540655096253913,-0.0018709756843833247
2018-11-14,-0.007346424899539072,-0.007351069609825234,-0.00683685848543103
2018-11-15,0.008988457513028125,0.008996359519793717,0.010436673058951795
2018-11-16,0.0027282046283714223,0.002731179343740564,0.0026007865418542497
2018-11-19,-0.03988159674453329,-0.039874522447266525,-0.016914887527615607
2018-11-20,-0.017061158234571328,-0.017063725943366692,-0.018505862442727894
2018-11-21,0.01214979372669922,0.012144584712647566,0.0034076602222188335
2018-11-23,-0.0019245164045140761,-0.0019238295560831675,-0.006678799042735495
2018-11-26,0.020374187272439448,0.020373204285424773,0.016144262427891798
2018-11-27,-5.4647726267065266e-05,-5.305710484582171e-05,0.0033645384755796037
2018-11-28,0.036170019427069544,0.03616384942077189,0.02302525762189922
2018-11-29,-0.0024010252132390386,-0.00239793523947629,-0.0021851896556832617
2018-11-30,0.0030365854949681026,0.003033597663415266,0.006095219537697094
2018-12-03,0.022178526522840913,0.02217784642926479,0.013241315865513359
2018-12-04,-0.028079818487878216,-0.02661232848223538,-0.032402384973374554
2018-12-06,0.0034219606265764035,0.0034245742006269175,-0.0015170253752517793
2018-12-07,-0.027514501820123827,-0.027510728552922692,-0.023235866825162543
2018-12-10,0.007872142514385727,0.00786561239423822,0.001897015380304623
2018-12-11,0.0009207502960191238,0.0009213482119729832,0.0002274374791173539
2018-12-12,0.007003806553003811,0.006996431136581327,0.005035240235142346
2018-12-13,-0.0008137796360773164,-0.0008103514360968678,-0.0003391754660617696
2018-12-14,-0.019556769613149227,-0.019544779612857943,-0.018464405343252444
2018-12-17,-0.028853111605960824,-0.028847128408010514,-0.019618786185908732
2018-12-18,0.004053760994279232,0.004049236925466326,-0.001096364794337723
2018-12-19,-0.012229758477302455,-0.012219377532366349,-0.014975824238063984
2018-12-20,-0.015869520953861294,-0.015859579064640528,-0.016277993963117243
2018-12-21,-0.01778293829433919,-0.01777433350230817,-0.020489440550005233
2018-12-24,-0.028150395100479453,-0.02815658224191253,-0.026422846529909227
2018-12-26,0.04873817092931798,0.04872676055956093,0.050524996530377564
2018-12-27,0.009164666235330632,0.009163576291962627,0.007677315346365177
2018-12-28,-0.0007500921983013553,-0.0007500363365049445,-0.001290218430713086
2018-12-31,0.011715394039902405,0.011712763559323047,0.00875904821779816
2019-01-02,0.0,0.0,0.0
2019-01-03,-0.01064113268130662,-0.009157094380328634,-0.017668112031938854
2019-01-04,0.022151646716326967,0.022151646716326967,0.03349559021641402
2019-01-07,0.010992682512494634,0.010992682512494634,0.007884684958124
2019-01-08,0.011909299005599339,0.011909299005599117,0.00939526667311985
2019-01-09,0.0026681221562827595,0.0026681221562829815,0.004673487204997828
2019-01-10,0.007515553743534076,0.007515553743534076,0.003527636366311926
2019-01-11,0.0036644402952143995,0.0036644402952143995,0.00038620038073133856
2019-01-14,-0.006071662329784733,-0.006071662329784622,-0.006100957264578044
2019-01-15,0.014531152551702231,0.014531152551702231,0.011460977902915781
2019-01-16,-0.00034455979964731487,-0.0003445597996470928,0.002419974861054719
2019-01-17,0.005837109242311067,0.005837109242311067,0.007586703308684051
2019-01-18,0.006743359724431741,0.006743359724431519,0.013310017539516661
2019-01-22,-0.008658644580797237,-0.008658644580797237,-0.013510722895772376
2019-01-23,0.003173340535144842,0.003173340535145064,0.002092363896330829
2019-01-24,-0.006225931664189943,-0.006225931664190054,0.0005315899726903162
2019-01-25,0.004888232031546869,0.004888232031547091,0.008461538012364933
2019-01-28,-0.00545305663629414,-0.005453056636294251,-0.007600298931966898
2019-01-29,0.0015986014635733792,0.0015986014635733792,-0.0013271787299771187
2019-01-30,0.016298605793108045,0.016298605793108045,0.015830981782868125
2019-01-31,0.010518828179490791,0.010518828179490791,0.008782701483493582
2019-02-01,0.0007490214929293249,0.0007490214929293249,0.0004811846721017865
2019-02-04,0.004930559640475396,0.005699915295497959,0.007035429145981764
2019-02-05,0.0007126205803567043,0.0007160263656191823,0.004191829484902154
2019-02-06,0.0019557507944358843,0.00195491069085052,-0.001318167075939236
2019-02-07,0.0036131542964705776,0.0036130575971979884,-0.009532570629879666
2019-02-08,0.0035734757910359516,0.0035736378583659523,0.0012215223657656704
2019-02-11,0.0022906465356056227,0.0022905524498941787,0.0005545083055178424
2019-02-12,0.006801079291854917,0.006802453632665406,0.012859346049142628
2019-02-13,0.001270511125251117,0.001268186796277826,0.0032470560493027545
2019-02-14,0.0036007610464554585,0.003602598439237159,-0.002218387005808675
2019-02-15,0.007303494672909583,0.007302831236275731,0.010897479720999526
2019-02-19,0.0008480344142098861,0.0008488366147789694,0.0017303959406560487
2019-02-20,-0.000610326518409865,-0.0006071062543373529,0.002015605433666412
2019-02-21,0.003400118827955323,0.0034020403253154363,-0.003556143472617901
2019-02-22,0.008214882169774285,0.008215261560881482,0.006200419709908589
2019-02-25,-0.005924415725598764,-0.005922232671576211,0.0013607634928238799
2019-02-26,-0.0010630391176410514,-0.0010642490675677463,-0.0007149991316381943
2019-02-27,-0.0022806804435294703,-0.002278713165179025,-0.0004296859815176024
2019-02-28,0.0030807704893367482,0.0030808630187681985,-0.0018628546525067957
2019-03-01,0.001205080847023865,0.0012069038372166663,0.006244175192537504
2019-03-04,-0.006791861936349397,-0.0059162058962928255,-0.003637790507828975
2019-03-05,0.0018125456317332755,0.00181212280895382,-0.0013601710223045682
2019-03-06,-0.010217146705120861,-0.010219360475554384,-0.006056761177112069
2019-03-07,-0.006525278553723202,-0.006527215040226242,-0.008365353786963237
2019-03-08,-0.004191708567523267,-0.004192900064844407,-0.0020000467570850944
2019-03-11,0.011590382551748935,0.011592770804984776,0.014501129122705736
2019-03-12,0.004927601162484807,0.004927520536594843,0.003771068442985248
2019-03-13,0.00633008786158773,0.006330522196390964,0.006619284127661107
2019-03-14,-0.0012589920831921342,-0.0012611987017141502,-0.0006398103142017941
2019-03-15,0.004554350169319266,0.004559827857116838,0.0049405249852108035
2019-03-18,0.00019158512944272843,0.00019701952028761127,0.00362593298254299
2019-03-19,0.0016792976449153674,0.001674923916731741,0.00024776986021057823
2019-03-20,-0.001527078659288028,-0.0015296267402188368,-0.0030095164307165634
2019-03-21,0.0109014318550531,0.01087844188266418,0.011294508899890365
2019-03-22,-0.011601837758311473,-0.011609013942828539,-0.019246316050036683
2019-03-25,0.004677905960883688,0.004677507983032347,-0.0007521175061521168
2019-03-26,0.006946861751648381,0.006951201626428372,0.007454172903694989
2019-03-27,-0.006820228734645273,-0.006821510198061986,-0.005229316973724307
2019-03-28,0.0032996951422392673,0.00329883611446391,0.003790579290930518
2019-03-29,0.005530962439242115,0.005532346735688476,0.006305500243529272
2019-04-01,0.00044201406098975937,0.00044438993450723885,0.011859216336003175
2019-04-02,0.0007120460834826314,0.0018809015364655846,0.0004898291947015299
2019-04-03,0.0021424038363724307,0.002140569562151695,0.0015736631394083211
2019-04-04,-0.00536408034999758,-0.005362795437407808,0.0026532044585343417
2019-04-05,0.006327218733835238,0.006327190781889591,0.004840290566821892
2019-04-08,-0.003004136210027597,-0.0030046681611943793,0.0007624566442752112
2019-04-09,-0.0012632908745460192,-0.0012609765099246273,-0.005124445600397487
2019-04-10,0.004617016113742656,0.004613132912874018,0.0034106662602624294
2019-04-11,-0.001079173711383774,-0.001076284555152518,-0.00027754766910748074
2019-04-12,-0.001862840381046671,-0.0018642999437958885,0.006765655435348794
2019-04-15,0.00044427779986921934,0.0004463847159024148,-0.0006545463335607682
2019-04-16,-0.01561527229380899,-0.015614201504188463,0.0006549750450750569
2019-04-17,-0.013493976251513717,-0.013487936208422924,-0.00244686270122052
2019-04-18,0.003947304753209924,0.003948883610388032,0.001969161333717384
2019-04-22,-0.0006159875492585121,-0.0006153268701136749,0.0008621923376881391
2019-04-23,0.009898750392755451,0.009900091394308363,0.00899173212483273
2019-04-24,0.0036336788583832824,0.003633100925143351,-0.0022194137729674157
2019-04-25,-0.0017204232059880864,-0.0017148620008973214,-0.0006160044647799401
2019-04-26,0.0061250352929724805,0.006126265881917892,0.004656982273155474
2019-04-29,-0.005677439787814764,-0.00567628216488647,0.0015677604397061895
2019-04-30,0.009332248639607243,0.009333505793760022,0.0005102597667125952
2019-05-01,-0.01176602358762624,-0.011768084641820775,-0.007516818751677756
2019-05-02,0.006451820257991292,0.0075642093340311245,-0.002158827740901481
2019-05-03,0.0032768048604614464,0.003278985882419816,0.009788011772836391
2019-05-06,-0.0035891064999712396,-0.003586560974158548,-0.0041152921002790555
2019-05-07,-0.016681986192983778,-0.016685319936308285,-0.016699422259710328
2019-05-08,-0.0011743963577007799,-0.0011745612801651317,-0.0013895915090530453
2019-05-09,0.00022907392933158022,0.00022959371892672387,-0.0030258063912580457
2019-05-10,0.0075242974239555505,0.007519028893983037,0.005023435294273959
2019-05-13,-0.01797657543354847,-0.017986089854179155,-0.025130438913886
2019-05-14,0.007979743284022733,0.007985513742469585,0.009043990377985756
2019-05-15,0.001026158717629011,0.0010220256581559006,0.005857706251938488
2019-05-16,0.009810921527979133,0.009811286572428246,0.00926112114205302
2019-05-17,-0.006418236866718496,-0.006421691245273253,-0.0064650923123060755
2019-05-20,-0.011160612729137043,-0.011157740579037845,-0.006612044848290477
2019-05-21,0.008641499642031869,0.008639855170660349,0.009015295130750056
2019-05-22,0.0013642604057273466,0.0013604491112060302,-0.0030713987003510024
2019-05-23,-0.008763656467563719,-0.008765347222085773,-0.012218544341037751
2019-05-24,0.0006555730403356996,0.0006551375001104809,0.0022685396821870984
2019-05-28,-0.004549428550078671,-0.00455368848988591,-0.009300754974060688
2019-05-29,-0.009568435612427706,-0.009566005886585849,-0.006710609208876783
2019-05-30,0.010192799196712343,0.01019178854042746,0.002731034573894453
2019-05-31,-0.005538400896629825,-0.005535581049117444,-0.013475212527762293
2019-06-03,0.00039660189625734255,0.0003960787696630774,-0.0025427302245732974
2019-06-04,0.017809105563322047,0.01918370284895743,0.02170662172652471
2019-06-05,0.016860530684922326,0.01685742158337611,0.008662168159436323
2019-06-06,0.011940663688196018,0.011937620085462397,0.00650257891489181
2019-06-07,0.010293067907537257,0.010295348559749673,0.010006980084850126
2019-06-10,0.0039816161608918765,0.003980970541523243,0.004589016733120399
2019-06-11,-0.0019930953493291215,-0.001997116096328022,-0.00024213548652840533
2019-06-12,0.0031423673257804374,0.0031416934913042205,-0.0017653653908005218
2019-06-13,-0.00017757599647838518,-0.0001757846461584167,0.004126352575871239
2019-06-14,-0.003572850271254202,-0.0035755000305880413,-0.0011048924737504517
2019-06-17,-0.004431364093811729,-0.004431522089158868,0.00038008343943851663
2019-06-18,0.009311315943922427,0.009311480187121912,0.010470856123007355
2019-06-19,0.008124893161363111,0.008125361235561845,0.0022572927089736794
2019-06-20,0.009456060263309807,0.009457502537261409,0.009554547138143743
2019-06-21,-0.007996271503815211,-0.007993494663987688,-0.001453849848026545
2019-06-24,0.0003195376620606094,0.00032341899101795413,-0.001224196728944471
2019-06-25,-0.007402397326165877,-0.007401126155300863,-0.009808116418850155
2019-06-26,-0.006499550529029174,-0.006499453298379976,-0.0009974257349592008
2019-06-27,0.0063100986875690435,0.006314143017508211,0.0035457439582313732
2019-06-28,0.006972880780174551,0.006974640567364965,0.005146039249199541
2019-07-01,0.007831466503677387,0.007832215963079925,0.009078316467369119
2019-07-02,0.008366292496557293,0.009883942485974684,0.0026044901841684176
2019-07-03,0.012196119887661894,0.012190783074688127,0.007995266805708834
2019-07-05,-0.003464412908098735,-0.0034633373029155923,-0.0011380785478316557
2019-07-08,-0.0005511233867746546,-0.0005489440752297625,-0.005495021988261906
2019-07-09,0.001682978714994121,0.0016853678739827682,0.0012469272028761136
2019-07-10,0.004048065313213556,0.004049505516112495,0.0047779823567981605
2019-07-11,-0.0011726458328773504,-0.0011760465531657216,0.0023444404048491574
2019-07-12,0.0007081215645441397,0.0007055734443253137,0.004476859202404482
2019-07-15,0.0024323147088891606,0.0024324315713786238,0.0003323576736584677
2019-07-16,-0.0028936964312177293,-0.002895705656272951,-0.003225243129726163
2019-07-17,-0.001773613233220006,-0.0017702599795338392,-0.006804793285358657
2019-07-18,0.007514577029075431,0.007514088751412018,0.0036607117556224367
2019-07-19,-0.013234301253973957,-0.013235633056829177,-0.00555477695624218
2019-07-22,0.0012492710473253066,0.0012475045211619573,0.002456367633961287
2019-07-23,-0.00011110616603238199,-0.00011340515875368773,0.007149722298366301
2019-07-24,-0.0012369827613306628,-0.0012410895431470559,0.004699554551389928
2019-07-25,-0.0013379156969379746,-0.0013359281635580977,-0.0047767145870600825
2019-07-26,0.008263358665974163,0.008259250197229617,0.006700070828448812
2019-07-29,0.001291136982829899,0.0012944384359661054,-0.0018213624248689664
2019-07-30,-0.0018132824556734706,-0.0018176863575581903,-0.0024544575993770135
2019-07-31,-0.009375108184505376,-0.009375330008830951,-0.010940236080142607
2019-08-01,0.0033072611110940286,0.0033126368515552507,-0.008708191510037322
2019-08-02,-0.008368964114162991,-0.007109702470247781,-0.0075295046763190765
2019-08-05,-0.02577705083516668,-0.025785202822030118,-0.0300728324647197
2019-08-06,0.01853108641771728,0.018530473653268542,0.014022759876988422
2019-08-07,0.010880313772466899,0.01087668561616062,0.0005907884565257149
2019-08-08,0.020547117987522068,0.020549615218915296,0.01961982182795774
2019-08-09,-0.0058977989489457094,-0.005904309395540763,-0.006811496999133082
2019-08-12,-0.01080088822978098,-0.0108007874419912,-0.012173514556663267
2019-08-13,0.015535516758919732,0.015538497114945704,0.01555183081030842
2019-08-14,-0.025191490056099664,-0.025194353733026142,-0.02956769216104338
2019-08-15,0.009381054372065378,0.009373574305808097,0.0026419587350297036
2019-08-16,0.01298728461698584,0.012990690920124726,0.014754960498849723
2019-08-19,0.01209011555396211,0.012097492022266954,0.012048018932232507
2019-08-20,-0.00520003541351699,-0.005198265757780374,-0.007662771299021043
2019-08-21,0.008586475427045048,0.008586268692020171,0.008135547369639617
2019-08-22,0.003161112097467278,0.0031658856765330867,-0.000308076683866787
2019-08-23,-0.02323005353541474,-0.02323872270796734,-0.025687536225232677
2019-08-26,0.011416141831055215,0.01141570512645762,0.011058363306560626
2019-08-27,0.0011085118087703627,0.0011091065027386549,-0.003923345866815642
2019-08-28,0.005608087739803924,0.005608909719601485,0.007041576436231711
2019-08-29,0.013104516678629219,0.01311256250295667,0.01277284209928764
2019-08-30,-0.001691596376207305,-0.0016951775555249515,-0.0004440171297499518
2019-09-03,-0.0036314521214328987,-0.0036398930617428382,-0.005847316314925632
2019-09-04,0.006981313110058007,0.00818917543076858,0.011350154419905722
2019-09-05,0.013341562479732394,0.013342832458852039,0.012855659613108639
2019-09-06,0.00037159900198679985,0.00036764458688987034,0.0007720619606459422
2019-09-09,-0.013790182584420996,-0.013782709165661933,0.0005032834498757133
2019-09-10,-0.01533459384636826,-0.01532452013158081,-0.00023452778500909766
2019-09-11,0.0023847162768648733,0.0023879127746491147,0.007110791161183849
2019-09-12,0.0075313062791178,0.007526588260240663,0.0034641047158139315
2019-09-13,-0.0017850663753607998,-0.0017834851605575963,-0.000663978065331583
2019-09-16,-0.0029840779345717827,-0.002983625153505698,-0.0030889191888863188
2019-09-17,0.01230521413216068,0.012298135147991385,0.0025321419814712254
2019-09-18,0.0005033167073362765,0.00050539375879044,0.0005982475501746798
2019-09-19,-0.002375749537382177,-0.0023748033950371505,-6.684482951879733e-05
2019-09-20,-0.006646626815271506,-0.006647810342123028,-0.004724467225724727
2019-09-23,0.0016854820216196664,0.0016871480777638226,-0.0002348570357266766
2019-09-24,-0.009660999161583361,-0.00966561184407988,-0.007846882029623359
2019-09-25,0.007761544764294692,0.0077680879939951986,0.0059148069896086675
2019-09-26,0.0013553726382407039,0.0013533874041593563,-0.002083156733802438
2019-09-27,-0.01753324630042563,-0.017531786840448205,-0.0053872900428653114
2019-09-30,0.008480982916868385,0.008479915864878285,0.004637664876704806
2019-10-01,-0.012430873260277808,-0.012429655742086432,-0.011894434591577019
2019-10-02,-0.01886234905884021,-0.017758931712122727,-0.01766489955944428
2019-10-03,0.009405715609745569,0.009403127676345768,0.008192454357178969
2019-10-04,0.016038191182578654,0.016039509558846587,0.013532454582607212
2019-10-07,-0.004598313418319844,-0.0045959692565998855,-0.004314807710553037
2019-10-08,-0.013629133876149058,-0.013622898092863212,-0.015524138327867032
2019-10-09,0.012769670587841064,0.012766506702577729,0.009495940372685974
2019-10-10,0.0055849369222229495,0.0055833599857446625,0.006763675599713137
2019-10-11,0.007019903544159822,0.007015201422405637,0.01036685523197134
2019-10-14,-0.000864902725011496,-0.0008657337387322217,-0.0011137952950345253
2019-10-15,0.006004794168207317,0.006004483092941326,0.009900058065358097
2019-10-16,-0.006311064715895598,-0.006309311250199623,-0.0016057166174799908
2019-10-17,0.0034604435241889497,0.0034638304517100593,0.0029489439355911973
2019-10-18,-0.0016112243519631475,-0.001609216208739439,-0.004376713351534001
2019-10-21,0.004999630989424464,0.004995822653554249,0.006778773509141356
2019-10-22,-0.02036007787411709,-0.020356057721868104,-0.0032667834145982955
2019-10-23,-0.002233951594198924,-0.0022370584547832806,0.0029097652425407183
2019-10-24,0.011949039043605891,0.011938082589920684,0.001634215547294593
2019-10-25,-0.000888650358839671,-0.000889365927412844,0.004094818051380011
2019-10-28,0.0030497773540161255,0.0030432231073622695,0.005636699066540407
2019-10-29,0.004429041152392399,0.004433700065225699,-0.0002968023302039047
2019-10-30,0.005290846414010897,0.005287192296547616,0.0030672376218150443
2019-10-31,-0.004414286790835997,-0.004410877526289214,-0.0026633998053989805
2019-11-01,0.0034005101340670585,0.0033996683267334404,0.009263899490793648
2019-11-04,-0.007945621390467728,-0.006950322235495965,0.0040176411762884445
2019-11-05,-0.005219469966601387,-0.0052157065575533235,-0.001106199302856381
2019-11-06,0.004601131013864501,0.004597622110316557,0.00022805405408377055
2019-11-07,-0.00027782608602200387,-0.00027327298767854113,0.0035166791302667644
2019-11-08,0.002665691272211612,0.0026702677975265487,0.0024661819303306576
2019-11-11,0.0020638591539903217,0.0020590464742191728,-0.0019098805806062602
2019-11-12,0.0037634482864541408,0.0037615014591607654,0.002108017060587164
2019-11-13,0.004123765613810226,0.004124051941842621,0.0003239639566083863
2019-11-14,0.007124525377523838,0.007118680009041034,0.0014555106830382858
2019-11-15,0.007932822004441675,0.0079394234538257,0.007236250002723876
2019-11-18,0.003343260426471817,0.003340724743709611,0.0007377572590392401
2019-11-19,0.0011116110273294844,0.001101871608797822,-0.00028861579325079045
2019-11-20,0.0015104195729425118,0.0015073983084414877,-0.0037183797427075005
2019-11-21,-0.011457505843606386,-0.011454870018822283,-0.0016091827279246518
2019-11-22,-0.003646982375782537,-0.0036425922109201148,0.0022238970115446843
2019-11-25,0.007028868843620417,0.007029484591154267,0.007750423688599017
2019-11-26,0.006600662068210195,0.006590994220462276,0.002265506026693842
2019-11-27,0.0055192255979910065,0.005519196455159969,0.004457626772822243
2019-11-29,-0.005615113345644018,-0.005614825423472691,-0.0037088235168342143
2019-12-02,-0.01318914140254368,-0.013188317232917801,-0.008494734760325362
2019-12-03,-0.004009585979222519,-0.0027602441411865852,-0.006706539880194207
2019-12-04,0.003960122541741606,0.003958104259911055,0.006170201638297401
2019-12-05,0.0017005624606223346,0.0016991598240805317,0.001798049889062181
2019-12-06,0.004785992534510619,0.004782598919328196,0.009133879137866785
2019-12-09,-0.0031725119380693334,-0.0031712373247033687,-0.0031442171972496658
2019-12-10,0.0006641867594976425,0.0006632174056953044,-0.0011148484053314922
2019-12-11,0.008676322543824666,0.008673048851472354,0.002838801900595378
2019-12-12,0.006825916597270387,0.006818061079095106,0.008618984421294051
2019-12-13,0.0024181206515774267,0.0024223847537057086,0.0005990921621346068
2019-12-16,0.0060324964028231065,0.006029292381833251,0.006869650739520283
2019-12-17,0.0007594507115828986,0.0007545888095887854,0.00021957549301032664
2019-12-18,-0.0021195038759956875,-0.002118403363804533,6.237530216646192e-05
2019-12-19,0.005378679637884742,0.005379731760484452,0.004098572159027203
2019-12-20,0.0111337281384285,0.011132966021446755,0.0043846487997947214
2019-12-23,-0.0038459707966930212,-0.0038479812777435507,0.0015277235945234668
2019-12-24,0.0031314572144069963,0.003131545065762298,3.124135703691522e-05
2019-12-26,0.003464991191524547,0.003463934530087087,0.0053232982403201845
2019-12-27,-7.21917371274694e-05,-7.279163469198213e-05,-0.0002477682410791937
2019-12-30,-0.004296595485088872,-0.004299407422669987,-0.00551337796692597
2019-12-31,0.003027446693431468,0.0030278328905617435,0.002429526027089457
2020-01-02,0.0,0.0,0.0
2020-01-03,0.0057124857888690705,0.007221054517552172,0.00238855810737304
2020-01-06,-6.461273411095814e-05,-6.461273411084711e-05,0.0038152832439215523
2020-01-07,0.000816745760184201,0.000816745760184423,-0.0028118528818330546
2020-01-08,0.0021555842857723384,0.0021555842857723384,0.005329755550281812
2020-01-09,0.005603332712628806,0.005603332712628806,0.0067804661417889545
2020-01-10,-0.0014614760676116,-0.001461476067611489,-0.002877492195425324
2020-01-13,0.009426916007743813,0.009426916007743813,0.006877169885747048
2020-01-14,-0.0010259033166155618,-0.0010259033166156728,-0.0015249969630035665
2020-01-15,0.0032309977355768904,0.0032309977355768904,0.002260495972536969
2020-01-16,0.01092033670447723,0.01092033670447723,0.008317891007862288
2020-01-17,0.0021201452227062045,0.0021201452227062045,0.0031127864007414185
2020-01-21,-0.0011886351145732332,-0.0011886351145729002,-0.00195827324949005
2020-01-22,0.002133116411959568,0.002133116411959346,0.00012065673735683902
2020-01-23,0.0049593879821390185,0.0049593879821390185,0.0011469617264452392
2020-01-24,-0.008179306089363125,-0.008179306089363125,-0.008893010688934666
2020-01-27,-0.01355472376656619,-0.013554723766566301,-0.016029751322992225
2020-01-28,0.016198941789371535,0.016198941789371757,0.010479243979687025
2020-01-29,-0.006632429061612433,-0.006632429061612433,-0.0008260108082667195
2020-01-30,0.003841144279448372,0.003841144279448372,0.0032456332437516
2020-01-31,-0.02387653819218105,-0.023876538192181163,-0.018158023632194653
2020-02-03,0.012182992898427392,0.01218299289842717,0.007428663290228954
2020-02-04,0.0197606777566246,0.020741601162511003,0.015241192111092428
2020-02-05,0.013369052038068707,0.013384813198574541,0.01154786328116475
2020-02-06,0.00354639579339433,0.003550352495101272,0.0033647741920910246
2020-02-07,-0.010277626141529939,-0.010286614493444923,-0.00532990929597188
2020-02-10,0.011454682791223414,0.01144840968201044,0.007465808778101879
2020-02-11,0.00676790534959415,0.006765884785214782,0.0017329068991756014
2020-02-12,0.006232234885344079,0.006237696605055021,0.0064429103959131595
2020-02-13,0.0034445293565608104,0.003442423211515333,-0.0010671099562912234
2020-02-14,0.0014701992918373374,0.0014651521223494335,0.001602076116987483
2020-02-18,-0.004001055419870503,-0.004002188746083379,-0.002576977522802948
2020-02-19,0.008825368120341404,0.00882512951683223,0.004781235715548782
2020-02-20,-0.009297728066929412,-0.009297175915293665,-0.004108035419256861
2020-02-21,-0.01671471174711292,-0.01670646690651567,-0.010298507299150494
2020-02-24,-0.03312449976739562,-0.03312380027134765,-0.033165192706187896
2020-02-25,-0.03422071009363681,-0.03421885395621549,-0.03030250035341009
2020-02-26,-0.001778761846170096,-0.0017784921149195387,-0.0036777114305662773
2020-02-27,-0.039772645034419574,-0.03977330013551539,-0.04491196842596934
2020-02-28,-0.002277959988617684,-0.002276247775774509,-0.004201612889578987
2020-03-02,0.045438429179893935,0.04544242135562637,0.04330670169869144
2020-03-03,-0.025840986469767402,-0.02476656869931415,-0.028632444942784607
2020-03-04,0.047639849529828915,0.047635814307566804,0.04203305440523253
2020-03-05,-0.031170261840001934,-0.031171134394621047,-0.033241739261780534
2020-03-06,-0.020249727174965426,-0.020252290430286757,-0.016531288938967048
2020-03-09,-0.07744954927850611,-0.07745656161530501,-0.07809450006566832
2020-03-10,0.04894171407933201,0.04893835724820872,0.051744830302423495
2020-03-11,-0.049605017706073284,-0.049607072661078444,-0.04874798973163064
2020-03-12,-0.09964497627940516,-0.09963521624735594,-0.095677395598736
2020-03-13,0.07619108240096617,0.07618128637986699,0.08548639013424397
2020-03-16,-0.12782105497124208,-0.1277945687712858,-0.1094236335014227
2020-03-17,0.0688991636057561,0.06890037491263179,0.053991772334476495
2020-03-18,-0.06365024411235454,-0.0636308812300177,-0.05063299458072379
2020-03-19,0.012984797530599002,0.012987220187677728,0.002125239940806045
2020-03-20,-0.04471177352226596,-0.044697209640467306,-0.04309433305065269
2020-03-23,-0.00408927105046919,-0.004095628384071293,-0.025568138523694217
2020-03-24,0.11299157274731986,0.11298321210583429,0.09060325945836323
2020-03-25,0.016315560518556982,0.016322723655232352,0.01497006419427338
2020-03-26,0.06728779559440023,0.06728346751343484,0.058389801015809706
2020-03-27,-0.03186449439704708,-0.0318654774137731,-0.029785584237364437
2020-03-30,0.033219463902496305,0.03321955359524975,0.03247584880882304
2020-03-31,-0.02681830290327991,-0.02681145590744205,-0.014905529724725253
2020-04-01,-0.048398510882868284,-0.04838904459879889,-0.045004900814416104
2020-04-02,0.015009903934924962,0.0160059551876226,0.023075440836357375
2020-04-03,-0.02066834262453532,-0.020671908693331353,-0.014454213187073739
2020-04-06,0.08290544491394947,0.08289109621663204,0.0671662975485614
2020-04-07,-0.0064609341835558665,-0.00646571741540547,0.0010195491269802126
2020-04-08,0.037907050861848646,0.03791292229387677,0.03356793814381742
2020-04-09,0.007241098238030208,0.007249723286225862,0.015217755403604372
2020-04-13,-0.009321046256209775,-0.009327658575267184,-0.00913018179105407
2020-04-14,0.031995570787819894,0.031991544420869156,0.02949265553853886
2020-04-15,-0.022413756327398837,-0.02241618541203949,-0.021248006061267977
2020-04-16,0.01501475644037864,0.015012064534437375,0.004824532504223766
2020-04-17,0.02292229919498756,0.02292938921554266,0.02701541437451538
2020-04-20,-0.020767872762434747,-0.02076548332079242,-0.01761792701018139
2020-04-21,-0.03960180092936294,-0.03960025561705893,-0.030363410362569065
2020-04-22,0.0318786618280682,0.03186557252046507,0.02219467451727386
2020-04-23,-0.0022939516378781555,-0.002293014451281161,-7.202978745535216e-05
2020-04-24,0.01573149348238223,0.015726057211864042,0.01393921622956995
2020-04-27,0.01651814831316556,0.016517547310075598,0.014418117628747007
2020-04-28,-0.0030788956899282516,-0.003077951369973242,-0.004598357707802592
2020-04-29,0.028262835748310344,0.028268549819462585,0.026178474524117146
2020-04-30,-0.022930369551889984,-0.02292143957282411,-0.009310530711402754
2020-05-01,-0.027864811776144638,-0.027866384892105134,-0.026473717709630806
2020-05-04,0.004736386952870486,0.005798187845899916,0.0027585248316792654
2020-05-05,0.02242274886181783,0.022422818715450488,0.009239093535952758
2020-05-06,-0.0015192131186627655,-0.001521108419464512,-0.0067785306887658825
2020-05-07,0.008789558726137292,0.00878067452700293,0.012066759479465672
2020-05-08,0.014403970112479847,0.014395975751691381,0.01654585573021472
2020-05-11,0.0157782223978149,0.015781531000004678,0.00020560472548591946
2020-05-12,-0.018050594195714198,-0.018051497128077076,-0.019931801630628243
2020-05-13,-0.00808633797965308,-0.00808034589457507,-0.017685689496996226
2020-05-14,0.011249634624587834,0.01123661137344567,0.011967268280660637
2020-05-15,0.0024579563426181394,0.002462165308275699,0.004596910866530468
2020-05-18,0.00970777205602058,0.009695783968771021,0.030459762478702856
2020-05-19,-0.006738426033135236,-0.0067452009316884,-0.010271667061036216
2020-05-20,0.009663655851330999,0.009660613567122889,0.016988668849524435
2020-05-21,-0.014177012133406275,-0.01417349794085887,-0.006904290715352257
2020-05-22,0.0059709583512461695,0.005972292475977081,0.0018991757640549611
2020-05-26,-0.009089578951544608,-0.009088327766844206,0.012320564624969776
2020-05-27,0.007228724920628649,0.00723348008539304,0.014879188592889836
2020-05-28,0.008309746665526418,0.008315728438623493,-0.0018452723826944961
2020-05-29,0.020925495187170018,0.02092009445196319,0.004455959895920403
2020-06-01,-0.0029320714021869865,-0.0029352288493775802,0.004041693629930343
2020-06-02,-0.0004916602362435851,0.00024837571740099484,0.00827995513085944
2020-06-03,-0.0017381202194325374,-0.0017424152367783163,0.013308505317488839
2020-06-04,-0.0069645307110152155,-0.006975517667394238,-0.0026265506498133195
2020-06-05,0.011955574286637072,0.011954113765311636,0.025629317200602797
2020-06-08,0.002816732097746799,0.0028180498562508927,0.012087458431206954
2020-06-09,0.002696789393100918,0.0027013659841597093,-0.007456434446094562
2020-06-10,0.006758269728173394,0.006760597826780845,-0.005580172331298816
2020-06-11,-0.04433058331692297,-0.04432310960657471,-0.05764920517903449
2020-06-12,0.002887781957821911,0.0028820434073777434,0.011976033946470288
2020-06-15,0.01297103029668678,0.012976031679418298,0.009335495415337514
2020-06-16,0.01636085416157873,0.016357834994680243,0.01924768189870063
2020-06-17,0.0050000090912996065,0.005002024690983875,-0.004153689164510199
2020-06-18,-0.002967106847840517,-0.0029649532299507175,0.0003851007032451559
2020-06-19,0.011456284707121789,0.011459657895474873,-0.005715104573400076
2020-06-22,0.005624766692394534,0.005630413221663799,0.006415295272893307
2020-06-23,-0.00039160892461054253,-0.00039307697682378073,0.004603532476432859
2020-06-24,-0.016371056274830487,-0.016368249518831535,-0.025508729402108243
2020-06-25,0.010766222778875179,0.010765746633968565,0.010720647348679169
2020-06-26,-0.018891673055388858,-0.018895507579224313,-0.02375143458911355
2020-06-29,0.00968247101712949,0.009681319324819748,0.01469757369186464
2020-06-30,0.019644885681835644,0.019642251043964443,0.012809467195298962
2020-07-01,0.003749003116966909,0.0037543453552244532,0.007004819988407851
2020-07-02,0.003978389740155297,0.004908369722598671,0.005507103731598795
2020-07-06,0.014543388174729222,0.014539288647989146,0.015437067944463756
2020-07-07,-0.004280490802030079,-0.0042881596815115275,-0.010313855204298839
2020-07-08,0.011985080038084073,0.01198828281868991,0.007648858467744546
2020-07-09,0.0028797186500317817,0.0028785931986350377,-0.005693045614445835
2020-07-10,-0.0027580219320127997,-0.002758898505592189,0.010210502723494663
2020-07-13,-0.021944841885837674,-0.021947117639095848,-0.008658769402027255
2020-07-14,0.020784162564749575,0.020786567428411784,0.012959151297302629
2020-07-15,0.005351391051879428,0.005355727669506427,0.00918702782837344
2020-07-16,-0.0057582037936158015,-0.005760375034384313,-0.0032933694760686194
2020-07-17,0.010167943794780143,0.010175432956745167,0.002898818776914336
2020-07-20,0.016008807851739748,0.01600839736312598,0.008081604743493509
2020-07-21,-0.007856671813463612,-0.00785558252242713,0.002127915871626085
2020-07-22,0.006561891467730341,0.006560417299678489,0.005691899055724869
2020-07-23,-0.012817113805143499,-0.012820308446657602,-0.011931927671168796
2020-07-24,-0.0033846828794510397,-0.003387989051433893,-0.006440254832891346
2020-07-27,0.01567898755774144,0.015678112188178828,0.007292431816570133
2020-07-28,-0.012325891262969457,-0.012327729542100152,-0.006342468204663998
2020-07-29,0.01579203957383646,0.01579379922152535,0.012298681890286378
2020-07-30,-0.0011126217933655758,-0.001114659279474739,-0.003567704488292023
2020-07-31,0.005444400774222702,0.005443822559758615,0.007902156008822603
2020-08-03,0.00822366166048516,0.008221631868055468,0.006951998045748864
2020-08-04,0.00195790346775615,0.002465520592295656,0.0038626236074412734
2020-08-05,0.0033303864168794384,0.003328326970862383,0.006211131361955946
2020-08-06,-0.0008618415907740706,-0.0008734822694537181,0.0066843397954086115
2020-08-07,-0.006023381656148241,-0.006019058538044519,0.0007179109695008012
2020-08-10,-0.009497630143627256,-0.00949429536384816,0.002988934626810602
2020-08-11,-0.017293361207269986,-0.017291980068567026,-0.008254721767575357
2020-08-12,0.021841813836305013,0.0218416630086109,0.013942490346746439
2020-08-13,0.005254683695060436,0.005253608291704959,-0.0018077211608321653
2020-08-14,-0.002730173252179502,-0.0027298842335243823,2.9785452035469007e-05
2020-08-17,0.01580569380996022,0.015808081909739924,0.0031762970093140996
2020-08-18,-5.1419351800530144e-05,-5.355808062901257e-05,0.002160605429621043
2020-08-19,-0.0036926161403815216,-0.003691134896637416,-0.004163763310597868
2020-08-20,0.005346819490262611,0.005346322152758098,0.0031136162070781737
2020-08-21,-0.0013607945872519123,-0.001361570876196816,0.003547345304731886
2020-08-24,-0.0007193306319006609,-0.0007195966434352385,0.010133234849614592
2020-08-25,0.00568372739937395,0.005682397456363564,0.0034993464276429354
2020-08-26,0.011969123651989655,0.011967024182556907,0.01002527266901665
2020-08-27,-0.008133250923295754,-0.00813729340027125,0.002186768725431776
2020-08-28,0.0016042312513877555,0.0016018444267380527,0.006459299204947699
2020-08-31,0.007853419914477966,0.007850239588590657,-0.0036223561736882237
2020-09-01,0.00630632640756601,0.00630359991910967,0.009418680192173845
2020-09-02,0.016696266322274056,0.01751879280900215,0.01446378964912487
2020-09-03,-0.04878386983259819,-0.048777657714226375,-0.03441424403026849
2020-09-04,-0.01890630810824101,-0.01890678629546061,-0.008164684495784669
2020-09-08,-0.025076190270642673,-0.02506703912515451,-0.02732321673380722
2020-09-09,0.02885753669281166,0.02885461457385352,0.01974764827884412
2020-09-10,-0.0188737240336454,-0.01887055963015627,-0.017363720977525143
2020-09-11,-0.004968171357063622,-0.004962599051681282,0.0005092193273708023
2020-09-14,0.01058382065576513,0.010581095658683815,0.013171208607333451
2020-09-15,0.012674200220423426,0.012674698726351963,0.0050521954519346934
2020-09-16,-0.013521527647336051,-0.013512681808429017,-0.003968762027310002
2020-09-17,-0.011189670547105957,-0.011193165107123315,-0.008795010686260207
2020-09-18,-0.007100389150909048,-0.007101057923360021,-0.011512776702263583
2020-09-21,0.0045625920479883675,0.00455445453786818,-0.011129301640450007
2020-09-22,0.014525542962606108,0.014526261476189628,0.010184101540462231
2020-09-23,-0.02281338480991857,-0.02280911627869553,-0.023190888134050236
2020-09-24,0.004039335302676639,0.004038480179280546,0.002664981764268104
2020-09-25,0.019034230007142217,0.019032698865268927,0.016167604097700794
2020-09-28,0.012455271195796813,0.012454150662307484,0.01660881375940293
2020-09-29,0.0011621384669571189,0.0011632112416828377,-0.005445657582880847
2020-09-30,0.004646380580447973,0.004646608584430112,0.007582001464812471
2020-10-01,0.007128405246762393,0.007122338776748505,0.006419932786187577
2020-10-02,-0.01514501646037636,-0.014292145173542936,-0.009494398794593795
2020-10-05,0.019926115466748495,0.019926254342999217,0.017733066386504515
2020-10-06,-0.01339229648576612,-0.013390025219115032,-0.014215865581074905
2020-10-07,0.017878860700099697,0.01787998324243989,0.017406543129391938
2020-10-08,0.0032879390511488804,0.0032899299425674933,0.008862617198674094
2020-10-09,0.011715447584747407,0.011714608231387258,0.008930095930532067
2020-10-12,0.014462475900100635,0.01446087011273578,0.016087624129604627
2020-10-13,0.007826351096622997,0.007822814782273424,-0.006526381173558193
2020-10-14,-0.008523731725489037,-0.008522599318189439,-0.006283289726677688
2020-10-15,-0.001955840679057408,-0.0019553418839375336,-0.0012358265106896527
2020-10-16,-0.0009047417715997152,-0.0009059751080577882,-0.0006043475507832019
2020-10-19,-0.014470536403220047,-0.014469135167148761,-0.015203287230199147
2020-10-20,0.0015962988477680184,0.0016026381984828308,0.004005682488809281
2020-10-21,-0.004278975922968553,-0.004273966388798622,-0.0018929013309282317
2020-10-22,-0.011809718642193157,-0.011808209869178965,0.0054853816480977535
2020-10-23,0.011359760526056917,0.011359551112225752,0.003395041754625794
2020-10-26,-0.012909463691426981,-0.012916393076225052,-0.018479935366158107
2020-10-27,0.0015033282918384128,0.0015044300400897104,-0.003447552059625214
2020-10-28,-0.0316465982457701,-0.03164541815551636,-0.03417851955399909
2020-10-29,0.007505984887984596,0.007508335971000868,0.010163277320645037
2020-10-30,-0.021762166147892503,-0.02176519088551887,-0.010424715690027786
2020-11-02,0.007510127172620118,0.007514238965574238,0.011208276120075356
2020-11-03,0.018344479496239297,0.019012734549566757,0.017655987224070024
2020-11-04,0.032059316615384414,0.03204423859722816,0.02234947128117759
2020-11-05,0.023365257850895382,0.023369860089433425,0.01950261009833887
2020-11-06,0.006273682043863138,0.006272723273603509,-0.00022862441977100634
2020-11-09,-0.050651418642933654,-0.050644361597684595,0.012565690217153813
2020-11-10,-0.010888231493429434,-0.010876027428568857,-0.001466646210516842
2020-11-11,0.02735943533026819,0.027352589712766218,0.00742886280678845
2020-11-12,-0.00865585659155621,-0.008656486181083611,-0.009700932595727352
2020-11-13,0.0076656491951780925,0.007669271725798454,0.013844186020804727
2020-11-16,0.004776808527615861,0.004781262661002872,0.012482686676664079
2020-11-17,-0.003826191205172136,-0.003827476718373468,-0.005378234544978988
2020-11-18,-0.011058403567981379,-0.011054473450443414,-0.012034864175274329
2020-11-19,0.007981744998095675,0.007979632642609813,0.0042100426028597315
2020-11-20,-0.004340403753182898,-0.00434125883582992,-0.006847549676456399
2020-11-23,0.0018370883668779037,0.0018449577433476971,0.005994388426275865
2020-11-24,-0.0031398302003514678,-0.0031353446991027045,0.016113854627079816
2020-11-25,0.005069850965605083,0.005066521041216854,-0.001541813621014687
2020-11-27,0.00994112178694384,0.009938381910574057,0.0027849330777589554
2020-11-30,0.005067264330168353,0.005064345890543942,-0.004427104491875999
2020-12-01,0.004590552349662991,0.004588767455476095,0.010937581250257455
2020-12-02,-0.007251066850291199,-0.006535746566832423,0.002103516060226296
2020-12-03,-0.002660558888495035,-0.0026619191221453065,-0.000272705359855685
2020-12-04,0.00596917512217332,0.0059705554416285,0.008617421755840793
2020-12-07,0.0026495782604438745,0.0026461139094744457,-0.0020548053665060406
2020-12-08,0.0029414948027801646,0.0029446165221402865,0.002926291467487241
2020-12-09,-0.012972330953480049,-0.01296564294866398,-0.008969038760209602
2020-12-10,0.0017592838379714149,0.0017548746090894074,-0.0003269584699605588
2020-12-11,-0.0016176671166799883,-0.0016193183659166666,-0.0011724730926675475
2020-12-14,0.003454840886816024,0.003448065544672252,-0.00447715826371442
2020-12-15,0.010664243676939078,0.010663671903101246,0.01351928267608371
2020-12-16,0.0055241569256256895,0.005517913982704181,0.0015694040517124641
2020-12-17,0.011064894576165996,0.011064834057506134,0.005591928401434743
2020-12-18,0.0029407144364577142,0.0029406671665659356,-0.003992912313974473
2020-12-21,-0.004127685725788921,-0.004125208763802735,-0.003575274426252273
2020-12-22,0.005204433419615295,0.005198582179696265,-0.0016853631179640782
2020-12-23,-0.006209510167744625,-0.006206881606275472,0.0008985176567017916
2020-12-24,0.0016693293206420101,0.0016710162028155118,0.0038904098734411363
2020-12-28,-0.0023073020705483005,-0.0023053244043592658,0.008590700003830554
2020-12-29,-0.0040976888137347345,-0.004097905876638941,-0.0019077061181778099
2020-12-30,0.0028609375398462866,0.00286441100853585,0.001426706743954398
2020-12-31,0.005346450865820751,0.005345689384040453,0.00508117542658959
2021-01-04,0.0,0.0,0.0
2021-01-05,0.02346868936954638,0.025003892403600902,0.007263840493520357
2021-01-06,0.023793982574269235,0.023793982574269235,0.005978739282975543
2021-01-07,0.02125993814375038,0.0212599381437506,0.014857398591648252
2021-01-08,-0.0006718640372204154,-0.0006718640372205265,0.005697673903205525
2021-01-11,0.00222617598928343,0.00222617598928343,-0.006740521258104981
2021-01-12,0.021159669780714374,0.021159669780714374,0.0002108989148625895
2021-01-13,-0.007708871763949188,-0.007708871763949188,0.002693091437587114
2021-01-14,0.013746748080664117,0.013746748080664117,-0.0035021994367678833
2021-01-15,-0.019019469491468044,-0.019019469491468044,-0.007292538691798689
2021-01-19,0.013467294744844205,0.013467294744843983,0.007851771105696459
2021-01-20,0.006364246856833455,0.006364246856833455,0.013839013097133979
2021-01-21,-0.003574418922605127,-0.003574418922605238,0.0009118153381688643
2021-01-22,-0.002953500795821906,-0.002953500795821795,-0.0035398409172407996
2021-01-25,-0.009547449036726996,-0.009547449036726996,0.003943782299774989
2021-01-26,-0.013869465982715323,-0.013869465982715101,-0.0015606874087463751
2021-01-27,-0.034029623415521404,-0.034029623415521515,-0.024440685049319066
2021-01-28,0.02103786158379073,0.021037861583790507,0.008600241997579916
2021-01-29,-0.026507002338825192,-0.02650700233882486,-0.020019576876670553
2021-02-01,0.024277469427430143,0.024277469427430365,0.01664561525715702
2021-02-02,0.01879073958115196,0.019841893454231263,0.014140216066375721
2021-02-03,0.0063594875736459056,0.006353354432995673,0.0007862383335790479
2021-02-04,0.016518351585366187,0.016517665772077805,0.011365743471086764
2021-02-05,0.013788915212727737,0.013784968893636895,0.003935830596076828
2021-02-08,0.01922559428154802,0.019218753595793503,0.007221973890623401
2021-02-09,-0.0050027035387708585,-0.005004746120434778,-0.0006658564794110866
2021-02-10,0.0025739065919443416,0.0025731581099930345,-0.00043572922210732834
2021-02-11,0.0024011831798049776,0.0024007614708654312,0.0016153757076717845
2021-02-12,0.011986738878726255,0.011982869503323279,0.004939589201850225
2021-02-16,0.010772644832609535,0.010767770789023912,-0.0008659020704113729
2021-02-17,-0.007388212393588223,-0.007393906255579008,0.00022936602340872803
2021-02-18,-0.01796389333576598,-0.01796616957124808,-0.004255859037820553
2021-02-19,0.026146905672717713,0.02614276928904613,-0.0017659490913861653
2021-02-22,0.005224495870872925,0.005222416593999801,-0.007691607850319415
2021-02-23,0.0004969369244274269,0.0004995178609326079,0.0012140343081108451
2021-02-24,0.02943360582884047,0.029429168204559097,0.011019343007416138
2021-02-25,-0.037360587048955174,-0.037359910762425286,-0.02409566512161443
2021-02-26,0.005354265489447618,0.005353609611107535,-0.005152474997699108
2021-03-01,0.027020029554129854,0.02702859557988524,0.024240099608968668
2021-03-02,-0.007983706499211873,-0.006772496512122639,-0.007803333136561452
2021-03-03,-0.005857649604093185,-0.005859655692938337,-0.0132457545276089
2021-03-04,-0.03006724459305188,-0.03006748086402744,-0.012374798212103966
2021-03-05,0.0162446234109086,0.016248078573569247,0.01839651087988492
2021-03-08,0.0009040872530321487,0.0008997182812238158,-0.0049784486516053494
2021-03-09,0.008762437577808369,0.00876722712829281,0.014277267854460929
2021-03-10,0.013361314885591336,0.013351275011243002,0.006224730408761703
2021-03-11,0.01908905396368965,0.019076830024603808,0.010138971182605427
2021-03-12,0.011557739650695842,0.01155920408034472,0.0013468616165202008
2021-03-15,0.013010663451153093,0.01300780305753424,0.005963553968804769
2021-03-16,-0.020313006020701962,-0.020306291098123874,-0.0012612751138161293
2021-03-17,0.014537853041880044,0.014535668210952535,0.0034101179231544876
2021-03-18,-0.016816246544665736,-0.016815850358670947,-0.014549719642337311
2021-03-19,0.0013450540812864897,0.0013426522068520352,-0.0018503857186512596
2021-03-22,-0.005783356508571091,-0.005781437576295678,0.007984916517992824
2021-03-23,-0.03829307603622312,-0.038283830670125085,-0.007870719803094284
2021-03-24,-0.011140699827719147,-0.011125828606519117,-0.005083693985145743
2021-03-25,0.01770598616331065,0.017709097524367223,0.005625509791168382
2021-03-26,0.01608232506581797,0.016092638548110383,0.01611520510962028
2021-03-29,-0.01766212497857278,-0.01765927269499623,-0.0005050677201268172
2021-03-30,0.01909940586700598,0.019097621680309596,-0.0026529869357009295
2021-03-31,0.003827019165068224,0.0038251975765970503,0.004053336989545242
2021-04-01,0.01578991413219555,0.01579461683739347,0.01079898770728227
2021-04-05,0.01354591867554289,0.01455054541727141,0.014353000912468827
2021-04-06,0.0014808144491895714,0.0014819678389257351,-0.0005904381348361687
2021-04-07,-0.008789410303212009,-0.008787305451205096,0.0011571532122607309
2021-04-08,0.006543079943211794,0.006544992127494487,0.004746921580444985
2021-04-09,0.004546118835488944,0.004542382988797611,0.007270308611095455
2021-04-12,-5.967326639366721e-05,-6.112260253776647e-05,0.00036440318762598345
2021-04-13,-0.005332444269485537,-0.005336088496798563,0.002963706265906252
2021-04-14,0.007276679873727376,0.007274440076301625,-0.003415264904160109
2021-04-15,0.0015796124020461821,0.0015795560777378537,0.010742401381259592
2021-04-16,0.00198084768877127,0.0019847462555813156,0.003342692028694305
2021-04-19,-0.008835773563169336,-0.008833688929604011,-0.004913119828336532
2021-04-20,-0.024401386197711483,-0.024394969374095465,-0.0073217139981323065
2021-04-21,0.02353936436901538,0.023535906520588012,0.009462360108296153
2021-04-22,-0.00913155070613636,-0.00912892589218528,-0.009133401844107936
2021-04-23,0.01928236292955976,0.019276424657740154,0.010842672320402036
2021-04-26,0.009586471402355246,0.009579649340159646,0.002087401351984264
2021-04-27,0.003653929997274208,0.0036538761975786205,-0.00021523336345175004
2021-04-28,6.55304184280503e-05,6.317328668070665e-05,-0.00028764262280056574
2021-04-29,0.0013907262148036281,0.0013997836844439338,0.006372995324324782
2021-04-30,-0.011791995607728367,-0.011793549559322436,-0.006570694776350083
2021-05-03,0.003582077792542826,0.0035795687862960612,0.0021568442127644083
2021-05-04,-0.007164984392934559,-0.006193152208398223,-0.006169431801958725
2021-05-05,0.012908125228928258,0.0129069170232603,0.00031297818855713366
2021-05-06,0.00020840379604147863,0.0002157569966925177,0.007985753323809686
2021-05-07,0.020863915129778032,0.02085751169099348,0.007277860569789407
2021-05-10,-0.010114733044570778,-0.010106078917952344,-0.009902623861569038
2021-05-11,-0.01252056899630638,-0.012523975946010846,-0.008924620863319688
2021-05-12,-0.029919060678994858,-0.029914860865498105,-0.021245312338954547
2021-05-13,0.013243545266016232,0.013249057356348848,0.012012699945362248
2021-05-14,0.02792165972598748,0.027918751168906297,0.015355355231965184
2021-05-17,0.0029648001588291617,0.0029692819757018984,-0.0025446452045313483
2021-05-18,-0.011505660576643928,-0.011507010082888347,-0.008615570162786246
2021-05-19,-0.011979429916837425,-0.011977168656701065,-0.002621857416333584
2021-05-20,0.00637993185815966,0.006374360261785839,0.01075798678127704
2021-05-21,0.005128175111255073,0.005127477423706006,-0.0008187903933760676
2021-05-24,0.009553534122290985,0.009553511081807464,0.010194355752125794
2021-05-25,-0.008612277891324793,-0.008616367478323617,-0.0022186729861383148
2021-05-26,0.01411672305027456,0.014113813731987834,0.0019846702362358304
2021-05-27,0.017857871678177872,0.01784981491337234,0.0005248848963783637
2021-05-28,-0.00425955048729354,-0.004254889582364418,0.001788669452209124
2021-06-01,0.014939687172793592,0.014950209930828073,-0.0008809713013512299
2021-06-02,-0.006140662365125005,-0.005155278431799082,0.001572716829588039
2021-06-03,-0.004582014690904135,-0.00458527554605892,-0.003711230760408135
2021-06-04,0.00712754597129206,0.007135760726245888,0.009145641655499137
2021-06-07,-0.003351186527967731,-0.003349907295810417,-0.0009702075941184773
2021-06-08,0.007423434342650692,0.007418260903068186,0.00021336515271785927
2021-06-09,-0.013755906356963776,-0.013752117167957989,-0.0014919931644392648
2021-06-10,-0.007332347151350782,-0.007324101046522591,0.004648250980785473
2021-06-11,0.006592415710922062,0.006588852298171632,0.0016525140369889613
2021-06-14,-0.010788387392340226,-0.010783679444755445,0.0022388539098872062
2021-06-15,0.002600749056826279,0.0025980077575484817,-0.001834142291169627
2021-06-16,-0.003564394116183256,-0.003566069994748844,-0.005583327260126558
2021-06-17,-0.02547837047577106,-0.02546805765487581,-0.00033158392084065014
2021-06-18,-0.020075419471829337,-0.02008030064120181,-0.013490338228166254
2021-06-21,0.02450659986444803,0.024498014928068912,0.014316035145870876
2021-06-22,0.0010769399035286398,0.0010775144477475074,0.0053461357899979856
2021-06-23,0.0073643452916107854,0.007362434001545681,-0.0012052395544164263
2021-06-24,0.012273981287513003,0.012275239127839566,0.005915503387092791
2021-06-25,0.004781103264015485,0.00478344178820822,0.003552053484238815
2021-06-28,-0.007372478657164838,-0.007365594294654332,0.0020158852339571265
2021-06-29,-0.0012281258276621854,-0.001224812740489023,0.0005383154646545485
2021-06-30,0.006845048300982759,0.006840041416539933,0.0008417081302440899
2021-07-01,0.004889055569659906,0.004880790857948236,0.005536470299454255
2021-07-02,-0.0031895185799958314,-0.0021867622137162757,0.0076435279410072
2021-07-06,-0.0237411410329037,-0.023737781037426298,-0.0018214823523000634
2021-07-07,-0.004142738953930802,-0.0041442603586908655,0.00353385610924839
2021-07-08,-0.01393862414352387,-0.01394085457404648,-0.008147715015089818
2021-07-09,0.03061973127813089,0.03061754570237607,0.010674565188096619
2021-07-12,0.007310328359482421,0.007310332948791354,0.003582062181022083
2021-07-13,-0.013012828525433062,-0.013009234079718657,-0.0034090862284404944
2021-07-14,-0.012502071124568359,-0.012506650482100645,0.001492260953441793
2021-07-15,-0.007695172547239171,-0.0076910697941311446,-0.0034155007412670635
2021-07-16,-0.02521869697976742,-0.025217054951882423,-0.007843370216515821
2021-07-19,-0.02901949429380979,-0.029018564612760755,-0.014767986923154508
2021-07-20,0.0313605024409771,0.03135601200047078,0.014330404990878565
2021-07-21,0.02477767942846909,0.02477793801446504,0.008096174823552404
2021-07-22,-0.010047490392216751,-0.010046132612500758,0.0020943007044604833
2021-07-23,0.003025424585723302,0.00302609153536304,0.010287704846807078
2021-07-26,0.011970068656718569,0.011968649131269826,0.002455094289028237
2021-07-27,-0.008686655038341207,-0.008686410847948522,-0.004557784059542214
2021-07-28,0.005925173642417292,0.005926477883101411,-0.00041001189548972583
2021-07-29,0.013927651731554747,0.013925663352183593,0.004147376305794204
2021-07-30,-0.0018032279161023235,-0.0018044723062639045,-0.004856295259186072
2021-08-02,-0.004606406661691986,-0.0046022760447813615,-0.002098229444887023
2021-08-03,0.02032404944257804,0.021577739102828675,0.008135738363774347
2021-08-04,-0.017730470945269028,-0.01773172749405172,-0.004919276175308518
2021-08-05,0.01891777356072999,0.018920926945853234,0.006332913972587173
2021-08-06,0.013407952349239416,0.013410761706962093,0.0016525119114676468
2021-08-09,-0.001956323626841394,-0.0019461640881478504,-0.0008132787695330768
2021-08-10,0.013254328624640488,0.013253607627001118,0.0012437879086935055
2021-08-11,0.005335589432328813,0.005325730189755351,0.002484929302334349
2021-08-12,0.0007943169919053528,0.0007903827515243211,0.002996784370488559
2021-08-13,-0.011149043465794595,-0.011151284660149363,0.0018201725953972403
2021-08-16,-0.01603014706201611,-0.016035699011914373,0.0023544158547013083
2021-08-17,-0.017858755627127243,-0.017853513490387884,-0.006555187973096399
2021-08-18,-0.009502857864704395,-0.009503686079420981,-0.010945064584911401
2021-08-19,-0.02182840954786036,-0.02183579248455103,0.0015482596705671536
2021-08-20,0.00824426193983907,0.008248326327651823,0.007957122061817978
2021-08-23,0.029143043596150164,0.029152651252533968,0.00879672556769262
2021-08-24,0.01577513322330515,0.015775002419450956,0.0015872541907666626
2021-08-25,0.012163674513513634,0.012163417831165368,0.002098419820750985
2021-08-26,-0.01261778567880234,-0.012618681022087741,-0.0059031282343174896
2021-08-27,0.024780383182378518,0.0247784888386009,0.00894090402343628
2021-08-30,-0.013281057445437727,-0.01328048502351098,0.004397467108962605
2021-08-31,-8.233203976604209e-05,-7.699585428422306e-05,-0.0014812880351373625
2021-09-01,-0.009858644023607366,-0.009854749885184755,0.0005314161853522403
2021-09-02,0.01493098803214532,0.01599595753719618,0.0030764616235630093
2021-09-03,-0.0025111965101859424,-0.0025098304524734383,-0.00024290343494204336
2021-09-07,-0.0040522948425602,-0.004056182373678552,-0.0035753698350161622
2021-09-08,-0.01365929290098078,-0.013654942775263024,-0.0012181561751476444
2021-09-09,0.007077939238988584,0.007071522410126541,-0.004280397855445428
2021-09-10,-0.004141958915004351,-0.004144132725510952,-0.007884654206780861
2021-09-13,0.007215446754892385,0.007208841682961431,0.0025594782926405824
2021-09-14,-0.010138723675457761,-0.010137722381209135,-0.005396438573365359
2021-09-15,0.02432058492421163,0.024306993501620022,0.008352513676311624
2021-09-16,-0.0024844532214425286,-0.0024813198171151907,-0.001585276449892814
2021-09-17,-0.008484136097143269,-0.008484361012095154,-0.009740946114425886
2021-09-20,-0.0295195886895826,-0.029509562468335915,-0.01667434948370894
2021-09-21,0.0007698394158341948,0.0007678461645668211,-0.0009447129788767716
2021-09-22,0.026629038648045444,0.026617862638053547,0.009755012194987867
2021-09-23,0.02934588252728676,0.029334206129436158,0.012149979332359617
2021-09-24,0.0016713297034121055,0.0016716778587360093,0.0016473311100926313
2021-09-27,0.01327218091525939,0.013258157617637156,-0.002861017287015377
2021-09-28,-0.017387344531193505,-0.017389703809351453,-0.02015188381978017
2021-09-29,-0.0029246693457615214,-0.0029192789640358763,0.0016832615568036502
2021-09-30,-0.014607116100616824,-0.014611406101783242,-0.012222361496838974
2021-10-01,0.01923700318098187,0.0192351518629994,0.011884327280136997
2021-10-04,-0.011738392272746867,-0.010068381291771789,-0.012896261105424633
2021-10-05,0.014932284951689745,0.014930811128016641,0.010404922601927158
2021-10-06,-0.0041034965116107935,-0.00409724545606216,0.00415598007600626
2021-10-07,0.011479621808971219,0.011481715595336395,0.008645708705106392
2021-10-08,-0.006971142019392307,-0.00697245016295478,-0.001823632558234256
2021-10-11,-0.007178240447144546,-0.007179100995140408,-0.00723974738606703
2021-10-12,0.0019127887975980418,0.0019088612870026278,-0.0024614980437046574
2021-10-13,0.003834971488927863,0.003836389696316278,0.003597630083474357
2021-10-14,0.02017131265433303,0.020174034674256935,0.01682082847824895
2021-10-15,0.00813214119570782,0.00812895708894712,0.007615542520026386
2021-10-18,0.011021753418986258,0.011016137116503621,0.0029603325103315647
2021-10-19,0.006317312867955005,0.006320399645830532,0.007715093650185745
2021-10-20,0.0026761343231436197,0.002674172931888208,0.003927606348205215
2021-10-21,0.0028502348370789132,0.002858965695138771,0.0026083527292575237
2021-10-22,0.004490744597545726,0.004491712502719736,-0.0010362100192337076
2021-10-25,0.006509478152154635,0.006509936055001386,0.005362773549228761
2021-10-26,-0.0022559028875905884,-0.0022566338813467812,0.0009000342437031073
2021-10-27,-0.00919975599904399,-0.009192578180361122,-0.004430217649496471
2021-10-28,0.017148057261276328,0.01714454707571078,0.009648910449911119
2021-10-29,0.0037782328637301354,0.003778201925929814,0.002029176197748228
2021-11-01,0.00019911881243017682,0.00019462834159567066,0.0017200600493494367
2021-11-02,0.0018575115219188199,0.0032166780950859675,0.004043179448625089
2021-11-03,-0.002117435800584433,-0.0021164335307654047,0.006105265031711049
2021-11-04,0.0011748343861046617,0.0011792334075448885,0.004712578357497943
2021-11-05,0.0033413049507580173,0.003354276308468185,0.0034695671947455597
2021-11-08,0.006415262182007275,0.006413752652368876,0.0008537203550846861
2021-11-09,-0.0008306872335941407,-0.0008312113397008769,-0.0033053010479855427
2021-11-10,-0.016506753518900186,-0.016509558493307708,-0.008044953669156585
2021-11-11,0.008142504955121588,0.008141944985117666,0.0003237379971499088
2021-11-12,0.005076278410163448,0.0050738115375690285,0.007546493606379379
2021-11-15,0.0005358958374381828,0.0005399447887290965,0.00034250678938541057
2021-11-16,0.003389865627427824,0.0033860857094234476,0.003957897188071158
2021-11-17,-0.0069647790597385795,-0.006965975625939813,-0.0024292040132970483
2021-11-18,0.002211960505306365,0.0021999995111021686,0.003396398451554594
2021-11-19,-0.005163494687417836,-0.005172747753738216,-0.0017881701531110572
2021-11-22,-0.0008499231428277243,-0.0008422195793449383,-0.002815273861006551
2021-11-23,0.0016340297812724724,0.0016367852019181228,0.001325952030557298
2021-11-24,0.008797573101515077,0.008798578110983835,0.0026699268984593516
2021-11-26,-0.025177191080071437,-0.025187882233589698,-0.022303137197962175
2021-11-29,0.016396838031806693,0.016387154149891447,0.01226665407884786
2021-11-30,-0.02835852405212269,-0.028355634122463114,-0.01945774783697074
2021-12-01,-0.016870612556493803,-0.01686282624077906,-0.011107221187110827
2021-12-02,0.022057766580936056,0.02359718624808571,0.01531637869389968
2021-12-03,-0.01252232496154515,-0.012519526296995598,-0.008701426575988491
2021-12-06,0.0010581136397871393,0.001070312627300396,0.011843417699721082
2021-12-07,0.02904817066269061,0.029037177325498487,0.02068474258430708
2021-12-08,0.0001057424642885163,0.00010591927103220655,0.0026479531544385537
2021-12-09,-0.012623604434862212,-0.012614500862184741,-0.006751637248578635
2021-12-10,0.012065447229213211,0.012061248160680993,0.00941362464499318
2021-12-13,-0.010229288666560477,-0.010235198445033289,-0.008858385467373608
2021-12-14,-0.008590225554947373,-0.008579615651912453,-0.006879993554988806
2021-12-15,0.012881326683179095,0.012875142045193355,0.015624969192423288
2021-12-16,0.0018086546295039696,0.0018161849465845314,-0.008818311214292551
2021-12-17,-0.014262815681044372,-0.014267640972459361,-0.01064301806473067
2021-12-20,-0.018959250478648104,-0.01895474746438952,-0.010633355409267242
2021-12-21,0.020700179694912446,0.020699259799578984,0.017758823509654187
2021-12-22,0.010542684517519163,0.010543829889980705,0.009998795089018797
2021-12-23,0.004013519380487329,0.004015486689143977,0.006222071624005343
2021-12-27,0.020203153761558568,0.020198344641857657,0.014152304037380992
2021-12-28,-0.0017857939509637877,-0.0017820681129694371,-0.0008172525028188327
2021-12-29,0.002372509972974335,0.0023733504896912283,0.0012791776389848852
2021-12-30,-0.0050956996850410885,-0.005096447252404213,-0.002764413050813319
2021-12-31,0.0018310925467361905,0.0018308886902602683,-0.002520379669829431
2022-01-03,0.0,0.0,0.0
2022-01-04,-0.008574509422792587,-0.007087371186926927,-0.004977391438572232
2022-01-05,-0.030257357187327694,-0.030257357187327694,-0.01920201479298711
2022-01-06,0.00272157575532761,0.00272157575532761,-0.0009395128389212415
2022-01-07,-0.017915264878707204,-0.017915264878707315,-0.003953361232545971
2022-01-10,0.00018265602018896487,0.00018265602018918692,-0.0012445144398554042
2022-01-11,0.00576700959815013,0.005767009598149908,0.009108359337260952
2022-01-12,0.0056227152935701685,0.005622715293570391,0.0027035177708931712
2022-01-13,-0.023434397104699967,-0.023434397104700078,-0.01377859103890422
2022-01-14,-0.008292791668083499,-0.008292791668083499,0.0004090452475156159
2022-01-18,-0.021477470121335274,-0.021477470121335274,-0.017709580758721977
2022-01-19,-0.012531229355326468,-0.012531229355326579,-0.010383589964794715
2022-01-20,-0.013821597470024982,-0.01382159747002476,-0.011067901810805636
2022-01-21,-0.01890391595484142,-0.018903915954841533,-0.019630868636643317
2022-01-24,0.009708074151610235,0.009708074151610235,0.004246878239750673
2022-01-25,-0.02022855752865116,-0.020228557528650937,-0.01220891672208435
2022-01-26,-0.006475810770929846,-0.006475810770929957,-0.0025088279326753726
2022-01-27,-0.011299976284328883,-0.011299976284328883,-0.004937995216556357
2022-01-28,0.028655901851892818,0.028655901851892818,0.024835270076550175
2022-01-31,0.026314552397968427,0.026314552397968205,0.018011008304968934
2022-02-01,0.0074463377202358405,0.0074463377202358405,0.006757108821755953
2022-02-02,0.016513304841407894,0.01749366764263649,0.009714029631795906
2022-02-03,-0.019651893538913168,-0.019652073025243633,-0.02350487551527236
2022-02-04,0.0005536632005749276,0.0005603033170027416,0.004702055938193839
2022-02-07,-0.0026552598488586154,-0.0026566144035856665,-0.003209187550262338
2022-02-08,0.0033339116099380117,0.0033315859098157485,0.008227814651572851
2022-02-09,0.024590257073468624,0.024585693009704368,0.014635993948788784
2022-02-10,-0.020545831933151848,-0.020540880989528887,-0.017965675675963855
2022-02-11,-0.01872587962741845,-0.018712868142859884,-0.01971838609556764
2022-02-14,-0.01378895732339791,-0.013794689661024928,-0.003269444929599463
2022-02-15,0.02033444876277657,0.02032793743085004,0.0161268199792155
2022-02-16,0.003178766899834873,0.0031816826475792315,0.0011209100340507927
2022-02-17,-0.025312656556127133,-0.0253033449027259,-0.021361538048794926
2022-02-18,-0.008258444070307847,-0.008260338441121062,-0.006474970000900249
2022-02-22,-0.011339865624470868,-0.011337619557652445,-0.01073175932998438
2022-02-23,-0.020190167866688702,-0.02018110786635552,-0.017738581909533258
2022-02-24,0.03418587776467241,0.03418198194905209,0.015049062778827116
2022-02-25,0.02568219542115524,0.02568347395614423,0.022064049375030814
2022-02-28,0.004208966363758115,0.004208976899686689,-0.002558438159107057
2022-03-01,-0.011429311708523016,-0.011422380905744656,-0.015230198095190106
2022-03-02,0.02182528038989906,0.022975325020176962,0.01839610239405065
2022-03-03,-0.005503381076391145,-0.0054970188490346406,-0.004978467208594628
2022-03-04,0.005328754369197108,0.005336743322412962,-0.0081247405423851
2022-03-07,-0.02866411346486608,-0.028658319629575324,-0.029479053618148177
2022-03-08,-0.0038153622948086108,-0.0038158332695090724,-0.007581794174490009
2022-03-09,0.02207377481158801,0.022072303039190944,0.026810872794151175
2022-03-10,0.0017641147246707511,0.0017669012079246649,-0.004515613552211306
2022-03-11,-0.01501749599070723,-0.015014991258383459,-0.012715116705589002
2022-03-14,-0.016387929768616027,-0.016385228245390793,-0.007308392231885175
2022-03-15,0.018667972613197747,0.018665613143400872,0.021990688578889417
2022-03-16,0.018801354245123303,0.018799154617764824,0.022174168695649366
2022-03-17,0.022084236753401543,0.022083130042793497,0.012511025144981147
2022-03-18,0.014300977893066058,0.01429351004921764,0.010952641805038965
2022-03-21,0.007528989994001867,0.007530416530270312,-0.000292402351469101
2022-03-22,0.00734561966483982,0.007343271465783285,0.011701265575344122
2022-03-23,-0.00815678743228776,-0.008155496145116459,-0.012878365243265688
2022-03-24,0.018592599219419137,0.018590850419802907,0.015074388504740854
2022-03-25,0.006333881124466201,0.006338382970317635,0.004883523798580258
2022-03-28,0.004221582582791816,0.004214194887824263,0.0071131866865845605
2022-03-29,0.015242887589540066,0.015241065328385872,0.012370732215050584
2022-03-30,-0.009907593494887235,-0.009911219722626985,-0.006174849668612592
2022-03-31,-0.011222103836870945,-0.011223025806793241,-0.015391215415467396
2022-04-01,0.00099777147497071,0.0009921886456532025,0.0028340044070318537
2022-04-04,0.0039414825986046065,0.0051087406634442445,0.008566656759556146
2022-04-05,-0.01396336972095702,-0.013954615389664138,-0.012631314983390096
2022-04-06,-0.002757499076727621,-0.0027493440944192926,-0.009999122518356551
2022-04-07,0.014009628988110201,0.014011353241542235,0.005038878284455484
2022-04-08,0.009686044117072967,0.0096927423972899,-0.002674231509648295
2022-04-11,-0.022365301933058968,-0.02235362712407596,-0.017092173752834783
2022-04-12,0.005397392877143803,0.0053950905900443935,-0.0037051844141023915
2022-04-13,0.012802549229593563,0.012798875388118303,0.011453672102416768
2022-04-14,-0.007191238758973761,-0.0071816174473657846,-0.012451878753066081
2022-04-18,0.0067104281053944614,0.006709000381018626,0.00041113991484453827
2022-04-19,0.004916351197754576,0.004912265634690494,0.016142654654739852
2022-04-20,0.003530821591329447,0.00353329324716678,-0.0007414409095629626
2022-04-21,-0.023368692045462436,-0.02336626870563352,-0.014953597862132795
2022-04-22,-0.03302770699203306,-0.03303429711465977,-0.02743919741797829
2022-04-25,-0.005371933116169125,-0.00537414649763579,0.005797616816809015
2022-04-26,-0.020807913956413016,-0.020802172737861224,-0.028960703029004775
2022-04-27,0.006581488856413964,0.006587977648223831,0.002811752416221891
2022-04-28,0.01946635534877994,0.019458604013439906,0.025259442325715753
2022-04-29,-0.03593562378050319,-0.03593408985506752,-0.03695583506465949
2022-05-02,0.005423736193796991,0.005418450442590705,0.0060196541542922866
2022-05-03,0.018460349527054776,0.01944368285776288,0.004583955015679431
2022-05-04,0.03447206893287258,0.03447359893499269,0.030453080210405936
2022-05-05,-0.02965902583847657,-0.02965427659489328,-0.035542964270966704
2022-05-06,0.009676656347286983,0.009669578928641398,-0.005968884754121717
2022-05-09,-0.05992570920561591,-0.05991697569053922,-0.032017353045864616
2022-05-10,0.009912671821082908,0.009910262467375697,0.0023106431067470012
2022-05-11,-0.002610747287625226,-0.002610394823666984,-0.015886166883656405
2022-05-12,-0.0017509786346150413,-0.0017452765984264929,-0.0010438388378198882
2022-05-13,0.030888806761041776,0.030885643076898894,0.023907721019996053
2022-05-16,0.008252353221664954,0.008253789530950684,-0.004057595129336677
2022-05-17,0.0174311883093492,0.017434337736154548,0.020570335551547858
2022-05-18,-0.041333555339970296,-0.04132110778764342,-0.04031137164592191
2022-05-19,-0.0009610416050642723,-0.0009634034957475279,-0.0061247265776605
2022-05-20,-0.005054189477887716,-0.0050501977789171315,0.0004366095528771652
2022-05-23,0.024924045236867975,0.024920429099552166,0.018709863552091477
2022-05-24,-0.0028533645696875443,-0.0028469228795471313,-0.007633603994165794
2022-05-25,0.016908607240519347,0.016904266232767418,0.008834853633777229
2022-05-26,0.02179856510651379,0.0217969080224667,0.019981491670231888
2022-05-27,0.02051769498995082,0.020517899618212265,0.024549065301910034
2022-05-31,-0.01077151098395579,-0.010775690773459634,-0.005610917384172742
2022-06-01,-0.0008371802415976237,-0.00082828078118935,-0.008088612713119558
2022-06-02,0.004291235499477075,0.005403157885690124,0.01904379485621921
2022-06-03,-0.0005970157922279284,-0.0006043051105359964,-0.01641183099374688
2022-06-06,0.0024224683469229458,0.002425846474048754,0.0030447692563257966
2022-06-07,0.01580232784309432,0.015795929185429936,0.009592245726223414
2022-06-08,-0.01087353773918509,-0.010879449066145463,-0.010872143184489369
2022-06-09,-0.02482508817749196,-0.024826598614867135,-0.023783059889403213
2022-06-10,-0.014778547416141041,-0.014774775612804603,-0.028995451560883678
2022-06-13,-0.045073571821272806,-0.04507007385495854,-0.03796819538522256
2022-06-14,0.00021112659300093206,0.00020510070360324484,-0.003013344738324264
2022-06-15,-0.004568962940932786,-0.0045549698983311515,0.014256296544701064
2022-06-16,-0.03577075793491202,-0.035751244646517466,-0.03309610344806069
2022-06-17,-0.02236073164079022,-0.022341588897712206,0.0021559293804278568
2022-06-21,0.03234929639855766,0.03234226632625492,0.025173557967893778
2022-06-22,-0.015691009503432274,-0.01567186236292273,-0.0018131285791349594
2022-06-23,-0.014450261427977673,-0.014423661980786484,0.009802696107800157
2022-06-24,0.020674157522803327,0.020674135104219227,0.03179377278044915
2022-06-27,0.01508519029526223,0.015071224091102842,-0.0038195747559410798
2022-06-28,0.00267961479524792,0.0026659480805093505,-0.020432949158319502
2022-06-29,-0.011803062182043078,-0.011787217146667306,-0.0008142957228024494
2022-06-30,-0.008596286704314338,-0.008589569462036484,-0.008124306247192736
2022-07-01,0.011358873531938318,0.011363731976109959,0.010576448843111264
2022-07-05,-0.031181000160793615,-0.030241050751838583,0.001888758387074363
2022-07-06,-0.002976638444541657,-0.0029711466257521524,0.00337731846321776
2022-07-07,0.01846772404335173,0.018460997380206123,0.014977006355389788
2022-07-08,0.003028049455115811,0.0030273882417928277,-0.0008228064661620627
2022-07-11,-0.004872736678074752,-0.004870013326631617,-0.01142348478148858
2022-07-12,-0.013890744445330339,-0.013887578335781914,-0.008848764380838037
2022-07-13,-0.004667318152216882,-0.004670200267548497,-0.005251605978023877
2022-07-14,-0.012816458051807311,-0.012813027583724268,-0.002428638768715019
2022-07-15,0.019482232417973977,0.019481060669589434,0.019105083939800593
2022-07-18,0.0013738786084023236,0.0013676337706953756,-0.00825689857045786
2022-07-19,0.023711691322233053,0.023709891662673455,0.027019088730410923
2022-07-20,-0.0038847793462115643,-0.003885763134165332,0.006373310471702309
2022-07-21,-0.007207677801211121,-0.007199822925668675,0.010183094919505864
2022-07-22,-0.0039557872402502525,-0.003954143424154455,-0.009278181980042599
2022-07-25,0.02473183712574012,0.024725009087156247,0.0012148683152017892
2022-07-26,-0.0045966224296181135,-0.0045955920346039125,-0.011830756638421591
2022-07-27,0.01486826933293961,0.01486535340062356,0.02596626155387205
2022-07-28,0.0029211886529894038,0.0029234634463679576,0.012542395933048622
2022-07-29,0.018672699970663675,0.0186685563547897,0.014578678983015791
2022-08-01,-0.010807429913966105,-0.010805250218411055,-0.0029613105659768157
2022-08-02,-0.004953138654788303,-0.004196354970140259,-0.00659721491084031
2022-08-03,-0.007869625442076367,-0.007858108070447067,0.01565939754464063
2022-08-04,-0.011459103479531163,-0.011451365453375328,-0.0006753096752750709
2022-08-05,0.010841375722416391,0.010839014916555145,-0.0016903501671180488
2022-08-08,0.006496081816544708,0.006496044475757579,-0.0011609416545834694
2022-08-09,0.009803061071464336,0.009792756251920887,-0.0039707636884128705
2022-08-10,0.006231725027294077,0.0062341565742694005,0.02100393645804144
2022-08-11,0.006912221138936303,0.006901816717745479,0.0
2022-08-12,0.015193783964515761,0.01519612229238354,0.01692884587025767
2022-08-15,-0.0018175442454909652,-0.0018128142578595074,0.004120838742911914
2022-08-16,0.0017896162694308604,0.00179055492619562,0.00195853342608876
2022-08-17,0.0013026350659548491,0.0012985236021756386,-0.0070979265555152216
2022-08-18,0.011260719565225008,0.011258818857370345,0.0029066092909375563
2022-08-19,0.003170662210748798,0.003168202447226598,-0.013438200216609575
2022-08-22,-0.008328655717461109,-0.008331509381017455,-0.020822355836348505
2022-08-23,0.005215552458679884,0.005209860367557662,-0.002419219584622545
2022-08-24,0.006651199943170871,0.0066496705837215675,0.0032009669038008948
2022-08-25,0.007228302351471427,0.007231237995896311,0.014117583909121878
2022-08-26,-0.021363889077989584,-0.021367234158841897,-0.03384896746874344
2022-08-29,0.0008341278118559892,0.0008278446036069642,-0.006612190165563581
2022-08-30,-0.017951856200636884,-0.01794639504324458,-0.010978028392464423
2022-08-31,-0.008325504012800189,-0.008322987122468817,-0.007609215770564726
2022-09-01,-9.713189484195084e-05,-8.963764652236694e-05,0.0031379949255347928
2022-09-02,0.00030302197527776187,0.0011873273725455658,-0.010544363180384764
2022-09-06,-0.0062717785209494,-0.006270491257934663,-0.0037731157439623297
2022-09-07,0.01061866735183492,0.010623539118285619,0.017964905209541637
2022-09-08,0.0033785878312302398,0.003378156718015113,0.006536386800654492
2022-09-09,0.011321243853835261,0.01131925948246959,0.015535204117248513
2022-09-12,0.0024890404307491565,0.0024826149821939314,0.010747729314671384
2022-09-13,-0.02649946207385112,-0.026499831467477808,-0.0434824401281263
2022-09-14,0.01203639005696755,0.012033776358351567,0.0038157635467981343
2022-09-15,-0.011813711354357381,-0.011813385625740636,-0.011353312270845572
2022-09-16,-0.00706182051809745,-0.007060608644615329,-0.007628934124167208
2022-09-19,0.007277584224559819,0.0072850359277563115,0.007754857696448125
2022-09-20,-0.007802646246655831,-0.0078058736063729706,-0.011478539223154227
2022-09-21,-0.012342410333177734,-0.012336787571296859,-0.017443764762905545
2022-09-22,0.00024576030148915073,0.0002409847910265217,-0.008399775628965434
2022-09-23,-0.03166180798087104,-0.03165867984920856,-0.016754959913737766
2022-09-26,-0.018444653270146216,-0.01844319911247916,-0.009892579822617376
2022-09-27,0.0017013223785440346,0.0016969306186880306,-0.002552688629687938
2022-09-28,0.027488026650749564,0.027481445837183927,0.019676188112379256
2022-09-29,-0.017013167988143008,-0.017021051199976323,-0.020888912561054407
2022-09-30,-0.011223363443970236,-0.011221466916503275,-0.015463495547191619
2022-10-03,0.03490000606810795,0.034892081144883624,0.026401266969970916
2022-10-04,0.030070066437663634,0.030864063018977372,0.030986558600778036
2022-10-05,0.0016681910335840655,0.0016731671005825177,-0.0023281127889307474
2022-10-06,-0.0012618554864392006,-0.0012631799106914698,-0.01031586184476152
2022-10-07,-0.007774057688599512,-0.007774607813724077,-0.027893942489252477
2022-10-10,-0.003431002890767143,-0.0034268114797942895,-0.0076353096836598855
2022-10-11,-0.002215953251391012,-0.0022137513192076463,-0.006332909972757483
2022-10-12,-0.006475716187646641,-0.006472553322292907,-0.0032986760012650995
2022-10-13,0.0309765439836327,0.030979295265024076,0.02639137865104102
2022-10-14,-0.03481524502520472,-0.03481218635423111,-0.022788745904938512
2022-10-17,0.015779287806620745,0.015780222569231395,0.0256967622969273
2022-10-18,0.016917664984264613,0.01691555441554571,0.011749749001394472
2022-10-19,0.005741435044442467,0.005735731528344168,-0.007086385519014526
2022-10-20,-0.0029955294636277996,-0.0029992750376161004,-0.008385403383119883
2022-10-21,0.026754608947276104,0.026758294487368106,0.024301344375728506
2022-10-24,0.0073687223372755906,0.00736916753994743,0.012236428921737819
2022-10-25,0.007652818548445017,0.007648840254514067,0.015968613704059775
2022-10-26,0.007769271277946022,0.007765434399660265,-0.007534192412415375
2022-10-27,0.002654210710677729,0.002655733518604597,-0.005339616270874203
2022-10-28,0.012735796427416846,0.012729832684411191,0.02379044291552379
2022-10-31,0.0030956235995811543,0.003101825360890764,-0.007223193736808575
2022-11-01,0.005981676901920974,0.005981305015787974,-0.004375951673780798
2022-11-02,-0.018675792212440645,-0.017939403667352916,-0.025096187507376855
2022-11-03,0.00519658676465351,0.005195681187992074,-0.010296956219329911
2022-11-04,0.0036648122493443402,0.003665536182856366,0.014393336366689047
2022-11-07,0.00676150710540635,0.006758668805884049,0.009565449767275691
2022-11-08,0.008066312429312772,0.008069515588299492,0.0053955227819986185
2022-11-09,-0.021872963374441667,-0.021863548690261414,-0.020602300842125332
2022-11-10,0.019726551993460184,0.019728828336520232,0.05495410589836269
2022-11-11,-0.017395867357066552,-0.017396961932346522,0.009678735212036882
2022-11-14,-3.989779816415684e-06,-5.706113575865146e-06,-0.00850677916983611
2022-11-15,0.0018639176662500478,0.0018553363448063909,0.008529248279308455
2022-11-16,-0.00261548462736072,-0.0026101004481319245,-0.007628899041646875
2022-11-17,0.004244415503229293,0.004239890073184593,-0.0030599493056449045
2022-11-18,0.007337564883157732,0.007342809881184964,0.004540541280916521
2022-11-21,0.0029464765165188034,0.002948141867800347,-0.003636174752600918
2022-11-22,0.015807995479423687,0.015804247244462832,0.013456971219873326
2022-11-23,-0.001910700964837142,-0.0019058918194780894,0.006301605638700192
2022-11-25,0.004306777269508677,0.004305250307357289,-0.0002237221698127012
2022-11-28,-0.0132137951720952,-0.013210367899993525,-0.015957093252224608
2022-11-29,0.0030643780054659953,0.0030601168723241035,-0.0017171568085417865
2022-11-30,0.015248459800008884,0.015254344221143912,0.03150052499519562
2022-12-01,-0.00713642895262756,-0.007131718935893372,-0.0007359872869332484
2022-12-02,0.004462662340129597,0.005673574722860453,-0.0011537513527365428
2022-12-05,-0.020001013284468683,-0.019997258321713174,-0.017989231169653896
2022-12-06,-0.011941463623769577,-0.011937090495812486,-0.014414636741935993
2022-12-07,0.0018397051631915406,0.001836795527401458,-0.0017013330482271716
2022-12-08,-0.0008479491547636053,-0.0008467209736515713,0.007834024790427163
2022-12-09,-0.017488036420178488,-0.017486574547957878,-0.007470397617597602
2022-12-12,0.015974298311743018,0.015975857045592123,0.01441723765615377
2022-12-13,-0.0007953628359680387,-0.0007916685500755083,0.007569910977531125
2022-12-14,-0.002103353602557645,-0.0021043844383633603,-0.006393654626225986
2022-12-15,-0.014219872172735015,-0.014228652537536579,-0.024461545815825048
2022-12-16,-0.005554958356491557,-0.005556422909008596,-0.011806230517979022
2022-12-19,-0.005373871678060027,-0.005374032377981952,-0.008479702491652419
2022-12-20,0.003613321987980367,0.0036136464749456643,0.0013683994281565859
2022-12-21,0.0146177721523153,0.014619968637028746,0.014952622129840387
2022-12-22,-0.014224704365380925,-0.0142253563933733,-0.014266277672469907
2022-12-23,0.012495960108006798,0.012492664332878656,0.005752459039676472
2022-12-27,0.002151886355524546,0.002152608511429399,-0.003943695489253662
2022-12-28,-0.015103311773777883,-0.015101787104376707,-0.01242790578122821
2022-12-29,0.005649754128063789,0.005653505669574788,0.018000546194413936
2022-12-30,0.00012489876966514935,0.00012390749652646527,-0.002634285564565686
2023-01-03,0.0,0.0,0.0
2023-01-04,0.005268687731585953,0.006776590763183377,1.3673057224661278e-05
2023-01-05,-0.002628047021924318,-0.002628047021924207,-0.01141344421288959
2023-01-06,0.023555588727714127,0.023555588727714127,0.022931794376160664
2023-01-09,-0.0025948584082600146,-0.0025948584082602366,-0.0005666448269729951
2023-01-10,0.008352815868355679,0.0083528158683559,0.00701270984056146
2023-01-11,0.007237983960447503,0.007237983960447503,0.012647872045784547
2023-01-12,0.007609843869144983,0.007609843869145205,0.0036408048745546484
2023-01-13,0.004304984807169454,0.004304984807169232,0.0038795554127668552
2023-01-17,-0.003410007936904491,-0.003410007936904602,-0.0018318796027319006
2023-01-18,-0.015060413931118122,-0.01506041393111801,-0.01578801608828595
2023-01-19,-0.004289467780368761,-0.00428946778036865,-0.007279660983704361
2023-01-20,0.010058195289204264,0.010058195289204264,0.018629023168984737
2023-01-23,0.006200902842045997,0.006200902842045997,0.011998627342807433
2023-01-24,0.0010530693374546374,0.0010530693374548594,-0.0010734300935140162
2023-01-25,0.0017872807894261378,0.0017872807894259157,0.00037487704968164337
2023-01-26,0.01802603891575183,0.01802603891575183,0.010990354669102587
2023-01-27,-0.006689503869805491,-0.00668950386980538,0.0022975721543583294
2023-01-30,-0.013148130913591682,-0.01314813091359146,-0.012546832947207598
2023-01-31,0.010182782457771822,0.010182782457771822,0.014703494464065603
2023-02-01,-0.005673203185825426,-0.005673203185825648,0.010627672454092796
2023-02-02,-0.01459583799075892,-0.0136425303990666,0.014556989778103935
2023-02-03,-0.006144632311207654,-0.006146801026164939,-0.010629110241724748
2023-02-06,-0.0036102297258405747,-0.0036104724789904896,-0.006111417860116819
2023-02-07,0.012974208174616919,0.012968964939241046,0.013078533893259081
2023-02-08,-0.004989796437665062,-0.004992603608178214,-0.010934524091624875
2023-02-09,-0.0026682155454244016,-0.0026645897270430874,-0.008669224521750118
2023-02-10,0.012797527106587658,0.01279211176295858,0.0023338018909189184
2023-02-13,0.008853816341847898,0.00885633068276559,0.011738835434946582
2023-02-14,-0.002544938892328097,-0.0025464251419426986,-0.0004602085462386274
2023-02-15,0.0006397616195743527,0.0006421161821248411,0.003247367508553145
2023-02-16,-0.011874355715178253,-0.011876071008752986,-0.01376883107066662
2023-02-17,-0.003924085925733123,-0.0039202502479558365,-0.0024982295162850887
2023-02-21,-0.014721974358272272,-0.014728942157618219,-0.020060951744074185
2023-02-22,-0.004459123509063634,-0.0044573077511796955,-0.0013780517223561661
2023-02-23,0.0022607163099899186,0.0022580234542726174,0.005319271066065223
2023-02-24,-0.005626367966582779,-0.0056315228633297965,-0.010682312347813694
2023-02-27,0.001947465742285548,0.0019442726426330825,0.003405843725257096
2023-02-28,-0.004211724944650941,-0.004206655869613329,-0.0036959509210152675
2023-03-01,0.007319955553036328,0.007307016081269824,-0.003835863136222417
2023-03-02,0.005599457257220886,0.006961258417404803,0.007777295956619801
2023-03-03,0.018327920735075942,0.018325080484254963,0.016037605797672994
2023-03-06,-0.002657452895423962,-0.0026558780079747324,0.0006931161126224605
2023-03-07,-0.013483749621304386,-0.013484231940594449,-0.015328883460585474
2023-03-08,0.0021708926877868073,0.0021740949296815693,0.0016320983847801784
2023-03-09,-0.019285138339384833,-0.019287331660080897,-0.018449811298357988
2023-03-10,-0.01959686947018935,-0.019601204756977242,-0.014429491730757027
2023-03-13,-0.010279292975536092,-0.010283417449217569,-0.0014252820882890704
2023-03-14,0.01759533855608586,0.017600328893254025,0.016530085938712302
2023-03-15,-0.026556397891779326,-0.026552580046921404,-0.006254321725367551
2023-03-16,0.0154964382062035,0.015494740305793675,0.01754504060229478
2023-03-17,-0.01783057918506792,-0.01782943995802322,-0.011692639585236808
2023-03-20,0.014267507288504344,0.014264143043132727,0.00961561958721946
2023-03-21,0.01504240513141486,0.015047879087689564,0.013130809191266968
2023-03-22,-0.02113871134931966,-0.021139840598952686,-0.01704672207800839
2023-03-23,0.0003321641893827554,0.00034048495051131056,0.002703132867100999
2023-03-24,0.0022937653060610685,0.0022872888594607232,0.006562317697633935
2023-03-27,0.007162476567996512,0.00716192425788531,0.001869811627109863
2023-03-28,0.005915848963745196,0.005916506626223006,-0.002244634806711554
2023-03-29,0.012426739567751088,0.012426687361048794,0.014534805492768754
2023-03-30,0.004317636244643319,0.00432039606457435,0.0058553435509463014
2023-03-31,0.01788968840554217,0.01789008385101365,0.014094581982270649
2023-04-03,0.0038118070022230555,0.0038087115638330005,0.0038106022314881027
2023-04-04,-0.01957871404585365,-0.018314031875945824,-0.0055481579771146095
2023-04-05,-0.008419124229178343,-0.008426585098417982,-0.0026182430785608446
2023-04-06,-0.000223515817701192,-0.00022419694550546154,0.0039009994131220527
2023-04-10,0.008554115511034022,0.008556895961131072,0.0010262589081027063
2023-04-11,0.004064661167779926,0.004063889297452272,0.00026846021956461463
2023-04-12,-0.0023353140604248646,-0.002336588226319103,-0.0040759216449689495
2023-04-13,0.0067759820766382095,0.006773264854093464,0.013282797961150505
2023-04-14,-0.0006375248683651025,-0.0006357255106819171,-0.0024427678638193617
2023-04-17,0.005225662349611415,0.0052302756906594805,0.0035882743780333293
2023-04-18,0.008486583196272157,0.00848817034996685,0.0006521178700160668
2023-04-19,-0.0028171857570699066,-0.0028174705701734526,-0.0001689061155171201
2023-04-20,0.001223914920090552,0.0012140726709688465,-0.0054570894445475915
2023-04-21,0.002008368509709202,0.0020108282772910435,0.0007768749876666536
2023-04-24,0.0037964531795477985,0.0037945858855827908,0.0010432772949393598
2023-04-25,-0.018746055400590822,-0.01874732563642234,-0.015873931778421668
2023-04-26,-0.0099526026852228,-0.00995450355723082,-0.00423545257711444
2023-04-27,0.016196388263134187,0.016197007311445244,0.019907926264709053
2023-04-28,0.008302257532789792,0.008306891122656035,0.008535106465280329
2023-05-01,0.007141769260454289,0.007153162400803881,-0.0010097822511899723
2023-05-02,-0.014697518719575142,-0.013644079396418096,-0.011238882951136397
2023-05-03,-0.010397171469391897,-0.01039785705479701,-0.006864417437264958
2023-05-04,-0.011849274218732941,-0.011851099146262145,-0.007082785109090217
2023-05-05,0.017347517810631263,0.017343458858628757,0.018512631002797653
2023-05-08,0.003090391991837249,0.0030880903882655186,0.0002664953680788784
2023-05-09,-0.001876068102906303,-0.0018782334225422304,-0.004385422308878506
2023-05-10,0.0007260528233197228,0.0007249455273505845,0.004672491975553639
2023-05-11,-0.005157691605223391,-0.005160892341808498,-0.001743958295085224
2023-05-12,0.006592811251858732,0.006590578664663838,-0.0013104277613934512
2023-05-15,0.004588557297923401,0.004597222891935315,0.003450194510494331
2023-05-16,-0.011118804273542726,-0.011120287726645195,-0.00668249350311001
2023-05-17,0.014647499381415852,0.014651215089894087,0.012138777364691933
2023-05-18,0.013967407229009465,0.013971426158871036,0.009633089917948201
2023-05-19,-0.004497681941249998,-0.004496079321116064,-0.0014549662955996023
2023-05-22,-0.0033885625402118036,-0.003390302926676192,0.0004062055415268162
2023-05-23,-0.020526185881073467,-0.020519993684370186,-0.011222855785945396
2023-05-24,-0.009234564438476145,-0.009238431034019001,-0.0072449768012031734
2023-05-25,0.014854697429462549,0.014857016808510037,0.008659974205849963
2023-05-26,0.013686758977056623,0.013685857587749428,0.012950614142771322
2023-05-30,-0.0033643539170885584,-0.0033660726254047812,0.00038094755315953854
2023-05-31,-0.009294758137812442,-0.00929770576494493,-0.005545075901445484
2023-06-01,0.011313965757747901,0.011314885331993985,0.009500908800490038
2023-06-02,0.019360510134075914,0.020789401908989147,0.014461233260247175
2023-06-05,0.0005001768855452671,0.0005003361052513533,-0.0019162754404428162
2023-06-06,0.004244236994806361,0.004243945802897997,0.0021773465805001724
2023-06-07,-0.002839468693271563,-0.0028392872994088547,-0.00345774791994502
2023-06-08,0.005679427243978186,0.005680542269755451,0.006048777892504242
2023-06-09,0.0028015431898764653,0.0027994571297953463,0.0017940375917502305
2023-06-12,0.00880389510321411,0.00880206243789683,0.009072232058388252
2023-06-13,0.009403475627404179,0.009399190540542612,0.006592724483602375
2023-06-14,0.0028542563039741786,0.002858922138939679,0.0011908993826883485
2023-06-15,0.010854989901805112,0.010856717382628611,0.012397742935372547
2023-06-16,-0.0026581301947185,-0.0026550703399734754,-0.003406357713433228
2023-06-20,-0.002680983040765139,-0.002678462940063908,-0.005188097342600395
2023-06-21,0.0017675422942375896,0.0017686200347708514,-0.005123776103645006
2023-06-22,0.002510440824477156,0.002511780203250158,0.003609692901579864
2023-06-23,-0.0070802066984980705,-0.0070808138316790226,-0.007560147406905915
2023-06-26,-0.0025871445965637285,-0.002588685368918986,-0.004085625431801576
2023-06-27,0.012291210698431865,0.012294116703038371,0.010963225363546325
2023-06-28,-4.927189380876662e-05,-5.4697574115913916e-05,0.0005045435126189712
2023-06-29,0.003498523787072605,0.0034987174912299857,0.00394131384987384
2023-06-30,0.012770164464219969,0.01276674639829567,0.011800572328192871
2023-07-03,-0.004840062608621021,-0.004845353731680935,0.0011508634807269047
2023-07-05,-0.008275094059382093,-0.007092832965953644,-0.001487497557271178
2023-07-06,-0.01129751623304931,-0.011294531443429512,-0.007830526958561568
2023-07-07,-0.0010042372406645628,-0.0010077113769095813,-0.0025247215782113752
2023-07-10,0.015232263309057803,0.015230854436963703,0.0025311119311206554
2023-07-11,0.003075947956630687,0.0030733786804091334,0.006368466628352332
2023-07-12,0.010053016691190075,0.01005429878199715,0.008045997552762696
2023-07-13,0.008025355424873037,0.008029656749398928,0.00793677916637292
2023-07-14,0.002216061987063034,0.002213173101230703,-0.0006227376226836112
2023-07-17,0.008856144397192622,0.008858098586959295,0.0034721444237921784
2023-07-18,0.0030899390748071465,0.003087628095605588,0.007430715158172951
2023-07-19,-0.006538201876727601,-0.006537310639079474,0.002223784015379371
2023-07-20,-0.012657215658403942,-0.012660711695619886,-0.0066347138160964825
2023-07-21,-0.000687497155499206,-0.0006844556942618985,0.0
2023-07-24,-0.0004952596673828413,-0.0004939018617439173,0.004467409289567792
2023-07-25,0.007697142135498769,0.007696556943166177,0.002729993969081468
2023-07-26,-0.005982004764896742,-0.005980506573617039,0.00015374415118540874
2023-07-27,0.0014715675902665648,0.0014844613030904341,-0.006629990322230328
2023-07-28,0.00918817243782688,0.009196437923662204,0.009790364480256608
2023-07-31,0.0018670404645022565,0.0018645337227547465,0.0019040052219059245
2023-08-01,0.002519562025106614,0.002521534582479612,-0.0028616097156412
2023-08-02,-0.019726229220056846,-0.018518046266854382,-0.013910702781173567
2023-08-03,-0.0028538457593570987,-0.0028585999082797464,-0.0028660024454673083
2023-08-04,-0.000866746661578599,-0.0008762602516304563,-0.004522727226096146
2023-08-07,0.017062634939723376,0.017061254052544994,0.008728489892785074
2023-08-08,-0.007157736235416823,-0.007149275440716529,-0.00434853433277016
2023-08-09,-0.00901138584241079,-0.00901196749939126,-0.006685141443425802
2023-08-10,-0.0018758818217415874,-0.0018777182670112191,0.0003587694663247376
2023-08-11,-0.007653474796172843,-0.007649327989215804,-0.000583111764393851
2023-08-14,0.009788369037066591,0.009785997330489238,0.005520062860039143
2023-08-15,-0.007073963673255634,-0.007075688029094418,-0.01164891620717301
2023-08-16,-0.014940438734594719,-0.014939893570546703,-0.007338096957553941
2023-08-17,-0.017953759084211374,-0.017950592210444816,-0.007619726040616448
2023-08-18,0.002479838023333958,0.0024743464188148323,0.000481185998659317
2023-08-21,0.009400506698680644,0.009403958585908478,0.006506309191295578
2023-08-22,0.0009692228341979803,0.0009704412358224612,-0.0027086347726137383
2023-08-23,0.015220287264427812,0.015220211325983612,0.01113785500893627
2023-08-24,-0.022123504423177898,-0.02212074443190082,-0.013859223013909516
2023-08-25,0.0060540881579576045,0.006056422899840319,0.007049714555938946
2023-08-28,0.00851389451564133,0.00851270338095933,0.00634146119651513
2023-08-29,0.020961402361709736,0.020959656407412375,0.014454721180120478
2023-08-30,0.005768311953594285,0.005763565706066842,0.004118917872557359
2023-08-31,0.0011212418581350025,0.0011186360288797381,-0.0014634035059161166
2023-09-01,0.002603603366738705,0.002605151000503625,0.0018650764885848048
2023-09-05,-0.010264896819115465,-0.00916656256468773,-0.004321737613855237
2023-09-06,0.0006191057365911856,0.0006196853577151717,-0.00672252394009365
2023-09-07,-0.008242026872578134,-0.008234749841089295,-0.0030701693208237124
2023-09-08,-0.0018942029972548458,-0.0018894284409515238,0.0015060113029727873
2023-09-11,0.007814388983125475,0.0078193560330726,0.006576583948365133
2023-09-12,-0.018691880562299867,-0.018689115103991516,-0.005485455170274212
2023-09-13,-0.00012058178414753318,-0.00011578517699928348,0.0011659429869188553
2023-09-14,0.007711081620560112,0.007704469149426796,0.00862226838997282
2023-09-15,-0.019910142132355535,-0.019905676428150776,-0.012048198717857006
2023-09-18,0.001374724027760843,0.0013728511050816739,0.0005863179581948597
2023-09-19,-0.0017111377773439962,-0.001709993068068516,-0.002073700242464227
2023-09-20,-0.01227588166349014,-0.012275201419272075,-0.009193361806369982
2023-09-21,-0.021856174402173245,-0.02185616496163456,-0.01652842718934655
2023-09-22,-0.0003611124143537703,-0.0003647897016886281,-0.0022485835771974827
2023-09-25,0.0033406570052150197,0.0033419443778655022,0.004205286191780955
2023-09-26,-0.0143117559237399,-0.014315121455713231,-0.014691274582096292
2023-09-27,0.0069951940337740215,0.006995569448802197,0.00039922850002582777
2023-09-28,0.01408925439792763,0.014088505641320914,0.005797235571361581
2023-09-29,-0.00469314518840791,-0.004690747060091982,-0.0024268410510679406
2023-10-02,0.0016942161918882537,0.001697190790102221,-0.00039758620536511913
2023-10-03,-0.02420110904238737,-0.023450173353137593,-0.013386233602487807
2023-10-04,0.013760522601093728,0.013750850098061429,0.0072819807960526894
2023-10-05,-0.0027872033983706856,-0.002787933868669268,-0.0003767538409181759
2023-10-06,0.017324256816427352,0.017325559268979607,0.011872889791437968
2023-10-09,0.0061635035504101765,0.00616900097138684,0.006402109308006665
2023-10-10,0.008419881677696806,0.00841980999766423,0.005204881069301948
2023-10-11,0.003396750280260319,0.003398440060939256,0.004096306420702245
2023-10-12,-0.007008390143640186,-0.007007488144463059,-0.006096438609385357
2023-10-13,-0.015006937088469452,-0.015006677532157231,-0.004980692946559007
2023-10-16,0.01106538087292841,0.011067966272609198,0.010521293502573803
2023-10-17,0.003981735702126343,0.003981431141722114,-4.593770614802484e-05
2023-10-18,-0.020066567363249743,-0.020066503616402942,-0.013325159481197946
2023-10-19,-0.012406991376571086,-0.012407574404870947,-0.00878627754271688
2023-10-20,-0.017951710343807048,-0.017952578883526416,-0.012288140278315929
2023-10-23,0.005320427912218539,0.005316740642776985,-0.0017330258208599902
2023-10-24,0.0073642516329246455,0.007367097268130118,0.007539297844937787
2023-10-25,-0.028557482760113717,-0.028551649243762633,-0.014352274963949307
2023-10-26,-0.019261834880955897,-0.019258154839590036,-0.011974642931195656
2023-10-27,0.0010150049491377544,0.0010131182785220183,-0.004532795672202217
2023-10-30,0.010688479434815212,0.010688221060671355,0.011955898365193729
2023-10-31,0.009857212012644778,0.009864726493263198,0.006280381790440881
2023-11-01,0.017591456501170333,0.017588030279630962,0.010664691247419977
2023-11-02,0.021234031410392706,0.021867116174124623,0.019164236800371715
2023-11-03,0.01118596828212226,0.011183913289867453,0.009123483683182831
2023-11-06,-9.641802271354027e-05,-9.590592767716455e-05,0.0023004516022135935
2023-11-07,0.00775618291269442,0.0077537957956144155,0.002845922811025803
2023-11-08,0.006477371404736143,0.0064759588659761835,0.0007324199123486252
2023-11-09,-0.009090927483380362,-0.009091468911482936,-0.007798728101199526
2023-11-10,0.023165063237573946,0.023163760636446984,0.015604954192212084
2023-11-13,0.002281982248093062,0.0022802905547960606,-0.0009533215038348697
2023-11-14,0.029533861842037545,0.02953300499429079,0.019400783930326737
2023-11-15,-0.0035669987087419974,-0.0035673007880994145,0.00211712476939363
2023-11-16,-0.0005260993190951968,-0.0005268339685098322,0.0012231032171465817
2023-11-17,0.0052002145838392355,0.005201572516393416,0.0012437485749883237
2023-11-20,0.01043831281440144,0.01043748873700312,0.007697646973265915
2023-11-21,-0.004098729622026065,-0.004098818707867546,-0.002179472264966731
2023-11-22,0.004440065286567263,0.004439719322885116,0.003860856688096659
2023-11-24,0.0005296066711690806,0.0005306119085564109,0.0006152583229561692
2023-11-27,0.0010863608498183908,0.001085836347383351,-0.0018008540764695713
2023-11-28,-0.001959757829793851,-0.0019604475641653574,0.0009900947357737166
2023-11-29,0.002965658983964836,0.0029661898935531283,-0.0007033709637728203
2023-11-30,0.004019770501890507,0.0040201715548671135,0.003937389890417808
2023-12-01,0.011592054032056431,0.011591426673440708,0.005915855135182113
2023-12-04,-0.012040241568474164,-0.01092023954457566,-0.005249354505640347
2023-12-05,-0.0013982706958239888,-0.001400300392691567,-0.00019712999514076568
2023-12-06,-0.010805431328608672,-0.010805126931218267,-0.004029729599363874
2023-12-07,0.0068325366697061796,0.0068283271146571956,0.0076305170581814075
2023-12-08,0.006889874907989091,0.006888330039712676,0.0042990810778074096
2023-12-11,0.011564837373465364,0.011566624102648637,0.003889562713336847
2023-12-12,0.008530164294654474,0.008523886329672603,0.0045670463737026434
2023-12-13,0.009933294088732003,0.009936716098428056,0.013790217632763557
2023-12-14,-0.010584807600864665,-0.010589638505372867,0.0032093987584638217
2023-12-15,0.002758870392890689,0.002754106243908483,-0.0016465279846737957
2023-12-18,0.008967484974319095,0.008964796700071886,0.0056250888080024986
2023-12-19,0.003786434189482879,0.003787030718231721,0.006080888558689157
2023-12-20,-0.01271327715989401,-0.012713185039701314,-0.013857292868214244
2023-12-21,0.012097948497930666,0.0120992028880198,0.009481935526338248
2023-12-22,0.0001832385419042737,0.00018651562341331918,0.0020097867761843524
2023-12-26,0.004519397640496914,0.0045205797901224365,0.004222440322714904
2023-12-27,0.0009662886917134461,0.0009680351557952438,0.0018080853378115158
2023-12-28,-0.0007173962352841068,-0.0007160566497109722,0.0003777903707899988
2023-12-29,-0.0012148176699854352,-0.0012127053923068898,-0.002895034567458321
2024-01-02,0.0,0.0,0.0
2024-01-03,-0.0023071174085915747,-0.0008105780847047495,-0.004978670540609742
2024-01-04,-0.0030900577052170863,-0.0030900577052169753,-0.003221006521007097
2024-01-05,0.0033945822186014496,0.0033945822186014496,0.0013695625547327506
2024-01-08,0.019871178462341543,0.01987117846234132,0.014276142326451469
2024-01-09,0.0002986241326217165,0.00029862413262193854,-0.0015173092049582948
2024-01-10,0.008563874180721909,0.00856387418072213,0.0056555426872197945
2024-01-11,0.005910311273856994,0.005910311273856772,-0.0004406430412424722
2024-01-12,-0.00010810968943941734,-0.00010810968943941734,0.0006927821246200949
2024-01-16,0.002450749208467329,0.002450749208467329,-0.0036712991848998344
2024-01-17,-0.0047762158852298064,-0.004776215885229695,-0.005558629120554048
2024-01-18,0.01337305884197204,0.013373058841971819,0.008892804945121346
2024-01-19,0.017678896278159772,0.017678896278159995,0.012466017614288782
2024-01-22,0.004821659430308989,0.004821659430308545,0.0021144766293070827
2024-01-23,-0.0009738133312691133,-0.0009738133312686692,0.0029164192965691615
2024-01-24,0.006720916318385894,0.006720916318385672,0.0010933126058942921
2024-01-25,0.010084291601140105,0.010084291601139883,0.00543884142451212
2024-01-26,-0.010163449834071248,-0.010163449834071137,-0.001270453392287485
2024-01-29,0.01110656063413562,0.01110656063413562,0.007919381068000275
2024-01-30,-0.003990343484892245,-0.003990343484891912,-0.0007734882337022686
2024-01-31,-0.015094384254643933,-0.015094384254644155,-0.016317396592104072
2024-02-01,0.012856806853395408,0.01285680685339563,0.013088243385340759
2024-02-02,0.013457376766638829,0.014596997063366812,0.010527345896630402
2024-02-05,-0.004299721585554472,-0.00430334206692351,-0.0036411212279222616
2024-02-06,-0.0031376457001007774,-0.003132762062701744,0.002903296810174316
2024-02-07,0.010416600459855374,0.010411916014789524,0.008340343964781116
2024-02-08,0.008725571071220406,0.008724055656954555,0.0004418983685636757
2024-02-09,0.008425314666463235,0.008420599777908766,0.00577932941690662
2024-02-12,-0.0026799355633523314,-0.002673546115448344,-0.0004390393376605406
2024-02-13,-0.017591314371326883,-0.01759754870188024,-0.01377315601908169
2024-02-14,0.017471562039371058,0.01747039076209611,0.009087717382374016
2024-02-15,0.004396896673131145,0.004402201821336993,0.006899796528982094
2024-02-16,-0.01065877857240971,-0.010658012252908522,-0.004979972192162729
2024-02-20,-0.009617371133596286,-0.009613002879383825,-0.00550536084322828
2024-02-21,-0.009555105908109152,-0.00954383762274058,0.0009057847460316459
2024-02-22,0.02918525965515073,0.029174489433029027,0.02069547359013213
2024-02-23,0.00012906630072051506,0.0001291024228040616,0.0006896938035239053
2024-02-26,0.005718244034066178,0.005717246906687734,-0.0036624892391067254
2024-02-27,0.011726779256546083,0.011727722217342862,0.0018575652385470764
2024-02-28,-0.0003226332683744504,-0.0003219111980012901,-0.0013215656359363281
2024-02-29,0.014290328804299257,0.014291375944761597,0.003594930678976649
2024-03-01,0.019242287721829898,0.01924180474269077,0.009388320968662489
2024-03-04,0.004694649717029931,0.005636917655793994,-0.0010724808912875305
2024-03-05,-0.011928193928736008,-0.011920110206924628,-0.009993971737729868
2024-03-06,0.007311437564911705,0.007307454190742302,0.005067159247770903
2024-03-07,0.012726343590775846,0.01272940993463112,0.009926370346830415
2024-03-08,-0.013553168869346321,-0.01354886436722802,-0.006002115368710315
2024-03-11,-0.008621962161706187,-0.008616732440575925,-0.0008599654929838385
2024-03-12,0.014595054832376997,0.014589761909230337,0.010757433934537097
2024-03-13,-0.006105432443223702,-0.006104493549475176,-0.001567579929561358
2024-03-14,-0.011859293251069936,-0.011862725175770361,-0.001976722296110456
2024-03-15,-0.011629805852432007,-0.011622112361511117,-0.006866621980632481
2024-03-18,0.00621537756874857,0.006210757662396871,0.005943123520943949
2024-03-19,0.003402187823170033,0.0034015174248394064,0.0055572273176931475
2024-03-20,0.017127733675790457,0.01713011410014409,0.009249402694908149
2024-03-21,0.017102614990515352,0.017105672337141886,0.0033045469982364573
2024-03-22,-0.003388978685796351,-0.003392656111590453,-0.001895828125220933
2024-03-25,-0.0010169417047033447,-0.0010159715690423177,-0.0027627018670888237
2024-03-26,-0.0014254503400765728,-0.0014208309448754397,-0.0018470850305898345
2024-03-27,0.007296865545321829,0.007300946063532043,0.00840390128704338
2024-03-28,0.0018852286023594012,0.001889970516931072,-0.00019115304320382887
2024-04-01,0.0017492911845278236,0.0017461985693307813,-0.0017398673121422625
2024-04-02,-0.013232473876865214,-0.011786046846831155,-0.00635791961577481
2024-04-03,0.009271644514219357,0.009267436983257271,0.0010984169872829685
2024-04-04,-0.014651112300222424,-0.01464995732947283,-0.01220615604832942
2024-04-05,0.01769875296022394,0.01769287885949944,0.010447018952042919
2024-04-08,-0.0011490049914149036,-0.0011485804490388718,0.0005592485270637937
2024-04-09,-0.0099118932257104,-0.009915645364353187,0.0011566969768881386
2024-04-10,-0.008883866105258154,-0.00887989234714992,-0.010012983815937515
2024-04-11,0.007243644076384559,0.007233466119496379,0.007546719431144933
2024-04-12,-0.01616030974846383,-0.016153853389294426,-0.013803096677538873
2024-04-15,-0.012178546720996275,-0.012170724082581463,-0.012528035229721457
2024-04-16,0.003801863698463137,0.003802491309755629,-0.0018237698460004115
2024-04-17,-0.012905065880906563,-0.012897834792546914,-0.005918270721091967
2024-04-18,-0.008725306988150994,-0.008719345368791598,-0.0020577941117486676
2024-04-19,-0.0180388814430118,-0.0180279585621006,-0.008728310287310914
2024-04-22,0.008770324157810538,0.008765580405667217,0.009209223639820463
2024-04-23,0.020628318520048428,0.020624167884982558,0.011866617014163916
2024-04-24,-0.0007359525764285557,-0.0007398939598695087,-0.00047477474141222054
2024-04-25,0.001172051044912914,0.0011711101816187508,-0.0037987587828579583
2024-04-26,0.005645844756218432,0.0056430723302214325,0.009473829310949755
2024-04-29,0.00558865876848369,0.005591319961420371,0.0035415053910734517
2024-04-30,-0.015294829558034295,-0.015272644241091426,-0.015841202983064906
2024-05-01,-0.011294685707161634,-0.011294740068565123,-0.0032472021430118847
2024-05-02,0.011539821814172013,0.01253164513258831,0.009353443441858067
2024-05-03,0.01042151656491841,0.010421171536120655,0.012395256153738154
2024-05-06,0.02036163141958447,0.020360555938838232,0.010326938503174787
2024-05-07,-0.0042701125850596044,-0.004270430360207911,0.0011034264304021768
2024-05-08,0.003930811407531376,0.00392812567173717,9.672134683258449e-05
2024-05-09,0.00738184490931082,0.007378400597171542,0.00576189641039937
2024-05-10,0.0031931224269543534,0.0031894704073816005,0.0012880452787931151
2024-05-13,-0.007854854979561732,-0.007850298284950208,0.00013421871437180322
2024-05-14,0.008213196827006719,0.008211514988126334,0.004588035509807131
2024-05-15,0.018330231498090876,0.01832420203281182,0.012383318564627155
2024-05-16,-0.009278727218513083,-0.00927387825171766,-0.002057648556520686
2024-05-17,0.0011444101799895634,0.0011500230728573868,0.0014374286500424827
2024-05-20,0.00596292159066536,0.005961693722793537,0.0011521851699716201
2024-05-21,0.0007426021791030468,0.0007417818371215912,0.002452510759075155
2024-05-22,-0.005789618913445205,-0.005792104090610817,-0.0028793330278347185
2024-05-23,-0.005258694658806018,-0.005264287864317985,-0.007304094973100028
2024-05-24,0.01754084455746563,0.017536217834946966,0.006616635547303185
2024-05-28,0.00238536621986718,0.0023877722936627155,0.0006985875025946608
2024-05-29,-0.014156040958943295,-0.014156610123103541,-0.007002465409604586
2024-05-30,-0.0006247859006286438,-0.0006269344663712983,-0.006633746666733775
2024-05-31,0.0025194142068070136,0.002523683465778692,0.009108165895193476
2024-06-03,-0.011152218348212561,-0.011153544514176272,0.0008153583340810844
2024-06-04,-0.007264971289509425,-0.0063543197112949645,0.0011178083574776565
2024-06-05,0.021148324658676776,0.021138065742442702,0.01188508170131497
2024-06-06,-0.009464354566598998,-0.009464947528935008,-1.868653409564658e-05
2024-06-07,-0.0014235090562879638,-0.0014229239573094743,-0.0012154701067457196
2024-06-10,0.011679048210005982,0.01167490721894926,0.0030894414176951823
2024-06-11,-0.0033185131357860165,-0.0033205905855890894,0.002408336857466331
2024-06-12,0.014311152282867168,0.01431003120626051,0.008213376461439603
2024-06-13,0.0052750979272508935,0.00526433582379604,0.0020131698731635783
2024-06-14,-0.009898669472199306,-0.009899518386150552,0.0006085063699716731
2024-06-17,0.015232741958290053,0.015227096644607752,0.007958910221575355
2024-06-18,0.010093754954872747,0.010094668038424182,0.0025407121528528975
2024-06-20,-0.009091094542993505,-0.009088393830056218,-0.002716544837253032
2024-06-21,-0.008252225238260857,-0.008246633241772217,-0.0013404904271935303
2024-06-24,-0.0029806348929598547,-0.002976038523881064,-0.003250874173535423
2024-06-25,0.004275450035267747,0.00427003783357649,0.0038509684777765507
2024-06-26,-0.008444622459605533,-0.008444448912201308,0.001248036721894108
2024-06-27,0.0006159602151933896,0.0006159839559267688,0.0015764724631708305
2024-06-28,0.0006194632524130217,0.0006259754991724265,-0.003935092412651886
2024-07-01,-0.001929137453883012,-0.0019286955325883426,0.002058070220223307
2024-07-02,0.006800757537547275,0.007715977064801871,0.0067297191878716855
2024-07-03,0.007971775425843708,0.007967342885849105,0.004462763358313415
2024-07-05,-0.00029205157496514644,-0.00028767531947193614,0.00576649129051976
2024-07-08,0.008051792085883136,0.008045920511274396,0.001153687531366021
2024-07-09,0.002119132525652656,0.0021202433971865275,0.0009724431209321427
2024-07-10,0.010218964861741675,0.010216301062755617,0.009895287551016096
2024-07-11,-0.00899054221606943,-0.008986006189654394,-0.008622664527645374
2024-07-12,0.0031034765623438876,0.0031056583842479224,0.006307644912908028
2024-07-15,0.0010009027410513571,0.0010070581237722198,0.0027502945306059345
2024-07-16,0.008832229741117859,0.008836564929567192,0.005930227551637524
2024-07-17,-0.040016569844862904,-0.040003797752859116,-0.014021344049971574
2024-07-18,-0.003657954601148483,-0.0036599762409331715,-0.007684830624340111
2024-07-19,-0.010056032758091304,-0.010057861412772207,-0.006640697294749587
2024-07-22,0.018208257953624463,0.018203260569295,0.010309899385924082
2024-07-23,0.0030068258817541604,0.003007912884919639,-0.0015686753676522613
2024-07-24,-0.037991521403244244,-0.03798166155246152,-0.022662373657600487
2024-07-25,-0.010133246718981304,-0.010123133089991465,-0.005210401360493111
2024-07-26,0.016088636187488126,0.016084135734516503,0.011199677243803441
2024-07-29,-0.0013752891830571823,-0.0013732045579437635,0.0005877660449546962
2024-07-30,-0.012395797215726923,-0.012394126462793476,-0.005066489846381694
2024-07-31,0.03266615361466152,0.032654276176845354,0.0162546493941369
2024-08-01,-0.036937803371690614,-0.036938314622775525,-0.01416089772791096
2024-08-02,-0.037563917874797625,-0.03680080954842502,-0.018618465583101207
2024-08-05,-0.018472981696921242,-0.01847506549720379,-0.029123731060897606
2024-08-06,0.02528746229784118,0.02528797075775646,0.009219621998645566
2024-08-07,-0.016270956439562667,-0.016265890528247673,-0.0066839087950150144
2024-08-08,0.04147795854779823,0.04147529935824523,0.02311740208643176
2024-08-09,0.0045171825789325215,0.00451038380360913,0.004409783108547893
2024-08-12,0.003887736793056318,0.0038905356296061733,0.0005251819392879664
2024-08-13,0.020754094012360724,0.020753131078034226,0.016445457845939204
2024-08-14,0.004234924842397181,0.004237018448798757,0.0031548723144527724
2024-08-15,0.02480664723493864,0.0248013023831144,0.017140221567987446
2024-08-16,-0.0015469388010806995,-0.0015442493939195057,0.0022420117925041616
2024-08-19,0.011614792646970518,0.011616654303260532,0.009561331973907405
2024-08-20,-0.009344302243991964,-0.009349016661869936,-0.0016259572939691935
2024-08-21,0.010391778307275112,0.01039152288034062,0.0034366969502579447
2024-08-22,-0.010527332890253094,-0.010524275785688486,-0.007848785276715065
2024-08-23,0.014548891687491405,0.014548115242758008,0.010625422141984808
2024-08-26,-0.011956340497271456,-0.011953903377989405,-0.0023837106752643278
2024-08-27,0.006256317486716956,0.006257009248758383,0.0013729062119203217
2024-08-28,-0.01098242633744173,-0.010977311004098267,-0.005804990250471764
2024-08-29,0.0007494006063126779,0.0007517239846546175,8.930257271066999e-05
2024-08-30,0.011802229438675038,0.01179986305858094,0.009546108600853476
2024-09-03,-0.04062615291187266,-0.04060895331619574,-0.02057890461708045
2024-09-04,-0.007393413801823234,-0.005864504371856261,-0.002046808041376691
2024-09-05,-0.005454890622784925,-0.005455402753144711,-0.002432422016352409
2024-09-06,-0.0232158577856465,-0.023211259894248326,-0.016830061169659682
2024-09-09,0.017346810294663673,0.01734622627514648,0.01119600514425767
2024-09-10,-0.0014821613760005459,-0.0014860171293294977,0.0043558432423733695
2024-09-11,0.015180282298556724,0.015159035703681933,0.01025921618027037
2024-09-12,0.004674890351114902,0.004666665064726461,0.00842313754247681
2024-09-13,0.00998823355664813,0.009985304475751633,0.005222868726185714
2024-09-16,0.00840570795997686,0.0084113677770008,0.0014766934860208636
2024-09-17,0.004903698550725144,0.004905331350191,0.0004087469851710157
2024-09-18,0.0012301328972981196,0.0012321921711182515,-0.0029659591584655365
2024-09-19,0.01932433758638319,0.019320469022888753,0.017064470201915594
2024-09-20,0.004039017006095991,0.004024862483541947,-0.0017287267010226426
2024-09-23,0.0036965716892698453,0.00369091864399107,0.0024988464537973876
2024-09-24,0.0016781503250018481,0.0016780864447563104,0.002861468217643548
2024-09-25,-0.0033993557804233854,-0.0034088707633358473,-0.002205585632772178
