date,strategy,strategy_no_costs,spy
2016-01-04,0.0,0.0,0.0
2016-01-05,0.003222037843472858,0.004726870900237712,-0.001696032353380561
2016-01-06,-0.007611320210532568,-0.007611320210532346,-0.012614485248228502
2016-01-07,-0.023037559747641323,-0.023037559747641545,-0.02399165666307046
2016-01-08,-0.011511656554707539,-0.011511656554707539,-0.010976423005055191
2016-01-11,0.003138598889648403,0.003138598889648625,0.0009899369800312474
2016-01-12,0.011137272707949064,0.011137272707949064,0.008068257461905537
2016-01-13,-0.03348433077798474,-0.03348433077798485,-0.024940557490074844
2016-01-14,0.013130330617243668,0.013130330617243668,0.016416903819580053
2016-01-15,-0.01991133105587395,-0.01991133105587406,-0.021465794264166616
2016-01-19,0.002696183372898009,0.002696183372898231,0.0013307986811228467
2016-01-20,-0.0070147996019758185,-0.0070147996019759296,-0.012814743733104872
2016-01-21,-0.0005553437528604821,-0.0005553437528604821,0.005601902524081437
2016-01-22,0.02599018906061379,0.02599018906061379,0.020514910830279343
2016-01-25,-0.013777298915575664,-0.013777298915575775,-0.015116452597792374
2016-01-26,0.012060230535163585,0.012060230535163807,0.013643113984610045
2016-01-27,-0.01655607572034401,-0.0165560757203439,-0.010883131118148204
2016-01-28,0.007474530790769762,0.007474530790769984,0.005208630204326381
2016-01-29,0.024996168096815374,0.024996168096815374,0.024377583756477472
2016-02-01,0.004109828734197185,0.004109828734197407,-0.0003612558403183197
2016-02-02,-0.0222100852748377,-0.021433994733220718,-0.018022003062555303
2016-02-03,-0.010810159328359048,-0.010808277280394796,0.005994785334435315
2016-02-04,-0.008132055180237407,-0.008134741201608509,0.0015686784081219152
2016-02-05,-0.04113973429778117,-0.041144149400704544,-0.019050344565891275
2016-02-08,-0.030446105637794818,-0.03044832075545334,-0.013461321808526883
2016-02-09,0.0051611212797439965,0.005152760239531817,5.39181149210588e-05
2016-02-10,0.00890419816229171,0.008901593381442252,-0.000862545476890908
2016-02-11,-0.008312031720434376,-0.00832043155621398,-0.013008307955313714
2016-02-12,0.013457466614063218,0.013458887319757862,0.02061686373902094
2016-02-16,0.025006852449190653,0.025013164335494276,0.016878659382641548
2016-02-17,0.01639771845421878,0.01639928081365949,0.016334528419140515
2016-02-18,-0.013695825515475213,-0.013693805924705371,-0.0040959136720886136
2016-02-19,0.008641539306714963,0.008636739425856854,-0.00046831859644203
2016-02-22,0.017186347274615654,0.017191647722759607,0.01447893998139449
2016-02-23,-0.005154645859976714,-0.0051526397759980025,-0.012629545081511373
2016-02-24,0.006500076886739814,0.006498937685865069,0.004575787488583227
2016-02-25,0.01810536663749085,0.018104748250357794,0.012112053469631956
2016-02-26,-0.000602333422313861,-0.0005965789372586183,-0.002301762918790473
2016-02-29,-0.008916623080744479,-0.008915527519121724,-0.007842802802899618
2016-03-01,0.026223938221849652,0.026223096519610856,0.02350713697563811
2016-03-02,0.0011728445439633806,0.002219968550089213,0.004492702998206477
2016-03-03,0.0011459609242845392,0.001146460761686896,0.003919436509997265
2016-03-04,0.0002047606368544841,0.00020700417316188435,0.0032535816508312276
2016-03-07,-0.010062498290270838,-0.010062178698447832,0.000798174328986212
2016-03-08,-0.00039108066061710467,-0.0003881800153641146,-0.010917683104429088
2016-03-09,0.005797631324086616,0.005797241288634236,0.004939559624523415
2016-03-10,0.002027415776067354,0.0020309175541075586,0.0008024687425773891
2016-03-11,0.012434278830445677,0.012427041049579035,0.016137166139512216
2016-03-14,0.0012021651756575213,0.0012023220904846532,-0.0012824304522421892
2016-03-15,0.0024509045116378747,0.002451354334288558,-0.0016295800634807955
2016-03-16,0.00816883730128981,0.008166929102582543,0.005787016158250946
2016-03-17,0.005719648599167737,0.005719751746897872,0.006344340839048446
2016-03-18,-0.0015383157916654122,-0.001542348987241593,0.003929619049156008
2016-03-21,-0.0030790440719554724,-0.0030803716565842576,0.0014189751583075783
2016-03-22,0.0019749269005744363,0.0019734408712464013,-0.0005373811045408239
2016-03-23,-0.002321212399875261,-0.0023188075696319865,-0.006599496003831251
2016-03-24,-0.0013319564243303716,-0.0013308532379638915,-0.0004429070120902656
2016-03-28,0.004138951422276271,0.004136929912635479,0.0005906266152029271
2016-03-29,0.01725492310957577,0.017253782297722342,0.009250116039449807
2016-03-30,0.0014729611202202175,0.0014733931037613779,0.004387741183200289
2016-03-31,-0.0018813836576954124,-0.001880514537608402,-0.0024269460670182097
2016-04-01,0.008254216404801396,0.008251814723707396,0.006811612405701606
2016-04-04,-5.024151669863475e-05,0.0009066218338675824,-0.003237644577584353
2016-04-05,-0.010356020880296524,-0.0103594854578557,-0.009987878363535319
2016-04-06,0.006032552802601732,0.0060299032427528765,0.010921229555514556
2016-04-07,-0.006326660530514228,-0.006326408096706704,-0.011965876094902295
2016-04-08,0.002234343262602412,0.002234591727184654,0.002696656660856167
2016-04-11,-0.00477302880215813,-0.004772544814450996,-0.002347182247036672
2016-04-12,0.004341373103392554,0.004343008268512305,0.009312696375750384
2016-04-13,-0.0026285276206317043,-0.0026285638509102593,0.01010118985056141
2016-04-14,-0.00648913128110995,-0.006490148930728301,4.807860452626933e-05
2016-04-15,0.004326228413136013,0.004326353480604839,-0.0011055811803354354
2016-04-18,0.005849917038323715,0.005847819968520573,0.007026646978166573
2016-04-19,-0.0013344560997968768,-0.001332248912032763,0.003154382541953993
2016-04-20,-0.011834845080930578,-0.01183924873361375,0.0009526097913528098
2016-04-21,-0.016368140175909374,-0.016372442291486378,-0.005378407481038239
2016-04-22,-0.0001683083526381468,-0.00016316725664111686,0.0
2016-04-25,0.004179906635159769,0.004180344629081123,-0.001722622826713316
2016-04-26,0.0001478314568408301,0.00014786111030251625,0.0014859918465575106
2016-04-27,0.0048694037651759725,0.004872832356752177,0.0020581895397211447
2016-04-28,-0.004567677847633678,-0.004566185035102421,-0.009075855016367651
2016-04-29,-0.0007524580686211202,-0.0007516076946536554,-0.005398993606777758
2016-05-02,0.013811309456427612,0.013811063610155827,0.007948711667605579
2016-05-03,-0.006869350753905379,-0.006150845993783349,-0.008703395220749033
2016-05-04,0.0038435331308457332,0.0038379114283790816,-0.005578124875502022
2016-05-05,-0.00036727792817070615,-0.0003659619911459133,-0.00019494317063184496
2016-05-06,0.005410851645681003,0.005411721912025325,0.0036589354661609175
2016-05-09,0.0050069762655435834,0.00500456279564454,0.0008263948659976705
2016-05-10,0.006550435025961532,0.006549777016778169,0.012433645127915005
2016-05-11,-0.0052191358446722624,-0.00522083283713648,-0.009354657246744003
2016-05-12,0.0028739777028981006,0.0028665418502902273,0.00029065450061227516
2016-05-13,0.00034771303734970616,0.00034727837837822406,-0.008714392279523309
2016-05-16,0.0061601652848168875,0.006162228372890377,0.00986537874102833
2016-05-17,-0.01734109107393622,-0.017338425353341957,-0.009333568801133452
2016-05-18,-0.008752005745356839,-0.008748757303008059,0.0002928193693976233
2016-05-19,-0.0011170724181548408,-0.0011191429340106085,-0.0034649692167176838
2016-05-20,0.00542049112847609,0.0054237676562023385,0.006317380850532128
2016-05-23,-0.0018748613038523931,-0.0018733739216110212,-0.0013622931008568928
2016-05-24,0.01708976937543394,0.017093026691756386,0.012962077943646344
2016-05-25,-0.0013712041635887129,-0.0013717675081346137,0.006783149285816359
2016-05-26,0.00600163926863484,0.006003152070725104,0.0002869660238955518
2016-05-27,0.005411170530628784,0.005414878525519251,0.004298857794156508
2016-05-31,0.0021456140123989886,0.0021423986582864707,-0.0019026541682207743
2016-06-01,0.002209122033389077,0.0022070967191569757,0.002049252249170852
2016-06-02,0.0001635431727429193,0.0017927104581341169,0.003043726472393482
2016-06-03,0.002571274501022236,0.002571227279356547,-0.0029870750654420464
2016-06-06,0.0033433268779627934,0.0033478617426296875,0.00508863170935725
2016-06-07,0.002130151831338134,0.0021309446885118266,0.0015610184225285373
2016-06-08,0.005527129186281066,0.005531560478136299,0.0032597519890360527
2016-06-09,0.002051343891881219,0.0020453936198780998,-0.0013655892089041721
2016-06-10,-0.009960193511977189,-0.009961370753159837,-0.009477548339113961
2016-06-13,-0.004489817911502936,-0.004493026781037246,-0.007711728383551497
2016-06-14,0.0018097026514400927,0.001807481089419749,-0.00196662130130576
2016-06-15,0.004688281560099483,0.00469235298482551,-0.0013942716251797993
2016-06-16,0.003899903841632968,0.0038915566208304053,0.0029846349947801887
2016-06-17,-0.0013440329609207824,-0.0013439668143752082,-0.0037241532855220028
2016-06-20,0.005425342339572703,0.005433152906711758,0.00644000255297561
2016-06-21,0.0037425016480789886,0.0037364370439343375,0.002838254321963829
2016-06-22,-0.003899159293909049,-0.0038963106002971593,-0.0016308816091090694
2016-06-23,0.011977740158210848,0.011979115220448477,0.013022457413687238
2016-06-24,-0.025986855790276042,-0.025999871839529565,-0.03590884453170007
2016-06-27,-0.013562086263685713,-0.01357523453292031,-0.017909980653237678
2016-06-28,0.017976082696154805,0.017977400504830765,0.018035967210669357
2016-06-29,0.01337429960358727,0.013379648535607691,0.017027639966891384
2016-06-30,0.017681799552530686,0.017684360657269638,0.01364551805723635
2016-07-01,0.0011050370750333993,0.0011112107428521423,0.0021002757362003077
2016-07-05,-0.0015924439524260814,-0.0007152308322366796,-0.007193038961438969
2016-07-06,0.006539788664026602,0.006540273702528632,0.00599799182305083
2016-07-07,-0.0022261481023837515,-0.0022233777300956215,-0.0006203768838818347
2016-07-08,0.013920958457982913,0.013921495514297222,0.01489040289792909
2016-07-11,0.004937941585776429,0.0049390149641277414,0.003527039879044125
2016-07-12,0.0062223521622486455,0.006224851966304623,0.0072633106417812066
2016-07-13,-0.0023512884664055322,-0.0023556838866661822,-0.00013935143270060735
2016-07-14,0.0019397639396154798,0.0019385571721115546,0.005583356847290943
2016-07-15,-0.0011198355730484,-0.0011163213179936626,-0.001341848463770945
2016-07-18,0.004200041830815904,0.004201227127894391,0.002687386084167631
2016-07-19,-0.002409778987703448,-0.0024128456212335614,-0.001016758635208448
2016-07-20,0.002537644326983779,0.0025386827555478053,0.004163043655225129
2016-07-21,-0.007204658018841625,-0.007203749135940685,-0.0037772648740920234
2016-07-22,0.013016177957041908,0.013014652234093482,0.0044853367153681045
2016-07-25,0.004881227732787208,0.004878171362657557,-0.0027159040381125044
2016-07-26,0.006421156712767884,0.006422899756703071,0.0004616058179740534
2016-07-27,-0.0026669148783615704,-0.002669498377495527,-0.0010612283786834986
2016-07-28,0.004255075206381687,0.004255019168072138,0.0011546660301433587
2016-07-29,0.003308561587081149,0.0033043872091105264,0.0016146846083799904
2016-08-01,-0.0004131476628101982,-0.00041600771791749924,-0.0008289925569322509
2016-08-02,-0.00977953014187416,-0.008962685906178436,-0.006407486542837737
2016-08-03,-0.00030787724622738377,-0.000309359806024756,0.0029224828482521392
2016-08-04,0.0010873258534074282,0.0010900602535997006,0.0010642761489254582
2016-08-05,0.003127409945004711,0.0031291101733037507,0.008179127429738031
2016-08-08,-0.0029106153529891987,-0.0029096999462657758,-0.0005959863067186433
2016-08-09,0.0020425289886853992,0.0020419642782139036,0.0005963417182168751
2016-08-10,-0.002312431343380994,-0.0023088006093533453,-0.002475223891997058
2016-08-11,0.002680190558687734,0.002680835717612906,0.004640607085997894
2016-08-12,0.0028174697996998788,0.0028141683393905215,-0.0008686098636662143
2016-08-15,0.00130507647105782,0.0013026394980502065,0.0028834706471354554
2016-08-16,-0.010663057660880826,-0.010663513747045883,-0.005157586969937289
2016-08-17,0.0016033643093402716,0.0016050610007862787,0.001881134728282996
2016-08-18,0.011072729479321808,0.011068361675250715,0.0022437977310709734
2016-08-19,0.0030271145076457007,0.003022590970765515,-0.0014620751538957366
2016-08-22,-0.0005479003485012734,-0.0005463314913979334,-4.568741606691962e-05
2016-08-23,-0.0008197923818663577,-0.0008247573881721149,0.002013378642638841
2016-08-24,-0.010537006503447133,-0.010534242136291172,-0.0051148971780110575
2016-08-25,-0.004884215650349133,-0.004879834049120846,-0.0006882237570486893
2016-08-26,-0.005156012725726633,-0.0051598787281529335,-0.0018840407559921335
2016-08-29,0.00790550124138445,0.007905755515196011,0.004924529175110326
2016-08-30,-0.009242968268065255,-0.0092414455605625,-0.0016484058269221613
2016-08-31,0.00042972521604101033,0.0004306964002220859,-0.0028440845126229686
2016-09-01,0.0017161547177797498,0.0017141680263081938,4.593121701135239e-05
2016-09-02,0.002438406820253869,0.0034082043851664245,0.004508156670794072
2016-09-06,0.005488924024255937,0.005487354417362811,0.003022321942910855
2016-09-07,-0.0004293817201339589,-0.0004284525515870774,-9.158035471046322e-05
2016-09-08,-0.007283880780497687,-0.007284102895372291,-0.0022827489610784957
2016-09-09,-0.03141450005284696,-0.031409927468373344,-0.02393511101512147
2016-09-12,0.017654994993945516,0.01766123031503697,0.01434762401130274
2016-09-13,-0.019196305885606724,-0.0191984624068976,-0.014375607561062376
2016-09-14,0.002965298348754919,0.0029643634288292198,-0.0003753592525760352
2016-09-15,0.01113693099562818,0.011137310015681079,0.009993006445679464
2016-09-16,-0.0009233360035785232,-0.0009219005748074549,-0.0038655791783077653
2016-09-19,0.006905685892998559,0.006902812681576886,0.00018782807107675659
2016-09-20,-0.001663371965749949,-0.0016631236830219054,4.6717958743336396e-05
2016-09-21,0.018520951982338607,0.018520556431796953,0.011245609198420103
2016-09-22,0.00885822536307912,0.008859867166168156,0.006301072026692278
2016-09-23,-0.004009442869011504,-0.004008914683539477,-0.005479141229618234
2016-09-26,-0.002861962261899831,-0.002863193564675015,-0.008102224875268904
2016-09-27,0.003013649848488509,0.003011744788965043,0.006208016119474857
2016-09-28,0.006186740961989123,0.0061902237728954645,0.00496315676662773
2016-09-29,-0.010536013300120994,-0.010535610577243948,-0.009046925544723305
2016-09-30,0.0026634201811519542,0.0026595511478153533,0.007546260577323993
2016-10-03,-0.011116712349271252,-0.011120570201807345,-0.002404227607703091
2016-10-04,-0.017084252669529065,-0.015917171820546194,-0.005097769630561522
2016-10-05,0.004266243611613207,0.004271847713783528,0.004425268558121642
2016-10-06,-0.001014698139520931,-0.0010120399948817527,0.0006955435166293711
2016-10-07,-0.00811177622794279,-0.00811022881156409,-0.003429343922579875
2016-10-10,0.005995256611896815,0.0059904991515189465,0.005208704206040471
2016-10-11,-0.018175191954341918,-0.018172983831209466,-0.01263001504307315
2016-10-12,0.0032730168068457743,0.0032693124481399938,0.0013121665482085376
2016-10-13,-0.007341337126177683,-0.0073459966958425715,-0.003275615920133923
2016-10-14,-0.003174498744621723,-0.0031794698458830206,0.0005164564394535276
2016-10-17,-0.004819622821397029,-0.004824082466041157,-0.0034722297909202116
2016-10-18,0.008859644461148841,0.008856144872593008,0.006262469117979563
2016-10-19,0.010115534606458532,0.01011624843410508,0.0026667939713751476
2016-10-20,0.002562735550201589,0.00255847533211373,-0.001866385228815437
2016-10-21,-0.0054070447835665725,-0.00540191233380749,0.00046740612906037704
2016-10-24,0.006974984065825085,0.006969494519898589,0.004253036908334229
2016-10-25,-0.002892137331179767,-0.002894280929408688,-0.0033509198212964275
2016-10-26,-0.006940221391505075,-0.006936358372295559,-0.002007667596653828
2016-10-27,-0.009882083531035257,-0.009876296120891803,-0.0026667544968306256
2016-10-28,1.5288821765713223e-05,9.187056354109657e-06,-0.00295551431699026
2016-10-31,0.004907437582580387,0.004903375558654943,4.716140861793505e-05
2016-11-01,-0.00999884786269234,-0.010003540393743293,-0.0072452815596660836
2016-11-02,-0.007688261185856082,-0.006677675180353115,-0.0060185317295770036
2016-11-03,-0.004289990076589922,-0.00428892290106464,-0.004577201362954919
2016-11-04,-0.002368236140781521,-0.002368906299296425,-0.0011017653234726144
2016-11-07,0.02511955016066625,0.025118625240754477,0.022056955057440986
2016-11-08,0.00781253393553727,0.007809262430838793,0.004503640944656606
2016-11-09,0.018834721452158698,0.018842081584489634,0.010602523452654777
2016-11-10,0.0018558846897300807,0.001864078012164816,0.0024953268874918777
2016-11-11,0.0056504092194546995,0.00564339267746905,-0.0023047733956615968
2016-11-14,0.0019348979725817284,0.0019405176183433515,0.0007853886179332026
2016-11-15,0.019226796488718723,0.019221729957199507,0.007802763045137606
2016-11-16,0.001888111268180781,0.0018818968175189354,-0.001878104440582673
2016-11-17,0.012971525030425868,0.012974940191858186,0.005140389296738546
2016-11-18,0.003044826543015189,0.003038597296535217,-0.002237623088647611
2016-11-21,0.014531410917606014,0.014528579541999598,0.007551547631002187
2016-11-22,0.002267997585448489,0.0022621946611904864,0.0019535385709430475
2016-11-23,0.007860236329539916,0.007857294132533221,0.0005441746620840071
2016-11-25,-0.0005233024618390703,-0.0005234860450881174,0.00371518210909505
2016-11-28,-0.011295087583191088,-0.011298792090305154,-0.0046951465767332
2016-11-29,-0.0021977258884408046,-0.002198300434077871,0.0019504527622593582
2016-11-30,0.014376582670257543,0.014392883001644874,-0.002399107003553169
2016-12-01,-0.01781106177962355,-0.01780109537227703,-0.003675418686641563
2016-12-02,0.0048285704777837335,0.0059911105680146015,0.0005010264654594643
2016-12-05,0.014310108781583564,0.014308399228182056,0.006008737423371935
2016-12-06,0.007902187695052021,0.007903376709350152,0.0031672418501833555
2016-12-07,0.013326218719134753,0.01332286868410204,0.013081016162097558
2016-12-08,0.006641201240318306,0.006636466615730585,0.0024486308589539707
2016-12-09,-0.0075298542119413,-0.00752545422173545,0.0060402807063209
2016-12-12,-0.007952346910326313,-0.007955445245543591,-0.0011476523492913726
2016-12-13,0.006017237873449766,0.006020907679664234,0.0066738084134938536
2016-12-14,-0.008121643774479548,-0.008125654307834962,-0.008254006407553471
2016-12-15,0.010059426168629093,0.010057725055683697,0.004117251735652916
2016-12-16,-0.007637868614664645,-0.007639451709747003,-0.001956124392211933
2016-12-19,0.0018996122560459572,0.0018988270632191995,0.002177652528619456
2016-12-20,0.006960990769392605,0.006957659933148452,0.0038573693270460563
2016-12-21,-0.00023232988245658337,-0.00023211334461981092,-0.0027828182529151535
2016-12-22,-0.0028618814220242594,-0.0028701977848286653,-0.0017271896375231632
2016-12-23,0.006563625854804078,0.006565148141999488,0.0014641058803039897
2016-12-27,0.008424046721305034,0.00842022826701605,0.002481414183370223
2016-12-28,-0.017216684208570254,-0.017210825205078883,-0.008264775523578405
2016-12-29,0.0016621504528981923,0.0016625617779031376,-0.0002227478600295152
2016-12-30,-0.010635325530286233,-0.010632505374314483,-0.0036550189132423805
2017-01-03,0.0,0.0,0.0
2017-01-04,0.009082115563796123,0.010595738737141591,0.00275084551898952
2017-01-05,-0.0025272899329080722,-0.0025272899329079612,-0.0007945375951906586
2017-01-06,0.0015633987836265462,0.0015633987836265462,0.003577909182319594
2017-01-09,-0.002082677821208745,-0.002082677821208634,-0.003300677060958934
2017-01-10,0.006655067370358259,0.006655067370358259,0.0
2017-01-11,0.0019854851209561986,0.0019854851209559765,0.0028256907647170593
2017-01-12,-0.009318819313237858,-0.009318819313237525,-0.002509949065789052
2017-01-13,0.004911764372345306,0.004911764372345306,0.0022956897302053303
2017-01-17,-0.018877141400472253,-0.018877141400472364,-0.0035233858801857476
2017-01-18,0.01085638425846236,0.01085638425846236,0.0022099712104712843
2017-01-19,-0.002007565922220511,-0.002007565922220622,-0.003704931267826006
2017-01-20,0.0028149910472428097,0.0028149910472430317,0.003674519921334385
2017-01-23,-0.003254271034600853,-0.003254271034600853,-0.0026023009893492155
2017-01-24,0.025979895799670416,0.025979895799670416,0.006411821761518777
2017-01-25,0.011234239116038713,0.011234239116038935,0.00865547847575554
2017-01-26,0.0032917143912880586,0.0032917143912880586,-0.001045791929342954
2017-01-27,-0.001297121543982649,-0.001297121543982871,-0.0015694006681764572
2017-01-30,-0.010656823809314098,-0.010656823809313654,-0.006201825094785729
2017-01-31,-0.0010775903497305395,-0.0010775903497307615,-8.805307852055577e-05
2017-02-01,0.008161505921012058,0.008161505921012058,0.00039557113344046435
2017-02-02,0.0025292755405528222,0.003311799397176962,0.0006594147175433829
2017-02-03,0.014295418877379618,0.014293700696556222,0.006892698686812304
2017-02-06,-0.00039733613424242087,-0.00039884150170432786,-0.0017877462933811872
2017-02-07,-0.001724125711658142,-0.0017213125025787868,4.35283709543377e-05
2017-02-08,-0.003445526607553373,-0.0034415843663413437,0.0013106047022404255
2017-02-09,0.012147431761518668,0.012145793402773997,0.0059326188579080785
2017-02-10,0.0019468500247947773,0.0019491934247877207,0.003946183698355865
2017-02-13,0.00589189515556976,0.005893385092245573,0.0054427883821197565
2017-02-14,0.0029654609780798147,0.002962334044622539,0.00399493877253243
2017-02-15,0.005242817184903492,0.00524207302937052,0.00522084519485988
2017-02-16,-0.004243777150525374,-0.00423927825171122,-0.0008516207220197192
2017-02-17,0.00459280339142798,0.004590756652677053,0.0015761941706546878
2017-02-21,0.008945633256693286,0.008941796811171798,0.005955147799732385
2017-02-22,-0.004510333781057474,-0.0045096380638554034,-0.0008878789390097674
2017-02-23,-0.009580561353204176,-0.009575526716934513,0.0006771949125281562
2017-02-24,-0.0017735752794560966,-0.0017708002953095159,0.001268956307289848
2017-02-27,0.007995717848563899,0.007990962213648256,0.001562669992039245
2017-02-28,-0.0034422251865743325,-0.003434539000834791,-0.0026990730228516613
2017-03-01,0.025696133805825028,0.02569268178099593,0.013997461658209032
2017-03-02,-0.014132817690395316,-0.013064309939246233,-0.0062974429680603405
2017-03-03,0.005908691276801603,0.005908662481942661,0.0006297170068023661
2017-03-06,-0.003990882328364531,-0.003993317659104378,-0.002978377428373591
2017-03-07,-0.0021595544127943622,-0.0021588354988025804,-0.0029863779617934627
2017-03-08,-0.005925808844744362,-0.005927411636131641,-0.0018567031119507416
2017-03-09,-0.0013380717108123497,-0.001336859849687011,0.0012681624911941025
2017-03-10,0.007154326299410041,0.007157741968860654,0.003504121576205277
2017-03-13,0.004861520697559962,0.004855742037873645,0.000504883341382989
2017-03-14,-0.010205002194379253,-0.010207986112846346,-0.003826542521268017
2017-03-15,0.01201321047188908,0.01201879118196314,0.008653552360811112
2017-03-16,0.000648833668584814,0.0006498805186860857,-0.0019671064593972387
2017-03-17,0.0007142615550581599,0.0007184104316793061,-0.0017560240802324545
2017-03-20,0.002138686744560303,0.002141359347473726,-0.0010969834224331398
2017-03-21,-0.03171614325062111,-0.031715442930623894,-0.01283935932503033
2017-03-22,0.00915769418429746,0.00916140806100163,0.0023528977341129576
2017-03-23,0.0026786960347648936,0.002678364163231084,-0.0010668306117275206
2017-03-24,0.005903979082858335,0.005907112535962655,-0.0007268422746218306
2017-03-27,0.0021920565805693126,0.0021960440844661644,-0.0010260180697763133
2017-03-28,0.008453394126239244,0.008451048438705255,0.0072768650983841
2017-03-29,0.0018533235961650796,0.001849992351903973,0.000934799992784896
2017-03-30,0.005470605427968511,0.005466520496975269,0.0031844221163634945
2017-03-31,-0.002825869604814679,-0.0028270691923752977,-0.0023276304964056083
2017-04-03,-0.003522236347286656,-0.0035240950465058596,-0.001739405083699186
2017-04-04,-0.004178368265535304,-0.0032136789009646893,0.00063722725354598
2017-04-05,-0.010504221807278613,-0.01050365823773558,-0.00297245933100021
2017-04-06,0.007084305495689058,0.007084492648905316,0.0028110008695301225
2017-04-07,0.0008096710534857277,0.0008089812257967566,-0.001019432926068431
2017-04-10,-0.003065382204732292,-0.0030618106095831044,0.0005956206952661969
2017-04-11,-0.002786836144208271,-0.00278468637910545,-0.0011898559314651447
2017-04-12,-0.01237403776969137,-0.012372935464550316,-0.004381821437653977
2017-04-13,-0.009149990836217148,-0.009149990857286738,-0.006494801997070532
2017-04-17,0.013413472406329063,0.01341549566400535,0.00885960282320064
2017-04-18,-0.005115094537258447,-0.005116246916919143,-0.002984367244703412
2017-04-19,0.002970173698530809,0.0029688718064078135,-0.0018384650816789527
2017-04-20,0.016125208174119,0.0161240663263702,0.008139344597635212
2017-04-21,-0.004628489010617187,-0.0046281260321024975,-0.0031869020707160356
2017-04-24,0.018997990731218328,0.018999903746040436,0.01099776044563705
2017-04-25,0.008633446522639199,0.008630718131779958,0.005818589434265498
2017-04-26,-0.008465843192056566,-0.008455522692102257,-0.000628922377870822
2017-04-27,0.0049916551069817405,0.004991648165768803,0.0008390414363321774
2017-04-28,-0.004649827365730164,-0.004655303424856316,-0.002179382399111529
2017-05-01,0.009407220604521926,0.009404670611615318,0.0025201358295641185
2017-05-02,-0.009978027224530006,-0.009398743871021353,0.00037716273000909517
2017-05-03,0.0001699225432965079,0.00016730281287746784,-0.0012146134935870911
2017-05-04,0.00509573517457329,0.005094299880671338,0.0011741154995335013
2017-05-05,0.007093558868909611,0.007092875802873655,0.003936881598367581
2017-05-08,-0.0012524952929352517,-0.001250279494939277,-0.00016704575378767572
2017-05-09,0.0066219310193931236,0.006620137349564903,-0.0009177244124360939
2017-05-10,0.011230154188057062,0.01122582179241749,0.0017960666612844012
2017-05-11,-0.0036754065997864904,-0.0036744471151521907,-0.00204294264254945
2017-05-12,-0.0018613482325158248,-0.0018610910630388888,-0.0016709172261326621
2017-05-15,0.01265085589493431,0.012646540469414269,0.0055234185620463006
2017-05-16,0.008805456649559895,0.008804719899328406,-0.0009156479307579346
2017-05-17,-0.04560766088134294,-0.04560197655164777,-0.017743944801854705
2017-05-18,0.009134188137952082,0.009132959763704651,0.004028486722193136
2017-05-19,0.010929492332369506,0.01093100702425076,0.006504049372601628
2017-05-22,0.012606975130191822,0.012604899757886256,0.00507741280822227
2017-05-23,0.004550282724299581,0.00454847595405794,0.0022130998350069486
2017-05-24,0.0034688645480591696,0.003468457187768559,0.0023326513650256953
2017-05-25,0.01127412849725462,0.011271458700401915,0.0047793295046363315
2017-05-26,0.00021908059417108383,0.0002181866320185577,-0.00020651590980869106
2017-05-30,-0.0008751051439760404,-0.000873502267449866,-0.0008690386487688606
2017-05-31,-0.005593762543911529,-0.0055936839910911695,-0.0002481884040724802
2017-06-01,0.010113081525840117,0.010113212705051833,0.007952131478014213
2017-06-02,0.002948974087425782,0.003920357590518675,0.0033285322605132173
2017-06-05,-0.0029670807442839786,-0.0029661306433671486,-0.0007370751098079165
2017-06-06,0.003924874050800886,0.003920001404028817,-0.003197072952353941
2017-06-07,0.006502281073320404,0.006500729846341757,0.0018501068745409022
2017-06-08,0.01052586841265235,0.01052045972518001,0.0004927023723459989
2017-06-09,-0.023491203201990274,-0.023485858277863536,-0.0015180064115530856
2017-06-12,-0.006560324057034661,-0.006561087952504985,-0.00020526131618348042
2017-06-13,0.006188005048300527,0.0061853575664900795,0.004889637945718395
2017-06-14,-0.006789778402868651,-0.006786280009912549,-0.0012672663503431325
2017-06-15,-0.0036969579880808956,-0.003694008599683496,-0.0019244196074722497
2017-06-16,-0.0005236798581921276,-0.0005224587984677953,0.00021838018204922705
2017-06-19,0.018737887989549673,0.018735980484498427,0.00832535924038269
2017-06-20,-0.010444590517689867,-0.010447190940148121,-0.006744076434880397
2017-06-21,0.008390724096134727,0.008387454591925803,-0.0002469701255956025
2017-06-22,-0.0018061157150988105,-0.0018065874126104164,-0.00045305944800644316
2017-06-23,0.00334699256869353,0.003346764017039705,0.001194331740263177
2017-06-26,-0.005842599025857376,-0.0058424419146007045,0.0006580207993931442
2017-06-27,-0.01803444846867952,-0.0180317997263012,-0.008056213726402639
2017-06-28,0.016039748738126747,0.016036738345748702,0.008950486731214014
2017-06-29,-0.014840155535443822,-0.014838506176984345,-0.008788756428805167
2017-06-30,-0.0019859676769218293,-0.0019824056515058697,0.0018644326242092113
2017-07-03,-0.0032852575484246804,-0.0032830280169661163,0.0016958077053925713
2017-07-05,0.012073042544215706,0.01285732900194203,0.0023118927611947004
2017-07-06,-0.006437649913632271,-0.006439287811938144,-0.00914453699877471
2017-07-07,0.015209540113761078,0.015205492923234809,0.006485062479682835
2017-07-10,0.006591862034255325,0.006593129310012769,0.0010739886122603792
2017-07-11,0.007683286499120312,0.0076823559634919825,-0.0007426491027647808
2017-07-12,0.018606239732078977,0.018621078046230366,0.007514636743868319
2017-07-13,-1.1093119091198922e-05,-7.0666592659751615e-06,0.0016802325883327196
2017-07-14,0.00978545838303968,0.00978588240148115,0.004664140212380374
2017-07-17,-0.0033907837631762527,-0.003391079528023755,-0.00012220277489904952
2017-07-18,0.006000423533503163,0.006003459808360256,0.0005296578656774908
2017-07-19,0.005945876658734139,0.005948895228228057,0.005413921746416861
2017-07-20,-0.000443681075486424,-0.0004417898281781074,0.000445435060221433
2017-07-21,-0.0008035956194529792,-0.0008064168060675225,-0.0008904022458564587
2017-07-24,0.008555169676578878,0.008554029203682534,-0.00024309875776518108
2017-07-25,-0.003710216233666186,-0.0037084898404264877,0.0024307230038966843
2017-07-26,0.0069713293100210905,0.006967977338233844,4.047546507490729e-05
2017-07-27,-0.016144881354328677,-0.016139448154593228,-0.0009292619935543645
2017-07-28,-0.0005120938974799705,-0.0005161341389188223,-0.0011730527651607758
2017-07-31,-0.0073367068499952115,-0.0073383148159512634,-0.0005669713323782632
2017-08-01,0.00399420455524524,0.003992183394061266,0.0022286611472213114
2017-08-02,-0.004939018482903679,-0.00394831524581829,0.00048497668197966526
2017-08-03,0.0024289955898653126,0.002423886128591679,-0.0019397487893374477
2017-08-04,0.006204957209513529,0.00620562326005869,0.0018220799862256332
2017-08-07,0.00845003123096233,0.008443433578509518,0.0018594565555216658
2017-08-08,-0.0006734885862240692,-0.0006767048181852697,-0.0024611118621885586
2017-08-09,-0.006231853878299942,-0.006231729241224171,-4.0430467745489196e-05
2017-08-10,-0.026605776687380622,-0.02660475642067639,-0.014115145929636919
2017-08-11,0.004444316953653882,0.004440193060547548,0.0014767562337769657
2017-08-14,0.01794001921824462,0.017937248654364524,0.009913122207047653
2017-08-15,0.0019980127275354143,0.0019954114674074486,-0.0001214314606141631
2017-08-16,0.004377828463198341,0.004375290244438501,0.001744156034887645
2017-08-17,-0.02248998873768715,-0.02248865931219246,-0.015590818088710212
2017-08-18,0.0011853350195918377,0.0011828734092691473,-0.0015630745732605478
2017-08-21,-0.002175188712564724,-0.002173024385538014,0.0007825795131821689
2017-08-22,0.017540576979973244,0.017535490359904093,0.010457077139737647
2017-08-23,-0.0026905938725495515,-0.0026944732704416996,-0.0035854826138762563
2017-08-24,-0.0009064903194411222,-0.0009062551448916212,-0.002330339201413567
2017-08-25,-0.0031357763455484022,-0.0031309752868033947,0.0023357823666285693
2017-08-28,8.082982321444554e-05,7.599950878023343e-05,4.0948797307205353e-05
2017-08-29,-0.0038297068174831805,-0.003829391926435499,0.0011448642199956005
2017-08-30,0.010290634684982924,0.010287441124047447,0.004737533676253625
2017-08-31,0.005870580470981324,0.005871553965675069,0.006016116427005613
2017-09-01,0.003694410999310449,0.0036966365181165806,0.001414177905088021
2017-09-05,-0.01121275878474648,-0.01003383418225512,-0.007181982714383972
2017-09-06,0.0003988489320392308,0.000402287821762215,0.003413722885612147
2017-09-07,0.001226622165302338,0.0012286209516692015,-0.0001216108201410604
2017-09-08,-0.0038433849851061685,-0.003844426015760072,-0.001174621083821048
2017-09-11,0.01914219895929814,0.019135429985675412,0.010665891039904896
2017-09-12,0.0006406788465884716,0.0006418008349802218,0.003370856505470421
2017-09-13,0.0015550213297124138,0.0015554200767349258,0.0004798929229237192
2017-09-14,0.0005211492839052312,0.000518294736433278,-0.0003198220590546752
2017-09-15,0.0027981541677930544,0.002798466713926473,0.0013461314344491715
2017-09-18,0.007785030629520628,0.007776143606872621,0.0021268930704736455
2017-09-19,-0.0008450870291200063,-0.0008454991892751229,0.0010012624308339824
2017-09-20,0.005979390974065968,0.005966892387700318,0.00035983329965727506
2017-09-21,-0.003952351821357558,-0.003955740943076047,-0.002679429617243101
2017-09-22,0.0032335806602621364,0.0032350822574158666,0.00020055962877929545
2017-09-25,-0.020875939218668926,-0.02087443356942187,-0.002044581868579809
2017-09-26,-0.0013879236218820035,-0.001386557093161378,0.000602720339240026
2017-09-27,0.015832587730220782,0.015825617956411353,0.0038944047357221123
2017-09-28,0.005631531329884476,0.005626289820673813,0.0011998310109004873
2017-09-29,0.006793354841585053,0.006791892973751823,0.0035148714845603113
2017-10-02,0.005205701066370416,0.005206539061441973,0.004338727464618941
2017-10-03,0.0019136094793770209,0.0028636588162254117,0.0021399330624551904
2017-10-04,0.0030089745200929663,0.003014865222028762,0.0011864977648667896
2017-10-05,0.005869123669512977,0.005867557959906122,0.005925181568549043
2017-10-06,0.0037197019704788836,0.0037204319881092296,-0.0011387742844010118
2017-10-09,-0.001450293395358182,-0.001451725009220084,-0.0016510707346215625
2017-10-10,0.000874726502747114,0.0008721018085380283,0.0026382478492343875
2017-10-11,0.007166619093480264,0.007164740893125687,0.0015709011252587057
2017-10-12,-0.0018424708528229639,-0.001839139465502071,-0.0014900806420820034
2017-10-13,0.001725933909427102,0.0017242401748522873,0.0012174061360679111
2017-10-16,0.002043682427379734,0.0020416832999443635,0.0013335274125303442
2017-10-17,-0.0011376722385396665,-0.001137752936805625,0.0007051498232426567
2017-10-18,0.0010569323270599451,0.0010566400631073503,0.0009786579758328529
2017-10-19,0.0016792904251048402,0.0016820821855587642,0.0002735316864954651
2017-10-20,0.008593883674851588,0.00859298585139845,0.005160831196651783
2017-10-23,-0.0029329582986834524,-0.0029328320428287924,-0.003889525010949524
2017-10-24,0.001579382706743404,0.0015788161862393402,0.0017569223135767142
2017-10-25,-0.01077378636335713,-0.010769987210019427,-0.004950114204787415
2017-10-26,0.005562871276428405,0.00556500097428847,0.0012928547104611443
2017-10-27,0.02088564650840863,0.020875017450557642,0.00817606874263932
2017-10-30,0.0010897257211428535,0.0010877461943876732,-0.0037248490967894954
2017-10-31,0.006773087608271222,0.006777112050343925,0.001557595743367557
2017-11-01,-0.0035293405729517335,-0.0035320095802611196,0.0013223911599951066
2017-11-02,-0.0017240831381821753,-0.0006422314572703813,0.0003880928541741824
2017-11-03,0.013013384754860802,0.013009763553602616,0.0033387785311129736
2017-11-06,0.003022038648005987,0.0030185462146337105,0.0015475540846028313
2017-11-07,0.002099633066874995,0.002099999959020993,-0.0006952488643849897
2017-11-08,0.005619921641058845,0.005621580307461738,0.0017008752107221525
2017-11-09,-0.005941384752708889,-0.005942685671088244,-0.0036276716075827053
2017-11-10,0.005209702170724917,0.005205187631040831,-0.00030987363355927666
2017-11-13,0.004266489913995919,0.004270595034307156,0.0009299090549756972
2017-11-14,-9.331551558666717e-05,-9.729806431790777e-05,-0.0023225450250289326
2017-11-15,-0.007395422219982906,-0.007394794165706098,-0.005005446315905493
2017-11-16,0.013525185414745344,0.013520630977742698,0.008501159758154131
2017-11-17,0.0015144538179461264,0.001516039502213129,-0.0029388127245350004
2017-11-20,0.00779862804824738,0.007799256896442008,0.0017063541384387815
2017-11-21,0.011709860890031676,0.011706543764118393,0.006542786811286394
2017-11-22,-0.0029703735196532355,-0.0029718702650091133,-0.0008843135586729112
2017-11-24,0.006095860524871322,0.0060945919582653385,0.0023095564843853555
2017-11-27,-0.0077545197327966164,-0.007751930104627491,-0.0004992418882107108
2017-11-28,0.0031439344618258147,0.003145595924364697,0.010145217896162073
2017-11-29,-0.02912360933276037,-0.02910806726243864,-0.0006089327367835295
2017-11-30,0.008583977093418405,0.00858362462867257,0.008755041755306836
2017-12-01,-0.007585274345474069,-0.00758201210763243,-0.0020754609749101816
2017-12-04,-0.0279516528228112,-0.02699068977412422,-0.0012102124848367701
2017-12-05,0.0014845247261836558,0.0014855269635483115,-0.0035965811494327316
2017-12-06,0.0021245275996999435,0.0021240951949992315,0.00019017663803100326
2017-12-07,0.01496505921303104,0.014963922885427916,0.00315288571772232
2017-12-08,0.004828804805835585,0.004830539397448819,0.005453104620037896
2017-12-11,0.002094533318856895,0.0020921071466279972,0.003013006009587871
2017-12-12,-0.00563624822072728,-0.005633634627506323,0.0017650595286711201
2017-12-13,0.0010640262551426805,0.00106591042178672,-0.00011245229639667009
2017-12-14,-0.0032028912478136995,-0.003210037718171521,-0.004086357582188782
2017-12-15,0.010890011834336466,0.010890409341553609,0.008327217860012448
2017-12-18,0.007923777950548327,0.007923974633662567,0.006341542921576515
2017-12-19,-0.004635732760320588,-0.004633215924834788,-0.0038405102333698427
2017-12-20,-0.0003313377922851135,-0.00033175940176688457,-0.0005242161035560189
2017-12-21,-0.002032466175495351,-0.0020325097870467213,0.00205998786453776
2017-12-22,0.00039613181526076957,0.0003968858089451466,-0.0002616412957743286
2017-12-26,-0.0021199775196238946,-0.0021200791381830175,-0.0011965177880248756
2017-12-27,0.003557843941666361,0.00355787321476031,0.0004869407346761445
2017-12-28,0.0024480385243261793,0.002448501492385846,0.002057165756028212
2017-12-29,-0.006640689032735625,-0.006639710704151036,-0.003770438603515225
2018-01-02,0.0,0.0,0.0
2018-01-03,0.00836058125970407,0.009873122131593526,0.004108092076632097
2018-01-04,0.002606180285926296,0.002606180285926074,0.004214713307501228
2018-01-05,0.010947848492492529,0.010947848492492529,0.006663891916109943
2018-01-08,0.012028296734351906,0.012028296734351906,0.0018287585586245214
2018-01-09,0.0022293016501599983,0.0022293016501599983,0.002263566978269349
2018-01-10,-0.0030111826001741893,-0.0030111826001743003,-0.0015299230506967687
2018-01-11,0.011617417791603746,0.011617417791603746,0.00729616287367052
2018-01-12,0.004227755967377345,0.004227755967377345,0.006519203886003355
2018-01-16,-0.007478305389180706,-0.007478305389180484,-0.003418673849963194
2018-01-17,0.019262717593068635,0.019262717593068412,0.009531758310115324
2018-01-18,0.0019209013282592835,0.0019209013282597276,-0.0016808410972969368
2018-01-19,0.010838080291746488,0.010838080291746266,0.004549713333354077
2018-01-22,0.006540505795423535,0.006540505795423757,0.008130557691373275
2018-01-23,0.004100914448809112,0.004100914448809112,0.0021227699435746317
2018-01-24,-0.0033599933288531725,-0.0033599933288535055,-0.00038822709932162525
2018-01-25,0.0034777535575001295,0.0034777535575003515,0.00042381920542133855
2018-01-26,0.011113104899783455,0.011113104899783677,0.011577761894707495
2018-01-29,-0.011699821006703193,-0.011699821006703304,-0.006630127841302125
2018-01-30,-0.010733647062687313,-0.010733647062687202,-0.010256882954202573
2018-01-31,0.0034266510956550977,0.0034266510956548757,0.0004970713419818473
2018-02-01,-0.003288469606342659,-0.003288469606342659,-0.0011355632741827382
2018-02-02,-0.023529484843345605,-0.022840351580350027,-0.02176990483455743
2018-02-05,-0.03951103358657493,-0.0395101404267858,-0.04182224417093183
2018-02-06,0.01811663059120394,0.018119305158935672,0.01970183311049012
2018-02-07,0.0005463028484757881,0.0005431101532018534,-0.005424497381336324
2018-02-08,-0.044187131441255745,-0.04418517024877122,-0.0375092703984079
2018-02-09,0.012948139151206517,0.012947318180908107,0.015021660237433787
2018-02-12,0.017066094803097176,0.01706399958066851,0.014684543672399908
2018-02-13,0.008977199168113126,0.008978682774329894,0.00248740145184545
2018-02-14,0.02471057040458846,0.024713176158316585,0.013496201843272049
2018-02-15,0.012049622378921043,0.012049141560488641,0.012760258571196115
2018-02-16,-0.004520961541575885,-0.004518959105074605,0.0002928584342496432
2018-02-20,0.003950255518225587,0.0039485365492109015,-0.006261214234073664
2018-02-21,-0.007366911264944265,-0.007364313076544504,-0.004974211832767805
2018-02-22,0.0047374878014021515,0.0047377914621937744,0.001296176823578854
2018-02-23,0.012664034473491848,0.012669738683285914,0.015939238904999042
2018-02-26,0.01107289987961102,0.01106709864134059,0.01161231789491679
2018-02-27,-0.010711140920410922,-0.010714184158706841,-0.012486532226350877
2018-02-28,-0.005645694513998656,-0.005646514183746509,-0.010129819402294626
2018-03-01,-0.012054557285812173,-0.012046320405307398,-0.014540916580615404
2018-03-02,0.006457198957899424,0.007323228575767171,0.005154848195324746
2018-03-05,0.01629197080627831,0.016289721369142862,0.011558126675881963
2018-03-06,0.010205238052992005,0.010206433484713395,0.002534971240559347
2018-03-07,-0.000847198475862343,-0.0008512087750180974,-0.0003665775519043901
2018-03-08,0.004233404409936581,0.004228745035800507,0.004839052341124805
2018-03-09,0.01932707694158209,0.01933147640507804,0.017402475797139383
2018-03-12,0.0022064567937187807,0.0022046292764388298,-0.0012549941877011417
2018-03-13,-0.007462172029159442,-0.007460016744715081,-0.006463089957696511
2018-03-14,0.0017966749859379405,0.001802334738301603,-0.0051315817477212144
2018-03-15,-0.005536653994656637,-0.005536891049072401,-0.0010893697775582467
2018-03-16,0.004537461818765243,0.004541450486682752,0.0010845385680275932
2018-03-19,-0.01193559393617194,-0.011935651715602513,-0.013530684374158608
2018-03-20,0.01063940555540066,0.010636154182162239,0.0017006838729141105
2018-03-21,0.0028507360230924927,0.0028528825195888174,-0.0019192203215481207
2018-03-22,-0.030806499642261342,-0.03080321233820571,-0.024997006281226364
2018-03-23,-0.02137027055514895,-0.021369844711695896,-0.021314665920538767
2018-03-26,0.031190612963514663,0.03119375476727071,0.027359041341031398
2018-03-27,-0.026584078411412304,-0.0265794691731569,-0.017011694099533403
2018-03-28,-0.013182888203628562,-0.013180091501897584,-0.0029548072322920227
2018-03-29,0.018477181967652134,0.01847860910735455,0.01277765629043004
2018-04-02,-0.026848702184319118,-0.026850278752354684,-0.021584575176795462
2018-04-03,0.00947231299759177,0.010417193102649547,0.012816721761802263
2018-04-04,0.012190443537510864,0.012192472389605191,0.010699054971383015
2018-04-05,0.00800734623652466,0.00800017067343517,0.007892464780515418
2018-04-06,-0.02513492370190895,-0.025133893427383036,-0.022285970943954014
2018-04-09,0.005715768138457866,0.005715393100871324,0.004928401332611632
2018-04-10,0.02377532429556184,0.02377390484619979,0.01590038551104045
2018-04-11,-0.0045207365354287266,-0.004523801574223607,-0.0052424378802266025
2018-04-12,0.012370562757984871,0.012368872299016509,0.008227174474605414
2018-04-13,-0.008852881975051852,-0.008849698079466894,-0.00293297847576357
2018-04-16,0.007096174311633341,0.0070947902135871654,0.008221875239717624
2018-04-17,0.02362084577931145,0.023618967973798588,0.010698321637781838
2018-04-18,0.006415246218819615,0.006414350692039328,0.0007403267123571311
2018-04-19,-0.008743463413728225,-0.008742265683752581,-0.005547636737814443
2018-04-20,-0.009582705064403507,-0.009581491634281347,-0.00847946939613764
2018-04-23,-0.004525981762647069,-0.004524719265686761,-0.00014991035972367062
2018-04-24,-0.021278702965566887,-0.02127194428910062,-0.013467718640062798
2018-04-25,0.00018716396640905408,0.0001890861715658776,0.002471797644137075
2018-04-26,0.01711565809912785,0.01711503188712049,0.010165758222081767
2018-04-27,-0.0009211411285589,-0.0009259509430133983,0.0009390542700380422
2018-04-30,-0.007051696723561651,-0.007044807056066693,-0.0076910025732381815
2018-05-01,0.002024591040370227,0.002022261031903394,0.001776924260432411
2018-05-02,-0.0017829038638773609,-0.0008994142288465401,-0.006717451541688013
2018-05-03,0.006920212973351214,0.006915782279016458,-0.002203610149055568
2018-05-04,0.008146134983586295,0.008144485285000558,0.012946682930007558
2018-05-07,0.012280157409627845,0.01227245617964634,0.0033832361756540585
2018-05-08,0.008654669659247105,0.008662947298091694,0.0
2018-05-09,0.02121611031115722,0.02120889662083769,0.00966569159316566
2018-05-10,0.00917016169215712,0.009165721111140224,0.009350416423010266
2018-05-11,0.0011651095641800335,0.0011641243951807656,0.00305124763912068
2018-05-14,-0.0010391688779226582,-0.0010345697434268608,0.00047671839649621184
2018-05-15,-0.003084873894873552,-0.003081753501350537,-0.006887094461925702
2018-05-16,0.009158391325368331,0.009155250625352052,0.004205045516890715
2018-05-17,0.0077884728470156706,0.007786499508737554,-0.0008449713716942586
2018-05-18,-0.002695873102569468,-0.0027026480810296016,-0.0024996065056120953
2018-05-21,0.013860871368538863,0.013857926124363429,0.007518314157885175
2018-05-22,-0.006963724867448562,-0.0069624831578793955,-0.0027803393517307207
2018-05-23,0.00686765340288531,0.006860156079410817,0.002751868159878823
2018-05-24,0.006781041848093361,0.006775199231739748,-0.00204882529974193
2018-05-25,-0.004719599758174042,-0.004726591255561741,-0.002382692292155264
2018-05-29,-0.0027399572601999322,-0.002739956617111017,-0.011501339232849128
2018-05-30,0.013379432585210349,0.01338228499935723,0.013344620071841451
2018-05-31,-0.012129755502662709,-0.012136491336873112,-0.00612563929830956
2018-06-01,0.016534482606212375,0.016528595912905786,0.00981801516332137
2018-06-04,0.006816446540787169,0.007759500620479143,0.004750878734008923
2018-06-05,0.004552658863869574,0.004553733694242945,0.0007276426493036947
2018-06-06,0.00392596485603014,0.003930638842194245,0.008360670536741166
2018-06-07,-0.01136236676893565,-0.011359453383943174,-0.00010798129408629009
2018-06-08,0.006674199653931678,0.006674765251116321,0.002956291509401243
2018-06-11,0.0032815996767221467,0.003286832104347992,0.0013299003048887759
2018-06-12,0.007501653135060238,0.007506226997217258,0.0012926847153256205
2018-06-13,0.00011759671440803032,0.0001154569535923855,-0.0031914827424862624
2018-06-14,0.007313606463150268,0.007318697295782606,0.0025180163948210765
2018-06-15,-0.0024392839451682358,-0.002434536368511764,-0.001275458821172304
2018-06-18,0.005979706538044027,0.0059825795368388945,-0.0020571180198599714
2018-06-19,-0.004769989413867748,-0.004769988089797339,-0.003832913579683961
2018-06-20,0.0041140880372640964,0.004106213181406471,0.001706315984209228
2018-06-21,-0.011240298790457293,-0.011240665217209234,-0.006269102629588574
2018-06-22,-0.0066322479044905736,-0.006632919722434072,0.00182352292280763
2018-06-25,-0.02758158625229412,-0.027574670675072244,-0.013612948154032356
2018-06-26,0.007179293679074883,0.007180538283973359,0.0022140063314155523
2018-06-27,-0.014968403548250908,-0.014963884578112263,-0.008284055286406411
2018-06-28,0.01294590462614953,0.012945300031128593,0.005717028481935893
2018-06-29,7.644052527533418e-05,7.575079754129632e-05,0.0014398674525986088
2018-07-02,0.008549731601472432,0.008547600314456227,0.0021377807903133483
2018-07-03,-0.00920335980344289,-0.008392461183888922,-0.0035309002066936657
2018-07-05,0.008287198865107648,0.00828367482922343,0.00815788258577732
2018-07-06,0.011589831357312397,0.011586189182869466,0.008458210097118446
2018-07-09,0.008283023830119474,0.008284662952780186,0.009004465912484605
2018-07-10,0.002401453141852805,0.002401052675209625,0.0035983287998042623
2018-07-11,-0.007773126886416515,-0.007776470392500068,-0.007314261685950507
2018-07-12,0.016402090316455453,0.01639949925469475,0.009065713442555579
2018-07-13,-0.0026649563335811033,-0.0026634122475739375,0.0007876908721797804
2018-07-16,-0.000908403524885526,-0.0009101791000774018,-0.0008943453865113415
2018-07-17,0.00943361348042604,0.00943458375522166,0.004045320003391861
2018-07-18,0.006457705096267752,0.006459976406087531,0.002103646120768632
2018-07-19,-0.004641622409839452,-0.004642297126316253,-0.003771360588163075
2018-07-20,-0.0026879009039117996,-0.0026885165630625707,-0.0011429969807824625
2018-07-23,9.13586875148642e-05,9.253150950105926e-05,0.001859649926955198
2018-07-24,-0.010136004458708547,-0.010133732154425479,0.0050319713835722535
2018-07-25,0.014936703858101641,0.014934115986769525,0.008522239603585557
2018-07-26,0.0021312043652159662,0.0021262998736844008,-0.002359018545113667
2018-07-27,-0.018615695077296657,-0.018606617382656565,-0.006776530766738675
2018-07-30,-0.02383628522404646,-0.023829943753912897,-0.005222945006732482
2018-07-31,0.0043070342767790315,0.0043038296153630196,0.004929266458104209
2018-08-01,0.002348548500530123,0.002341672993053878,-0.0016711394970367888
2018-08-02,0.019830018368583113,0.020829353010570317,0.005447984189256516
2018-08-03,-0.00350535430510146,-0.0035033949980730617,0.0042845294653020005
2018-08-06,0.009051698274151088,0.009047559400940486,0.0036673428416968967
2018-08-07,0.006187146624451634,0.006183874906723785,0.003302320638059353
2018-08-08,0.00034042601356398805,0.00034221358240804634,-0.00042052121762747863
2018-08-09,0.003922028559178781,0.003921501605578248,-0.0013654078284350835
2018-08-10,0.0019184107196297262,0.0019178393664662785,-0.006700615806956356
2018-08-13,-0.007329661178878677,-0.007329642493636435,-0.0037432694368122466
2018-08-14,0.011985730512858339,0.011986989987789132,0.006380547457365715
2018-08-15,-0.015202939142602734,-0.015201165578732967,-0.007467328876730517
2018-08-16,0.005541617047104985,0.005544272261145178,0.008091643033774742
2018-08-17,0.0054267769129656696,0.005427500148315723,0.003520174601925552
2018-08-20,0.009450311102611408,0.009447126618310264,0.0021400789883696536
2018-08-21,0.004842102875014298,0.004843621423091804,0.002345189066315756
2018-08-22,0.010707962776780988,0.010703968626714522,-0.0005937800140681793
2018-08-23,0.005620300482927387,0.005621570501921802,-0.0013278484670969926
2018-08-24,0.011595452486502511,0.011592013716337668,0.006018446897929186
2018-08-27,0.006330233226148119,0.006330368757746285,0.007894984483689083
2018-08-28,0.0026181699734137975,0.002614425716054969,0.00048340803859647785
2018-08-29,0.007057356561484873,0.007054247630087884,0.005380828247327996
2018-08-30,-0.0018884937144373337,-0.0018873707100807158,-0.004048134246127377
2018-08-31,0.008141034244518064,0.008138506146101232,3.4042176352055975e-05
2018-09-04,0.0059434800762758755,0.005938815999167124,-0.0017219874859982776
2018-09-05,-0.01874928394588704,-0.01774489209465957,-0.002691256153824928
2018-09-06,-0.0007343792671625771,-0.000734148738020246,-0.003010309113196885
2018-09-07,0.0029998913241282565,0.002996344996673672,-0.0019435428851407588
2018-09-10,0.012944758991165761,0.012942633421271443,0.001738874157978687
2018-09-11,0.006376508041980644,0.006372960606507716,0.0032975621679642853
2018-09-12,0.003485816482739157,0.0034844176619193146,0.00024147750281433566
2018-09-13,0.0015246164725948308,0.0015211972863660161,0.005915188835533103
2018-09-14,-0.0007022897658556237,-0.0007019638089141855,0.0001719204788774853
2018-09-17,-0.01567444602574497,-0.015663854364622476,-0.0052943474731736995
2018-09-18,0.009192844907657038,0.009190198837159436,0.00542570869345238
2018-09-19,-0.010673635737571074,-0.01066567981098665,0.0010660419838810498
2018-09-20,0.0047853034943179384,0.004783339836717637,0.00810397001981955
2018-09-21,-0.00214329186876161,-0.002137263409872192,-0.0009140483798296684
2018-09-24,0.004141728163093106,0.004143792183785244,-0.003321905325580632
2018-09-25,0.008896735741670714,0.008891571581657765,-0.0009277444403889001
2018-09-26,0.0007904481596008317,0.0007895734456730974,-0.002992148434981412
2018-09-27,0.004250698203665193,0.00424880220165802,0.0027940597809654744
2018-09-28,0.0005693410815148514,0.0005665820011695466,0.00010306826290351623
2018-10-01,-0.005960158412487759,-0.005957313531367858,0.0034742612062759193
2018-10-02,-0.018842646784180683,-0.017868686272801693,-0.0005827181502434664
2018-10-03,0.001359956874530166,0.00136058121215199,0.0005489616448886014
2018-10-04,-0.021789791571548145,-0.021792577875471508,-0.007815787813559183
2018-10-05,-0.0071181191344351635,-0.0071187463170798715,-0.005597030889530452
2018-10-08,-0.019375067771442045,-0.01938196376905288,0.0
2018-10-09,-0.002545179823142507,-0.002545239307650937,-0.0014590171604822455
2018-10-10,-0.04887589892983657,-0.048879213612179395,-0.031663474692038784
2018-10-11,-0.013006501499310152,-0.013005963616221194,-0.022026339969826503
2018-10-12,0.03306304219776579,0.0330647492237075,0.013888099858530678
2018-10-15,-0.011977345013795437,-0.011980395690494916,-0.005616912716155498
2018-10-16,0.03201840691202018,0.032024157588083524,0.021865855314946447
2018-10-17,-0.0016405532773562381,-0.001639613368823789,0.00017818658803969711
2018-10-18,-0.01775469331956403,-0.017756387344314506,-0.014440967886746203
2018-10-19,-0.02076406098320349,-0.020763615941527203,-0.0005427313849886151
2018-10-22,0.009756693049050691,0.009756866395310038,-0.004488588264746518
2018-10-23,-0.009328371249745837,-0.009330812038909841,-0.005090636825545891
2018-10-24,-0.049472250895102765,-0.049475314835155326,-0.0302984910440115
2018-10-25,0.017093176456751236,0.017102428642782108,0.017940211525071526
2018-10-26,-0.02222762003543921,-0.022231025256510994,-0.01758709727625163
2018-10-29,-0.014729178011203437,-0.014732809164159089,-0.005540635399224891
2018-10-30,0.023308817553593597,0.02330624747980936,0.014818867257449186
2018-10-31,0.02793033122436639,0.027931467550889266,0.010680849563283523
2018-11-01,0.01733308091334762,0.017333602144296245,0.010641631660504913
2018-11-02,-0.00738830270803148,-0.006713635514078664,-0.0059228925402705634
2018-11-05,-0.001362984988589333,-0.0013627487844271036,0.005516643266578525
2018-11-06,0.0036285904672326286,0.003633269271968942,0.006327870044667838
2018-11-07,0.030461750473248284,0.03045879726429601,0.021409228814528225
2018-11-08,-0.0035602339447564635,-0.003557742377989892,-0.0018150877516831532
2018-11-09,-0.018086185154571388,-0.01808371443695811,-0.009767828065918138
2018-11-12,-0.033632331688951966,-0.033629459320915545,-0.018685488133020844
2018-11-13,-0.0013823044027519993,-0.0013835381557146809,-0.0018709756843833247
2018-11-14,-0.0090303480499202,-0.009031751448458802,-0.00683685848543103
2018-11-15,0.012900024966620682,0.012904608562677389,0.010436673058951795
2018-11-16,-0.002092565681115488,-0.0020895396952799183,0.0026007865418542497
2018-11-19,-0.05399394229317611,-0.05398831319731234,-0.016914887527615607
2018-11-20,-0.01641749800741521,-0.016424304870309214,-0.018505862442727894
2018-11-21,0.014614596772350108,0.014611793447633525,0.0034076602222188335
2018-11-23,-0.0018066886966123796,-0.0018045249687365095,-0.006678799042735495
2018-11-26,0.02456196241907027,0.024562297592455318,0.016144262427891798
2018-11-27,-0.0017072395005640617,-0.0017089213233330014,0.0033645384755796037
2018-11-28,0.0409324473451238,0.040925643293840075,0.02302525762189922
2018-11-29,0.0023010292089082895,0.0023002155621505427,-0.0021851896556832617
2018-11-30,0.0019468867262544265,0.0019479217472810895,0.006095219537697094
2018-12-03,0.020076874481727014,0.020076585597956553,0.013241315865513359
2018-12-04,-0.03600545446630854,-0.034591169183710635,-0.032402384973374554
2018-12-06,0.0061970145375935815,0.006193074825593392,-0.0015170253752517793
2018-12-07,-0.0336274436028281,-0.03361658922603694,-0.023235866825162543
2018-12-10,0.007028763863947685,0.007022444596605171,0.001897015380304623
2018-12-11,-0.0005054592888802389,-0.0004996164801500669,0.0002274374791173539
2018-12-12,0.011435115459302425,0.011428358054929255,0.005035240235142346
2018-12-13,-0.0035241966955052995,-0.0035192684734425272,-0.0003391754660617696
2018-12-14,-0.016861231195268056,-0.016862788981887533,-0.018464405343252444
2018-12-17,-0.031383609076924834,-0.031376883462989946,-0.019618786185908732
2018-12-18,0.0063285765477787415,0.006321086349323934,-0.001096364794337723
2018-12-19,-0.012961733164027156,-0.012960842031984554,-0.014975824238063984
2018-12-20,-0.020308084212378286,-0.02030598333465583,-0.016277993963117243
2018-12-21,-0.021929911073598984,-0.021922102539366772,-0.020489440550005233
2018-12-24,-0.02846795383047951,-0.028481896698420606,-0.026422846529909227
2018-12-26,0.056935191011063147,0.056920057622895204,0.050524996530377564
2018-12-27,0.006686185835966363,0.006683365985670431,0.007677315346365177
2018-12-28,0.001067643024181164,0.0010687260437025614,-0.001290218430713086
2018-12-31,0.012785433226168541,0.012785130651468357,0.00875904821779816
2019-01-02,0.0,0.0,0.0
2019-01-03,-0.011879362817242556,-0.01039718186146854,-0.017668112031938854
2019-01-04,0.02167363385617649,0.021673633856176266,0.03349559021641402
2019-01-07,0.015240250250142529,0.01524025025014275,0.007884684958124
2019-01-08,0.011968272782634903,0.011968272782634681,0.00939526667311985
2019-01-09,0.00500705916615618,0.005007059166156402,0.004673487204997828
2019-01-10,0.0034286773294109896,0.0034286773294109896,0.003527636366311926
2019-01-11,0.0031618322992477133,0.0031618322992477133,0.00038620038073133856
2019-01-14,-0.0058845184757119195,-0.005884518475712031,-0.006100957264578044
2019-01-15,0.014526489784457475,0.014526489784457475,0.011460977902915781
2019-01-16,0.0004444914855135096,0.00044449148551328754,0.002419974861054719
2019-01-17,0.007728102697789563,0.007728102697789785,0.007586703308684051
2019-01-18,0.007131069167139792,0.007131069167139348,0.013310017539516661
2019-01-22,-0.009180788831817166,-0.009180788831816833,-0.013510722895772376
2019-01-23,0.004306257881894426,0.004306257881894426,0.002092363896330829
2019-01-24,-0.0044613859559340385,-0.0044613859559341495,0.0005315899726903162
2019-01-25,0.006475442275813537,0.006475442275813537,0.008461538012364933
2019-01-28,-0.005411630237320386,-0.005411630237320386,-0.007600298931966898
2019-01-29,-7.114934291618802e-05,-7.114934291629904e-05,-0.0013271787299771187
2019-01-30,0.013696504823128564,0.013696504823128564,0.015830981782868125
2019-01-31,0.01033984980881475,0.010339849808814527,0.008782701483493582
2019-02-01,0.0013755577217462456,0.0013755577217464676,0.0004811846721017865
2019-02-04,0.003804063833639848,0.004680032491616748,0.007035429145981764
2019-02-05,0.0010418479233007538,0.0010457812947159972,0.004191829484902154
2019-02-06,-0.0009566928562509958,-0.0009561687343679903,-0.001318167075939236
2019-02-07,-0.0019662906767454746,-0.0019773346680663773,-0.009532570629879666
2019-02-08,0.006842817648336386,0.0068446105297705895,0.0012215223657656704
2019-02-11,0.005161847876238745,0.005164069904937785,0.0005545083055178424
2019-02-12,0.01116081600546237,0.011161151428104477,0.012859346049142628
2019-02-13,-0.0006189530574920443,-0.0006199696617129602,0.0032470560493027545
2019-02-14,0.0051210015658855745,0.0051254032308194475,-0.002218387005808675
2019-02-15,0.008345764809683187,0.008347991744576122,0.010897479720999526
2019-02-19,0.0013373328860790679,0.0013409291040373805,0.0017303959406560487
2019-02-20,-0.003525604848677033,-0.003526190066711954,0.002015605433666412
2019-02-21,-0.000615308413489446,-0.0006176099378254474,-0.003556143472617901
2019-02-22,0.009358022182257564,0.009362697784505825,0.006200419709908589
2019-02-25,-0.001939138473500357,-0.0019343772783880775,0.0013607634928238799
2019-02-26,0.0014772121086858991,0.0014774268492898646,-0.0007149991316381943
2019-02-27,0.0007366406632949296,0.0007392010557081274,-0.0004296859815176024
2019-02-28,0.0030748595989651406,0.0030733777448475053,-0.0018628546525067957
2019-03-01,0.0038804323634467064,0.0038785032843511313,0.006244175192537504
2019-03-04,-0.012427384236298522,-0.011450896393381371,-0.003637790507828975
2019-03-05,0.005679343195062803,0.005677287071551573,-0.0013601710223045682
2019-03-06,-0.007908012709829326,-0.007908296278241522,-0.006056761177112069
2019-03-07,-0.00521620155300162,-0.005215344286230161,-0.008365353786963237
2019-03-08,-0.003233424394522122,-0.003231453189246891,-0.0020000467570850944
2019-03-11,0.01569360581803725,0.01569291153010366,0.014501129122705736
2019-03-12,0.003985459006031311,0.003984526073509853,0.003771068442985248
2019-03-13,0.006334945150714866,0.00633644371712716,0.006619284127661107
2019-03-14,-0.00021833434536033813,-0.00022101229676696477,-0.0006398103142017941
2019-03-15,0.0034869969117083954,0.003487689376874714,0.0049405249852108035
2019-03-18,-0.0016175879224351597,-0.0016134675100692997,0.00362593298254299
2019-03-19,0.004878333837367466,0.00487602501035167,0.00024776986021057823
2019-03-20,-0.0014026609641278887,-0.001402043712323553,-0.0030095164307165634
2019-03-21,0.01762386820802031,0.017621553734761042,0.011294508899890365
2019-03-22,-0.020062244227602943,-0.020055927513994654,-0.019246316050036683
2019-03-25,0.002667344746351885,0.00266530740137938,-0.0007521175061521168
2019-03-26,0.005224939997985789,0.005225991658569518,0.007454172903694989
2019-03-27,-0.007178285090006953,-0.007177361294962048,-0.005229316973724307
2019-03-28,0.008286780495487811,0.008280832764737678,0.003790579290930518
2019-03-29,0.0051944845234161985,0.005194217860996941,0.006305500243529272
2019-04-01,0.00237703821085411,0.002374151431049354,0.011859216336003175
2019-04-02,0.0020772158869137858,0.0032408809419617324,0.0004898291947015299
2019-04-03,0.002527666337445833,0.002524093255044324,0.0015736631394083211
2019-04-04,-0.009810232682072373,-0.009809132614239213,0.0026532044585343417
2019-04-05,0.006098708144924414,0.00610156594962219,0.004840290566821892
2019-04-08,-0.0023892979591580987,-0.0023901652643286697,0.0007624566442752112
2019-04-09,0.0004718057469861314,0.0004734188790496141,-0.005124445600397487
2019-04-10,0.008430738733386178,0.008423183401024437,0.0034106662602624294
2019-04-11,-6.530396165715935e-05,-6.356743454216662e-05,-0.00027754766910748074
2019-04-12,0.0018343482820732948,0.0018349156143471212,0.006765655435348794
2019-04-15,0.00021561133289171863,0.00021798709624132329,-0.0006545463335607682
2019-04-16,-0.009982081091083006,-0.009986166014464781,0.0006549750450750569
2019-04-17,-0.013658622876936977,-0.013651532053212567,-0.00244686270122052
2019-04-18,0.00233846290523676,0.002338699197974581,0.001969161333717384
2019-04-22,0.0019997993124081237,0.0019974174429311375,0.0008621923376881391
2019-04-23,0.01036489250810213,0.01036222470802195,0.00899173212483273
2019-04-24,0.0015829588354459023,0.0015832274896701026,-0.0022194137729674157
2019-04-25,-0.0031153445625939913,-0.0031122744454652462,-0.0006160044647799401
2019-04-26,0.007749366499398391,0.0077452525521888305,0.004656982273155474
2019-04-29,-0.002664042801691968,-0.0026655891268394516,0.0015677604397061895
2019-04-30,0.00809404367290889,0.008097789027559088,0.0005102597667125952
2019-05-01,-0.01117740355162633,-0.011178164279457392,-0.007516818751677756
2019-05-02,0.005215659521429217,0.006629970111164729,-0.002158827740901481
2019-05-03,0.010131369809903479,0.010130077397669357,0.009788011772836391
2019-05-06,-0.0035075105844635246,-0.0035061624215454446,-0.0041152921002790555
2019-05-07,-0.019537211422602674,-0.019537161235597678,-0.016699422259710328
2019-05-08,0.0016461913140284334,0.0016448673375806244,-0.0013895915090530453
2019-05-09,0.0008182757725914147,0.0008153355436086862,-0.0030258063912580457
2019-05-10,0.0037814421010797794,0.003779506964034951,0.005023435294273959
2019-05-13,-0.028153902356478966,-0.02815968539806446,-0.025130438913886
2019-05-14,0.013879789082135163,0.01388176662515761,0.009043990377985756
2019-05-15,0.0009900020819770816,0.000980392377525785,0.005857706251938488
2019-05-16,0.013632142819643978,0.013632165953257003,0.00926112114205302
2019-05-17,-0.009426804726218263,-0.009430321387602913,-0.0064650923123060755
2019-05-20,-0.010668134437746946,-0.010666186520001286,-0.006612044848290477
2019-05-21,0.010425287694737051,0.010428758384302794,0.009015295130750056
2019-05-22,0.000736730926549356,0.0007322762565795671,-0.0030713987003510024
2019-05-23,-0.0113606707698507,-0.01136395645808741,-0.012218544341037751
2019-05-24,0.0005371064755674837,0.0005395046949225879,0.0022685396821870984
2019-05-28,-0.001769622376082025,-0.001775499141211112,-0.009300754974060688
2019-05-29,-0.013578996128204901,-0.013577330842182267,-0.006710609208876783
2019-05-30,0.01399188338813806,0.013984845874366103,0.002731034573894453
2019-05-31,-0.005686487136827623,-0.005682647242707728,-0.013475212527762293
2019-06-03,-0.002956704143282418,-0.0029543732968760894,-0.0025427302245732974
2019-06-04,0.019855878133207883,0.021178385982648873,0.02170662172652471
2019-06-05,0.014983331237367059,0.01497880434959864,0.008662168159436323
2019-06-06,0.01694916947034808,0.016938954690647323,0.00650257891489181
2019-06-07,0.01320019393899674,0.013199360701544371,0.010006980084850126
2019-06-10,0.00212089836472229,0.0021190526593994896,0.004589016733120399
2019-06-11,-0.0025984154661435888,-0.002600345655853986,-0.00024213548652840533
2019-06-12,0.003777482633880558,0.0037750901009820925,-0.0017653653908005218
2019-06-13,-0.0008107253445845952,-0.0008095722046245202,0.004126352575871239
2019-06-14,-0.0046435562343126735,-0.004643786326042565,-0.0011048924737504517
2019-06-17,0.0001292922705684596,0.0001288982347658063,0.00038008343943851663
2019-06-18,0.011744135221212648,0.01174369577392298,0.010470856123007355
2019-06-19,0.010224068652523677,0.010227057109485127,0.0022572927089736794
2019-06-20,0.008276816468577142,0.008277912651444952,0.009554547138143743
2019-06-21,-0.00702190206708031,-0.007017373628759316,-0.001453849848026545
2019-06-24,-0.0061691716315959155,-0.006165699791019996,-0.001224196728944471
2019-06-25,-0.01107714041218455,-0.011078344913734828,-0.009808116418850155
2019-06-26,-0.0058834855371683314,-0.005881822918250568,-0.0009974257349592008
2019-06-27,0.0069406956107460616,0.0069390392703958526,0.0035457439582313732
2019-06-28,0.00554657367934297,0.0055437619410318995,0.005146039249199541
2019-07-01,0.011142500227981245,0.01114164883856783,0.009078316467369119
2019-07-02,0.007842012905791229,0.009009054097187219,0.0026044901841684176
2019-07-03,0.013204154752922026,0.013201045715491189,0.007995266805708834
2019-07-05,-0.0022317025755329567,-0.00223364264735193,-0.0011380785478316557
2019-07-08,-0.0024300744635171734,-0.002428771748328562,-0.005495021988261906
2019-07-09,0.0024987006995056404,0.0024957268608498673,0.0012469272028761136
2019-07-10,0.0029287824202979262,0.0029305242643993257,0.0047779823567981605
2019-07-11,0.00036182203454560025,0.0003557179794537735,0.0023444404048491574
2019-07-12,0.0018450522762618604,0.0018466178858722593,0.004476859202404482
2019-07-15,0.0006129996245924918,0.0006090246955143819,0.0003323576736584677
2019-07-16,-0.004290528459026111,-0.004285592144835371,-0.003225243129726163
2019-07-17,-0.0009950208260142146,-0.0009968165870291035,-0.006804793285358657
2019-07-18,0.007278604405470901,0.007276954655101697,0.0036607117556224367
2019-07-19,-0.01014990353990497,-0.010148425309927211,-0.00555477695624218
2019-07-22,0.002217222135974195,0.002214713973267335,0.002456367633961287
2019-07-23,0.0006815901102210642,0.0006824388133670478,0.007149722298366301
2019-07-24,0.003906368385585335,0.003899808366181645,0.004699554551389928
2019-07-25,-0.0017330386631937422,-0.001735330616484454,-0.0047767145870600825
2019-07-26,0.002964536218955205,0.002958407658723905,0.006700070828448812
2019-07-29,-0.0027780837225930277,-0.0027741238563823156,-0.0018213624248689664
2019-07-30,-0.0030370950610033587,-0.003033665760558746,-0.0024544575993770135
2019-07-31,-0.009535990948111861,-0.009533319116138195,-0.010940236080142607
2019-08-01,0.002261985161395197,0.0022593985768821767,-0.008708191510037322
2019-08-02,-0.012437920089107712,-0.011221113768704716,-0.0075295046763190765
2019-08-05,-0.03226370087214192,-0.032267213349617796,-0.0300728324647197
2019-08-06,0.022191100188495128,0.022188262139258397,0.014022759876988422
2019-08-07,0.008779454863684366,0.008779555481928769,0.0005907884565257149
2019-08-08,0.029660929431418515,0.029668547820830282,0.01961982182795774
2019-08-09,-0.0040316930483624835,-0.0040327954253704945,-0.006811496999133082
2019-08-12,-0.0160043435590963,-0.01600300074145944,-0.012173514556663267
2019-08-13,0.014823063310632545,0.014828009820820887,0.01555183081030842
2019-08-14,-0.029952466973168224,-0.029953345754139882,-0.02956769216104338
2019-08-15,0.00513754756585727,0.005132750316186652,0.0026419587350297036
2019-08-16,0.019133652579652827,0.019140964404309235,0.014754960498849723
2019-08-19,0.00895688230953473,0.008956788465873444,0.012048018932232507
2019-08-20,-0.0028965446165057918,-0.0028963505244886667,-0.007662771299021043
2019-08-21,0.013834177027980621,0.013836834788526708,0.008135547369639617
2019-08-22,0.0007954160874290572,0.0007997764284741748,-0.000308076683866787
2019-08-23,-0.023949634641047823,-0.023954899701461252,-0.025687536225232677
2019-08-26,0.01142794607183406,0.011424943131061127,0.011058363306560626
2019-08-27,-0.0002971938672373664,-0.0002988948417762538,-0.003923345866815642
2019-08-28,0.002175601822877571,0.002179218123928628,0.007041576436231711
2019-08-29,0.012563857385599952,0.012564971707756056,0.01277284209928764
2019-08-30,-0.0049447714478534355,-0.004941442104616334,-0.0004440171297499518
2019-09-03,-0.007699096202882005,-0.0077084115528790464,-0.005847316314925632
2019-09-04,0.008578964298025848,0.009753272944801328,0.011350154419905722
2019-09-05,0.009777343720563936,0.009776086339662315,0.012855659613108639
2019-09-06,-0.0004714500508291586,-0.0004713030120832018,0.0007720619606459422
2019-09-09,-0.01864281151193614,-0.018638873285198088,0.0005032834498757133
2019-09-10,-0.02307450007504719,-0.023064768929019985,-0.00023452778500909766
2019-09-11,0.0019408097276938374,0.0019399343523938128,0.007110791161183849
2019-09-12,0.008793667345138978,0.008788150422615715,0.0034641047158139315
2019-09-13,-0.0037041657053055177,-0.003701084873503291,-0.000663978065331583
2019-09-16,0.0014115071953895164,0.0014116529266667843,-0.0030889191888863188
2019-09-17,0.015084988952899892,0.015083869662467109,0.0025321419814712254
2019-09-18,-0.0017314863464304997,-0.0017267086720080815,0.0005982475501746798
2019-09-19,0.0007596406077874374,0.0007612442258337904,-6.684482951879733e-05
2019-09-20,-0.005894769446738057,-0.005890396310438972,-0.004724467225724727
2019-09-23,0.0024972688073718885,0.0025019285679601655,-0.0002348570357266766
2019-09-24,-0.008364582789465502,-0.008360797442140133,-0.007846882029623359
2019-09-25,0.009282252755790976,0.00928479410002181,0.0059148069896086675
2019-09-26,-0.001514609265980682,-0.001510396318524565,-0.002083156733802438
2019-09-27,-0.022263737622459367,-0.022261678586567912,-0.0053872900428653114
2019-09-30,0.0075862163264470706,0.00758367394031545,0.004637664876704806
2019-10-01,-0.011387061801675813,-0.01138906239001436,-0.011894434591577019
2019-10-02,-0.01629238332512939,-0.015429289616537445,-0.01766489955944428
2019-10-03,0.011545743290063415,0.011544317566922313,0.008192454357178969
2019-10-04,0.0139080576500068,0.01390992396041879,0.013532454582607212
2019-10-07,-0.005496319135789851,-0.005498696028166328,-0.004314807710553037
2019-10-08,-0.017977141944520936,-0.017974155908746514,-0.015524138327867032
2019-10-09,0.017634822015656804,0.01763660569217218,0.009495940372685974
2019-10-10,0.007319668840965132,0.007322972389897764,0.006763675599713137
2019-10-11,0.01078837628387963,0.010786737911485433,0.01036685523197134
2019-10-14,0.0013511471265521546,0.0013514264356029315,-0.0011137952950345253
2019-10-15,0.01021532981504003,0.010216292113286451,0.009900058065358097
2019-10-16,-0.010615515994464197,-0.010612982989194664,-0.0016057166174799908
2019-10-17,0.0046524296933128095,0.004651479528847924,0.0029489439355911973
2019-10-18,-0.005737169611538917,-0.005735360764771658,-0.004376713351534001
2019-10-21,0.008301047615181467,0.008297538499813406,0.006778773509141356
2019-10-22,-0.016845619092077047,-0.01683718296232317,-0.0032667834145982955
2019-10-23,0.0012042411832211553,0.0012099984798985552,0.0029097652425407183
2019-10-24,0.02137454668022354,0.021371785412405586,0.001634215547294593
2019-10-25,0.0012753690820985764,0.0012766267660089259,0.004094818051380011
2019-10-28,0.007880887801883674,0.007882147688142105,0.005636699066540407
2019-10-29,-0.0015642682367693617,-0.0015652625368225426,-0.0002968023302039047
2019-10-30,0.004144657107882699,0.004145628906658816,0.0030672376218150443
2019-10-31,-0.011301158121526766,-0.011305770389383185,-0.0026633998053989805
2019-11-01,0.007846671564389673,0.007847911689895737,0.009263899490793648
2019-11-04,-0.0050462778791253715,-0.004087758784624085,0.0040176411762884445
2019-11-05,-0.0028198950092094277,-0.002819613828599299,-0.001106199302856381
2019-11-06,0.000712156242983486,0.0007063290970483749,0.00022805405408377055
2019-11-07,-0.00744794067807808,-0.007452239954653828,0.0035166791302667644
2019-11-08,0.005847464893512289,0.005849234476851706,0.0024661819303306576
2019-11-11,0.0038000092699006505,0.003795018951804341,-0.0019098805806062602
2019-11-12,0.004401205742180503,0.004405282809908817,0.002108017060587164
2019-11-13,0.004607367840331333,0.004608749490888409,0.0003239639566083863
2019-11-14,0.006185699348119522,0.006180260598877441,0.0014555106830382858
2019-11-15,0.011432768209085564,0.011431484471569275,0.007236250002723876
2019-11-18,0.002739249669753585,0.0027366357506626304,0.0007377572590392401
2019-11-19,0.0002120262378746407,0.000213410739608344,-0.00028861579325079045
2019-11-20,0.0038007997431674934,0.0037998991588747977,-0.0037183797427075005
2019-11-21,-0.011805999188679639,-0.01180467779315042,-0.0016091827279246518
2019-11-22,-7.899419884682679e-05,-7.707422405645037e-05,0.0022238970115446843
2019-11-25,0.010881409439238432,0.01087797701089488,0.007750423688599017
2019-11-26,0.010352100166810096,0.010350646361512617,0.002265506026693842
2019-11-27,0.005004152863872013,0.005003877947257651,0.004457626772822243
2019-11-29,-0.006469630821537398,-0.00646906319091789,-0.0037088235168342143
2019-12-02,-0.012233251548703028,-0.012227291054745293,-0.008494734760325362
2019-12-03,-0.0032824249193738053,-0.0019344791688939988,-0.006706539880194207
2019-12-04,0.006353620027968132,0.006352463638459094,0.006170201638297401
2019-12-05,0.0006925128808212833,0.0006923140176899878,0.001798049889062181
2019-12-06,0.006967099406080868,0.006966639876122116,0.009133879137866785
2019-12-09,-0.005019692324843672,-0.0050203397368514535,-0.0031442171972496658
2019-12-10,0.0016871443689929766,0.00168748069531377,-0.0011148484053314922
2019-12-11,0.01026323723855005,0.010261754524917732,0.002838801900595378
2019-12-12,0.008248061776748639,0.008254684596597839,0.008618984421294051
2019-12-13,0.0008323958886027327,0.0008286380404272098,0.0005990921621346068
2019-12-16,0.01060094738525641,0.01060214035679441,0.006869650739520283
2019-12-17,0.0033158154176153865,0.0033164417624091946,0.00021957549301032664
2019-12-18,-0.0035527549548555193,-0.0035589249920839894,6.237530216646192e-05
2019-12-19,0.007570398877298601,0.007570934578310817,0.004098572159027203
2019-12-20,0.008448447280328342,0.008448980174823761,0.0043846487997947214
2019-12-23,-0.0008025552172722383,-0.000798258216852088,0.0015277235945234668
2019-12-24,0.0026022322086149963,0.0026011457057595333,3.124135703691522e-05
2019-12-26,0.005382316906571649,0.005379108957644263,0.0053232982403201845
2019-12-27,-0.0010333433206279885,-0.0010335559929918192,-0.0002477682410791937
2019-12-30,-0.0063602792472452485,-0.006358865685412107,-0.00551337796692597
2019-12-31,0.0005973701170425283,0.0005972336063180261,0.002429526027089457
2020-01-02,0.0,0.0,0.0
2020-01-03,0.0063505643189152305,0.00786009016539313,0.00238855810737304
2020-01-06,-0.00063908662456158,-0.00063908662456158,0.0038152832439215523
2020-01-07,0.003180820344264035,0.003180820344264257,-0.0028118528818330546
2020-01-08,0.0023692865863980117,0.0023692865863982338,0.005329755550281812
2020-01-09,0.005421380418630939,0.005421380418630717,0.0067804661417889545
2020-01-10,-0.0012968456184200283,-0.0012968456184200283,-0.002877492195425324
2020-01-13,0.01101822312942402,0.011018223129424243,0.006877169885747048
2020-01-14,-0.0021917195113151378,-0.00219171951131536,-0.0015249969630035665
2020-01-15,0.0010463350265423887,0.0010463350265423887,0.002260495972536969
2020-01-16,0.011759294100241124,0.011759294100241346,0.008317891007862288
2020-01-17,0.0003342466042386416,0.00033424660423841956,0.0031127864007414185
2020-01-21,0.0017730726291260712,0.0017730726291262933,-0.00195827324949005
2020-01-22,0.0036370004336427897,0.0036370004336427897,0.00012065673735683902
2020-01-23,0.005094645089400718,0.00509464508940094,0.0011469617264452392
2020-01-24,-0.008570777626086268,-0.008570777626086157,-0.008893010688934666
2020-01-27,-0.012939624867788102,-0.012939624867788213,-0.016029751322992225
2020-01-28,0.01490657245176119,0.014906572451761413,0.010479243979687025
2020-01-29,-0.001505300564972667,-0.001505300564972778,-0.0008260108082667195
2020-01-30,-0.0022525301503810713,-0.0022525301503810713,0.0032456332437516
2020-01-31,-0.020996347374527935,-0.020996347374527824,-0.018158023632194653
2020-02-03,0.013194749517017046,0.013194749517016824,0.007428663290228954
2020-02-04,0.021079038754864277,0.022092731273085198,0.015241192111092428
2020-02-05,-0.0001562764464000388,-0.0001602575460126765,0.01154786328116475
2020-02-06,0.004987231078587451,0.0049885912881699745,0.0033647741920910246
2020-02-07,-0.011811962031728962,-0.011818723519515961,-0.00532990929597188
2020-02-10,0.01360599313657862,0.013602037399212064,0.007465808778101879
2020-02-11,0.009940876271021803,0.009936056904631174,0.0017329068991756014
2020-02-12,0.008048087782086544,0.008049748566480996,0.0064429103959131595
2020-02-13,0.0034678040587936554,0.003464859311892443,-0.0010671099562912234
2020-02-14,-0.00020242344055532158,-0.00020405968146020026,0.001602076116987483
2020-02-18,-0.0012329413280185442,-0.0012321297619974914,-0.002576977522802948
2020-02-19,0.014659146526482036,0.014656192550564606,0.004781235715548782
2020-02-20,-0.006324901354114898,-0.006323482968448202,-0.004108035419256861
2020-02-21,-0.01702087535636665,-0.017012952376648016,-0.010298507299150494
2020-02-24,-0.03413716733842631,-0.03413898056376785,-0.033165192706187896
2020-02-25,-0.03504175567976486,-0.03504382495892111,-0.03030250035341009
2020-02-26,-0.0051477922428161405,-0.005151211865069505,-0.0036777114305662773
2020-02-27,-0.04122607394822564,-0.04122885458446124,-0.04491196842596934
2020-02-28,-0.002717364211303086,-0.0027181420937180123,-0.004201612889578987
2020-03-02,0.04133463677460836,0.041334046002233116,0.04330670169869144
2020-03-03,-0.026638102327605773,-0.02588785527339721,-0.028632444942784607
2020-03-04,0.044790567342448906,0.044792692988328886,0.04203305440523253
2020-03-05,-0.025817475418029256,-0.025816104739295964,-0.033241739261780534
2020-03-06,-0.02529730119879059,-0.025296843495031696,-0.016531288938967048
2020-03-09,-0.08319757289899532,-0.08319367898114494,-0.07809450006566832
2020-03-10,0.05111283451573323,0.05111197856658434,0.051744830302423495
2020-03-11,-0.05366803991368718,-0.05365926849260161,-0.04874798973163064
2020-03-12,-0.09828341870483948,-0.09827630203744986,-0.095677395598736
2020-03-13,0.07959540294549172,0.07960869056706277,0.08548639013424397
2020-03-16,-0.13489085914849952,-0.1348813340874141,-0.1094236335014227
2020-03-17,0.06061071494537673,0.06062193258058324,0.053991772334476495
2020-03-18,-0.07619419826079354,-0.07616966397798874,-0.05063299458072379
2020-03-19,0.022708587190229945,0.02269940290737793,0.002125239940806045
2020-03-20,-0.03434748101330165,-0.03433732678276946,-0.04309433305065269
2020-03-23,0.0032837083395735878,0.0032798140357108707,-0.025568138523694217
2020-03-24,0.112496255381479,0.1124830993565149,0.09060325945836323
2020-03-25,0.023120110542341976,0.023103029316570822,0.01497006419427338
2020-03-26,0.0634866373036671,0.0634851790708324,0.058389801015809706
2020-03-27,-0.038589386957992966,-0.03858923758400734,-0.029785584237364437
2020-03-30,0.03458155988306322,0.03458936606663365,0.03247584880882304
2020-03-31,-0.01860691025393546,-0.018596386987041247,-0.014905529724725253
2020-04-01,-0.05043764210936219,-0.05043346933490911,-0.045004900814416104
2020-04-02,0.01565770127676336,0.016689321476533125,0.023075440836357375
2020-04-03,-0.013794617662737374,-0.013793274367597808,-0.014454213187073739
2020-04-06,0.07490011244904471,0.0748827212002876,0.0671662975485614
2020-04-07,-0.007750329534948919,-0.00775663396168591,0.0010195491269802126
2020-04-08,0.03581652776153743,0.03581226512746771,0.03356793814381742
2020-04-09,0.012166049259463962,0.012180675158510512,0.015217755403604372
2020-04-13,-0.001498022074584493,-0.0015036248435027488,-0.00913018179105407
2020-04-14,0.040083900268403916,0.04008041167132781,0.02949265553853886
2020-04-15,-0.01469349288067967,-0.014689870556780615,-0.021248006061267977
2020-04-16,0.021740350609971593,0.021739369229053285,0.004824532504223766
2020-04-17,0.02182813109634818,0.021832588351083926,0.02701541437451538
2020-04-20,-0.007040136528699392,-0.007043956105384885,-0.01761792701018139
2020-04-21,-0.035174207776947464,-0.03516177111530483,-0.030363410362569065
2020-04-22,0.029688702019811775,0.029686036931953375,0.02219467451727386
2020-04-23,-0.006272125798447603,-0.006278060413338338,-7.202978745535216e-05
2020-04-24,0.01607145204811955,0.01606738810763364,0.01393921622956995
2020-04-27,0.010084414729119029,0.010074786203897679,0.014418117628747007
2020-04-28,-0.009358719748734035,-0.00935787711610614,-0.004598357707802592
2020-04-29,0.01968424289548487,0.01966082334760655,0.026178474524117146
2020-04-30,-0.023633792919767416,-0.023622969578586006,-0.009310530711402754
2020-05-01,-0.025180644999808433,-0.02516469122518117,-0.026473717709630806
2020-05-04,0.013625969481616318,0.014565288972963941,0.0027585248316792654
2020-05-05,0.024404834837043365,0.024406377184681416,0.009239093535952758
2020-05-06,0.006211912619608739,0.006215069255846473,-0.0067785306887658825
2020-05-07,0.011849333533000328,0.011855705137837624,0.012066759479465672
2020-05-08,0.01669985609511815,0.01668968178647967,0.01654585573021472
2020-05-11,0.019281034599271774,0.019278323115095697,0.00020560472548591946
2020-05-12,-0.018108496805295027,-0.018111188120833455,-0.019931801630628243
2020-05-13,-0.009075727818151691,-0.00907435820237712,-0.017685689496996226
2020-05-14,0.00813743278928536,0.008133246806321104,0.011967268280660637
2020-05-15,0.004437693313179336,0.004439783949800935,0.004596910866530468
2020-05-18,0.01746689434482751,0.017459782463351115,0.030459762478702856
2020-05-19,-0.009678063103061518,-0.00967971289681513,-0.010271667061036216
2020-05-20,0.011238958806467858,0.011242666549787117,0.016988668849524435
2020-05-21,-0.014243373206136,-0.014245473356644944,-0.006904290715352257
2020-05-22,0.009689110944275825,0.00968711839551073,0.0018991757640549611
2020-05-26,-0.016560845179348638,-0.01655446678968986,0.012320564624969776
2020-05-27,0.0005905545803279733,0.0005910626071026215,0.014879188592889836
2020-05-28,0.0044352758889951716,0.00443973436968248,-0.0018452723826944961
2020-05-29,0.0261701195339894,0.02616504636136363,0.004455959895920403
2020-06-01,-0.0013545784060809973,-0.0013522721433346652,0.004041693629930343
2020-06-02,0.003907965006342051,0.004737076441153398,0.00827995513085944
2020-06-03,-0.0005116630893181595,-0.0005065408536932825,0.013308505317488839
2020-06-04,-0.009401300510085364,-0.009401225974567162,-0.0026265506498133195
2020-06-05,0.01252847417652636,0.012533003558307776,0.025629317200602797
2020-06-08,0.003510585334934202,0.003514850380851753,0.012087458431206954
2020-06-09,0.0009103753425334649,0.000909223082341093,-0.007456434446094562
2020-06-10,0.010598786816140127,0.010590916604046097,-0.005580172331298816
2020-06-11,-0.043898602702260314,-0.043902676290513254,-0.05764920517903449
2020-06-12,0.004492829647899876,0.004498242010835041,0.011976033946470288
2020-06-15,0.02174583452435752,0.021743995341539923,0.009335495415337514
2020-06-16,0.0123129667689994,0.01231649670484991,0.01924768189870063
2020-06-17,0.007255326829327613,0.00725591653113522,-0.004153689164510199
2020-06-18,-0.0006084788221017989,-0.0006077551838526984,0.0003851007032451559
2020-06-19,0.011801491068294423,0.011793782513665807,-0.005715104573400076
2020-06-22,0.004433234240004635,0.004429244360423912,0.006415295272893307
2020-06-23,-0.001610860972110495,-0.001608563737513169,0.004603532476432859
2020-06-24,-0.01679516192054742,-0.01679919146005615,-0.025508729402108243
2020-06-25,0.012164444196262503,0.012165544771523651,0.010720647348679169
2020-06-26,-0.018163026631543677,-0.018171898914692286,-0.02375143458911355
2020-06-29,0.009003672244882743,0.009003589862509154,0.01469757369186464
2020-06-30,0.021660368115678175,0.021659793996633647,0.012809467195298962
2020-07-01,0.005152794344278844,0.005160690878193153,0.007004819988407851
2020-07-02,0.006215340872414599,0.007432217866164326,0.005507103731598795
2020-07-06,0.020498063814881506,0.020508488591548968,0.015437067944463756
2020-07-07,-0.00034556098477478425,-0.00035379795076173615,-0.010313855204298839
2020-07-08,0.01474407592498772,0.01474604367348964,0.007648858467744546
2020-07-09,0.005399210188427261,0.005398069829698926,-0.005693045614445835
2020-07-10,-0.00028908674912664356,-0.0002926648193669612,0.010210502723494663
2020-07-13,-0.02923776683081869,-0.029251114820363022,-0.008658769402027255
2020-07-14,0.023012199794173016,0.023017969876945044,0.012959151297302629
2020-07-15,0.015946352485999293,0.015963783803542908,0.00918702782837344
2020-07-16,-0.00755982164532254,-0.007562372993001332,-0.0032933694760686194
2020-07-17,0.013210501798059937,0.013211571315291604,0.002898818776914336
2020-07-20,0.017101574156807464,0.017098624448499855,0.008081604743493509
2020-07-21,-0.008704201592607541,-0.008691059284145819,0.002127915871626085
2020-07-22,0.009581182719950343,0.009583389005149545,0.005691899055724869
2020-07-23,-0.016769370684267204,-0.01676665113908471,-0.011931927671168796
2020-07-24,-0.007290566224260497,-0.007292484740207605,-0.006440254832891346
2020-07-27,0.02281055116752917,0.022801924153488917,0.007292431816570133
2020-07-28,-0.01569285577923829,-0.015695597430553043,-0.006342468204663998
2020-07-29,0.015362243202357906,0.015356752019350717,0.012298681890286378
2020-07-30,2.0314721023817484e-05,2.1252389103443292e-05,-0.003567704488292023
2020-07-31,0.002142991101540037,0.0021424403054222108,0.007902156008822603
2020-08-03,0.021975884540239576,0.0219816339785317,0.006951998045748864
2020-08-04,0.004750022297942191,0.00550080344480941,0.0038626236074412734
2020-08-05,0.0066714268790235565,0.006669593670469487,0.006211131361955946
2020-08-06,0.00013837046781217666,0.00012193068656052297,0.0066843397954086115
2020-08-07,-0.021617591536321257,-0.021619278625471527,0.0007179109695008012
2020-08-10,-0.015451042015451999,-0.015452740983353253,0.002988934626810602
2020-08-11,-0.01918676940590769,-0.019181798931809935,-0.008254721767575357
2020-08-12,0.020320685658706816,0.020320968816391005,0.013942490346746439
2020-08-13,0.010872211466381065,0.010871284209378107,-0.0018077211608321653
2020-08-14,-0.005270108797095108,-0.005270564459822991,2.9785452035469007e-05
2020-08-17,0.019888704822860204,0.01988730621561352,0.0031762970093140996
2020-08-18,0.006325841081626926,0.006322465709267755,0.002160605429621043
2020-08-19,-0.0014972923667334603,-0.0014972587630864842,-0.004163763310597868
2020-08-20,0.009609805931727111,0.009605669508595982,0.0031136162070781737
2020-08-21,-0.0010604715652576813,-0.001057257951442292,0.003547345304731886
2020-08-24,-0.0029208838366620027,-0.002918915706524139,0.010133234849614592
2020-08-25,0.007170494139708383,0.0071665399104503535,0.0034993464276429354
2020-08-26,0.016732665062273222,0.01673265546260594,0.01002527266901665
2020-08-27,-0.008428826483748986,-0.008431931415186611,0.002186768725431776
2020-08-28,0.0035953401478014957,0.003592644849143456,0.006459299204947699
2020-08-31,0.011150010857337467,0.011152704961052029,-0.0036223561736882237
2020-09-01,0.016462885100539504,0.016462662883557355,0.009418680192173845
2020-09-02,0.00892027663766215,0.009773755489008051,0.01446378964912487
2020-09-03,-0.05965885298907947,-0.059647983819919315,-0.03441424403026849
2020-09-04,-0.020611153571122975,-0.020605527697621473,-0.008164684495784669
2020-09-08,-0.036976424641999905,-0.036968658159165724,-0.02732321673380722
2020-09-09,0.02856693192820403,0.02856126717752594,0.01974764827884412
2020-09-10,-0.018258593485251606,-0.018256900623934147,-0.017363720977525143
2020-09-11,-0.008078463988503648,-0.008073203409247887,0.0005092193273708023
2020-09-14,0.02181594371989326,0.021810001746406238,0.013171208607333451
2020-09-15,0.015709212368484105,0.015710620240536155,0.0050521954519346934
2020-09-16,-0.01300359267654061,-0.013000115395193301,-0.003968762027310002
2020-09-17,-0.015489257640707965,-0.015486834221377088,-0.008795010686260207
2020-09-18,0.0015554934375221485,0.0015518218245103022,-0.011512776702263583
2020-09-21,0.011969279235718222,0.011963671199457293,-0.011129301640450007
2020-09-22,0.018643784857086843,0.018637551542631137,0.010184101540462231
2020-09-23,-0.029108607134213593,-0.02910093734512864,-0.023190888134050236
2020-09-24,0.00021400060705212276,0.00021771079629773205,0.002664981764268104
2020-09-25,0.02146770002659726,0.021462822031007356,0.016167604097700794
2020-09-28,0.020531833299448188,0.020529274874602876,0.01660881375940293
2020-09-29,0.0002903475045008541,0.00028228155935683397,-0.005445657582880847
2020-09-30,0.008326540764395984,0.00832269175372602,0.007582001464812471
2020-10-01,0.011472467647940299,0.01146767527771142,0.006419932786187577
2020-10-02,-0.01980380903110246,-0.01924979096496371,-0.009494398794593795
2020-10-05,0.028009274807500484,0.028008110742575365,0.017733066386504515
2020-10-06,-0.009666593115190802,-0.009664545272281333,-0.014215865581074905
2020-10-07,0.022893611646652934,0.02289268698684177,0.017406543129391938
2020-10-08,0.0014966806542533462,0.0014997875267606098,0.008862617198674094
2020-10-09,0.018875234679809783,0.018870920822574355,0.008930095930532067
2020-10-12,0.012220465999851049,0.01221755470819419,0.016087624129604627
2020-10-13,0.009017673842941498,0.009011869180384435,-0.006526381173558193
2020-10-14,-0.011180162576266195,-0.011177247654355016,-0.006283289726677688
2020-10-15,-0.0015337281841021344,-0.0015332282664438646,-0.0012358265106896527
2020-10-16,-0.004395292313082555,-0.004394478037588856,-0.0006043475507832019
2020-10-19,-0.014290474213735638,-0.014290208907999036,-0.015203287230199147
2020-10-20,0.0012918661380978413,0.0012967864541777452,0.004005682488809281
2020-10-21,-0.013509107239375151,-0.013502797952158252,-0.0018929013309282317
2020-10-22,-0.006278386254895185,-0.006279733111691943,0.0054853816480977535
2020-10-23,0.01153518444237589,0.01153709545748538,0.003395041754625794
2020-10-26,-0.01207490678081391,-0.012077949122452303,-0.018479935366158107
2020-10-27,0.005649162777731753,0.005649011488732647,-0.003447552059625214
2020-10-28,-0.03222954024608371,-0.03223635802028113,-0.03417851955399909
2020-10-29,0.007779963057324091,0.007784263308560524,0.010163277320645037
2020-10-30,-0.030544040404539174,-0.030540699051870845,-0.010424715690027786
2020-11-02,0.005827044122879155,0.005830115573888461,0.011208276120075356
2020-11-03,0.01888576613473214,0.019545368248816697,0.017655987224070024
2020-11-04,0.03330080915493894,0.03328696163640266,0.02234947128117759
2020-11-05,0.03253567752060382,0.032536683672916844,0.01950261009833887
2020-11-06,0.010094035889108177,0.010088857903522097,-0.00022862441977100634
2020-11-09,-0.051059147279069794,-0.051056427248291514,0.012565690217153813
2020-11-10,-0.01863807121480976,-0.01862527079007037,-0.001466646210516842
2020-11-11,0.03491035852844804,0.03490561327978492,0.00742886280678845
2020-11-12,-0.0006026727070284066,-0.0006095873746461145,-0.009700932595727352
2020-11-13,0.00814299909599514,0.00814275932115116,0.013844186020804727
2020-11-16,0.004222856407372744,0.004225313002585107,0.012482686676664079
2020-11-17,-0.0010503140774460462,-0.0010514361780077364,-0.005378234544978988
2020-11-18,-0.006429947678213699,-0.006430105340488934,-0.012034864175274329
2020-11-19,0.01603366746319912,0.01603105981375652,0.0042100426028597315
2020-11-20,0.0012520285547590326,0.001250152803750959,-0.006847549676456399
2020-11-23,0.012910755810578323,0.01291537282125943,0.005994388426275865
2020-11-24,0.0025948386157559344,0.0025976478972378203,0.016113854627079816
2020-11-25,0.012915992036985013,0.012914481277368495,-0.001541813621014687
2020-11-27,0.016009811965491894,0.016002059616274433,0.0027849330777589554
2020-11-30,0.007690902746615658,0.007684667627887887,-0.004427104491875999
2020-12-01,-0.0017780080181885038,-0.0017760672151025947,0.010937581250257455
2020-12-02,-0.011289037976645822,-0.010391472348631914,0.002103516060226296
2020-12-03,0.005038315342228428,0.005029729577797237,-0.000272705359855685
2020-12-04,0.012138523614093621,0.012137694428344004,0.008617421755840793
2020-12-07,0.0065005195028733365,0.006494248085564536,-0.0020548053665060406
2020-12-08,0.01161418497067812,0.011609899520175437,0.002926291467487241
2020-12-09,-0.028410731219452146,-0.028394176448483965,-0.008969038760209602
2020-12-10,0.012654702223943604,0.012646786556568257,-0.0003269584699605588
2020-12-11,-0.004537954682947931,-0.00453139648320644,-0.0011724730926675475
2020-12-14,0.004768427204418835,0.00476547956038309,-0.00447715826371442
2020-12-15,0.014056888651602595,0.01405818816781057,0.01351928267608371
2020-12-16,0.0029731667766323966,0.0029630674426068815,0.0015694040517124641
2020-12-17,0.01764171042127649,0.0176382343420316,0.005591928401434743
2020-12-18,0.006572207040133948,0.006574519981047189,-0.003992912313974473
2020-12-21,-0.00040604705325286705,-0.00040578348954267707,-0.003575274426252273
2020-12-22,0.013473898726119371,0.013466828300410238,-0.0016853631179640782
2020-12-23,-0.008598756405748365,-0.00859386411654528,0.0008985176567017916
2020-12-24,0.0038518048836200247,0.0038498066478611648,0.0038904098734411363
2020-12-28,-0.016611185534752604,-0.0166004106446076,0.008590700003830554
2020-12-29,-0.0045219749534332054,-0.004524043893682772,-0.0019077061181778099
2020-12-30,0.01250391017269692,0.012504985301931004,0.001426706743954398
2020-12-31,-0.00020435831845344588,-0.00020006918475279356,0.00508117542658959
2021-01-04,0.0,0.0,0.0
2021-01-05,0.02728931246152677,0.028830246430219253,0.007263840493520357
2021-01-06,0.01999232462887024,0.019992324628870017,0.005978739282975543
2021-01-07,0.03467151412667557,0.03467151412667557,0.014857398591648252
2021-01-08,0.0009700192975423683,0.0009700192975428124,0.005697673903205525
2021-01-11,0.0009304509839029862,0.0009304509839027642,-0.006740521258104981
2021-01-12,0.023106919245356128,0.02310691924535635,0.0002108989148625895
2021-01-13,-0.005180423704164716,-0.005180423704164827,0.002693091437587114
2021-01-14,0.019948623579954194,0.019948623579954416,-0.0035021994367678833
2021-01-15,-0.02267179804683561,-0.02267179804683561,-0.007292538691798689
2021-01-19,0.015469303847806204,0.015469303847806204,0.007851771105696459
2021-01-20,0.004291770429891262,0.004291770429891484,0.013839013097133979
2021-01-21,-0.0044719251029869955,-0.004471925102987218,0.0009118153381688643
2021-01-22,0.00231780281396321,0.00231780281396321,-0.0035398409172407996
2021-01-25,-0.0061278114452049115,-0.0061278114452049115,0.003943782299774989
2021-01-26,-0.015663486211080824,-0.015663486211080935,-0.0015606874087463751
2021-01-27,-0.03366010404093478,-0.03366010404093478,-0.024440685049319066
2021-01-28,0.019801738975240957,0.01980173897524118,0.008600241997579916
2021-01-29,-0.02026205840909856,-0.02026205840909845,-0.020019576876670553
2021-02-01,0.025687953480722614,0.025687953480722836,0.01664561525715702
2021-02-02,0.024668766850258983,0.02562030480457045,0.014140216066375721
2021-02-03,0.009992850338410575,0.009982330476659307,0.0007862383335790479
2021-02-04,0.017500035979308493,0.017501701602687048,0.011365743471086764
2021-02-05,0.012702027157957652,0.012699766489514097,0.003935830596076828
2021-02-08,0.02664789230890996,0.026639815215489415,0.007221973890623401
2021-02-09,0.005952877398756273,0.00594445630581264,-0.0006658564794110866
2021-02-10,-0.007110436365290296,-0.007103431869063814,-0.00043572922210732834
2021-02-11,0.005535646986165377,0.005534706075190021,0.0016153757076717845
2021-02-12,0.009806668495140114,0.009806092721925008,0.004939589201850225
2021-02-16,0.004690885120352428,0.004693532062175487,-0.0008659020704113729
2021-02-17,-0.00978963153055501,-0.009792536093698234,0.00022936602340872803
2021-02-18,-0.020910051666973573,-0.02091455008469445,-0.004255859037820553
2021-02-19,0.02686041421714358,0.026863763628254933,-0.0017659490913861653
2021-02-22,-0.012867792374644305,-0.01285511591111832,-0.007691607850319415
2021-02-23,-0.01047865986969898,-0.010470111566116547,0.0012140343081108451
2021-02-24,0.023982757851110703,0.023985902316734586,0.011019343007416138
2021-02-25,-0.039856337551859244,-0.039848731997849995,-0.02409566512161443
2021-02-26,0.010227291726288446,0.010221756412081895,-0.005152474997699108
2021-03-01,0.03373226987604272,0.03372943680547946,0.024240099608968668
2021-03-02,-0.012367368655001099,-0.01151819994392378,-0.007803333136561452
2021-03-03,-0.02270775267022551,-0.022710343879516648,-0.0132457545276089
2021-03-04,-0.03664994359806817,-0.036649774144488,-0.012374798212103966
2021-03-05,0.009121450500954698,0.009127568867352887,0.01839651087988492
2021-03-08,-0.012489794980951152,-0.012488772853702867,-0.0049784486516053494
2021-03-09,0.025721181416978434,0.02572202679454394,0.014277267854460929
2021-03-10,0.0123517666234354,0.012348028132000088,0.006224730408761703
2021-03-11,0.03638485642424416,0.036377863178522096,0.010138971182605427
2021-03-12,0.004258293316148132,0.004264563394377641,0.0013468616165202008
2021-03-15,0.012042559292576804,0.012038519314577334,0.005963553968804769
2021-03-16,-0.016051775384457012,-0.016048407259259823,-0.0012612751138161293
2021-03-17,0.007763862986618131,0.007759534009415425,0.0034101179231544876
2021-03-18,-0.023994393869991137,-0.023992147595712554,-0.014549719642337311
2021-03-19,0.01118924943400601,0.01118984739906792,-0.0018503857186512596
2021-03-22,-0.0033025287056418495,-0.0033039943750513556,0.007984916517992824
2021-03-23,-0.035172312386654525,-0.035166192583472644,-0.007870719803094284
2021-03-24,-0.02827849522545911,-0.028274426926450436,-0.005083693985145743
2021-03-25,0.012174804763062541,0.012170956276665201,0.005625509791168382
2021-03-26,0.011707213600307353,0.011700189611134837,0.01611520510962028
2021-03-29,-0.024528525876578278,-0.024527754817152858,-0.0005050677201268172
2021-03-30,0.022033061287835887,0.022036375134934394,-0.0026529869357009295
2021-03-31,0.014023043345283703,0.014021005356030791,0.004053336989545242
2021-04-01,0.015370860742240033,0.015374422085329131,0.01079898770728227
2021-04-05,0.009260180489657488,0.010407063847253761,0.014353000912468827
2021-04-06,0.004603292501623724,0.004598332207383704,-0.0005904381348361687
2021-04-07,-0.009898979505912897,-0.009890777140396101,0.0011571532122607309
2021-04-08,0.008851900425768555,0.008849220942627412,0.004746921580444985
2021-04-09,0.005792059453280762,0.005789828120595253,0.007270308611095455
2021-04-12,-0.0018744551976532797,-0.0018756666026042979,0.00036440318762598345
2021-04-13,0.0026744132896847628,0.00266079002419084,0.002963706265906252
2021-04-14,0.0025326958422822177,0.0025413225426340613,-0.003415264904160109
2021-04-15,0.003941135831421638,0.003940634300651613,0.010742401381259592
2021-04-16,0.004357088614107996,0.004357583629569728,0.003342692028694305
2021-04-19,-0.01398413673522969,-0.013974712851284599,-0.004913119828336532
2021-04-20,-0.024804659804475215,-0.02480277909292128,-0.0073217139981323065
2021-04-21,0.022487546719146767,0.022476506868931212,0.009462360108296153
2021-04-22,-0.008081411599448307,-0.008081249135516555,-0.009133401844107936
2021-04-23,0.020292571415728267,0.020284171698747855,0.010842672320402036
2021-04-26,0.01607279104930681,0.01606753604689226,0.002087401351984264
2021-04-27,0.004732500601830614,0.004730497696576075,-0.00021523336345175004
2021-04-28,-0.0021216148112319644,-0.0021166554943801152,-0.00028764262280056574
2021-04-29,-0.0036450514067453144,-0.003635257141158199,0.006372995324324782
2021-04-30,-0.011327783067608954,-0.011330906056024048,-0.006570694776350083
2021-05-03,0.0033179256250359668,0.003324409626223934,0.0021568442127644083
2021-05-04,-0.00875762102456168,-0.008011683099629963,-0.006169431801958725
2021-05-05,0.009474057228162414,0.009475186345170528,0.00031297818855713366
2021-05-06,-0.0005887573935492441,-0.0005851075833958053,0.007985753323809686
2021-05-07,0.020900622599273166,0.02089698586092603,0.007277860569789407
2021-05-10,-0.019845926511542045,-0.01983454857385103,-0.009902623861569038
2021-05-11,-0.00724965609562811,-0.00725529890392107,-0.008924620863319688
2021-05-12,-0.035917268049244444,-0.03591613708446051,-0.021245312338954547
2021-05-13,0.006586298533136414,0.0065912120827973375,0.012012699945362248
2021-05-14,0.030388054642196183,0.030390289838184703,0.015355355231965184
2021-05-17,-0.0017523630859590522,-0.0017468933045612367,-0.0025446452045313483
2021-05-18,-0.010830256973211383,-0.010830857727214704,-0.008615570162786246
2021-05-19,-0.01138173535637177,-0.011382775883758689,-0.002621857416333584
2021-05-20,0.00921141976786144,0.009203592906525504,0.01075798678127704
2021-05-21,0.0027951372570071964,0.002796027421469338,-0.0008187903933760676
2021-05-24,0.011956080034740024,0.011955953885898207,0.010194355752125794
2021-05-25,-0.006424194551358453,-0.006425992938789427,-0.0022186729861383148
2021-05-26,0.015115220548951314,0.015114570815640382,0.0019846702362358304
2021-05-27,0.01827052349816083,0.01826840337181901,0.0005248848963783637
2021-05-28,-0.0025016995129331088,-0.0025009483847703295,0.001788669452209124
2021-06-01,0.014750826090747182,0.014760507695364744,-0.0008809713013512299
2021-06-02,-0.004275298210937639,-0.0032979844152930538,0.001572716829588039
2021-06-03,-0.0029656325935492056,-0.002962221094747086,-0.003711230760408135
2021-06-04,0.006745280042383284,0.00675526798735504,0.009145641655499137
2021-06-07,0.0008642209396749756,0.0008661465159989223,-0.0009702075941184773
2021-06-08,0.005633891379883904,0.00562999647210316,0.00021336515271785927
2021-06-09,-0.011841854046546252,-0.011838057491221465,-0.0014919931644392648
2021-06-10,-0.005655584873355823,-0.005654077246093014,0.004648250980785473
2021-06-11,0.00734272360530297,0.0073427827014032054,0.0016525140369889613
2021-06-14,-0.010075944469315257,-0.010076822801973417,0.0022388539098872062
2021-06-15,0.004634301540209718,0.004633949964117257,-0.001834142291169627
2021-06-16,-0.002720281236825106,-0.00272274760360125,-0.005583327260126558
2021-06-17,-0.026819233034579004,-0.026817964001974115,-0.00033158392084065014
2021-06-18,-0.01826979714561716,-0.018273602412900436,-0.013490338228166254
2021-06-21,0.02288709417292223,0.022884982106752494,0.014316035145870876
2021-06-22,0.002498952732869597,0.002500509972382936,0.0053461357899979856
2021-06-23,0.005575968333579651,0.005569899614236373,-0.0012052395544164263
2021-06-24,0.012748653505963103,0.01275142660706119,0.005915503387092791
2021-06-25,0.002600149194683876,0.002601866989087709,0.003552053484238815
2021-06-28,-0.005972802683485878,-0.005970596399386907,0.0020158852339571265
2021-06-29,0.0019253075671203934,0.0019289232800763223,0.0005383154646545485
2021-06-30,0.005688378318814191,0.005684202149558226,0.0008417081302440899
2021-07-01,0.004385372165901957,0.004382831040408153,0.005536470299454255
2021-07-02,-0.003949297706929866,-0.0028292467678706634,0.0076435279410072
2021-07-06,-0.022729609562506026,-0.02272891236239516,-0.0018214823523000634
2021-07-07,-0.008405633637305177,-0.008411720294677405,0.00353385610924839
2021-07-08,-0.012544094942956052,-0.012543657698403932,-0.008147715015089818
2021-07-09,0.028696630948680468,0.02869216555433085,0.010674565188096619
2021-07-12,0.005596600186074996,0.005595397232216914,0.003582062181022083
2021-07-13,-0.014838977285172361,-0.01483903125554964,-0.0034090862284404944
2021-07-14,-0.013853804247719648,-0.01385920345959546,0.001492260953441793
2021-07-15,-0.00938654861731758,-0.009387280597734304,-0.0034155007412670635
2021-07-16,-0.021586239519331252,-0.021585560626571576,-0.007843370216515821
2021-07-19,-0.025998064986117564,-0.026003725124572608,-0.014767986923154508
2021-07-20,0.030297105815958902,0.030299791331992898,0.014330404990878565
2021-07-21,0.03007924032905107,0.03008062130477618,0.008096174823552404
2021-07-22,-0.00942439377277815,-0.009422155067970728,0.0020943007044604833
2021-07-23,0.003476540480441992,0.0034764395594804043,0.010287704846807078
2021-07-26,0.01552698794092855,0.015518559813127997,0.002455094289028237
2021-07-27,-0.012074856024674951,-0.012072646124861253,-0.004557784059542214
2021-07-28,0.011209078609763834,0.011209940555144016,-0.00041001189548972583
2021-07-29,0.010164086437026487,0.010163317443325992,0.004147376305794204
2021-07-30,-0.005239524722385758,-0.005240646478098521,-0.004856295259186072
2021-08-02,-0.00735695283650839,-0.007353342633205084,-0.002098229444887023
2021-08-03,0.015568961528855674,0.016531562679359846,0.008135738363774347
2021-08-04,-0.010562592850719366,-0.010557210120445859,-0.004919276175308518
2021-08-05,0.0163785803211578,0.016377433567931643,0.006332913972587173
2021-08-06,0.00971667742223592,0.009709393085420626,0.0016525119114676468
2021-08-09,0.0013025278389409145,0.0013016338887712475,-0.0008132787695330768
2021-08-10,0.008718670365179149,0.00871243940154276,0.0012437879086935055
2021-08-11,0.0031871611722462667,0.003185047157213683,0.002484929302334349
2021-08-12,0.0032335682028943324,0.0032435839627933394,0.002996784370488559
2021-08-13,-0.00827326205911283,-0.008272860368603752,0.0018201725953972403
2021-08-16,-0.014870387904683091,-0.014866609653165885,0.0023544158547013083
2021-08-17,-0.01727982873149514,-0.017276660638428365,-0.006555187973096399
2021-08-18,-0.008576598892019227,-0.008575013182112401,-0.010945064584911401
2021-08-19,-0.018488208860784505,-0.018485524362435668,0.0015482596705671536
2021-08-20,0.009888344554368489,0.009887760249395638,0.007957122061817978
2021-08-23,0.02607754592005973,0.026072185195236797,0.00879672556769262
2021-08-24,0.013443471218036906,0.01344416712421026,0.0015872541907666626
2021-08-25,0.010695881542702068,0.01069464564938194,0.002098419820750985
2021-08-26,-0.011105413927301577,-0.01110261377354771,-0.0059031282343174896
2021-08-27,0.023025766695261796,0.023020737666228808,0.00894090402343628
2021-08-30,-0.008396913076551882,-0.0083896617553475,0.004397467108962605
2021-08-31,-0.0021749976891978218,-0.002174807148890179,-0.0014812880351373625
2021-09-01,-0.006317947074805819,-0.006316265117991771,0.0005314161853522403
2021-09-02,0.010597963693633305,0.011755772383850394,0.0030764616235630093
2021-09-03,-0.0008657835349874521,-0.0008666948973471422,-0.00024290343494204336
2021-09-07,-0.008714543779948958,-0.008711143306444402,-0.0035753698350161622
2021-09-08,-0.009916095890582288,-0.009909570094008835,-0.0012181561751476444
2021-09-09,0.005469068684558875,0.005461716158548402,-0.004280397855445428
2021-09-10,-0.005022954423435255,-0.00501968203427039,-0.007884654206780861
2021-09-13,0.004653859497376178,0.004655521339047564,0.0025594782926405824
2021-09-14,-0.007204832006606154,-0.007199986275072789,-0.005396438573365359
2021-09-15,0.02298321504271028,0.022969634388821936,0.008352513676311624
2021-09-16,-0.0015263612722961062,-0.0015201538792585234,-0.001585276449892814
2021-09-17,-0.009055471575875607,-0.009054430460182061,-0.009740946114425886
2021-09-20,-0.03209783180931791,-0.032089731506110164,-0.01667434948370894
2021-09-21,0.0002863981158789386,0.0002867878056156403,-0.0009447129788767716
2021-09-22,0.02150262551255744,0.021492486301369462,0.009755012194987867
2021-09-23,0.0235065515440136,0.023493780620209348,0.012149979332359617
2021-09-24,-0.0023199010761003613,-0.0023204752125822736,0.0016473311100926313
2021-09-27,0.00921872974095872,0.009204672530242819,-0.002861017287015377
2021-09-28,-0.02357013303194766,-0.02357164040573556,-0.02015188381978017
2021-09-29,-0.004668357584575511,-0.004659594521250976,0.0016832615568036502
2021-09-30,-0.01299835819492845,-0.013002979255166025,-0.012222361496838974
2021-10-01,0.01248180989151959,0.01248060151490038,0.011884327280136997
2021-10-04,-0.0120460011930138,-0.01060843773352338,-0.012896261105424633
2021-10-05,0.01630271628112756,0.01629759041839085,0.010404922601927158
2021-10-06,-0.003529468504503974,-0.003523258413382524,0.00415598007600626
2021-10-07,0.013009147879129657,0.01300888189155014,0.008645708705106392
2021-10-08,-0.0032467448136719312,-0.0032527725796178686,-0.001823632558234256
2021-10-11,-0.0035555682444724512,-0.003556519524324231,-0.00723974738606703
2021-10-12,0.002163707454849506,0.0021627944388058484,-0.0024614980437046574
2021-10-13,0.006732539356588685,0.00673365111340396,0.003597630083474357
2021-10-14,0.019548102301298442,0.01955159006779783,0.01682082847824895
2021-10-15,0.0046113496353070715,0.004605925253595267,0.007615542520026386
2021-10-18,0.01052583061781287,0.010522953071718355,0.0029603325103315647
2021-10-19,0.005559024303067428,0.005557863670850205,0.007715093650185745
2021-10-20,0.0044282277035532225,0.004424049507436578,0.003927606348205215
2021-10-21,0.0036198154905429103,0.003627613226910631,0.0026083527292575237
2021-10-22,0.00543172071020126,0.005430884352263909,-0.0010362100192337076
2021-10-25,0.008742688710435598,0.008738733210737148,0.005362773549228761
2021-10-26,0.0009882688267506268,0.0009866612106692596,0.0009000342437031073
2021-10-27,-0.010806701764028315,-0.010797598913089401,-0.004430217649496471
2021-10-28,0.017815322647125598,0.017811901026369092,0.009648910449911119
2021-10-29,0.0049336634877745755,0.0049390658106160945,0.002029176197748228
2021-11-01,-1.7712445039563818e-06,-6.473875276080676e-06,0.0017200600493494367
2021-11-02,0.0017801695364678682,0.0030641081257296587,0.004043179448625089
2021-11-03,0.0035320448875437727,0.0035382957587313246,0.006105265031711049
2021-11-04,-0.0002760410547482106,-0.0002728546178273339,0.004712578357497943
2021-11-05,0.005141842048033585,0.005152473528503787,0.0034695671947455597
2021-11-08,0.003883686518604268,0.00387729437151374,0.0008537203550846861
2021-11-09,-0.00086092454789366,-0.0008599455367391817,-0.0033053010479855427
2021-11-10,-0.018033792488759914,-0.018029957519571815,-0.008044953669156585
2021-11-11,0.007016683780230348,0.007010328008700384,0.0003237379971499088
2021-11-12,0.003377558120871038,0.0033740109129924978,0.007546493606379379
2021-11-15,0.0022699765705151975,0.0022732543605290534,0.00034250678938541057
2021-11-16,0.0021091837298652383,0.002106965165128649,0.003957897188071158
2021-11-17,-0.005261153881316427,-0.005258341739986183,-0.0024292040132970483
2021-11-18,0.0028220941391385868,0.0028094114515735402,0.003396398451554594
2021-11-19,-0.007400938524989353,-0.0074100270496724185,-0.0017881701531110572
2021-11-22,0.002317772835068732,0.002325645017800415,-0.002815273861006551
2021-11-23,0.002717706705858358,0.002723282579725428,0.001325952030557298
2021-11-24,0.008654262602126206,0.008656799214615152,0.0026699268984593516
2021-11-26,-0.027929935904970282,-0.02794126699095789,-0.022303137197962175
2021-11-29,0.012695672297529326,0.012688659773768096,0.01226665407884786
2021-11-30,-0.027555733112528125,-0.02754723862053654,-0.01945774783697074
2021-12-01,-0.019710856470127713,-0.019705515965328435,-0.011107221187110827
2021-12-02,0.021852691449668393,0.023044431764473128,0.01531637869389968
2021-12-03,-0.019991840731446553,-0.019991286019229282,-0.008701426575988491
2021-12-06,0.005754527766863804,0.005756820630690385,0.011843417699721082
2021-12-07,0.03391030323215127,0.033909720218072925,0.02068474258430708
2021-12-08,0.00047899438691079155,0.00048521277916813155,0.0026479531544385537
2021-12-09,-0.014529328109908923,-0.014528731131879136,-0.006751637248578635
2021-12-10,0.014643146247949712,0.014642217246144007,0.00941362464499318
2021-12-13,-0.01729518011862241,-0.017295201320326692,-0.008858385467373608
2021-12-14,-0.010236481097609773,-0.010238564536571793,-0.006879993554988806
2021-12-15,0.01274233760208121,0.01274553232606146,0.015624969192423288
2021-12-16,-0.006894506980750337,-0.006897897109452544,-0.008818311214292551
2021-12-17,-0.008372067147592643,-0.008367574661804933,-0.01064301806473067
2021-12-20,-0.019752629607583283,-0.0197497365628303,-0.010633355409267242
2021-12-21,0.028746754009019604,0.02874805673005887,0.017758823509654187
2021-12-22,0.014215760176337744,0.014217276459065564,0.009998795089018797
2021-12-23,0.006256531475023364,0.006262297388206717,0.006222071624005343
2021-12-27,0.02130948574101388,0.021308044824077443,0.014152304037380992
2021-12-28,-0.005046451419028042,-0.005044479979888328,-0.0008172525028188327
2021-12-29,0.00029626610587696334,0.00030001956694447607,0.0012791776389848852
2021-12-30,-0.004979482601412122,-0.004983480009532859,-0.002764413050813319
2021-12-31,0.001970517401416627,0.00196874551748083,-0.002520379669829431
2022-01-03,0.0,0.0,0.0
2022-01-04,-0.008299549616331503,-0.006811998940756014,-0.004977391438572232
2022-01-05,-0.033527889383488385,-0.03352788938348861,-0.01920201479298711
2022-01-06,0.004550449100089615,0.004550449100090059,-0.0009395128389212415
2022-01-07,-0.01771341351504163,-0.017713413515041854,-0.003953361232545971
2022-01-10,-0.002960133732956005,-0.002960133732955894,-0.0012445144398554042
2022-01-11,0.011398499117561522,0.011398499117561522,0.009108359337260952
2022-01-12,0.005890794161651947,0.0058907941616517245,0.0027035177708931712
2022-01-13,-0.025856087270268113,-0.025856087270268113,-0.01377859103890422
2022-01-14,-0.004731293944407855,-0.004731293944407633,0.0004090452475156159
2022-01-18,-0.022808768491366038,-0.02280876849136615,-0.017709580758721977
2022-01-19,-0.012881376774648845,-0.012881376774648956,-0.010383589964794715
2022-01-20,-0.014898545174139577,-0.014898545174139466,-0.011067901810805636
2022-01-21,-0.021064806913677958,-0.02106480691367807,-0.019630868636643317
2022-01-24,0.010540832162119873,0.010540832162119873,0.004246878239750673
2022-01-25,-0.02069816882856268,-0.02069816882856268,-0.01220891672208435
2022-01-26,-0.0029771845471749936,-0.0029771845471751046,-0.0025088279326753726
2022-01-27,-0.009261013751915792,-0.009261013751915792,-0.004937995216556357
2022-01-28,0.027955217094774998,0.027955217094774998,0.024835270076550175
2022-01-31,0.032281565399171486,0.032281565399171486,0.018011008304968934
2022-02-01,0.008381651023925407,0.008381651023925407,0.006757108821755953
2022-02-02,0.01555153657606101,0.01670739653233655,0.009714029631795906
2022-02-03,-0.02177454842263493,-0.021771433361767345,-0.02350487551527236
2022-02-04,0.005792103069471866,0.005792885185741392,0.004702055938193839
2022-02-07,-0.00021039470579686803,-0.00020933416611412792,-0.003209187550262338
2022-02-08,0.003875254703855857,0.003871186400006277,0.008227814651572851
2022-02-09,0.02095859296001623,0.020948548965451064,0.014635993948788784
2022-02-10,-0.016188143517700593,-0.01618652540775556,-0.017965675675963855
2022-02-11,-0.019564055847316242,-0.019553153520458166,-0.01971838609556764
2022-02-14,-0.013747412774155698,-0.013751889998345757,-0.003269444929599463
2022-02-15,0.022614256962437462,0.022608431035027188,0.0161268199792155
2022-02-16,0.0038726702383427014,0.0038747224618953524,0.0011209100340507927
2022-02-17,-0.026801512896658553,-0.026789100663621057,-0.021361538048794926
2022-02-18,-0.006956589205989405,-0.006955275269660666,-0.006474970000900249
2022-02-22,-0.01248829275615404,-0.012487201011256666,-0.01073175932998438
2022-02-23,-0.016130013860582104,-0.016122301797946936,-0.017738581909533258
2022-02-24,0.029114906105566885,0.029105475558762972,0.015049062778827116
2022-02-25,0.02731152135403425,0.027304746272527103,0.022064049375030814
2022-02-28,0.0059623752140021136,0.005961314233194459,-0.002558438159107057
2022-03-01,-0.015051518135237418,-0.01504782392268389,-0.015230198095190106
2022-03-02,0.022578324460727384,0.0235750056460986,0.01839610239405065
2022-03-03,-0.007355049320450946,-0.007354431145669471,-0.004978467208594628
2022-03-04,0.003748195108840058,0.003754312157549622,-0.0081247405423851
2022-03-07,-0.029018400957907864,-0.02901245837126387,-0.029479053618148177
2022-03-08,-0.004194310547768754,-0.004192311273909288,-0.007581794174490009
2022-03-09,0.023283273539817184,0.02327928213330055,0.026810872794151175
2022-03-10,0.004035957908797627,0.004035767147025693,-0.004515613552211306
2022-03-11,-0.016245522078623287,-0.016240915914823684,-0.012715116705589002
2022-03-14,-0.023080371096825925,-0.02307601571855389,-0.007308392231885175
2022-03-15,0.01520171509403756,0.015193509089653556,0.021990688578889417
2022-03-16,0.020652841668833632,0.020651405627055253,0.022174168695649366
2022-03-17,0.023382770740068004,0.023381157029683353,0.012511025144981147
2022-03-18,0.014409837805470449,0.014410014153096062,0.010952641805038965
2022-03-21,0.00903239044227555,0.009030259880074887,-0.000292402351469101
2022-03-22,0.007371210420428875,0.007370285071867766,0.011701265575344122
2022-03-23,-0.0056757246448136955,-0.005679140813391048,-0.012878365243265688
2022-03-24,0.018908299019098518,0.01890076615798164,0.015074388504740854
2022-03-25,0.00638665037686259,0.006388491627302484,0.004883523798580258
2022-03-28,0.0024286920195424333,0.0024273381682213824,0.0071131866865845605
2022-03-29,0.013734772891893954,0.013739074974986387,0.012370732215050584
2022-03-30,-0.008150633631646698,-0.008147988083766045,-0.006174849668612592
2022-03-31,-0.009843152752218032,-0.009842190926802274,-0.015391215415467396
2022-04-01,0.002505956560106881,0.0025092135947137884,0.0028340044070318537
2022-04-04,0.0029064624788455173,0.00408863864843001,0.008566656759556146
2022-04-05,-0.01380755797385047,-0.013798885515208581,-0.012631314983390096
2022-04-06,-0.0003217109411904895,-0.0003122290783018622,-0.009999122518356551
2022-04-07,0.014556701188806809,0.014562109709394644,0.005038878284455484
2022-04-08,0.010253351235643304,0.01026119969992667,-0.002674231509648295
2022-04-11,-0.020272615762959134,-0.020262678566483228,-0.017092173752834783
2022-04-12,0.005779654585056582,0.0057759293567132275,-0.0037051844141023915
2022-04-13,0.012759801994035591,0.012755875955089646,0.011453672102416768
2022-04-14,-0.005312789511737859,-0.005305991126226428,-0.012451878753066081
2022-04-18,0.004546501539510306,0.004544971786777596,0.00041113991484453827
2022-04-19,0.003359236607002991,0.0033567763696309427,0.016142654654739852
2022-04-20,0.0029340591449429354,0.00293405902499444,-0.0007414409095629626
2022-04-21,-0.02659559996090166,-0.026596935910278785,-0.014953597862132795
2022-04-22,-0.03445093444309366,-0.03446240082652963,-0.02743919741797829
2022-04-25,-0.007863824328242508,-0.007864627838134797,0.005797616816809015
2022-04-26,-0.014160057822966476,-0.014153658510997369,-0.028960703029004775
2022-04-27,0.006183980438549508,0.006184864097153131,0.002811752416221891
2022-04-28,0.013566799443909039,0.01355071043876821,0.025259442325715753
2022-04-29,-0.03249542623510271,-0.032493517478024425,-0.03695583506465949
2022-05-02,0.003585402064021359,0.003577560069842889,0.0060196541542922866
2022-05-03,0.0168210137721585,0.017712757602930562,0.004583955015679431
2022-05-04,0.029475530950791695,0.02947750698533258,0.030453080210405936
2022-05-05,-0.030117463510456077,-0.03011859337596101,-0.035542964270966704
2022-05-06,0.004091324840390653,0.004087450747407129,-0.005968884754121717
2022-05-09,-0.06357519343308393,-0.06356072549413194,-0.032017353045864616
2022-05-10,0.00927968467003959,0.00926968868819067,0.0023106431067470012
2022-05-11,-0.0014137317139285566,-0.001412695584889323,-0.015886166883656405
2022-05-12,-0.0002761897962249016,-0.000275152500305742,-0.0010438388378198882
2022-05-13,0.02848638625392974,0.028478589549299604,0.023907721019996053
2022-05-16,0.008162056363432146,0.008159159410082717,-0.004057595129336677
2022-05-17,0.016114941404630656,0.01611956044704521,0.020570335551547858
2022-05-18,-0.03844415406443713,-0.03843412127070844,-0.04031137164592191
2022-05-19,4.0865287566971276e-05,3.7203602081481435e-05,-0.0061247265776605
2022-05-20,-0.0005111157873384231,-0.0005113745051451568,0.0004366095528771652
2022-05-23,0.026439655995729172,0.026434754318546805,0.018709863552091477
2022-05-24,-0.0009304324325462021,-0.0009242539487599455,-0.007633603994165794
2022-05-25,0.016745598262668526,0.016740405587057472,0.008834853633777229
2022-05-26,0.018027939898213274,0.01802571533719921,0.019981491670231888
2022-05-27,0.020047219752941325,0.02004788073372943,0.024549065301910034
2022-05-31,-0.01263559553616922,-0.01263439361795371,-0.005610917384172742
2022-06-01,9.712528533345477e-05,9.82746114304156e-05,-0.008088612713119558
2022-06-02,0.008288443674964618,0.009302628704624283,0.01904379485621921
2022-06-03,-0.0001346855739988717,-0.00013959170233102114,-0.01641183099374688
2022-06-06,0.0038721904654079875,0.003875506432994502,0.0030447692563257966
2022-06-07,0.016719924213868254,0.016716460647968612,0.009592245726223414
2022-06-08,-0.011713219660519414,-0.01171913126287627,-0.010872143184489369
2022-06-09,-0.025916782767903768,-0.02592073850090426,-0.023783059889403213
2022-06-10,-0.016628773733130764,-0.016628517718586866,-0.028995451560883678
2022-06-13,-0.0456635940250979,-0.045661219871120484,-0.03796819538522256
2022-06-14,-0.0037518099303749386,-0.003755737604196785,-0.003013344738324264
2022-06-15,-0.002912951521519491,-0.002901916917920855,0.014256296544701064
2022-06-16,-0.04031551758808927,-0.04030406343107096,-0.03309610344806069
2022-06-17,-0.02410580670967233,-0.02409291475149311,0.0021559293804278568
2022-06-21,0.03402612561742435,0.03402314089108116,0.025173557967893778
2022-06-22,-0.02053144894909531,-0.020522451014971188,-0.0018131285791349594
2022-06-23,-0.018228773140041454,-0.018214070959074236,0.009802696107800157
2022-06-24,0.020768010565711315,0.02076698703772717,0.03179377278044915
2022-06-27,0.017860196166179287,0.017850760029118895,-0.0038195747559410798
2022-06-28,0.003159801264335238,0.00314714924736359,-0.020432949158319502
2022-06-29,-0.014527695962352705,-0.014520438551279935,-0.0008142957228024494
2022-06-30,-0.01107776433234453,-0.011072174866124107,-0.008124306247192736
2022-07-01,0.009130084519547887,0.009134038375056441,0.010576448843111264
2022-07-05,-0.030665869950526226,-0.029822352231894556,0.001888758387074363
2022-07-06,-0.005045830912011384,-0.0050414351220985365,0.00337731846321776
2022-07-07,0.026674914055684562,0.02666992857166406,0.014977006355389788
2022-07-08,0.001571246801741255,0.0015691652663112343,-0.0008228064661620627
2022-07-11,-0.005226255647341471,-0.0052238858584329195,-0.01142348478148858
2022-07-12,-0.01184896072567132,-0.0118473351722449,-0.008848764380838037
2022-07-13,1.276437908748207e-05,1.334251822648902e-05,-0.005251605978023877
2022-07-14,-0.01215280184130707,-0.012148411372631562,-0.002428638768715019
2022-07-15,0.019199238095539917,0.01919721688470477,0.019105083939800593
2022-07-18,0.005258227358129419,0.005253957677083365,-0.00825689857045786
2022-07-19,0.02686446477080673,0.026861780037994,0.027019088730410923
2022-07-20,0.0035130624103045793,0.0035139715592542586,0.006373310471702309
2022-07-21,-0.0027938716609867686,-0.0027898504154660886,0.010183094919505864
2022-07-22,-0.007782846237642138,-0.007781667511120416,-0.009278181980042599
2022-07-25,0.026273608647875646,0.026268269776139608,0.0012148683152017892
2022-07-26,-0.0039026372487745986,-0.0039007534361047425,-0.011830756638421591
2022-07-27,0.015535771754261685,0.015535472108280546,0.02596626155387205
2022-07-28,0.005274303094600974,0.005279418845422601,0.012542395933048622
2022-07-29,0.02282581911047843,0.022823658887515696,0.014578678983015791
2022-08-01,-0.012416239894095793,-0.012413581592543688,-0.0029613105659768157
2022-08-02,-0.006082096805173354,-0.005052669687711231,-0.00659721491084031
2022-08-03,-0.00567703160690225,-0.005668611476031926,0.01565939754464063
2022-08-04,-0.013827858734775655,-0.013818221436270983,-0.0006753096752750709
2022-08-05,0.010568841948644714,0.010565431679850024,-0.0016903501671180488
2022-08-08,0.006332625052178686,0.006333427907339928,-0.0011609416545834694
2022-08-09,0.009676848366294122,0.009670747586765449,-0.0039707636884128705
2022-08-10,0.006000359706134217,0.005999830013341478,0.02100393645804144
2022-08-11,0.007420690532050411,0.007407534046047326,0.0
2022-08-12,0.013348483114480558,0.01334687136545254,0.01692884587025767
2022-08-15,-0.0019407912652156245,-0.001935493052359627,0.004120838742911914
2022-08-16,0.0033924277099011135,0.003393531565529795,0.00195853342608876
2022-08-17,0.002890599516661041,0.002887818867560954,-0.0070979265555152216
2022-08-18,0.012338883002229517,0.012329135048445794,0.0029066092909375563
2022-08-19,0.00027463758148837947,0.0002770571010333178,-0.013438200216609575
2022-08-22,-0.006625999362884771,-0.0066297385528715225,-0.020822355836348505
2022-08-23,0.004385809795464768,0.004374891083655408,-0.002419219584622545
2022-08-24,0.009111170140278624,0.009105947402331616,0.0032009669038008948
2022-08-25,0.005821850328398437,0.005819307943869756,0.014117583909121878
2022-08-26,-0.017770845163167515,-0.017772392498288436,-0.03384896746874344
2022-08-29,0.0015833093597168446,0.0015776954902455564,-0.006612190165563581
2022-08-30,-0.020953790228295244,-0.020943032444834198,-0.010978028392464423
2022-08-31,-0.0029921716855741964,-0.0029930239072537557,-0.007609215770564726
2022-09-01,-0.0007040496563625043,-0.0006898041916099107,0.0031379949255347928
2022-09-02,0.0021288433165669307,0.0032441430454770437,-0.010544363180384764
2022-09-06,-0.00759510811641495,-0.007590180806061442,-0.0037731157439623297
2022-09-07,0.012008574312545983,0.012012771039516812,0.017964905209541637
2022-09-08,0.007670652486045704,0.007675812340621535,0.006536386800654492
2022-09-09,0.011888699442873518,0.01188962786950798,0.015535204117248513
2022-09-12,0.001909906634045111,0.001900929332222745,0.010747729314671384
2022-09-13,-0.026955151119429255,-0.026957689041835042,-0.0434824401281263
2022-09-14,0.0087339587673112,0.00872386789032742,0.0038157635467981343
2022-09-15,-0.012033599212153856,-0.012029620805021013,-0.011353312270845572
2022-09-16,-0.007864104537880778,-0.007863915856653692,-0.007628934124167208
2022-09-19,0.007766129719808612,0.007765867222689682,0.007754857696448125
2022-09-20,-0.009246282174692144,-0.009254305834604404,-0.011478539223154227
2022-09-21,-0.012291012932293621,-0.012291372705321324,-0.017443764762905545
2022-09-22,-0.003048787266263786,-0.0030549195158481313,-0.008399775628965434
2022-09-23,-0.031147003882020075,-0.031138516032413244,-0.016754959913737766
2022-09-26,-0.018098841798762755,-0.018097185434334584,-0.009892579822617376
2022-09-27,0.002303307673929167,0.002304149668387767,-0.002552688629687938
2022-09-28,0.025627170378956565,0.02562078591266248,0.019676188112379256
2022-09-29,-0.01735760695914046,-0.017361327622553158,-0.020888912561054407
2022-09-30,-0.010283537751899052,-0.010283435579162004,-0.015463495547191619
2022-10-03,0.03397227265690028,0.033965720634473895,0.026401266969970916
2022-10-04,0.03161667874567442,0.03246538003178112,0.030986558600778036
2022-10-05,0.0004293044003618185,0.0004348275069729901,-0.0023281127889307474
2022-10-06,-0.0016942653136821084,-0.0016907745194491008,-0.01031586184476152
2022-10-07,-0.01032018443421856,-0.01031805272414199,-0.027893942489252477
2022-10-10,-0.0035240213277009103,-0.0035256371959908606,-0.0076353096836598855
2022-10-11,-0.0005223176953252917,-0.0005216092397775096,-0.006332909972757483
2022-10-12,-0.007583297780268339,-0.007579647282929813,-0.0032986760012650995
2022-10-13,0.03023513215689655,0.030236673347693088,0.02639137865104102
2022-10-14,-0.03471230337642095,-0.034707557312794846,-0.022788745904938512
2022-10-17,0.015584348143953042,0.015582427252329722,0.0256967622969273
2022-10-18,0.016704856669726764,0.01670090541620861,0.011749749001394472
2022-10-19,0.004543796795122734,0.004541034852374226,-0.007086385519014526
2022-10-20,-0.0003487218421537319,-0.0003526968555579435,-0.008385403383119883
2022-10-21,0.02766251237495987,0.027669889070259357,0.024301344375728506
2022-10-24,0.007215082876183887,0.00722257376590929,0.012236428921737819
2022-10-25,0.008685956388029936,0.00868568843175166,0.015968613704059775
2022-10-26,0.008039853719735035,0.008043309811986532,-0.007534192412415375
2022-10-27,0.0032058717540355275,0.003205535484315014,-0.005339616270874203
2022-10-28,0.012091486514760552,0.012085706278784691,0.02379044291552379
2022-10-31,0.00527613839856933,0.005282993014734894,-0.007223193736808575
2022-11-01,0.0068677892768092,0.006865930720505009,-0.004375951673780798
2022-11-02,-0.01588672118630008,-0.015255223145658747,-0.025096187507376855
2022-11-03,0.008669387662071593,0.00866718125448851,-0.010296956219329911
2022-11-04,0.005925817339731854,0.005922594081348542,0.014393336366689047
2022-11-07,0.010861799330218025,0.010855714432464358,0.009565449767275691
2022-11-08,0.005994320893552674,0.005996870581453262,0.0053955227819986185
2022-11-09,-0.02662933589584504,-0.026620388111658677,-0.020602300842125332
2022-11-10,0.0219575475514191,0.021960493244258084,0.05495410589836269
2022-11-11,-0.009314214682519584,-0.009319826393413222,0.009678735212036882
2022-11-14,-0.0009021798336992237,-0.0009021428790806363,-0.00850677916983611
2022-11-15,0.007431683236865938,0.0074212995946811855,0.008529248279308455
2022-11-16,-0.009783507724964946,-0.00977538363267172,-0.007628899041646875
2022-11-17,0.00662972076422963,0.0066245768471226985,-0.0030599493056449045
2022-11-18,0.00324499899097197,0.0032512318734758683,0.004540541280916521
2022-11-21,-0.004743295769529143,-0.004740928661535415,-0.003636174752600918
2022-11-22,0.021443065549007656,0.021436759276996398,0.013456971219873326
2022-11-23,-0.005503286468015456,-0.005499747371399466,0.006301605638700192
2022-11-25,0.003405839408265221,0.003404009391624996,-0.0002237221698127012
2022-11-28,-0.018228921832104117,-0.018227693356906327,-0.015957093252224608
2022-11-29,0.005555678113443374,0.0055519581703804555,-0.0017171568085417865
2022-11-30,0.01691552787310746,0.01692671444472449,0.03150052499519562
2022-12-01,-0.007596951411107944,-0.0075950250487596405,-0.0007359872869332484
2022-12-02,0.004641358955059571,0.005290897107010917,-0.0011537513527365428
2022-12-05,-0.022756258883115277,-0.02275262578965076,-0.017989231169653896
2022-12-06,-0.011963383373734815,-0.011960561609884679,-0.014414636741935993
2022-12-07,0.003302937505492487,0.0033074447223879755,-0.0017013330482271716
2022-12-08,-0.0002281248890291243,-0.00022430141548890337,0.007834024790427163
2022-12-09,-0.016965571230350363,-0.016963819551068293,-0.007470397617597602
2022-12-12,0.016855028051839138,0.016848582136291368,0.01441723765615377
2022-12-13,0.0014397216604642438,0.001437283323475702,0.007569910977531125
2022-12-14,-0.0025694303151723163,-0.002570436499451767,-0.006393654626225986
2022-12-15,-0.013124630939931548,-0.013125451585006664,-0.024461545815825048
2022-12-16,-0.006322626939154419,-0.006320812236754181,-0.011806230517979022
2022-12-19,-0.006036235901010656,-0.006036331710707166,-0.008479702491652419
2022-12-20,0.006106603124862886,0.006101244737664047,0.0013683994281565859
2022-12-21,0.014931819087418363,0.014930916328638855,0.014952622129840387
2022-12-22,-0.015942254122688126,-0.01593759891164037,-0.014266277672469907
2022-12-23,0.012127203327928493,0.012124299924434867,0.005752459039676472
2022-12-27,0.00020006352791734905,0.00019919471099938413,-0.003943695489253662
2022-12-28,-0.01947711654352613,-0.019472480615747245,-0.01242790578122821
2022-12-29,0.006166046191640406,0.006167236584246449,0.018000546194413936
2022-12-30,-0.0001451300285075785,-0.00014843639687189825,-0.002634285564565686
2023-01-03,0.0,0.0,0.0
2023-01-04,0.0027273526091711187,0.004231443638085031,1.3673057224661278e-05
2023-01-05,-0.003934583821948445,-0.003934583821948556,-0.01141344421288959
2023-01-06,0.024311269938987135,0.024311269938987135,0.022931794376160664
2023-01-09,-0.0019627119278082805,-0.0019627119278082805,-0.0005666448269729951
2023-01-10,0.006028726203740842,0.006028726203740842,0.00701270984056146
2023-01-11,0.0071215895112966,0.0071215895112966,0.012647872045784547
2023-01-12,0.007481589095203356,0.007481589095203134,0.0036408048745546484
2023-01-13,0.00747697696743721,0.00747697696743721,0.0038795554127668552
2023-01-17,-0.0024853167927529896,-0.0024853167927527675,-0.0018318796027319006
2023-01-18,-0.015564072887214508,-0.01556407288721473,-0.01578801608828595
2023-01-19,-0.00792186778706272,-0.007921867787062609,-0.007279660983704361
2023-01-20,0.009104564748193988,0.009104564748193766,0.018629023168984737
2023-01-23,0.005675849741024308,0.005675849741024308,0.011998627342807433
2023-01-24,0.004386665803278511,0.004386665803278733,-0.0010734300935140162
2023-01-25,0.0014199532317158425,0.0014199532317153984,0.00037487704968164337
2023-01-26,0.012958361522939832,0.01295836152293961,0.010990354669102587
2023-01-27,-0.006633259666604774,-0.006633259666604552,0.0022975721543583294
2023-01-30,-0.01186600165407059,-0.01186600165407059,-0.012546832947207598
2023-01-31,0.010706475881804067,0.010706475881804067,0.014703494464065603
2023-02-01,0.0019939633016541336,0.0019939633016543556,0.010627672454092796
2023-02-02,-0.011151987208368186,-0.010189428124369293,0.014556989778103935
2023-02-03,-0.0030245561177935087,-0.0030311616163359867,-0.010629110241724748
2023-02-06,-0.005408511162237173,-0.005408969044919387,-0.006111417860116819
2023-02-07,0.0099714686456287,0.009971788473067233,0.013078533893259081
2023-02-08,-0.006857758464901775,-0.006860560176825903,-0.010934524091624875
2023-02-09,-0.0009537392952057022,-0.0009462143835817782,-0.008669224521750118
2023-02-10,0.01083637434234741,0.010830430377622768,0.0023338018909189184
2023-02-13,0.010843884702621764,0.010843801278539011,0.011738835434946582
2023-02-14,-0.0011616821063628047,-0.0011630803506553766,-0.0004602085462386274
2023-02-15,0.0018437891638818371,0.0018462218350026038,0.003247367508553145
2023-02-16,-0.008250454924899508,-0.00825190510533147,-0.01376883107066662
2023-02-17,-0.0064722317592986744,-0.006469588054850539,-0.0024982295162850887
2023-02-21,-0.01847757389655913,-0.01848049210557423,-0.020060951744074185
2023-02-22,-0.003245586139144052,-0.00324338164855853,-0.0013780517223561661
2023-02-23,0.01100501916896679,0.01100608061656394,0.005319271066065223
2023-02-24,-0.0012562091811607612,-0.0012596746831264882,-0.010682312347813694
2023-02-27,0.004004326360893318,0.004001187343691592,0.003405843725257096
2023-02-28,-0.0019706593257838856,-0.0019673826196513478,-0.0036959509210152675
2023-03-01,0.012381234806748687,0.012373620750058434,-0.003835863136222417
2023-03-02,0.007810903496482169,0.00927128620445683,0.007777295956619801
2023-03-03,0.018673177076135472,0.0186752384057407,0.016037605797672994
2023-03-06,-0.0038214761757972004,-0.0038193770178296393,0.0006931161126224605
2023-03-07,-0.010755954816256574,-0.010758164438731899,-0.015328883460585474
2023-03-08,0.004785849644729945,0.0047896753762679545,0.0016320983847801784
2023-03-09,-0.02337611256367078,-0.02337945397683583,-0.018449811298357988
2023-03-10,-0.024658618447315428,-0.02467036440930359,-0.014429491730757027
2023-03-13,-0.008918780527839565,-0.008918610754710343,-0.0014252820882890704
2023-03-14,0.0206994820708839,0.020707779618263755,0.016530085938712302
2023-03-15,-0.026605735839134947,-0.026608461848566023,-0.006254321725367551
2023-03-16,0.017994231189306653,0.0179879045602247,0.01754504060229478
2023-03-17,-0.018464810728595293,-0.01846789173071528,-0.011692639585236808
2023-03-20,0.01077172969600193,0.010773143697804688,0.00961561958721946
2023-03-21,0.021656226899952058,0.021663816022364335,0.013130809191266968
2023-03-22,-0.02079726651152325,-0.020803443576733027,-0.01704672207800839
2023-03-23,0.003833884259340614,0.0038375398470118505,0.002703132867100999
2023-03-24,-0.002598334128666391,-0.002602272993669441,0.006562317697633935
2023-03-27,0.005755546155126856,0.0057552492536459,0.001869811627109863
2023-03-28,0.0015341412868239424,0.0015334175947194773,-0.002244634806711554
2023-03-29,0.015432863723920942,0.015436645677463279,0.014534805492768754
2023-03-30,0.004922097354775001,0.00492715763842666,0.0058553435509463014
2023-03-31,0.018985701518468456,0.018987064398159115,0.014094581982270649
2023-04-03,0.0015765122699482603,0.0015708885882970147,0.0038106022314881027
2023-04-04,-0.021328370195847213,-0.020334140749282636,-0.0055481579771146095
2023-04-05,-0.015545560909098866,-0.015549038200690868,-0.0026182430785608446
2023-04-06,-0.0017701385497433941,-0.0017674195386322422,0.0039009994131220527
2023-04-10,0.010621165925620346,0.010622030730275123,0.0010262589081027063
2023-04-11,0.002128581451371625,0.002131003254705277,0.00026846021956461463
2023-04-12,-0.00275529857771617,-0.0027564205714918355,-0.0040759216449689495
2023-04-13,0.008659311563040895,0.008656738982370626,0.013282797961150505
2023-04-14,-0.0012849134561266906,-0.0012838734728660706,-0.0024427678638193617
2023-04-17,0.007899490996745584,0.007900490807000393,0.0035882743780333293
2023-04-18,0.0081878771075381,0.008189167619277127,0.0006521178700160668
2023-04-19,-0.003119688531684317,-0.0031110378109857617,-0.0001689061155171201
2023-04-20,2.8749976233033436e-06,-5.918576203800541e-06,-0.0054570894445475915
2023-04-21,-0.00012679276153348962,-0.0001255144590188717,0.0007768749876666536
2023-04-24,0.0006698043837118917,0.0006724015020500573,0.0010432772949393598
2023-04-25,-0.019347418820912954,-0.019347182150665332,-0.015873931778421668
2023-04-26,-0.009424767499886744,-0.009429129308554107,-0.00423545257711444
2023-04-27,0.016546175125458973,0.01654226299151662,0.019907926264709053
2023-04-28,0.01111308017304391,0.011119269671156395,0.008535106465280329
2023-05-01,0.006346579719332945,0.006346067023832891,-0.0010097822511899723
2023-05-02,-0.010349369013759713,-0.009289518669342245,-0.011238882951136397
2023-05-03,-0.004397650297343292,-0.00441107750880998,-0.006864417437264958
2023-05-04,-0.003472892319384968,-0.0034649044620780334,-0.007082785109090217
2023-05-05,0.019201028974159318,0.01919819286958635,0.018512631002797653
2023-05-08,0.004843303721575376,0.004841888578342335,0.0002664953680788784
2023-05-09,-0.002928842744229443,-0.0029269577642168088,-0.004385422308878506
2023-05-10,0.000186922297229275,0.00018749105953563827,0.004672491975553639
2023-05-11,-0.0032589841099843753,-0.0032668845166379246,-0.001743958295085224
2023-05-12,0.003321862682402754,0.0033178791901906646,-0.0013104277613934512
2023-05-15,0.004807214783777436,0.004811496384398595,0.003450194510494331
2023-05-16,-0.011574986093383033,-0.011575151248732096,-0.00668249350311001
2023-05-17,0.012994578934537815,0.01299186636540961,0.012138777364691933
2023-05-18,0.014443956849718553,0.014442090824614562,0.009633089917948201
2023-05-19,-0.005113638740946613,-0.00511187923642098,-0.0014549662955996023
2023-05-22,0.0015629112635320297,0.0015610599873916442,0.0004062055415268162
2023-05-23,-0.02029538730457847,-0.02029471785375958,-0.011222855785945396
2023-05-24,-0.005639469576647738,-0.0056362363308167795,-0.0072449768012031734
2023-05-25,0.017941303909533968,0.017921292397424127,0.008659974205849963
2023-05-26,0.014979058446523252,0.01496953911876675,0.012950614142771322
2023-05-30,0.00013696522141937173,0.0001311849777281271,0.00038094755315953854
2023-05-31,-0.010021337554868781,-0.01001696710190303,-0.005545075901445484
2023-06-01,0.010530154577863549,0.010528668825792842,0.009500908800490038
2023-06-02,0.018851003500189867,0.02019302004844503,0.014461233260247175
2023-06-05,-4.9336900796781435e-05,-4.768120923737129e-05,-0.0019162754404428162
2023-06-06,0.008397953475466347,0.00839696076940144,0.0021773465805001724
2023-06-07,-0.005032162430363973,-0.005034854928315569,-0.00345774791994502
2023-06-08,0.006404784989199053,0.0064071852686398145,0.006048777892504242
2023-06-09,0.0039515094086728375,0.003949874654467944,0.0017940375917502305
2023-06-12,0.011702278220416806,0.011700768640726222,0.009072232058388252
2023-06-13,0.005473352328310366,0.005474449267536707,0.006592724483602375
2023-06-14,0.006188719557186362,0.006185868575975029,0.0011908993826883485
2023-06-15,0.012174479511352976,0.012178077783675745,0.012397742935372547
2023-06-16,-0.0035676827309129022,-0.003565972457361233,-0.003406357713433228
2023-06-20,-0.0035200423105122836,-0.0035191334275442854,-0.005188097342600395
2023-06-21,0.0011772117041315422,0.0011783887704170937,-0.005123776103645006
2023-06-22,0.0020788924100341166,0.0020811560723417166,0.003609692901579864
2023-06-23,-0.008009817032869515,-0.008006481359981055,-0.007560147406905915
2023-06-26,-0.003911728544005455,-0.00391537062323033,-0.004085625431801576
2023-06-27,0.01577906052412259,0.01578248006717109,0.010963225363546325
2023-06-28,0.0007772545376518725,0.000768525994267133,0.0005045435126189712
2023-06-29,0.0024182576852378457,0.00241767584016217,0.00394131384987384
2023-06-30,0.013387352413135822,0.013383783839996166,0.011800572328192871
2023-07-03,-0.0030608414665816985,-0.003063678889297927,0.0011508634807269047
2023-07-05,-0.006807000290767307,-0.005753642194436526,-0.001487497557271178
2023-07-06,-0.0134256382423531,-0.013423891655662934,-0.007830526958561568
2023-07-07,0.001812763749631019,0.0018111952446369095,-0.0025247215782113752
2023-07-10,0.018742593270351104,0.018745668765611345,0.0025311119311206554
2023-07-11,0.004050962197205132,0.004047463641494664,0.006368466628352332
2023-07-12,0.009458465355682621,0.00945545032905315,0.008045997552762696
2023-07-13,0.010386557936144403,0.010387773676762357,0.00793677916637292
2023-07-14,0.00015582926014801046,0.0001534786537222832,-0.0006227376226836112
2023-07-17,0.010028860738173329,0.010035578212493679,0.0034721444237921784
2023-07-18,0.005742447580854959,0.00574110587829102,0.007430715158172951
2023-07-19,-0.008716422734591167,-0.008719035249381335,0.002223784015379371
2023-07-20,-0.015256558400682185,-0.015260516242739941,-0.0066347138160964825
2023-07-21,-0.0031276287254684565,-0.003123728878214771,0.0
2023-07-24,0.0003530198003904861,0.0003529251911884579,0.004467409289567792
2023-07-25,0.007152868395182699,0.007150767461470586,0.002729993969081468
2023-07-26,-0.00616125759224162,-0.006161054302861846,0.00015374415118540874
2023-07-27,0.0036741827204984645,0.0036825958515254165,-0.006629990322230328
2023-07-28,0.014384694420392252,0.01438883172680061,0.009790364480256608
2023-07-31,0.006049898114214747,0.006055930609908833,0.0019040052219059245
2023-08-01,0.0004371872801443022,0.0004450579547126132,-0.0028616097156412
2023-08-02,-0.019045370514636728,-0.018062832096909065,-0.013910702781173567
2023-08-03,-0.0017657916946153263,-0.00177043956920242,-0.0028660024454673083
2023-08-04,-0.0034714084200915263,-0.0034839972020694887,-0.004522727226096146
2023-08-07,0.016752504835128468,0.016748354651948905,0.008728489892785074
2023-08-08,-0.0069079575035195795,-0.006898862422563878,-0.00434853433277016
2023-08-09,-0.022433636742659857,-0.022429720370736428,-0.006685141443425802
2023-08-10,-0.001172555797591901,-0.0011753532845830694,0.0003587694663247376
2023-08-11,-0.009922099937814455,-0.00991621098872153,-0.000583111764393851
2023-08-14,0.011334436920740876,0.011330578484463283,0.005520062860039143
2023-08-15,-0.009718272141577944,-0.009722529789545464,-0.01164891620717301
2023-08-16,-0.013510900710457019,-0.013510539922198861,-0.007338096957553941
2023-08-17,-0.020384918130300966,-0.02038241746593905,-0.007619726040616448
2023-08-18,0.003384024331014146,0.003380099832937189,0.000481185998659317
2023-08-21,0.008225321401180485,0.008222389204690206,0.006506309191295578
2023-08-22,-2.443846614730294e-05,-2.701278917616179e-05,-0.0027086347726137383
2023-08-23,0.01884748152276794,0.018849266691943534,0.01113785500893627
2023-08-24,-0.02421015796591297,-0.024205858214080722,-0.013859223013909516
2023-08-25,0.00633602786039833,0.006338921638959549,0.007049714555938946
2023-08-28,0.01115431430582392,0.011154339716518358,0.00634146119651513
2023-08-29,0.02394164123014164,0.023944682379492432,0.014454721180120478
2023-08-30,0.005977697583855912,0.005974884405632652,0.004118917872557359
2023-08-31,0.0029900506607631883,0.0029890955834621646,-0.0014634035059161166
2023-09-01,0.00651695771298999,0.006524927866564667,0.0018650764885848048
2023-09-05,-0.012773404269691535,-0.011767527872150851,-0.004321737613855237
2023-09-06,0.000567172640355329,0.0005681237998136357,-0.00672252394009365
2023-09-07,-0.006793060667245054,-0.006783158585819904,-0.0030701693208237124
2023-09-08,-0.0015427326112059658,-0.0015425783433328233,0.0015060113029727873
2023-09-11,0.008355530213474127,0.008355299216661116,0.006576583948365133
2023-09-12,-0.01390477373395338,-0.01389883522506874,-0.005485455170274212
2023-09-13,-0.0032524343625249807,-0.0032503687441407525,0.0011659429869188553
2023-09-14,0.012519869476657508,0.012512976623534566,0.00862226838997282
2023-09-15,-0.02080536042300618,-0.020799876521005345,-0.012048198717857006
2023-09-18,0.0009717586462991701,0.0009770413393619393,0.0005863179581948597
2023-09-19,-0.006145453116199406,-0.006148969612586153,-0.002073700242464227
2023-09-20,-0.01337273731555455,-0.013371422839168035,-0.009193361806369982
2023-09-21,-0.027632927577812327,-0.027637920290713103,-0.01652842718934655
2023-09-22,-0.0007939747212246662,-0.0007979493832704909,-0.0022485835771974827
2023-09-25,0.005424919475642165,0.005424414479857864,0.004205286191780955
2023-09-26,-0.015147722694472843,-0.01514780354644929,-0.014691274582096292
2023-09-27,0.009859849920339503,0.009858993241746772,0.00039922850002582777
2023-09-28,0.01755061050797435,0.017541128465473177,0.005797235571361581
2023-09-29,-0.00363429346127353,-0.003632873091967248,-0.0024268410510679406
2023-10-02,0.00012849402490955342,0.00013099525655535516,-0.00039758620536511913
2023-10-03,-0.029211854992480024,-0.028285314931330463,-0.013386233602487807
2023-10-04,0.016364917003820922,0.016361232145980953,0.0072819807960526894
2023-10-05,-0.002957568337611294,-0.0029569003952926165,-0.0003767538409181759
2023-10-06,0.02261145720584179,0.02261174809826416,0.011872889791437968
2023-10-09,0.008307748928301217,0.008313647957800319,0.006402109308006665
2023-10-10,0.010849304865394593,0.010851091264828527,0.005204881069301948
2023-10-11,0.004947633458920908,0.004947314372561351,0.004096306420702245
2023-10-12,-0.01314712727143963,-0.013149648745031661,-0.006096438609385357
2023-10-13,-0.019907603945030994,-0.019905663711366373,-0.004980692946559007
2023-10-16,0.0124777449158755,0.012477632707221797,0.010521293502573803
2023-10-17,0.0053714744020640914,0.005370361346784369,-4.593770614802484e-05
2023-10-18,-0.024404909960964005,-0.024402701205990862,-0.013325159481197946
2023-10-19,-0.012177109534449393,-0.012175204486664981,-0.00878627754271688
2023-10-20,-0.018450233690445628,-0.01845297965636672,-0.012288140278315929
2023-10-23,0.007898532539350356,0.007894931396646543,-0.0017330258208599902
2023-10-24,0.014828355020321204,0.014829276578341766,0.007539297844937787
2023-10-25,-0.03368532541966196,-0.03369114855573985,-0.014352274963949307
2023-10-26,-0.01724007566984509,-0.017232011622847043,-0.011974642931195656
2023-10-27,0.0027397413749516986,0.002734412590243096,-0.004532795672202217
2023-10-30,0.012469863918801893,0.012470762767379906,0.011955898365193729
2023-10-31,0.009742995751087058,0.009742535124935392,0.006280381790440881
2023-11-01,0.01871318219674989,0.018711233158095864,0.010664691247419977
2023-11-02,0.033418440400230676,0.034163770753890654,0.019164236800371715
2023-11-03,0.01844650314459595,0.0184440360494611,0.009123483683182831
2023-11-06,-0.0005402753452079523,-0.0005410089647922556,0.0023004516022135935
2023-11-07,0.011605000365340956,0.011604196668223654,0.002845922811025803
2023-11-08,0.005488983073775877,0.005491881854438052,0.0007324199123486252
2023-11-09,-0.007703196211569896,-0.0077046459602894135,-0.007798728101199526
2023-11-10,0.02436853521341109,0.0243679092622886,0.015604954192212084
2023-11-13,0.0003699568681110321,0.00036955348040423885,-0.0009533215038348697
2023-11-14,0.030752094068295932,0.0307551459742208,0.019400783930326737
2023-11-15,-0.0028949201803820657,-0.0028922174063159556,0.00211712476939363
2023-11-16,-0.005543012428605665,-0.005544120474824443,0.0012231032171465817
2023-11-17,0.006901863588042456,0.006899026310115408,0.0012437485749883237
2023-11-20,0.014050978090894173,0.014048548433718722,0.007697646973265915
2023-11-21,-0.008300268562642321,-0.008299856633195435,-0.002179472264966731
2023-11-22,0.0058815134057297325,0.0058788210389206785,0.003860856688096659
2023-11-24,0.0019374471187876274,0.0019372570562559144,0.0006152583229561692
2023-11-27,0.0011444260435660158,0.0011448947978858204,-0.0018008540764695713
2023-11-28,0.0007949468934742576,0.0007971549019722968,0.0009900947357737166
2023-11-29,0.003605481537201971,0.003604909328014605,-0.0007033709637728203
2023-11-30,-0.0004791251681185438,-0.00048062297179396474,0.003937389890417808
2023-12-01,0.01206133884242555,0.01205580425829944,0.005915855135182113
2023-12-04,-0.00651127238905147,-0.005702597119355501,-0.005249354505640347
2023-12-05,-0.0012516435064153786,-0.001252858174819349,-0.00019712999514076568
2023-12-06,-0.013604800249732985,-0.013606405594534299,-0.004029729599363874
2023-12-07,0.012139914706885913,0.012132257809096103,0.0076305170581814075
2023-12-08,0.01399637890727412,0.013992956505099796,0.0042990810778074096
2023-12-11,0.006401003713891296,0.006405123159297421,0.003889562713336847
2023-12-12,0.0069509936545020246,0.006947671912561404,0.0045670463737026434
2023-12-13,0.015174509814237513,0.015175971826731027,0.013790217632763557
2023-12-14,0.002934541534551194,0.0029229707625564316,0.0032093987584638217
2023-12-15,0.003900955569134945,0.0039012452380673412,-0.0016465279846737957
2023-12-18,0.011213591094281883,0.011210647821692454,0.0056250888080024986
2023-12-19,0.008034060678399513,0.008033224150797436,0.006080888558689157
2023-12-20,-0.016985812299671776,-0.016984252290281998,-0.013857292868214244
2023-12-21,0.013564834269142345,0.013563230199391985,0.009481935526338248
2023-12-22,-0.002051926968254514,-0.0020513545855320725,0.0020097867761843524
2023-12-26,0.003806014395907553,0.003808060802178437,0.004222440322714904
2023-12-27,0.005846159145955543,0.005842730198820867,0.0018080853378115158
2023-12-28,4.2498877462771034e-05,4.1894595501412724e-05,0.0003777903707899988
2023-12-29,-0.008298821808998436,-0.008293479872473641,-0.002895034567458321
2024-01-02,0.0,0.0,0.0
2024-01-03,-0.00019492842291612966,0.0013047791844493783,-0.004978670540609742
2024-01-04,0.0011633813021596495,0.0011633813021596495,-0.003221006521007097
2024-01-05,0.0017607636682566152,0.0017607636682566152,0.0013695625547327506
2024-01-08,0.022716564258593808,0.022716564258593808,0.014276142326451469
2024-01-09,0.002534058346304713,0.002534058346304935,-0.0015173092049582948
2024-01-10,0.008314424850990099,0.008314424850989877,0.0056555426872197945
2024-01-11,0.002746949203437321,0.002746949203437543,-0.0004406430412424722
2024-01-12,-0.004465080832074864,-0.004465080832074975,0.0006927821246200949
2024-01-16,-0.0014385317117496799,-0.0014385317117497909,-0.0036712991848998344
2024-01-17,-0.003341010372104103,-0.003341010372104103,-0.005558629120554048
2024-01-18,0.007453589595416643,0.007453589595416643,0.008892804945121346
2024-01-19,0.02447932747225301,0.024479327472252788,0.012466017614288782
2024-01-22,0.008838226560652362,0.008838226560652362,0.0021144766293070827
2024-01-23,-0.002513369344998573,-0.002513369344998573,0.0029164192965691615
2024-01-24,0.00099192618052113,0.000991926180521352,0.0010933126058942921
2024-01-25,0.008000301977519442,0.00800030197751922,0.00543884142451212
2024-01-26,-0.003495522418196617,-0.003495522418196839,-0.001270453392287485
2024-01-29,0.01456789561347982,0.014567895613480042,0.007919381068000275
2024-01-30,-0.004955129667113201,-0.004955129667113312,-0.0007734882337022686
2024-01-31,-0.014485815836889349,-0.01448581583688957,-0.016317396592104072
2024-02-01,0.015113728129369619,0.015113728129369841,0.013088243385340759
2024-02-02,0.020931508911543828,0.021947548975481457,0.010527345896630402
2024-02-05,-0.006583137873262035,-0.006587545609271106,-0.0036411212279222616
2024-02-06,0.009604844855101824,0.009595761501498323,0.002903296810174316
2024-02-07,0.016356835245409096,0.016353316170628407,0.008340343964781116
2024-02-08,0.01797249502124809,0.01797257797093832,0.0004418983685636757
2024-02-09,0.015606792289178939,0.015605745485740563,0.00577932941690662
2024-02-12,0.006299934223847448,0.0063039635050807785,-0.0004390393376605406
2024-02-13,-0.021261297858362282,-0.02126567358783793,-0.01377315601908169
2024-02-14,0.030343848838497056,0.030338831900225127,0.009087717382374016
2024-02-15,0.015151081781300757,0.0151425833034744,0.006899796528982094
2024-02-16,-0.01877791645180249,-0.018775138548645764,-0.004979972192162729
2024-02-20,-0.012940770855870087,-0.012936368656691455,-0.00550536084322828
2024-02-21,-0.019164020894315237,-0.019150952050962844,0.0009057847460316459
2024-02-22,0.042388387108563075,0.04237857089358421,0.02069547359013213
2024-02-23,0.003759835176116777,0.003761371191161489,0.0006896938035239053
2024-02-26,0.014630648550832515,0.01462871908276031,-0.0036624892391067254
2024-02-27,0.01749301767508471,0.017485412093202868,0.0018575652385470764
2024-02-28,0.0005544141311464301,0.0005573957127837925,-0.0013215656359363281
2024-02-29,0.018418841195267044,0.01842421786398285,0.003594930678976649
2024-03-01,0.028263286417245403,0.02826385630932271,0.009388320968662489
2024-03-04,0.016088210167608086,0.01707120783853222,-0.0010724808912875305
2024-03-05,-0.017696831175547212,-0.017690630141239838,-0.009993971737729868
2024-03-06,0.015663555725788703,0.01564960287282635,0.005067159247770903
2024-03-07,0.013687617079100045,0.013685244646210348,0.009926370346830415
2024-03-08,-0.01324859239712961,-0.01324686625616156,-0.006002115368710315
2024-03-11,-0.0144441793980159,-0.014437212865163085,-0.0008599654929838385
2024-03-12,0.017992859036509934,0.01798751985634195,0.010757433934537097
2024-03-13,0.0037094895337648204,0.0037010470302110132,-0.001567579929561358
2024-03-14,-0.012064293173984275,-0.012062319101551866,-0.001976722296110456
2024-03-15,-0.010496659039063605,-0.01049605614031901,-0.006866621980632481
2024-03-18,0.002457151306558325,0.0024596216942653903,0.005943123520943949
2024-03-19,-0.002491112584356525,-0.0024894114370477283,0.0055572273176931475
2024-03-20,0.02536336325906574,0.025357434742484974,0.009249402694908149
2024-03-21,0.016460658121072003,0.016459520023705876,0.0033045469982364573
2024-03-22,-0.0039661371442445414,-0.003966064621569565,-0.001895828125220933
2024-03-25,0.009748959070184693,0.009737003932175803,-0.0027627018670888237
2024-03-26,-0.0017015914278021294,-0.001695759412203679,-0.0018470850305898345
2024-03-27,0.00022312717701411522,0.0002269803092338485,0.00840390128704338
2024-03-28,-0.005140774434285733,-0.005135204221704659,-0.00019115304320382887
2024-04-01,0.001524049594867627,0.0015222352921226978,-0.0017398673121422625
2024-04-02,-0.012003120719817018,-0.010917079607718039,-0.00635791961577481
2024-04-03,0.013466297834695107,0.013458736893979362,0.0010984169872829685
2024-04-04,-0.01862242353047594,-0.01861725947245363,-0.01220615604832942
2024-04-05,0.016413230790387034,0.016412108817550175,0.010447018952042919
2024-04-08,-0.0012013852784040768,-0.0012023212934189065,0.0005592485270637937
2024-04-09,-0.012863590463695895,-0.01286241799780774,0.0011566969768881386
2024-04-10,-0.006437801281783506,-0.006440249187725011,-0.010012983815937515
2024-04-11,0.014134421143750187,0.014128666727486694,0.007546719431144933
2024-04-12,-0.024812812632125203,-0.02480313244212351,-0.013803096677538873
2024-04-15,-0.0212151145486269,-0.021206692873069644,-0.012528035229721457
2024-04-16,0.0032871829592162616,0.0032827241747119817,-0.0018237698460004115
2024-04-17,-0.01616164170258183,-0.01615668728252795,-0.005918270721091967
2024-04-18,-0.009377078586417675,-0.009379101748978158,-0.0020577941117486676
2024-04-19,-0.02578562295559017,-0.025769361671093227,-0.008728310287310914
2024-04-22,0.016986292063725816,0.016980258834555118,0.009209223639820463
2024-04-23,0.027016890259573545,0.0270122552504255,0.011866617014163916
2024-04-24,-0.0044212141917555625,-0.004418356341816088,-0.00047477474141222054
2024-04-25,0.004263985812336779,0.004263518284705059,-0.0037987587828579583
2024-04-26,0.016972277831117877,0.016963159443194264,0.009473829310949755
2024-04-29,0.004092493365930094,0.004094179770264494,0.0035415053910734517
2024-04-30,-0.02119559454673059,-0.02118845965178484,-0.015841202983064906
2024-05-01,-0.011109415180243998,-0.011109080653300296,-0.0032472021430118847
2024-05-02,0.022634293622217028,0.023510108551943798,0.009353443441858067
2024-05-03,0.014545271257311532,0.014537315200974676,0.012395256153738154
2024-05-06,0.02359856048944553,0.023595093474948925,0.010326938503174787
2024-05-07,-0.006914052443973251,-0.006909596618169478,0.0011034264304021768
2024-05-08,0.003761262163816559,0.00375989666109966,9.672134683258449e-05
2024-05-09,0.012198804477391079,0.012190436312488506,0.00576189641039937
2024-05-10,-0.00013126461911627807,-0.0001312557395275471,0.0012880452787931151
2024-05-13,-0.0071072451797057346,-0.007105334637564464,0.00013421871437180322
2024-05-14,0.010616519350890918,0.010611947656602227,0.004588035509807131
2024-05-15,0.028807204202939474,0.028795020608034516,0.012383318564627155
2024-05-16,-0.016733247861721146,-0.016724906924999616,-0.002057648556520686
2024-05-17,0.005819421747853104,0.005823227528033659,0.0014374286500424827
2024-05-20,0.00944538896947078,0.009440028320151894,0.0011521851699716201
2024-05-21,-0.00010315024128526584,-0.00010276599114489304,0.002452510759075155
2024-05-22,-0.008712523573691233,-0.008712204962530112,-0.0028793330278347185
2024-05-23,-0.006947035243764499,-0.006949801827658364,-0.007304094973100028
2024-05-24,0.025046869418363427,0.02503561034327162,0.006616635547303185
2024-05-28,0.0025364530638272154,0.002535924322658367,0.0006985875025946608
2024-05-29,-0.011361495864827598,-0.011366414773450129,-0.007002465409604586
2024-05-30,-0.005875356622673356,-0.005871807277355923,-0.006633746666733775
2024-05-31,-0.009551001411227666,-0.009533676727772722,0.009108165895193476
2024-06-03,-0.008956875983354706,-0.008958336699167013,0.0008153583340810844
2024-06-04,-0.008228523019346956,-0.007216148782809961,0.0011178083574776565
2024-06-05,0.026709182676666554,0.026699664699299408,0.01188508170131497
2024-06-06,-0.008952411699277962,-0.00894771016781093,-1.868653409564658e-05
2024-06-07,-0.004347414942856176,-0.004345353278917052,-0.0012154701067457196
2024-06-10,0.015417561095655952,0.01540708796048329,0.0030894414176951823
2024-06-11,-0.003692237100048512,-0.0036941783622983504,0.002408336857466331
2024-06-12,0.01736749516297853,0.017365474099615197,0.008213376461439603
2024-06-13,0.003976202613099389,0.003972856244621958,0.0020131698731635783
2024-06-14,-0.01041284204427706,-0.010414078808665628,0.0006085063699716731
2024-06-17,0.015214611314295912,0.015212448679567059,0.007958910221575355
2024-06-18,0.009823854891503947,0.009822908174938805,0.0025407121528528975
2024-06-20,-0.013203696579095259,-0.013205152134097564,-0.002716544837253032
2024-06-21,-0.0070176544793604245,-0.007013286041627986,-0.0013404904271935303
2024-06-24,-0.008772444831266824,-0.008768339436731276,-0.003250874173535423
2024-06-25,0.010552820792337103,0.010543632761582877,0.0038509684777765507
2024-06-26,-0.008824069074872098,-0.00881994898483085,0.001248036721894108
2024-06-27,0.004936829686416511,0.004929712673830355,0.0015764724631708305
2024-06-28,-0.006682732757223309,-0.00667390473590268,-0.003935092412651886
2024-07-01,0.0005949540131369169,0.0005912016101967676,0.002058070220223307
2024-07-02,0.0017667746231764259,0.0024407630045375495,0.0067297191878716855
2024-07-03,0.012261982722929998,0.012260895786900372,0.004462763358313415
2024-07-05,-0.002647317291381568,-0.0026430025215394837,0.00576649129051976
2024-07-08,0.008513039849693982,0.008519462148136592,0.001153687531366021
2024-07-09,0.0007528026685046374,0.0007503494606442285,0.0009724431209321427
2024-07-10,0.011816334676897133,0.01181863719820786,0.009895287551016096
2024-07-11,-0.010566063153274241,-0.010562527466230986,-0.008622664527645374
2024-07-12,0.007521720604975357,0.007522627327983589,0.006307644912908028
2024-07-15,0.004592669419603235,0.00458397495832874,0.0027502945306059345
2024-07-16,0.008163383710763084,0.008168332549098212,0.005930227551637524
2024-07-17,-0.05025990643608458,-0.05026325565645218,-0.014021344049971574
2024-07-18,-0.00574532443538589,-0.005747011318717132,-0.007684830624340111
2024-07-19,-0.003297858564820122,-0.003301658705636701,-0.006640697294749587
2024-07-22,0.0198016605434157,0.019805317153551494,0.010309899385924082
2024-07-23,0.001269078718727501,0.001267300659318682,-0.0015686753676522613
2024-07-24,-0.04092693454149399,-0.04091534559408716,-0.022662373657600487
2024-07-25,-0.018216348872934884,-0.01822376998730879,-0.005210401360493111
2024-07-26,0.023782186550171724,0.023784725949014707,0.011199677243803441
2024-07-29,-0.00491796496939223,-0.004916578275698691,0.0005877660449546962
2024-07-30,-0.0178753827117194,-0.01787789625062508,-0.005066489846381694
2024-07-31,0.03869597838785621,0.03869644661249971,0.0162546493941369
2024-08-01,-0.03196915332784933,-0.03197590921177451,-0.01416089772791096
2024-08-02,-0.044503148187319264,-0.043823340583926895,-0.018618465583101207
2024-08-05,-0.022036365183878304,-0.022034174526099792,-0.029123731060897606
2024-08-06,0.024037809342419836,0.02403475332402283,0.009219621998645566
2024-08-07,-0.022836575628555456,-0.02283105680248776,-0.0066839087950150144
2024-08-08,0.04807862898792181,0.04807356949388053,0.02311740208643176
2024-08-09,0.006705007254004469,0.006704870712925803,0.004409783108547893
2024-08-12,0.0032006334265299863,0.0032008099271803037,0.0005251819392879664
2024-08-13,0.024696275396358436,0.024692872922746467,0.016445457845939204
2024-08-14,0.005657764160053924,0.00566425313611596,0.0031548723144527724
2024-08-15,0.029249360417975323,0.0292398892852912,0.017140221567987446
2024-08-16,0.0003451295181651215,0.000346682083257166,0.0022420117925041616
2024-08-19,0.010322001849318196,0.010323698964429973,0.009561331973907405
2024-08-20,-0.008185871443811554,-0.008186356912373571,-0.0016259572939691935
2024-08-21,0.015585531135630104,0.01558129516610518,0.0034366969502579447
2024-08-22,-0.01737534412509789,-0.017370281360963413,-0.007848785276715065
2024-08-23,0.020005997663363972,0.020002225720918254,0.010625422141984808
2024-08-26,-0.013658470390269128,-0.01365581335067445,-0.0023837106752643278
2024-08-27,0.00494997671666475,0.004950534024683373,0.0013729062119203217
2024-08-28,-0.016396465718650832,-0.01639371682226154,-0.005804990250471764
2024-08-29,-0.0024152173753348993,-0.0024091329266014982,8.930257271066999e-05
2024-08-30,0.01182171184671943,0.01181977442141302,0.009546108600853476
2024-09-03,-0.051037092241064896,-0.051021872642170174,-0.02057890461708045
2024-09-04,-0.005661048394544399,-0.004479752075976395,-0.002046808041376691
2024-09-05,-0.002568925088324958,-0.002560843886473707,-0.002432422016352409
2024-09-06,-0.02521402576235987,-0.025204050193959437,-0.016830061169659682
2024-09-09,0.0184999330611626,0.018488573793850716,0.01119600514425767
2024-09-10,0.002216126158113063,0.0022095087513116507,0.0043558432423733695
2024-09-11,0.025809345106895032,0.025794515786384364,0.01025921618027037
2024-09-12,0.014627490697306955,0.014621142926359854,0.00842313754247681
2024-09-13,0.0204239224948064,0.020416874801323592,0.005222868726185714
2024-09-16,0.008482687711706127,0.008492106669917288,0.0014766934860208636
2024-09-17,0.005564406918494802,0.005560984813208769,0.0004087469851710157
2024-09-18,0.002980714179102506,0.0029808073783235134,-0.0029659591584655365
2024-09-19,0.02304185322759489,0.023033467814118413,0.017064470201915594
2024-09-20,0.01272793211913692,0.012712926407365766,-0.0017287267010226426
2024-09-23,0.006627482763659875,0.006626293175388209,0.0024988464537973876
2024-09-24,0.0013873093944933856,0.0013834100965168794,0.002861468217643548
2024-09-25,0.0003667503481983303,0.00035828444434948814,-0.002205585632772178
