date,strategy,strategy_no_costs,spy
2016-01-08,0.0,0.0,0.0
2016-01-11,6.185101226052758e-05,9.185101226050207e-05,-0.006153708777275835
2016-01-12,0.0003626676409655971,0.00036265676193569796,0.008068257461905537
2016-01-13,-0.00048024143242930695,-0.00048022703173200565,-0.024940557490074844
2016-01-14,0.00017193330717413247,0.00017192814904110065,0.016416903819580053
2016-01-15,-0.0003555840639677399,-0.0003555733980032949,-0.021465794264166504
2016-01-19,-0.00012485391783456645,-0.00012485017143171184,0.0013307986811228467
2016-01-20,-0.00027329945237397624,-0.0002732912506475671,-0.012814743733104983
2016-01-21,-0.0004736886080386471,-0.0004736743887403527,0.005601902524081437
2016-01-22,0.0004974891352722555,0.0004974741944470118,0.020514910830279343
2016-01-25,-0.0001390348818994802,-0.00013903070841536636,-0.015116452597792374
2016-01-26,0.0002380493344587009,0.00023804218781142694,0.013643113984610045
2016-01-27,-2.3570001135841956e-05,-2.3569293692515814e-05,-0.010883131118148204
2016-01-28,8.954647084746803e-05,8.954378308612121e-05,0.005208630204326381
2016-01-29,0.0014002253977249968,0.0014602118152162724,0.024377583756477694
2016-02-01,0.0009433435471648544,0.0009732970382474448,-0.0003612558403182087
2016-02-02,-0.002196898273370995,-0.0021967916018589273,-0.018022003062555303
2016-02-03,-0.000212618115384533,-0.00018257063227811177,0.005994785334435315
2016-02-04,-0.0005751368227091547,-0.0005151194465763398,0.0015686784081219152
2016-02-05,-0.004451982905575136,-0.004451392145882638,-0.019050344565891275
2016-02-08,-0.0022707908655318354,-0.002240500584710703,-0.013461321808526772
2016-02-09,-0.000799802141437822,-0.0007997762205418368,5.391811492083676e-05
2016-02-10,-0.0002026844981696252,-0.00017268827065453074,-0.000862545476890797
2016-02-11,-0.0018244694777788117,-0.0018242245554579428,-0.013008307955313714
2016-02-12,0.003481552716523062,0.003571329209111962,0.02061686373902094
2016-02-16,0.004657989182700328,0.004687193266899703,0.016878659382641548
2016-02-17,0.005144186283703611,0.0051731752603048076,0.016334528419140515
2016-02-18,-0.001493854805372452,-0.0014933887866678264,-0.0040959136720885025
2016-02-19,0.0008059048299635663,0.0008055174326280223,-0.00046831859644225204
2016-02-22,0.005167969655822668,0.005227142917267225,0.01447893998139449
2016-02-23,-0.0026033099426530093,-0.0025726028062931228,-0.012629545081511373
2016-02-24,0.001324204991551392,0.0013538090400551095,0.004575787488583227
2016-02-25,0.0065203218452638545,0.006608816967666797,0.012112053469631956
2016-02-26,-0.0002507963267872615,-0.00022073980351777767,-0.002301762918790584
2016-02-29,-0.00163655095962012,-0.0015462826806208474,-0.007842802802899618
2016-03-01,0.01251339353601133,0.012508345901090623,0.02350713697563811
2016-03-02,-0.0013752021826715088,-0.0013747477575430933,0.004492702998206477
2016-03-03,0.0037760191231961393,0.0037743735831734515,0.003919436509997487
2016-03-04,0.0021378374565661495,0.0021370444336925587,0.0032535816508312276
2016-03-07,-0.0011688353406148488,-0.001168537119026869,0.000798174328986434
2016-03-08,-0.004407973669923071,-0.004405825339225289,-0.010917683104429088
2016-03-09,0.0013871548091635155,0.0013864961458134317,0.004939559624523193
2016-03-10,0.0011111609387552956,0.0011109774038315923,0.0008024687425773891
2016-03-11,0.008925253367618735,0.00892181988978602,0.016137166139512216
2016-03-14,-0.0005782001852372431,-0.0005483514982397297,-0.0012824304522423002
2016-03-15,-0.00014464984941764403,-0.0001447059368165915,-0.0016295800634807955
2016-03-16,0.004638819903611591,0.0046366003073321505,0.005787016158250946
2016-03-17,0.004276323594261111,0.004274784189784775,0.006344340839048446
2016-03-18,0.0012905628987514017,0.0012895659152272199,0.003929619049156008
2016-03-21,-0.0012954290657853917,-0.0012953631849981218,0.0014189751583075783
2016-03-22,1.0911369483057598e-05,1.1300200777553115e-05,-0.0005373811045409349
2016-03-23,-0.0027900806396491395,-0.0027583205299038793,-0.00659949600383114
2016-03-24,-0.00029672358228505225,-0.0002967517858321056,-0.00044290701209037664
2016-03-28,0.0021299507479606294,0.0021592627913975537,0.0005906266152031492
2016-03-29,0.006166255483468275,0.006163421283162052,0.009250116039449585
2016-03-30,0.002365683661363027,0.0023643320258486256,0.004387741183200289
2016-03-31,0.0004331692521879482,0.0004327371218677545,-0.0024269460670182097
2016-04-01,0.002320690638884404,0.002320151435740714,0.006811612405701606
2016-04-04,-0.004899552571955179,-0.004897204763556484,-0.003237644577584353
2016-04-05,-0.005854601929790704,-0.005852219317065255,-0.009987878363535319
2016-04-06,0.00379754976718516,0.0037955901694957106,0.010921229555514556
2016-04-07,-0.0051344041229632875,-0.005132307526424129,-0.011965876094902295
2016-04-08,0.000942904943462386,0.0009425450432829496,0.002696656660856167
2016-04-11,-0.0012703940547126313,-0.001269680739357959,-0.002347182247036561
2016-04-12,0.0033916723909357405,0.0033906023549863384,0.009312696375750384
2016-04-13,0.005829484754687364,0.005826633334872211,0.01010118985056141
2016-04-14,-0.0005120234966110582,-0.0005117450729043016,4.807860452626933e-05
2016-04-15,-0.00020522439571701856,-0.00020462374602880917,-0.0011055811803354354
2016-04-18,0.003543649836375229,0.003542232987690186,0.007026646978166351
2016-04-19,0.001829461017392786,0.0018286907927955731,0.003154382541954215
2016-04-20,-0.0009518360818208116,-0.0009516962015605479,0.0009526097913528098
2016-04-21,-0.005007846989407261,-0.005005737634721119,-0.005378407481038239
2016-04-22,-0.00012377523521100997,-0.00012348699154351994,0.0
2016-04-25,0.0006114602401463554,0.0006415841193034844,-0.001722622826713316
2016-04-26,0.003286478234498791,0.0032851003196829875,0.0014859918465575106
2016-04-27,0.002882212181883892,0.0028809001156371306,0.0020581895397211447
2016-04-28,-0.0031226102911987574,-0.0030924367502548344,-0.009075855016367651
2016-04-29,-0.004077912375122783,-0.004075442791001804,-0.005398993606777758
2016-05-02,0.006204661391273847,0.006232084559996576,0.007948711667605579
2016-05-03,-0.004971689630085097,-0.0049691399629328,-0.008703395220749144
2016-05-04,-0.0006778999861898338,-0.0005872855502473406,-0.0055781248755018
2016-05-05,-0.0015330187652170535,-0.0014727653976335242,-0.00019494317063184496
2016-05-06,0.005166249495964559,0.005283436941647013,0.0036589354661606954
2016-05-09,0.002812889005300523,0.0029315198329571412,0.0008263948659978926
2016-05-10,0.008367295364972493,0.008361675088964793,0.012433645127915005
2016-05-11,-0.008105067434309166,-0.008070092602595946,-0.009354657246744003
2016-05-12,0.001911669338310773,0.0019408025259382011,0.00029065450061227516
2016-05-13,-0.008515119445597907,-0.008479044226001209,-0.00871439227952342
2016-05-16,0.007083696698360731,0.007078338608542234,0.00986537874102833
2016-05-17,-0.011527283940203192,-0.011486432952661607,-0.009333568801133452
2016-05-18,-0.0008127687712141674,-0.0007539973164540914,0.00029281936939784536
2016-05-19,-0.00478453964971115,-0.0047809548103762145,-0.0034649692167176838
2016-05-20,0.00413748485546428,0.004164270297414063,0.006317380850532128
2016-05-23,-0.0022331183427958257,-0.0022015446898421276,-0.0013622931008567818
2016-05-24,0.013258600594239889,0.01324790620392724,0.012962077943646344
2016-05-25,0.0018991530275318524,0.0019579403067735424,0.006783149285816359
2016-05-26,0.0017286006210963656,0.0017950386820089204,0.00028696602389577386
2016-05-27,0.0038713929866540653,0.0039041995228021875,0.004298857794156508
2016-05-31,-3.2183170140975825e-05,1.3273925769663464e-06,-0.0019026541682206632
2016-06-01,0.0006490363833868695,0.0006480793666454598,0.002049252249170852
2016-06-02,0.002517335764893769,0.0025152047662224675,0.003043726472393704
2016-06-03,-0.0031297774001572964,-0.0030323745168702176,-0.0029870750654421574
2016-06-06,0.0011493661805022093,0.0011813094844672634,0.00508863170935725
2016-06-07,0.0003355014981438753,0.00036835065549278845,0.0015610184225285373
2016-06-08,0.0025627470668574404,0.0026549828727799873,0.0032597519890362747
2016-06-09,0.0001925654286725198,0.000223208036903344,-0.0013655892089042831
2016-06-10,-0.004453233822954927,-0.004351869819749332,-0.009477548339113961
2016-06-13,-0.0032636296893742145,-0.0032592174920563766,-0.007711728383551386
2016-06-14,0.0007718110163630332,0.0007709863392948435,-0.00196662130130576
2016-06-15,0.0012787239324050237,0.0012778494920759886,-0.0013942716251799103
2016-06-16,0.0036746797926618946,0.0036713398296552846,0.0029846349947801887
2016-06-17,-0.0031725392458580304,-0.0031390654014248343,-0.0037241532855221138
2016-06-20,0.005461018518671867,0.0054555648682612645,0.00644000255297561
2016-06-21,0.0012532573398751357,0.0012519323475450594,0.002838254321963829
2016-06-22,-0.0011176301808610845,-0.0010869311017960293,-0.0016308816091089584
2016-06-23,0.007077448603478365,0.007069916121582365,0.013022457413687238
2016-06-24,-0.017492641374483586,-0.017449547295305012,-0.03590884453170007
2016-06-27,-0.006970042403040222,-0.006961835192150212,-0.017909980653237678
2016-06-28,0.008826333242058837,0.008815013267976068,0.01803596721066958
2016-06-29,0.009178528004144315,0.009168852357249957,0.01702763996689116
2016-06-30,0.007524574565242137,0.007517106889992631,0.01364551805723635
2016-07-01,0.001523325586798796,0.0015211252483444682,0.0021002757362003077
2016-07-05,-0.0012298247128879058,-0.0011984683881725022,-0.007193038961438858
2016-07-06,0.0028247593384296277,0.0028207231118702047,0.00599799182305083
2016-07-07,-0.0004971048632972375,-0.0004957860908162415,-0.0006203768838818347
2016-07-08,0.00844969364524184,0.008469500283021292,0.01489040289792909
2016-07-11,0.0018645667768535379,0.0018627305078016132,0.003527039879043903
2016-07-12,0.0017310581091392052,0.0017296125703873955,0.007263310641781429
2016-07-13,-0.00032586676140089477,-0.00032558466501464434,-0.00013935143270071837
2016-07-14,0.0011313347378059113,0.001130232116340002,0.005583356847290721
2016-07-15,-0.0016462191699142537,-0.001644549996465794,-0.0013418484637708339
2016-07-18,0.0011422919332293446,0.0011409773152053493,0.002687386084167631
2016-07-19,0.0004940523654679563,0.0004930000419096636,-0.0010167586352083369
2016-07-20,0.002228417124488624,0.002225916907786285,0.004163043655225129
2016-07-21,-0.003985329143708194,-0.003950783096300592,-0.0037772648740919124
2016-07-22,0.004225427539124027,0.004221889530563683,0.0044853367153681045
2016-07-25,-0.00028861909470689895,-0.00022829909640620372,-0.0027159040381125044
2016-07-26,0.000832955479821873,0.0008623065970625454,0.0004616058179738314
2016-07-27,-0.00384739982194493,-0.003813570735454075,-0.0010612283786833876
2016-07-28,0.0015357367339980943,0.0015940635568445494,0.0011546660301433587
2016-07-29,-3.0098052036797718e-05,5.944299597970826e-05,0.0016146846083799904
2016-08-01,0.0006240214372952302,0.000623113372495876,-0.0008289925569322509
2016-08-02,-0.006758819656521697,-0.006722978090203613,-0.006407486542837959
2016-08-03,0.00023982260385091436,0.00027007835654502266,0.0029224828482523613
2016-08-04,0.00014986970521535525,0.00018266935819899466,0.0010642761489254582
2016-08-05,0.00614318169246042,0.006194026726128454,0.008179127429738031
2016-08-08,-0.0040806131780808386,-0.004016194279289231,-0.0005959863067186433
2016-08-09,0.00043751864942431773,0.0004674652477190122,0.0005963417182168751
2016-08-10,-0.0016806332167891291,-0.0016201440339033146,-0.002475223891997058
2016-08-11,0.002883450584835412,0.00288048224394033,0.004640607085997894
2016-08-12,-0.002294364234029067,-0.002290920765979143,-0.0008686098636662143
2016-08-15,0.0019286167554708467,0.0019576113265982187,0.0028834706471352334
2016-08-16,-0.006650080378763246,-0.0065542744777935535,-0.005157586969937289
2016-08-17,0.0018124226027669277,0.0018966808163745075,0.001881134728282996
2016-08-18,0.0029546109313300928,0.003074285330350701,0.0022437977310711954
2016-08-19,0.00044920532839509697,0.0005695878576925661,-0.0014620751538957366
2016-08-22,0.00014951303370192015,0.00014924169762786654,-4.568741606691962e-05
2016-08-23,0.0008667537414270843,0.0008948161146125067,0.002013378642639063
2016-08-24,-0.004263727173388632,-0.004229001716860026,-0.0051148971780109465
2016-08-25,-0.0048426908017423775,-0.004831381844050631,-0.0006882237570489114
2016-08-26,-0.0031105501024339954,-0.0031063807131255228,-0.0018840407559920225
2016-08-29,0.004799421794026371,0.004792411445502687,0.004924529175110326
2016-08-30,-0.0030402836829507285,-0.0030351614589598785,-0.0016484058269221613
2016-08-31,-0.0006771714414276486,-0.0006458356808957122,-0.0028440845126228576
2016-09-01,0.000932717796191973,0.0009320268576415991,4.593121701135239e-05
2016-09-02,0.00170749046447205,0.0017776933423250263,0.00450815667079385
2016-09-06,0.0006784888040647363,0.000677041811551371,0.003022321942910855
2016-09-07,-0.0006876745722880218,-0.0006550824090644225,-9.158035471024117e-05
2016-09-08,-0.00304063513531716,-0.0030362641465357942,-0.0022827489610786067
2016-09-09,-0.01779101312178899,-0.017769508801464218,-0.02393511101512147
2016-09-12,0.008796161417668813,0.008784910564495041,0.01434762401130274
2016-09-13,-0.009991322991335316,-0.00997862180385467,-0.014375607561062487
2016-09-14,0.0005496988918878287,0.0005485190714380472,-0.0003753592525760352
2016-09-15,0.005347403959139019,0.0053412610309655495,0.009993006445679686
2016-09-16,-0.0024189104856152666,-0.002416104074133507,-0.0038655791783078763
2016-09-19,0.0017332839091728225,0.0017310382816861924,0.00018782807107697863
2016-09-20,-0.0007096152625811758,-0.0007091486634610566,4.6717958743336396e-05
2016-09-21,0.007070867440172046,0.0070621402844675,0.011245609198420103
2016-09-22,0.005405889554368493,0.005398361697955378,0.006301072026692278
2016-09-23,-0.004551650553071718,-0.004546743431889655,-0.005479141229618234
2016-09-26,-0.004348050523161673,-0.004342608207752785,-0.008102224875269015
2016-09-27,0.006177895491644492,0.006169684127864228,0.006208016119474857
2016-09-28,0.0006206491947811088,0.0006206326229172276,0.00496315676662773
2016-09-29,-0.005358875275345953,-0.005322573064604708,-0.009046925544723305
2016-09-30,0.0060020409661640794,0.006023856638636582,0.007546260577323993
2016-10-03,-0.0017378919017608796,-0.0017357022289349322,-0.002404227607703091
2016-10-04,-0.004431109723763815,-0.0043974892428948475,-0.005097769630561633
2016-10-05,-0.0005718595747548072,-0.0005428616651890206,0.004425268558121642
2016-10-06,0.0038427877870106375,0.0038361783496079216,0.0006955435166295931
2016-10-07,-0.0054522092714259784,-0.0054451542459243996,-0.003429343922579986
2016-10-10,0.002930275470607313,0.0029281509275469464,0.005208704206040249
2016-10-11,-0.008424738213092087,-0.008413290152313624,-0.012630015043072929
2016-10-12,0.0030487966268182287,0.0030448271167999863,0.0013121665482083156
2016-10-13,0.0016112788281266166,0.0016081605916529185,-0.003275615920133923
2016-10-14,4.675935393505526e-05,8.043626862574982e-05,0.0005164564394535276
2016-10-17,-0.002359540387600223,-0.002356263889001564,-0.0034722297909201005
2016-10-18,0.003531727769926052,0.003527417352390705,0.006262469117979563
2016-10-19,0.0007255927084213187,0.000723591186771344,0.0026667939713751476
2016-10-20,0.0022014495247337784,0.0021965949691766795,-0.001866385228815548
2016-10-21,0.001892128542568372,0.0018888033877262345,0.000467406129060155
2016-10-24,0.003112745625564628,0.0031085516588420514,0.004253036908334451
2016-10-25,-0.004214697461686789,-0.0041767749364903795,-0.0033509198212966496
2016-10-26,-0.0036955388650039556,-0.003689344746856893,-0.002007667596653717
2016-10-27,-0.004831714021760747,-0.004792396273186839,-0.0026667544968306256
2016-10-28,0.0005405256807444747,0.0006302317933337687,-0.002955514316990371
2016-10-31,0.0034059145873102104,0.003462176983297205,4.716140861793505e-05
2016-11-01,-0.007071530002085269,-0.0070325163482521935,-0.0072452815596660836
2016-11-02,-0.001996720205393099,-0.001993919948624856,-0.0060185317295768925
2016-11-03,-0.005705457102935352,-0.005544735418909541,-0.004577201362954808
2016-11-04,-0.0010243701755199286,-0.0009070210677671886,-0.0011017653234725033
2016-11-07,0.019422142633707562,0.019579803399889073,0.02205695505744054
2016-11-08,0.00583103655273054,0.005919652344750226,0.004503640944656606
2016-11-09,0.0017825349514402067,0.0019002774437735237,0.010602523452654555
2016-11-10,-0.0025595395945835486,-0.0024638540904975414,0.0024953268874920997
2016-11-11,0.007674387176280106,0.00766562237724866,-0.0023047733956615968
2016-11-14,0.0034631216582443614,0.003494169339593123,0.0007853886179329805
2016-11-15,0.005100237814944064,0.005120684903160866,0.007802763045137606
2016-11-16,-0.0007218729598591489,-0.0006962742983811498,-0.001878104440582562
2016-11-17,0.002660166920014362,0.0027121809761503357,0.005140389296738546
2016-11-18,-0.0019686103450476944,-0.0019377268130554848,-0.002237623088647833
2016-11-21,0.0049026057977226145,0.004922356923983573,0.007551547631002187
2016-11-22,0.00785772475272739,0.007843048558077825,0.0019535385709430475
2016-11-23,0.001920662842611387,0.0019497575365559072,0.0005441746620840071
2016-11-25,0.0024714749682337445,0.0024961569490207225,0.003715182109094828
2016-11-28,-0.003836679387938191,-0.003829553203125835,-0.0046951465767332
2016-11-29,0.002287536834473025,0.0022854425073064455,0.0019504527622593582
2016-11-30,-0.004536655547538682,-0.004527427820336771,-0.00239910700355328
2016-12-01,-0.007668942562252035,-0.007655522545337856,-0.003675418686641563
2016-12-02,0.0023419358965790504,0.002339212115766598,0.0005010264654596863
2016-12-05,0.0050768569116437234,0.005066603908769229,0.006008737423371713
2016-12-06,0.0016738432525731373,0.0016728466775559614,0.0031672418501835775
2016-12-07,0.00934078420043849,0.009325181263012405,0.013081016162097558
2016-12-08,0.00048657431386156524,0.0005148761120750134,0.0024486308589539707
2016-12-09,0.0019423827703342056,0.0019385871524459919,0.006040280706321122
2016-12-12,-0.002270544214921677,-0.002266375177811142,-0.0011476523492915947
2016-12-13,0.003988417207154038,0.004011891336829221,0.0066738084134938536
2016-12-14,-0.005609949725484675,-0.005602372109592468,-0.008254006407553471
2016-12-15,0.003769267752027128,0.003789574087520897,0.004117251735652916
2016-12-16,-0.0018557721863896592,-0.0017981535066805554,-0.001956124392211822
2016-12-19,0.0005332656607803798,0.0005321955124051314,0.002177652528619234
2016-12-20,0.005358239530861786,0.00535084315651746,0.0038573693270458342
2016-12-21,-0.001686602089121414,-0.0016851580308500091,-0.0027828182529151535
2016-12-22,-0.00109922809320262,-0.0010948980082990944,-0.0017271896375229412
2016-12-23,0.0014119541760442278,0.0014100974761750429,0.0014641058803037676
2016-12-27,0.0037610414381674673,0.0037548226318289135,0.002481414183370223
2016-12-28,-0.008354860931023111,-0.008342065774343821,-0.008264775523578405
2016-12-29,0.002682316634212256,0.00267857686829287,-0.00022274786002929314
2016-12-30,-0.004601155293208148,-0.004593343563857322,-0.0036550189132423805
2017-01-12,0.0,0.0,0.0
2017-01-13,0.0,0.0,-8.846462036782299e-05
2017-01-17,0.0,0.0,-0.0035233858801858586
2017-01-18,0.0,0.0,0.0022099712104712843
2017-01-19,0.0,0.0,-0.003704931267825895
2017-01-20,0.0,0.0,0.003674519921334163
2017-01-23,-4.288359793780394e-05,1.7116402062145042e-05,-0.0026023009893491045
2017-01-24,0.0007035109500139747,0.0007034687400795381,0.006411821761518777
2017-01-25,-6.4959435547296e-05,-6.49555407877811e-05,0.008655478475755318
2017-01-26,-0.000375883693164214,-0.00037586115491861083,-0.001045791929342954
2017-01-27,0.00022803724866182762,0.00022802357024986897,-0.0015694006681764572
2017-01-30,-2.3811885213387285e-05,-2.381045722510411e-05,-0.006201825094785618
2017-01-31,-7.780171077165221e-06,2.220881504322314e-05,-8.805307852055577e-05
2017-02-01,-3.323607370109283e-05,-3.323114373077196e-05,0.00039557113344046435
2017-02-02,0.00020400485849370043,0.00023399973929594253,0.0006594147175433829
2017-02-03,0.00042664907835021637,0.00045662375044641657,0.006892698686812304
2017-02-06,-9.02133065955324e-05,-6.020030520392794e-05,-0.0017877462933810762
2017-02-07,0.0004008897352112406,0.00046086061049144256,4.352837095411566e-05
2017-02-08,0.0006600684027739945,0.0006599736521069044,0.0013106047022404255
2017-02-09,0.0006659277757701254,0.000665816769273686,0.0059326188579080785
2017-02-10,0.0005276512831000613,0.0005876307484813381,0.003946183698355865
2017-02-13,0.0013390925614649163,0.001338885686072322,0.0054427883821197565
2017-02-14,0.00041587869443659997,0.00047578676519322016,0.00399493877253243
2017-02-15,0.0019189653217071,0.0019484729155365699,0.00522084519485988
2017-02-16,0.00048748272653487135,0.000487438289785036,-0.0008516207220198302
2017-02-17,0.0003584039389958882,0.0003583507202362668,0.0015761941706544658
2017-02-21,0.0014099623088683622,0.0014097004935222923,0.005955147799732385
2017-02-22,-0.0003406974566204646,-0.00022078489505583665,-0.0008878789390097674
2017-02-23,0.0003829056338859882,0.00041291032121026916,0.0006771949125281562
2017-02-24,0.002402302071227158,0.002521457889005818,0.001268956307289848
2017-02-27,0.0005010811781176461,0.0005909544205848771,0.001562669992039245
2017-02-28,-0.0020330804722508145,-0.002002367822072082,-0.0026990730228516613
2017-03-01,0.007190190423013387,0.007307410217767263,0.013997461658209032
2017-03-02,-0.004074252072475137,-0.003982451342266602,-0.0062974429680603405
2017-03-03,0.0005300385264506158,0.0005300447637692773,0.0006297170068023661
2017-03-06,-0.002106263670925146,-0.0021053149524187242,-0.002978377428373813
2017-03-07,-0.0017718682027511035,-0.001770892625350795,-0.0029863779617935737
2017-03-08,-0.002863909998503611,-0.0028625747427802883,-0.0018567031119507416
2017-03-09,-0.0003115103297839372,-0.00031159875319941577,0.0012681624911941025
2017-03-10,0.0026756882184875153,0.002673736291189943,0.003504121576205277
2017-03-13,0.0005342497189426698,0.000533817609858156,0.000504883341382989
2017-03-14,-0.0034959344845038043,-0.0034936381772483482,-0.003826542521268017
2017-03-15,0.009124065964645434,0.009119545733449419,0.008653552360811334
2017-03-16,-0.0004235042075336759,-0.00042308530152079804,-0.0019671064593971277
2017-03-17,0.003136850320366591,0.0031349355703202963,-0.0017560240802326765
2017-03-20,-0.0008888822594870227,-0.0008884173243142168,-0.0010969834224330288
2017-03-21,-0.007632260971800808,-0.007628352549938655,-0.012839359325030442
2017-03-22,0.002060003315502934,0.002058637840001154,0.0023528977341129576
2017-03-23,9.753204918294678e-05,9.74031751379556e-05,-0.0010668306117276316
2017-03-24,-0.0016221132135672,-0.0015915677936834127,-0.0007268422746218306
2017-03-27,-0.0003827284421304977,-0.00035313642269785284,-0.0010260180697760912
2017-03-28,0.004187814397833556,0.0041852359869885,0.0072768650983841
2017-03-29,0.0012151629458074797,0.0012451138806799378,0.000934799992784896
2017-03-30,0.0023929527256913996,0.0023913698092452584,0.0031844221163634945
2017-03-31,-0.0021467252110863866,-0.0021453925171289745,-0.0023276304964054972
2017-04-03,-0.003456523260485067,-0.0034249061496316457,-0.001739405083699186
2017-04-04,-0.0006432801647496822,-0.0006431837144231789,0.00063722725354598
2017-04-05,-0.0018927605277239135,-0.0018613878963494868,-0.002972459331000321
2017-04-06,0.0029060294318070667,0.002904577928416252,0.0028110008695301225
2017-04-07,-0.00023164891556082257,-0.0002316117943662599,-0.001019432926068431
2017-04-10,0.0015655992241760952,0.0015649405053770327,0.0005956206952664189
2017-04-11,0.0004341912856618002,0.00043408679814915807,-0.0011898559314652557
2017-04-12,-0.004861488363424371,-0.00485908088307252,-0.004381821437653977
2017-04-13,-0.00496084708959732,-0.004957996843209522,-0.006494801997070532
2017-04-17,0.006689019536882945,0.00668507073400737,0.00885960282320064
2017-04-18,-3.519023558617995e-05,-3.489568396930487e-05,-0.002984367244703523
2017-04-19,-0.002061203208810869,-0.0020600846267425643,-0.0018384650816789527
2017-04-20,0.004039731430401261,0.004037617778894997,0.008139344597635212
2017-04-21,-0.0018336954330827604,-0.0018323046160387824,-0.0031869020707160356
2017-04-24,0.005367265180860947,0.005424501170994578,0.01099776044563705
2017-04-25,0.004950017930117179,0.004945960988209208,0.005818589434265498
2017-04-26,-0.0002876753907873342,-0.00022664008123818302,-0.000628922377870933
2017-04-27,0.0005130281417600191,0.0005422434193580461,0.0008390414363321774
2017-04-28,-0.00220194338612556,-0.002141073804801996,-0.002179382399111529
2017-05-01,-0.0005554042129908288,-0.0005551491909357997,0.0025201358295638965
2017-05-02,0.0012948581185359131,0.001294704501238586,0.00037716273000909517
2017-05-03,-0.0051985141042029115,-0.005194256157006416,-0.0012146134935869801
2017-05-04,0.0037879506910509786,0.0037859014938712576,0.0011741154995335013
2017-05-05,0.005632059756465857,0.005688367934375327,0.003936881598367359
2017-05-08,-0.0030157139577650094,-0.003013214583738155,-0.00016704575378767572
2017-05-09,-0.00038995430489374705,-0.0003903364436861345,-0.000917724412436205
2017-05-10,0.0019402650719870795,0.0019390803060368444,0.0017960666612844012
2017-05-11,-0.0031534637472431237,-0.0031528604839498042,-0.00204294264254945
2017-05-12,-0.002492679095496997,-0.0024910434910592194,-0.0016709172261327732
2017-05-15,0.0046182871487825405,0.004647360942882539,0.0055234185620463006
2017-05-16,-0.0009154700581327502,-0.0009152166841944753,-0.0009156479307578236
2017-05-17,-0.009657070010460567,-0.00961862900128807,-0.017743944801854705
2017-05-18,0.0020614762255217745,0.002090256617929276,0.0040284867221933585
2017-05-19,0.005672665499505181,0.005698393253453782,0.006504049372601628
2017-05-22,0.0024802335006524068,0.002541187167192982,0.005077412808222048
2017-05-23,-0.001368052512042972,-0.0013369569096304268,0.0022130998350069486
2017-05-24,0.0027461516840421307,0.0027437579154343528,0.0023326513650259173
2017-05-25,0.005000901685637382,0.005030514496933591,0.0047793295046361095
2017-05-26,0.0002652318894931227,0.00029528730287387006,-0.00020651590980858003
2017-05-30,-0.0015524660624554043,-0.001490473315559182,-0.0008690386487689716
2017-05-31,0.0011289575825257359,0.001163056833831,-0.0002481884040722582
2017-06-01,0.007687026622154702,0.00768057235404096,0.00795213147801399
2017-06-02,0.002372117864068324,0.002400237745368683,0.0033285322605132173
2017-06-05,-0.003622068651164434,-0.003588169605632352,-0.0007370751098080275
2017-06-06,-0.005254418770627378,-0.0051626609688980585,-0.003197072952353941
2017-06-07,0.0009087114136974161,0.000936519816409298,0.0018501068745411242
2017-06-08,0.0001996055000450525,0.00029043525376715174,0.0004927023723457769
2017-06-09,0.0014662233213551534,0.0014955081753587063,-0.0015180064115528635
2017-06-12,-0.0018859678373231992,-0.0018563685340607927,-0.00020526131618370247
2017-06-13,0.004253062127545837,0.0043381650178566655,0.004889637945718395
2017-06-14,0.0007611770064197554,0.000822223289667301,-0.0012672663503430215
2017-06-15,-0.0008412513200685146,-0.0008402600581061126,-0.0019244196074722497
2017-06-16,-0.002221164599377601,-0.0022197556781372585,0.00021838018204922705
2017-06-19,0.002710050392221719,0.002706247128209105,0.00832535924038269
2017-06-20,-0.003487200195574025,-0.0034833266347770175,-0.006744076434880397
2017-06-21,-0.0013232970386127807,-0.001291795587957667,-0.0002469701255954915
2017-06-22,-0.0009734827414780156,-0.0009720813349494151,-0.0004530594480065542
2017-06-23,0.0004287752705500747,0.00042860534096766933,0.001194331740262955
2017-06-26,0.0011895565619561843,0.0011881457825091424,0.0006580207993931442
2017-06-27,-0.004599991297049577,-0.004594916736733623,-0.008056213726402528
2017-06-28,0.003539068489957886,0.0035355633497662353,0.008950486731214014
2017-06-29,-0.0054491731828933965,-0.0054431855319169165,-0.008788756428805278
2017-06-30,0.0024042281513350083,0.0024015015817890895,0.0018644326242092113
2017-07-03,0.0002972903455538134,0.000326273951266165,0.0016958077053927934
2017-07-05,-0.001518168879637516,-0.0015141318561044947,0.0023118927611947004
2017-07-06,-0.005308493983879337,-0.00530249954797668,-0.009144536998774933
2017-07-07,0.004500756198185574,0.004495471703570786,0.006485062479682835
2017-07-10,-0.0006198685357577949,-0.000588429922067979,0.0010739886122603792
2017-07-11,-0.0006246574686388229,-0.0006221026422257303,-0.0007426491027650028
2017-07-12,0.0033772795320070603,0.0033723841981645464,0.007514636743868319
2017-07-13,0.0008582691608514104,0.0008578167945885173,0.0016802325883329416
2017-07-14,0.004036914049604823,0.004033619136690314,0.004664140212380152
2017-07-17,0.000990380823822079,0.0010174865099794594,-0.0001222027748989385
2017-07-18,0.0003499138819782477,0.00034959070869278186,0.0005296578656772688
2017-07-19,0.0016753626264227606,0.0017008004319416514,0.005413921746416861
2017-07-20,-0.0013761866483720242,-0.00137349105054263,0.000445435060221433
2017-07-21,0.00021627006080882083,0.00021605693017190397,-0.0008904022458563476
2017-07-24,-0.001651851024755402,-0.001649384306723456,-0.00024309875776540313
2017-07-25,-0.00047744331685672936,-0.0004783311939697832,0.0024307230038966843
2017-07-26,0.00018565882140975098,0.0001847358723794379,4.047546507490729e-05
2017-07-27,-0.0035417264932658954,-0.003506647853669942,-0.0009292619935544755
2017-07-28,-2.2432145905804113e-05,3.6279403634376095e-05,-0.0011730527651606648
2017-07-31,-0.0009274926871726263,-0.0009270943661024988,-0.0005669713323783743
2017-08-01,0.0024632457324733625,0.002460726384940104,0.0022286611472210893
2017-08-02,7.046106139596553e-05,0.00013120816516032363,0.00048497668197966526
2017-08-03,-0.001440760295217225,-0.0013798762051348001,-0.0019397487893375587
2017-08-04,-4.774714834510085e-06,0.0001487605516854451,0.0018220799862256332
2017-08-07,0.0024811881263571145,0.0025981622750923528,0.0018594565555216658
2017-08-08,-0.0017121374590982619,-0.0016436157526710238,-0.0024611118621885586
2017-08-09,-0.0012100214630103023,-0.001116465874841821,-4.043046774571124e-05
2017-08-10,-0.012384780256119221,-0.012338884013819551,-0.014115145929636919
2017-08-11,0.0017359208454703623,0.0017651304092427544,0.0014767562337771878
2017-08-14,0.007009680819138442,0.00703672837715974,0.009913122207047431
2017-08-15,-0.0016100805026940668,-0.0016061287253961165,-0.0001214314606141631
2017-08-16,0.0028119476695602774,0.0028072765593860627,0.001744156034887645
2017-08-17,-0.01120561992829261,-0.0111377152529053,-0.015590818088710212
2017-08-18,-0.0014870295803408595,-0.001484415986175991,-0.0015630745732604368
2017-08-21,-0.0018398894979961833,-0.001806040610613735,0.0007825795131819469
2017-08-22,0.006140539306317638,0.006133199455233385,0.01045707713973787
2017-08-23,-0.0018621499997306667,-0.0018589892815097375,-0.0035854826138764784
2017-08-24,-0.0008880126043129266,-0.0008866682330139763,-0.002330339201413567
2017-08-25,-0.0006938295380342074,-0.0006933311924817165,0.0023357823666283473
2017-08-28,0.000556305241874222,0.0005870557741969318,4.0948797307205353e-05
2017-08-29,-1.0497335861003876e-05,-1.0741316253226607e-05,0.0011448642199960446
2017-08-30,0.003844450873160321,0.0038696148229757643,0.004737533676253625
2017-08-31,0.0035995356283391455,0.0035933413368451905,0.006016116427005391
2017-09-01,0.002504694222857262,0.002503183970792522,0.001414177905088021
2017-09-05,-0.005468751939353478,-0.005435058532714199,-0.007181982714383861
2017-09-06,0.002519468270238079,0.002515489973991647,0.003413722885612147
2017-09-07,-0.000925115892745243,-0.0009265685466270934,-0.0001216108201410604
2017-09-08,-0.002238110274051852,-0.0022329542327549357,-0.001174621083820937
2017-09-11,0.004457225616188332,0.004453667159457275,0.010665891039904896
2017-09-12,0.004371209924946218,0.004366430589053394,0.003370856505470643
2017-09-13,-0.0024783267456114366,-0.0024733878608594884,0.0004798929229237192
2017-09-14,0.0008423768883298877,0.0008725926247634685,-0.0003198220590546752
2017-09-15,0.0030067142706295957,0.003033176415302652,0.0013461314344491715
2017-09-18,0.0040627961813861635,0.004059125567873245,0.0021268930704736455
2017-09-19,0.0014026086704375107,0.0014025693330173006,0.0010012624308342044
2017-09-20,-0.0010698054208391206,-0.0010683718474043813,0.00035983329965727506
2017-09-21,-0.0010513840348588266,-0.0010505199739548887,-0.002679429617243101
2017-09-22,0.0038217593087415125,0.003815745031923168,0.00020055962877929545
2017-09-25,-0.0026740355437153696,-0.0026706811460823765,-0.002044581868579698
2017-09-26,-0.0001502913220277069,-0.00015088881092084616,0.000602720339240026
2017-09-27,0.008025684455127635,0.008014952497412908,0.0038944047357221123
2017-09-28,0.0010309794282015172,0.0010295811846072755,0.0011998310109007093
2017-09-29,0.003992902111168206,0.003987060336641646,0.0035148714845600892
2017-10-02,0.0029131167715907846,0.0029112118263856512,0.004338727464618941
2017-10-03,0.0021599065464621425,0.0021897579964738068,0.0021399330624549684
2017-10-04,-6.793652649461634e-05,-6.667208143151804e-05,0.0011864977648672337
2017-10-05,0.0020947815160317074,0.002092144243709182,0.005925181568549265
2017-10-06,0.0011617145780606908,0.0011602342468763904,-0.0011387742844011228
2017-10-09,0.001005426662809672,0.0010047540305839764,-0.0016510707346216735
2017-10-10,0.0015985599692889263,0.0015978634380948709,0.0026382478492343875
2017-10-11,-0.00026936167944258127,-0.0002695318757073295,0.0015709011252587057
2017-10-12,-0.0022575473174988314,-0.0022526275775469617,-0.0014900806420821144
2017-10-13,0.001284307854532818,0.0013213076157603254,0.0012174061360681332
2017-10-16,0.00012117009565670855,0.0001226222498484919,0.0013335274125303442
2017-10-17,-0.0020595669759808644,-0.0020587812911309067,0.0007051498232426567
2017-10-18,0.0012935531986397741,0.0012906927135099,0.0009786579758326308
2017-10-19,0.0039087642093458275,0.003896490832440813,0.0002735316864954651
2017-10-20,0.004982818433322045,0.004974308879281075,0.005160831196651783
2017-10-23,-0.0004867824088109485,-0.00048413168608785195,-0.003889525010949635
2017-10-24,0.002327457877631778,0.0023550772587830338,0.0017569223135767142
2017-10-25,-0.0019710629597017304,-0.0019377215359737132,-0.004950114204787415
2017-10-26,0.004130904933872026,0.004125540311130438,0.0012928547104611443
2017-10-27,0.0023048728097903037,0.002393656469326322,0.00817606874263932
2017-10-30,-0.0027319072753366758,-0.0026381347828722257,-0.0037248490967893844
2017-10-31,0.004250428691262131,0.004278446305379768,0.0015575957433673349
2017-11-01,0.00034708631017443814,0.00040473699746668146,0.0013223911599951066
2017-11-02,0.004959020413648929,0.005042364168664104,0.00038809285417396033
2017-11-03,0.00032440251011234267,0.00047254994562373476,0.0033387785311127516
2017-11-06,0.0009883836072281937,0.0010856686405906757,0.0015475540846030533
2017-11-07,-0.002882837521672843,-0.0028164187223871373,-0.0006952488643852117
2017-11-08,0.0019000931190920056,0.001987641462190659,0.0017008752107221525
2017-11-09,-0.005804464689062816,-0.005767026388882046,-0.0036276716075825943
2017-11-10,-0.00032656534551933625,-0.00032656623786686545,-0.0003098736335593877
2017-11-13,0.0042186424580377135,0.00428026255342373,0.0009299090549759192
2017-11-14,0.003498590133440782,0.003527368926087071,-0.0023225450250291546
2017-11-15,-0.005354170293237592,-0.005294869732943686,-0.005005446315905271
2017-11-16,0.007842753035568917,0.007919019893193768,0.008501159758154131
2017-11-17,-0.00024068589351999847,-0.00020942574982574236,-0.0029388127245350004
2017-11-20,0.0026827668548712325,0.0027625239576314353,0.0017063541384385594
2017-11-21,0.004858430023786164,0.004851045851917757,0.006542786811286394
2017-11-22,-0.002276797025201671,-0.002243480856058855,-0.0008843135586730222
2017-11-24,0.0012031823571165834,0.0012005181058960535,0.0023095564843853555
2017-11-27,-0.0025170581238688206,-0.0025127368469860523,-0.0004992418882107108
2017-11-28,0.007670052860688559,0.007656488385993754,0.010145217896161851
2017-11-29,-0.006105185466705021,-0.006060460383703226,-0.0006089327367834185
2017-11-30,0.004697626529580834,0.004689837046580658,0.008755041755306836
2017-12-01,-0.003195507074381654,-0.003156730010124842,-0.0020754609749102926
2017-12-04,-0.0054220199666830116,-0.005412599450824729,-0.0012102124848368812
2017-12-05,-0.003663975085191784,-0.0036601424411079053,-0.0035965811494325095
2017-12-06,0.0024959782247064854,0.002490276364351285,0.00019017663803100326
2017-12-07,0.006051003921759168,0.0060749631025556194,0.00315288571772232
2017-12-08,0.002475540093701767,0.002504756555419041,0.005453104620037896
2017-12-11,-0.002467504432497547,-0.002462958374882973,0.003013006009587871
2017-12-12,-0.0011054485629381494,-0.0011032724703696761,0.0017650595286713422
2017-12-13,0.00031647104900867085,0.00031343239072190165,-0.00011245229639667009
2017-12-14,-0.0032434207827387596,-0.0032173532853627673,-0.004086357582189004
2017-12-15,0.005900955994936119,0.0058926227639131135,0.008327217860012448
2017-12-18,0.007494985484333583,0.007515538426702051,0.006341542921576515
2017-12-19,-0.004704604738925644,-0.004697814685857837,-0.0038405102333698427
2017-12-20,0.0006741063697091043,0.0006733032211105883,-0.0005242161035561299
2017-12-21,-0.0018779480992747732,-0.0018764032522429197,0.00205998786453776
2017-12-22,-0.00020747062897830126,-0.00020776803800670596,-0.0002616412957743286
2017-12-26,-0.0021162662139480037,-0.002114809539499829,-0.0011965177880248756
2017-12-27,0.0022093942248655463,0.0022073651203258216,0.00048694073467592247
2017-12-28,0.0017245299836794459,0.0017224420157955223,0.002057165756028212
2017-12-29,-0.00456578010475206,-0.00456014867374499,-0.003770438603515225
2018-01-10,0.0,0.0,0.0
2018-01-11,0.0,0.0,0.0034811117888680077
2018-01-12,0.0,0.0,0.006519203886003355
2018-01-16,0.0,0.0,-0.003418673849963194
2018-01-17,0.0,0.0,0.009531758310115546
2018-01-18,0.0,0.0,-0.0016808410972971588
2018-01-19,0.0,0.0,0.004549713333354077
2018-01-22,0.0,0.0,0.008130557691373275
2018-01-23,-0.000247509221539266,-0.00021750922153929153,0.0021227699435746317
2018-01-24,-0.00022844129937460433,-0.00022843444464470952,-0.00038822709932173627
2018-01-25,-0.0004965059761520285,-0.00046650428393402166,0.00042381920542133855
2018-01-26,0.0007473162291937729,0.0007472825407128791,0.011577761894707495
2018-01-29,-0.0008303610888110713,-0.0008303270808234231,-0.006630127841302014
2018-01-30,4.804942392855338e-05,4.8051932163284405e-05,-0.010256882954202684
2018-01-31,0.00017223185189862988,0.00017221818687906953,0.0004970713419818473
2018-02-01,-0.0004869191989397281,-0.0004269188061348794,-0.0011355632741826271
2018-02-02,-0.001505495495075615,-0.001505362403417032,-0.02176990483455743
2018-02-05,-0.003266080974807184,-0.0032058928633507122,-0.04182224417093183
2018-02-06,0.004218338058500359,0.004277924239781683,0.01970183311049012
2018-02-07,-0.0008168435975641763,-0.0008167357564383693,-0.005424497381336324
2018-02-08,-0.007068020572499445,-0.0070071851502576665,-0.03750927039840801
2018-02-09,0.0023021263052380725,0.0023317982550554728,0.015021660237433787
2018-02-12,0.0021481636502780344,0.002207823199366077,0.014684543672399908
2018-02-13,0.0012527309940839615,0.0012523613046129256,0.00248740145184545
2018-02-14,0.0041813774897903055,0.004210574804312639,0.01349620184327227
2018-02-15,0.00228336302243326,0.0023727193906784017,0.012760258571196115
2018-02-16,0.0004550062406019073,0.0005151178167315251,0.00029285843424942115
2018-02-20,-0.003970180435428516,-0.003819849082489224,-0.006261214234073775
2018-02-21,-0.002741763878344572,-0.002710893354233135,-0.004974211832767805
2018-02-22,-0.00010897437920975861,-4.9077557353061074e-05,0.001296176823579076
2018-02-23,0.010077171922908912,0.010374100482469117,0.015939238904999042
2018-02-26,0.006614920818734049,0.006821787742739005,0.01161231789491679
2018-02-27,-0.012709699369010785,-0.012699969867643213,-0.012486532226350877
2018-02-28,-0.008384713771342422,-0.008378788169303375,-0.010129819402294626
2018-03-01,-0.007729830534399906,-0.0077244130166187475,-0.014540916580615293
2018-03-02,0.005276646418439501,0.00527264366254987,0.005154848195324746
2018-03-05,0.009238594423457425,0.009231362711096924,0.011558126675881963
2018-03-06,0.0025185159226959186,0.002516610011064069,0.002534971240559347
2018-03-07,-0.0013377000113710125,-0.00133638547199455,-0.0003665775519043901
2018-03-08,0.004034947618635654,0.004031431234873706,0.004839052341124805
2018-03-09,0.01487935096566062,0.01486855002096954,0.017402475797139383
2018-03-12,-0.0030532509011295117,-0.003051385255286254,-0.0012549941877011417
2018-03-13,-0.001893235506306823,-0.0018918838646315717,-0.006463089957696622
2018-03-14,-0.005930087627559644,-0.0059261104000644105,-0.005131581747721103
2018-03-15,-0.0011854736211974748,-0.0011850923152398884,-0.0010893697775582467
2018-03-16,0.004519955998989689,0.004516451881813044,0.0010845385680275932
2018-03-19,-0.0075150976137258185,-0.007449490855387819,-0.013530684374158608
2018-03-20,0.002342233528746851,0.002340363497600695,0.0017006838729141105
2018-03-21,-0.003667086651413798,-0.0036639037803165575,-0.0019192203215482317
2018-03-22,-0.0207372225039828,-0.020692105092990687,-0.024997006281226253
2018-03-23,-0.017311102375326626,-0.017296274265448774,-0.021314665920538878
2018-03-26,0.021666343921056264,0.02164802798696619,0.027359041341031398
2018-03-27,-0.012047834661751633,-0.012037185526462602,-0.017011694099533292
2018-03-28,-0.0005120437470270689,-0.0005112280402655989,-0.0029548072322919117
2018-03-29,0.0101476713910853,0.010139626531697754,0.01277765629043004
2018-04-02,-0.02077567498843247,-0.02075863961737301,-0.021584575176795462
2018-04-03,0.011218764626244937,0.011209205261396349,0.012816721761802263
2018-04-04,0.01009093190562349,0.010112319401708314,0.010699054971383015
2018-04-05,0.006067983669374222,0.006062364357811489,0.007892464780515418
2018-04-06,-0.019335688952746066,-0.019319022804046737,-0.022285970943954014
2018-04-09,0.0004314362656869797,0.000431430881034478,0.004928401332611632
2018-04-10,0.009395696524999275,0.009388212195668322,0.01590038551104045
2018-04-11,-0.006525801673762266,-0.006520382376792644,-0.0052424378802266025
2018-04-12,0.004715816818190666,0.004711876103941748,0.008227174474605414
2018-04-13,-0.0028474499475663606,-0.0028451752827981514,-0.00293297847576357
2018-04-16,0.010870829065880994,0.010862086356059342,0.008221875239717624
2018-04-17,0.006350989038436117,0.006345501912147888,0.010698321637781838
2018-04-18,0.00247415690680719,0.0024719312276586525,0.0007403267123571311
2018-04-19,-0.006135309124116972,-0.0061295600734215805,-0.005547636737814554
2018-04-20,-0.007349590881986057,-0.007342671395566325,-0.00847946939613764
2018-04-23,0.0013000678583181546,0.0012991073267809572,-0.0001499103597235596
2018-04-24,-0.011395782895537332,-0.01138631072713503,-0.01346771864006302
2018-04-25,0.005428273623969915,0.005423190963505853,0.002471797644137075
2018-04-26,0.0018672815673719256,0.0018651897675192597,0.010165758222081767
2018-04-27,0.004975802530737372,0.004972454582477637,0.0009390542700382642
2018-04-30,-0.010256400220908124,-0.010247853469053103,-0.0076910025732380705
2018-05-01,0.00037047752440577675,0.00037021950525639724,0.0017769242604321889
2018-05-02,-0.010814784113205023,-0.010805065780613243,-0.006717451541688124
2018-05-03,-0.0013214219402266636,-0.0013212111755978029,-0.002203610149055568
2018-05-04,0.012785260184077885,0.012774410373144862,0.012946682930007558
2018-05-07,0.0014090669956730029,0.0014722002072840024,0.0033832361756540585
2018-05-08,-0.0018170036982270155,-0.0018141332139840483,0.0
2018-05-09,0.0052194541710215425,0.005241790262390467,0.00966569159316566
2018-05-10,0.008664959272369765,0.00868713158137302,0.009350416423010266
2018-05-11,0.005581620268153564,0.005577048238250226,0.00305124763912068
2018-05-14,-0.0015321672920887153,-0.0015311176053632858,0.0004767183964959898
2018-05-15,-0.0030472413503286333,-0.0030440933304185513,-0.006887094461925591
2018-05-16,0.0035358807629906064,0.0035863730748111333,0.004205045516890715
2018-05-17,-0.0006579497108690768,-0.0006573003211293171,-0.0008449713716942586
2018-05-18,-0.00042773774277549137,-0.0003664504374922828,-0.0024996065056122063
2018-05-21,0.005760936564622732,0.005789256734501702,0.007518314157885175
2018-05-22,-0.00645531837212221,-0.00645001810168877,-0.0027803393517308317
2018-05-23,0.002036495144134731,0.0021537925518368972,0.002751868159879045
2018-05-24,0.001919305713153241,0.0019450260617217552,-0.00204882529974193
2018-05-25,-0.0009574299421367671,-0.0008886027937963226,-0.002382692292155153
2018-05-29,-0.009411879198776285,-0.009401603035423811,-0.011501339232849128
2018-05-30,0.010095905319932319,0.010118688732407621,0.013344620071841229
2018-05-31,-0.008363995383825262,-0.008267201963565118,-0.006125639298309449
2018-06-01,0.005081033756569209,0.005166730049505741,0.00981801516332137
2018-06-04,0.0050119589477344295,0.005150762077255955,0.004750878734009145
2018-06-05,0.0010496808231865717,0.0010752978367849497,0.0007276426493034727
2018-06-06,0.003060931576527981,0.0031177887286166772,0.008360670536741166
2018-06-07,-0.00037454269396275386,-0.00010352085147635748,-0.00010798129408640111
2018-06-08,0.0008885425532978442,0.001096934964768037,0.002956291509401243
2018-06-11,0.0009275415025247202,0.0009264331146976446,0.001329900304888998
2018-06-12,0.001775597698830067,0.001772927394295687,0.0012926847153256205
2018-06-13,-5.273933572669254e-05,-5.250540896439837e-05,-0.0031914827424862624
2018-06-14,0.00034282375604122173,0.0003425029566412885,0.0025180163948208545
2018-06-15,0.0009694081151860878,0.0009679199394392324,-0.0012754588211721929
2018-06-18,-0.0005035735153837706,-0.0005025304924588525,-0.0020571180198601935
2018-06-19,-0.0005556663588861532,-0.0005553417911666747,-0.00383291357968385
2018-06-20,0.0008243866476533857,0.0008231991011242723,0.001706315984209228
2018-06-21,-0.0016563721721803981,-0.0016533951636563682,-0.006269102629588574
2018-06-22,-0.0016018264393421466,-0.0016002036046139922,0.00182352292280763
2018-06-25,-0.0029265688722404093,-0.002922787957465145,-0.013612948154032356
2018-06-26,-0.000730289198002998,-0.0007286985847477778,0.0022140063314155523
2018-06-27,-0.003148373491498435,-0.003144168689416693,-0.008284055286406411
2018-06-28,0.0016608201492882557,0.001689346563443106,0.005717028481935893
2018-06-29,-0.0010463028254977802,-0.0010170048028605994,0.0014398674525986088
2018-07-02,0.0009301754895911785,0.0009289622045089985,0.0021377807903133483
2018-07-03,-0.0013421765035316335,-0.0013404569188359972,-0.0035309002066936657
2018-07-05,0.0011660221133515947,0.0011938512338389717,0.00815788258577732
2018-07-06,0.0027211073664261676,0.0027175334061741996,0.008458210097118446
2018-07-09,0.002603112051576595,0.0025991766327269072,0.009004465912484605
2018-07-10,0.0007709481459605705,0.0007695346477520904,0.0035983287998042623
2018-07-11,0.0012214386893254492,0.0012172210502889858,-0.007314261685950507
2018-07-12,0.0018653380000845932,0.0018631436150300384,0.009065713442555356
2018-07-13,0.0009787889731305288,0.0009778911237046106,0.0007876908721797804
2018-07-16,-0.00027014809778980187,-0.0002704970846231225,-0.0008943453865113415
2018-07-17,0.002231608362525561,0.002264817922602802,0.004045320003391861
2018-07-18,0.0003798679474309452,0.0003795958747709882,0.002103646120768854
2018-07-19,0.0007769553248471173,0.0007751203893988645,-0.003771360588163075
2018-07-20,-0.0003590933661627993,-0.0003287999183232415,-0.0011429969807825735
2018-07-23,0.0007114080086503272,0.0007099331367961259,0.001859649926955198
2018-07-24,-0.0017800389245568038,-0.0017783682846042037,0.0050319713835722535
2018-07-25,0.0020277449495245126,0.0020259962378113006,0.008522239603585557
2018-07-26,-0.00041162914012959906,-0.0004110451008041416,-0.002359018545113556
2018-07-27,-0.00338133225068038,-0.0033184491181499354,-0.006776530766738675
2018-07-30,-0.00461645891484308,-0.00452264813896075,-0.005222945006732593
2018-07-31,0.0015644333255599996,0.0015927191649898198,0.004929266458104209
2018-08-01,-0.0012546611244999006,-0.001251856864346701,-0.0016711394970368998
2018-08-02,0.0031716621430857295,0.0031667617750981147,0.005447984189256516
2018-08-03,0.00034159311469794673,0.00037121095750713984,0.0042845294653020005
2018-08-06,0.002282164446968382,0.0022797370649474402,0.0036673428416968967
2018-08-07,0.003101320700543475,0.0031313834264199425,0.003302320638059353
2018-08-08,0.0015142965655121632,0.0015127234351703933,-0.00042052121762758965
2018-08-09,0.00028140622838135343,0.00034134229575810693,-0.0013654078284350835
2018-08-10,-0.0012529041662392437,-0.0012223835196549793,-0.006700615806956245
2018-08-13,-0.004020752118676918,-0.004017317484880434,-0.0037432694368121355
2018-08-14,0.006044112534130397,0.006037677089595794,0.006380547457365715
2018-08-15,-0.0034660977364404655,-0.0034634292517140564,-0.007467328876730739
2018-08-16,0.002837909751088441,0.002834283783406999,0.008091643033774742
2018-08-17,-0.0003660854767917332,-0.0003647581063045413,0.003520174601925552
2018-08-20,0.0032748640731983247,0.0032712490513064907,0.0021400789883698756
2018-08-21,0.005270774669538847,0.0052672652480905136,0.002345189066315756
2018-08-22,0.0008131914954632169,0.0008127724353572674,-0.0005937800140684013
2018-08-23,0.00038866302434281685,0.00038783870598635417,-0.0013278484670969926
2018-08-24,0.0013747119595612922,0.0013732597403905977,0.006018446897929186
2018-08-27,0.0010862059600027507,0.0010851983574340363,0.007894984483689083
2018-08-28,-0.000459942021301063,-0.0004296432324542021,0.00048340803859647785
2018-08-29,0.002514863364625919,0.0025124993006322427,0.005380828247327996
2018-08-30,-0.003484617091385811,-0.0034809533351519706,-0.004048134246127266
2018-08-31,0.0024439127221003165,0.0024414758186632746,3.4042176352055975e-05
2018-09-04,0.004480955979170753,0.004476251232526041,-0.0017219874859983886
2018-09-05,-0.004282296758115645,-0.004244752022049103,-0.00269125615382515
2018-09-06,-0.0011565035943692514,-0.0011558704842926648,-0.003010309113196663
2018-09-07,-0.0023602312747316168,-0.0023578660619936187,-0.0019435428851406478
2018-09-10,0.0015579562038445793,0.00155580452717885,0.001738874157978687
2018-09-11,0.0026492336560171026,0.002646653902696583,0.0032975621679642853
2018-09-12,-0.001140061605233611,-0.0011388397949022577,0.00024147750281411362
2018-09-13,-0.0011889341493948047,-0.001154712433891092,0.005915188835533103
2018-09-14,-0.00026253465081249594,-0.0002264843964459029,0.0001719204788774853
2018-09-17,-0.0031271816314258905,-0.0031243925993595933,-0.0052943474731736995
2018-09-18,0.002265525663908141,0.002264495010175782,0.00542570869345238
2018-09-19,0.0007903275240452867,0.0007882498264446536,0.0010660419838810498
2018-09-20,0.002001073302000833,0.001998789329624495,0.008103970019819773
2018-09-21,-0.0005068825656399101,-0.0004719785932877363,-0.0009140483798298904
2018-09-24,-0.0019298979888227041,-0.0019268163155308216,-0.00332190532558041
2018-09-25,0.0011444564235876253,0.0011435554670429227,-0.0009277444403890112
2018-09-26,-0.0011138735527244092,-0.0011121625754360043,-0.002992148434981301
2018-09-27,-0.000921019170052273,-0.0009205151081059793,0.0027940597809654744
2018-09-28,-0.0005794391307641922,-0.0005781115588925356,0.00010306826290329418
2018-10-01,0.0010950365532735873,0.0010938075276099024,0.0034742612062761413
2018-10-02,-0.0015888901880213302,-0.0015873919119241409,-0.0005827181502436884
2018-10-03,-0.00022467903977918535,-0.00022573633589606512,0.0005489616448888235
2018-10-04,-0.003755420643337559,-0.003751319170941514,-0.007815787813559183
2018-10-05,-0.0012893674764353769,-0.0012874670168373514,-0.005597030889530563
2018-10-08,0.0004861117944501281,0.0004858527362083809,0.0
2018-10-09,-0.0022755812587619273,-0.0022731253510537286,-0.0014590171604823565
2018-10-10,-0.013453863750655382,-0.013439740342844342,-0.03166347469203856
2018-10-11,-0.006932856623612982,-0.006926058097131538,-0.022026339969826392
2018-10-12,0.0033075092670826756,0.0033046848584348254,0.013888099858530678
2018-10-15,-0.0012222757399196205,-0.0012205182353048905,-0.005616912716155609
2018-10-16,0.004654011462769336,0.004649589681728239,0.02186585531494667
2018-10-17,-0.0033040683022058648,-0.0033028740649729826,0.00017818658803969711
2018-10-18,-0.006535224884381408,-0.006529095826327436,-0.014440967886746203
2018-10-19,-0.0019767002421562374,-0.0019753616550197695,-0.0005427313849886151
2018-10-22,-0.0018536469248864318,-0.0018511879267585352,-0.004488588264746518
2018-10-23,-0.0005505954542682767,-0.0005486323110049929,-0.005090636825545891
2018-10-24,-0.01022668244471625,-0.010216866831578741,-0.0302984910440115
2018-10-25,0.0062540175108520835,0.006278301889914406,0.017940211525071526
2018-10-26,-0.004443949553520121,-0.004409027756100525,-0.01758709727625163
2018-10-29,-0.0009530723266637509,-0.0009534714642603914,-0.005540635399224891
2018-10-30,0.0057694845056337485,0.005764348831167165,0.014818867257449408
2018-10-31,0.0014097710845104583,0.0014345127454225004,0.010680849563283523
2018-11-01,0.002692130111011881,0.002721115770267568,0.010641631660504913
2018-11-02,-0.0011050507177516877,-0.0011036177744047082,-0.0059228925402706745
2018-11-05,0.0010706595970457755,0.0010689141258590773,0.005516643266578525
2018-11-06,0.0017953589855725927,0.001793463125189021,0.006327870044667838
2018-11-07,0.008455337649450057,0.008502395104948102,0.021409228814528225
2018-11-08,0.0003636240384636835,0.0004734265478285593,-0.0018150877516830421
2018-11-09,-0.002212382778228661,-0.002183094839976585,-0.009767828065918138
2018-11-12,-0.0051757797728043675,-0.00517071394062707,-0.018685488133020844
2018-11-13,0.0004754873540162574,0.0004743738336845382,-0.0018709756843834358
2018-11-14,-0.004876616201315187,-0.004845351119683761,-0.006836858485430919
2018-11-15,0.00197879485078567,0.0019764011443255125,0.010436673058952017
2018-11-16,0.0010787411898200983,0.0010778552302543876,0.0026007865418542497
2018-11-19,-0.00632776223649445,-0.006291034485769065,-0.01691488752761572
2018-11-20,-0.0058648662104181515,-0.0058262315669999065,-0.018505862442727783
2018-11-21,0.002341970051200404,0.002374408913002446,0.0034076602222188335
2018-11-23,-0.00022329895107864317,-0.0002233910209180623,-0.006678799042735495
2018-11-26,0.003615492121918029,0.0036109604904479564,0.016144262427891798
2018-11-27,-0.0012752410222335309,-0.0012751648675833893,0.0033645384755796037
2018-11-28,0.007852416567585285,0.00784427327244841,0.02302525762189922
2018-11-29,-0.001206247939980254,-0.0012036753876792927,-0.0021851896556831507
2018-11-30,0.0018309863652092861,0.001828507338203167,0.006095219537697094
2018-12-03,0.003445854177573482,0.0034422109715479543,0.013241315865513359
2018-12-04,-0.01128601291056952,-0.011274126577337729,-0.032402384973374554
2018-12-06,0.0009384961883514009,0.0009389350252957396,-0.0015170253752517793
2018-12-07,-0.006695640822612314,-0.006689107767206548,-0.023235866825162543
2018-12-10,0.00018069058859304654,0.00018161098994839975,0.001897015380304401
2018-12-11,-0.000324109794922145,-0.0002966680966921542,0.0002274374791173539
2018-12-12,0.0025167392701030966,0.002514001335657934,0.005035240235142346
2018-12-13,-0.0024538516322391013,-0.00245123507084799,-0.0003391754660617696
2018-12-14,-0.005028599459160343,-0.00502331613934881,-0.018464405343252444
2018-12-17,-0.005635248186716346,-0.005628023746687361,-0.019618786185908732
2018-12-18,0.0009860467480962143,0.0010158121171863765,-0.001096364794337723
2018-12-19,-0.00445510696727025,-0.004450350126083857,-0.014975824238063984
2018-12-20,-0.004359653807953556,-0.004355197010971423,-0.016277993963117243
2018-12-21,-0.006103459888228802,-0.00609644690241351,-0.020489440550005344
2018-12-24,-0.005935222816389807,-0.005929539682554497,-0.02642284652990934
2018-12-26,0.01350290368807805,0.013487398185239696,0.050524996530377786
2018-12-27,0.002612761829517307,0.002609634452994225,0.007677315346365177
2018-12-28,-5.4580431782413896e-05,-5.4479718956668144e-05,-0.001290218430713086
2018-12-31,0.0025499506244173187,0.002546660604133111,0.00875904821779816
2019-01-23,0.0,0.0,0.0
2019-01-24,0.0,0.0,-0.00020795770013393167
2019-01-25,0.0,0.0,0.008461538012364711
2019-01-28,4.0539925602933735e-05,7.053992560290823e-05,-0.007600298931966676
2019-01-29,0.00048360119413914937,0.0005136100064950799,-0.0013271787299771187
2019-01-30,0.0009234518613914222,0.0009534323582887083,0.015830981782867903
2019-01-31,0.00040663916445571324,0.000466567626251857,0.008782701483493582
2019-02-01,-0.0004118740918069852,-0.00038184608283708954,0.0004811846721017865
2019-02-04,0.0021925672802403096,0.002282421104040422,0.007035429145981986
2019-02-05,0.0014298859298571553,0.0014296777962190532,0.004191829484902376
2019-02-06,9.947722845216056e-05,0.0001295237902423363,-0.0013181670759394581
2019-02-07,-0.002825456065643661,-0.0027352581329121994,-0.009532570629879555
2019-02-08,0.002679828792063521,0.002829302761146568,0.0012215223657656704
2019-02-11,-8.436636141206932e-05,-2.4314448203388572e-05,0.0005545083055178424
2019-02-12,0.005799101571174692,0.005827159537618254,0.01285934604914285
2019-02-13,0.0013233054337089545,0.0013529011952919667,0.0032470560493027545
2019-02-14,0.00040510598590226543,0.0005245474688801988,-0.002218387005808675
2019-02-15,0.006735243805051194,0.006823255813869222,0.010897479720999748
2019-02-19,-0.0008290988723558268,-0.0006489628826652494,0.0017303959406560487
2019-02-20,0.002203261411702684,0.002322226538419292,0.002015605433666412
2019-02-21,-0.00340477222542368,-0.003343461417729676,-0.003556143472618012
2019-02-22,0.007626141751946758,0.007620396936318663,0.006200419709908811
2019-02-25,0.0015388908154889691,0.0017186150936905342,0.0013607634928238799
2019-02-26,-0.0017315199325548258,-0.0017006561207772997,-0.0007149991316380833
2019-02-27,0.0032409159782404995,0.0032695367154733646,-0.00042968598151793547
2019-02-28,-0.0011074904838630495,-0.001106155591635849,-0.0018628546525064626
2019-03-01,0.008697158659909832,0.00869061316959674,0.006244175192537282
2019-03-04,-0.00497130189477768,-0.004968306422724278,-0.003637790507829086
2019-03-05,-0.0027293986348029264,-0.002727070226531292,-0.0013601710223044572
2019-03-06,-0.00854007502669496,-0.008533800152330628,-0.006056761177111958
2019-03-07,-0.008223115653813062,-0.0082178061887056,-0.008365353786963348
2019-03-08,-0.002869764476197356,-0.0028673457799315294,-0.0020000467570853164
2019-03-11,0.015404020284809361,0.015390801054175451,0.014501129122705958
2019-03-12,0.0017778912345751685,0.001777069391250663,0.00377106844298547
2019-03-13,0.0071662773367502375,0.007160842380816934,0.006619284127661107
2019-03-14,-0.0008783189720629192,-0.0008768256018522047,-0.0006398103142016831
2019-03-15,0.007342175245100391,0.007337170270550253,0.0049405249852108035
2019-03-18,0.0023066488569334354,0.0023064294422356912,0.00362593298254299
2019-03-19,-0.0005976637886306868,-0.0005848667048751199,0.00024776986021057823
2019-03-20,-0.008162978636113372,-0.008179037727654936,-0.0030095164307165634
2019-03-21,0.0064157165493241575,0.006431403011737169,0.011294508899890587
2019-03-22,-0.023989044143704952,-0.02399021769462628,-0.019246316050036794
2019-03-25,0.00044081528803152636,0.0004388747439421081,-0.0007521175061521168
2019-03-26,0.011108108558909757,0.011107913315263396,0.007454172903694767
2019-03-27,-0.005750884438577519,-0.00575325186633191,-0.005229316973724085
2019-03-28,0.005174662240391648,0.005177776158480807,0.003790579290930518
2019-03-29,0.008689307647914424,0.008690134186684295,0.006305500243529272
2019-04-01,0.015355501410954986,0.015357878269805836,0.011859216336003175
2019-04-02,0.002380902521724959,0.002372297754412056,0.0004898291947015299
2019-04-03,0.003161396576809139,0.0031581714286001983,0.0015736631394085432
2019-04-04,0.0011459859102791459,0.0011422432043162178,0.0026532044585341197
2019-04-05,0.0051542202239185375,0.005151460613979975,0.004840290566822114
2019-04-08,0.0018059241680923321,0.0018022580874761385,0.0007624566442752112
2019-04-09,-0.008294530969915614,-0.008286964350833648,-0.005124445600397598
2019-04-10,0.005767537506675469,0.00576824368112816,0.0034106662602624294
2019-04-11,0.0016699022328616753,0.0016672440378171505,-0.0002775476691073697
2019-04-12,0.0071576659217731375,0.007163889783128097,0.006765655435348794
2019-04-15,-0.0024527339493808364,-0.0024496529216229135,-0.0006545463335607682
2019-04-16,0.007765945222141912,0.007757279993904298,0.0006549750450750569
2019-04-17,-0.0028197561063315613,-0.0028198375031620593,-0.002446862701220631
2019-04-18,0.003579916665273686,0.0035767888246227564,0.001969161333717606
2019-04-22,0.0005879024426920232,0.0005884780817519975,0.0008621923376883611
2019-04-23,0.007758958240699387,0.0077543011019600705,0.00899173212483273
2019-04-24,-0.004267388174518549,-0.004229622710546166,-0.0022194137729673047
2019-04-25,-0.0028252469476856,-0.0027927037769057694,-0.0006160044647799401
2019-04-26,0.005915835471938635,0.005951949065210016,0.00465698227315503
2019-04-29,0.00038409357191815374,0.00046167156291510025,0.0015677604397064115
2019-04-30,0.0017651811773211623,0.0017998465446524836,0.0005102597667125952
2019-05-01,-0.005074437986909097,-0.0049899325034219455,-0.007516818751677645
2019-05-02,-2.411935263757492e-05,-2.833315135852832e-05,-0.002158827740901481
2019-05-03,0.007637965513287437,0.007665525245787563,0.00978801177283617
2019-05-06,-0.004830361352454959,-0.004748035636880421,-0.0041152921002790555
2019-05-07,-0.010853859833872548,-0.01071207670409946,-0.016699422259710217
2019-05-08,-0.0014887620549073333,-0.0013933635103280384,-0.0013895915090531563
2019-05-09,0.0006558923798583027,0.0006901911677545947,-0.0030258063912580457
2019-05-10,0.003475797734524777,0.003508174081895632,0.005023435294274181
2019-05-13,-0.016828403251498036,-0.01671738023679703,-0.025130438913886
2019-05-14,0.005665951094733002,0.005757775011079769,0.009043990377985534
2019-05-15,-0.0006765108254778163,-0.0005100112191016581,0.005857706251938488
2019-05-16,0.0037461799203175605,0.003860562201987827,0.00926112114205302
2019-05-17,-0.002346255651211493,-0.0022870782276406265,-0.0064650923123059645
2019-05-20,-0.0006655457066100379,-0.0006764550189862772,-0.006612044848290588
2019-05-21,0.0014463513986706644,0.0015980846435810214,0.009015295130750278
2019-05-22,-0.00010652266297339619,-7.81541547706377e-05,-0.0030713987003510024
2019-05-23,-0.0014274544039408754,-0.0014161201854966388,-0.012218544341037862
2019-05-24,0.0002990482036044906,0.0002942487257504567,0.0022685396821873205
2019-05-28,1.5218780132331133e-05,6.842987765320885e-07,-0.009300754974060688
2019-05-29,-0.00024112049355939913,-0.00024153515772429301,-0.006710609208876894
2019-05-30,0.0003079147289117845,0.0003079801928040915,0.002731034573894453
2019-05-31,-0.0007496619702193064,-0.0007642368176251635,-0.013475212527762293
2019-06-03,-0.0009569619144025321,-0.0009607103724615929,-0.0025427302245732974
2019-06-04,0.0020848751757154282,0.00210721032771799,0.021706621726524933
2019-06-05,0.0014058124108060621,0.0014048174814116354,0.008662168159436323
2019-06-06,0.0006373608083076743,0.0006433001246091141,0.00650257891489181
2019-06-07,0.0005098305217092758,0.0005190026892916144,0.010006980084850126
2019-06-10,0.00040288782861552797,0.0004131302711787299,0.004589016733120621
2019-06-11,-0.0005863024472466671,-0.0005866206002522745,-0.00024213548652862737
2019-06-12,-0.0002851802519938662,-0.0002891424878229687,-0.0017653653908005218
2019-06-13,0.0001740648686889834,0.00018803278869139461,0.004126352575871239
2019-06-14,-8.895035738598622e-05,-8.893161068490585e-05,-0.0011048924737503407
2019-06-17,-0.0003893496356111026,-0.00038876981175628433,0.0003800834394382946
2019-06-18,0.00042887837845628773,0.00042811313034829546,0.010470856123007577
2019-06-19,6.042418819163231e-05,6.052087521823957e-05,0.0022572927089736794
2019-06-20,0.00032638426747677585,0.0003257499101718686,0.009554547138143743
2019-06-21,-0.0008258521772943617,-0.0008247306787806385,-0.0014538498480263229
2019-06-24,4.094937490339845e-05,4.090988572613696e-05,-0.001224196728944471
2019-06-25,-0.0005844820175410215,-0.0005835328046934762,-0.009808116418850155
2019-06-26,0.0001558482039918374,0.00015541610861768973,-0.0009974257349592008
2019-06-27,0.0005572975269567682,0.0005565358765549089,0.0035457439582313732
2019-06-28,0.0005615341253932815,0.0005603703018024486,0.005146039249199763
2019-07-01,0.0007250954884163718,0.0007240248941389194,0.009078316467368897
2019-07-02,0.0008156707009250308,0.0008145120625522306,0.0026044901841686396
2019-07-03,0.00044586425509818284,0.0004451487380519037,0.007995266805708612
2019-07-05,-0.0002025987286445874,-0.00020219395894216508,-0.0011380785478315447
2019-07-08,-0.0009841585557985866,-0.0009826957045722118,-0.005495021988262017
2019-07-09,0.00036669705420400156,0.0003660471090218831,0.0012469272028761136
2019-07-10,-0.00012763818135597127,-0.0001273596829728385,0.0047779823567981605
2019-07-11,0.0005003319784835369,0.0004996081809740538,0.0023444404048489353
2019-07-12,0.0007501960808253827,0.0007488950388796489,0.004476859202404482
2019-07-15,-2.5366002406101984e-05,-2.526809713776501e-05,0.00033235767365868973
2019-07-16,-0.00033830723539807206,-0.0003378268714614441,-0.003225243129726274
2019-07-17,-0.00012895379110189342,-0.00012850426899457812,-0.006804793285358546
2019-07-18,0.0010746122911540201,0.0010729227391113039,0.0036607117556222146
2019-07-19,-0.0014482796582702129,-0.0014458734780994353,-0.00555477695624218
2019-07-22,4.906123405690188e-05,4.885201261095595e-05,0.002456367633961287
2019-07-23,-0.0002567168511046214,-0.00022402807181964857,0.007149722298366523
2019-07-24,-0.00036652691726357656,-0.00036590156331239854,0.004699554551389706
2019-07-25,4.1398287756289065e-05,4.1390450846279236e-05,-0.004776714587059971
2019-07-26,0.00047771657152728686,0.0005067607877933256,0.006700070828448812
2019-07-29,-0.0013472038491839644,-0.0013461459385778474,-0.0018213624248690774
2019-07-30,-0.0008219843610512978,-0.0008207202156973459,-0.0024544575993771245
2019-07-31,-0.0010357149460165083,-0.0009978308447026185,-0.010940236080142385
2019-08-01,0.00030619900615458384,0.0003059579500566123,-0.008708191510037322
2019-08-02,-0.0006820396238119697,-0.0006481978076069428,-0.0075295046763191875
2019-08-05,-0.0010705082194742976,-0.0009505150153793496,-0.030072832464719812
2019-08-06,0.0020751896716697527,0.0021050033351688313,0.014022759876988422
2019-08-07,0.0004541002332678623,0.0004839451505673775,0.0005907884565259369
2019-08-08,0.002218120379420929,0.0022478686841373996,0.01961982182795774
2019-08-09,-0.0008132599011327901,-0.0008130075885712795,-0.006811496999132971
2019-08-12,-0.002108953725434848,-0.002078659572885333,-0.012173514556663267
2019-08-13,0.0029616471493059127,0.0029611029176312975,0.01555183081030842
2019-08-14,-0.00491334421032652,-0.004912470628815724,-0.02956769216104338
2019-08-15,0.0014497095688617012,0.0014494677428569247,0.0026419587350297036
2019-08-16,0.00287429417729812,0.002873777699313518,0.014754960498849723
2019-08-19,0.0018145469302828232,0.0018142232410895964,0.012048018932232507
2019-08-20,-0.0011627306063587417,-0.0011624855280638613,-0.007662771299021154
2019-08-21,0.002662661573685998,0.00266210716577997,0.008135547369639617
2019-08-22,0.00036926702641237874,0.00036923429692148346,-0.000308076683866898
2019-08-23,-0.0034663638631380334,-0.0034657569321062676,-0.025687536225232566
2019-08-26,0.0017047359428561393,0.0017044489779802774,0.011058363306560626
2019-08-27,-0.0005965060046669857,-0.0005964688035690058,-0.003923345866815642
2019-08-28,0.00019116193545709592,0.00019113632097522704,0.007041576436231711
2019-08-29,0.0033999732854732567,0.0033992844114332232,0.012772842099287418
2019-08-30,0.0010930541915121772,0.0010928830522154431,-0.0004440171297499518
2019-09-03,-0.0007410351364083301,-0.0007408432718915003,-0.005847316314925632
2019-09-04,0.0028154222549250374,0.0028149235982615206,0.011350154419905722
2019-09-05,0.0028419760524769355,0.002841347492822388,0.012855659613108639
2019-09-06,6.746773356747227e-05,6.746194558915342e-05,0.0007720619606459422
2019-09-09,-0.0025073090259638553,-0.0024767138729699933,0.0005032834498757133
2019-09-10,-0.001941922580438571,-0.0019416617025925786,-0.00023452778500909766
2019-09-11,0.0013929978421680644,0.0013925589268235505,0.007110791161183849
2019-09-12,0.0017994881905949445,0.0017990457806276172,0.0034641047158137095
2019-09-13,-0.00040931576729286157,-0.00040919498161162693,-0.000663978065331694
2019-09-16,-5.6828948774456656e-05,-5.6884425069791966e-05,-0.0030889191888862078
2019-09-17,0.0015060782326346,0.0015058222840018676,0.0025321419814714474
2019-09-18,0.0002701666625537502,0.0002701091936867517,0.0005982475501744577
2019-09-19,-0.0016065879437897612,-0.0016061612169694373,-6.684482951879733e-05
2019-09-20,-0.00032310845667282706,-0.00032290822959268883,-0.004724467225724838
2019-09-23,7.084452799732688e-05,7.076747806955552e-05,-0.00023485703572656558
2019-09-24,-0.0015863339838044777,-0.001585903653430809,-0.007846882029623359
2019-09-25,0.0005964058190028876,0.000596180748873687,0.0059148069896088895
2019-09-26,0.0007668515717478286,0.0007666020189682765,-0.002083156733802549
2019-09-27,-0.001587409175449972,-0.0015870955574426304,-0.0053872900428653114
2019-09-30,0.0012330863599927522,0.0012329008807154818,0.004637664876704806
2019-10-01,-0.003191993750356059,-0.0031913289409023493,-0.011894434591577019
2019-10-02,-0.0035268675046370435,-0.003526176915770507,-0.017664899559444502
2019-10-03,0.0014771307656318289,0.0014767747048454183,0.008192454357178969
2019-10-04,0.0031008464991097995,0.0031002060786917696,0.013532454582607212
2019-10-07,-0.0009506133665176941,-0.0009504280118924902,-0.004314807710553037
2019-10-08,-0.004089457762440518,-0.004088473680851856,-0.015524138327867032
2019-10-09,0.0021015288220871398,0.0021011275571158894,0.009495940372685974
2019-10-10,0.0017754448428168867,0.0017751896701789782,0.006763675599713137
2019-10-11,0.0023555058454654,0.002355022268898388,0.010366855231971117
2019-10-14,-0.0003464767814885805,-0.00034645165467994676,-0.0011137952950345253
2019-10-15,0.002643714295045063,0.0026431542420974896,0.009900058065358097
2019-10-16,-0.0012981724295191288,-0.0012978798699174732,-0.0016057166174799908
2019-10-17,0.001970403795179765,0.0019700686018300217,0.0029489439355911973
2019-10-18,-0.0005487311784901916,-0.0005485602956907254,-0.00437671335153389
2019-10-21,0.0009163751953287225,0.0009423706110127661,0.006778773509141356
2019-10-22,-0.0005000672371029413,-0.000499936550328095,-0.0032667834145981844
2019-10-23,0.0015388948153367554,0.001538436728455883,0.0029097652425404963
2019-10-24,-0.0007976975492860472,-0.0007674159118398194,0.001634215547294815
2019-10-25,0.00074647697915875,0.0007461439057532271,0.004094818051380011
2019-10-28,0.0013266830420697318,0.0013563195623933488,0.005636699066540629
2019-10-29,-0.0015226772755088103,-0.0013870071733298461,-0.00029680233020423774
2019-10-30,0.0011658878073066425,0.001199612161985053,0.0030672376218152664
2019-10-31,-0.0006409190173252144,-0.0005817969001497003,-0.0026633998053989805
2019-11-01,0.00022486262508647492,0.0002587029998408763,0.009263899490793648
2019-11-04,-0.0009981707393689199,-0.0009979891648719263,0.0040176411762884445
2019-11-05,-0.0003955788270710858,-0.000366842985964122,-0.001106199302856381
2019-11-06,0.00029047811591209616,0.00032032706648954523,0.00022805405408377055
2019-11-07,-0.0007094829828081517,-0.0007094337184645472,0.0035166791302665423
2019-11-08,-0.0005459159674034986,-0.0005457789790969114,0.0024661819303306576
2019-11-11,0.00030303060327208087,0.0003029485298819967,-0.0019098805806061492
2019-11-12,0.0004776609964367573,0.00047751619345426377,0.002108017060587164
2019-11-13,0.0004679403569693985,0.00046786734583381673,0.0003239639566083863
2019-11-14,0.00013496204255458721,0.00013497353197666762,0.0014555106830380637
2019-11-15,0.00013518527462119678,0.00013519021647767637,0.007236250002724098
2019-11-18,0.0011199609971819235,0.0011196482960496024,0.0007377572590392401
2019-11-19,-6.876245552145388e-05,-6.866776359581994e-05,-0.00028861579325079045
2019-11-20,-0.00010001047205410174,-9.996207621798536e-05,-0.0037183797427075005
2019-11-21,-0.00025323966550006016,-0.0002532638121137687,-0.0016091827279244297
2019-11-22,-6.506340515655129e-05,-6.504616736480173e-05,0.0022238970115446843
2019-11-25,0.0002404054444902215,0.00024024063380867489,0.007750423688599017
2019-11-26,0.0013289416844821655,0.001328575281163591,0.002265506026693842
2019-11-27,0.00024467597255317663,0.0002446588845284037,0.004457626772822021
2019-11-29,-0.0001594046868866883,-0.00015936991188969518,-0.0037088235168341033
2019-12-02,-0.00024248995216480385,-0.00024240962789567888,-0.008494734760325362
2019-12-03,0.00015769249070762825,0.00018873844745415091,-0.006706539880194318
2019-12-04,0.00014291278684286368,0.00014283702570438983,0.006170201638297623
2019-12-05,0.0007902175192604499,0.0007900691811744132,0.001798049889062181
2019-12-06,5.130598232350181e-05,5.123742541535137e-05,0.009133879137866785
2019-12-09,-0.00018140310328984555,-0.00018137901962489433,-0.0031442171972493327
2019-12-10,-0.0002706398676740607,-0.00027050376491655204,-0.0011148484053318253
2019-12-11,0.00011151009123810951,0.00011155126122863734,0.0028388019005956
2019-12-12,-0.0003178063715414403,-0.00031772972733346005,0.008618984421294051
2019-12-13,9.14148824717742e-05,9.138543635112129e-05,0.0005990921621343848
2019-12-16,-0.0002595446023745396,-0.00025950237616367833,0.006869650739520505
2019-12-17,-0.00047874978869855145,-0.000478719291091001,0.0002195754930101046
2019-12-18,0.00029343319817098923,0.0002934561826217763,6.237530216668397e-05
2019-12-19,3.1984792338457524e-05,6.196413108927601e-05,0.004098572159027203
2019-12-20,0.0003706250206121364,0.0003704863597542296,0.004384648799794499
2019-12-23,9.526432101147897e-05,9.541012393743387e-05,0.0015277235945236889
2019-12-24,0.00010246792011980865,0.00010244442798224007,3.124135703691522e-05
2019-12-26,0.0006866169388413113,0.0006864700681723512,0.0053232982403201845
2019-12-27,8.253169155647555e-06,8.24507511731909e-06,-0.00024776824107930473
2019-12-30,0.00020676561624255463,0.00020678341080193618,-0.005513377966925748
2019-12-31,0.00010263059141957243,0.00010260372924175698,0.002429526027089457
2020-01-21,0.0,0.0,0.0
2020-01-22,-0.00017407308570349667,-0.00014407308570352217,-0.004202563007577931
2020-01-23,9.644402470176949e-05,9.644113096407558e-05,0.0011469617264452392
2020-01-24,-2.2123932334472407e-05,-2.21232685849726e-05,-0.008893010688934666
2020-01-27,-0.0002535704566751784,-0.00025356284903066406,-0.016029751322992225
2020-01-28,0.0004386127585276345,0.00043859959588932185,0.010479243979687025
2020-01-29,-0.0004424625223070633,-0.0004124539464550603,-0.0008260108082666084
2020-01-30,0.0006852639901373525,0.0007452377469767679,0.0032456332437516
2020-01-31,-0.0017257441139060248,-0.0017256109039034406,-0.018158023632194653
2020-02-03,0.0009442769734766543,0.0009442013803371285,0.007428663290229176
2020-02-04,0.0014288670954034632,0.0014287620870665485,0.015241192111092428
2020-02-05,0.0007865532353241722,0.0007864905678962586,0.01154786328116475
2020-02-06,0.0006363335616088595,0.0006662935426369199,0.0033647741920910246
2020-02-07,-5.5447594394797406e-05,-2.5429353952333145e-05,-0.005329909295971991
2020-02-10,0.0007440353708463299,0.0007439200105743282,0.007465808778101879
2020-02-11,-0.000734304005608144,-0.0007042890503716759,0.0017329068991756014
2020-02-12,0.001501259082058004,0.001531037956220782,0.0064429103959129375
2020-02-13,-8.137034695698819e-05,-8.137799532570433e-05,-0.0010671099562910014
2020-02-14,0.000258699334646062,0.0002886354823219417,0.001602076116987261
2020-02-18,-0.00017850462469237716,-8.849714175829249e-05,-0.002576977522802948
2020-02-19,0.0006232516951210076,0.0006231490650596694,0.004781235715548782
2020-02-20,-0.00044633287924589204,-0.00041635512063886715,-0.00410803541925675
2020-02-21,-0.003421219208534332,-0.003300671316197601,-0.010298507299150494
2020-02-24,-0.010562047571058386,-0.010321381792140372,-0.033165192706187785
2020-02-25,-0.01566981552324831,-0.015633195673742772,-0.03030250035341009
2020-02-26,-0.003241970057633492,-0.0030911189198220557,-0.0036777114305662773
2020-02-27,-0.024049904644761866,-0.02397920939279652,-0.04491196842596923
2020-02-28,-0.013775220644849595,-0.013591856976667316,-0.004201612889579098
2020-03-02,0.03611498517464651,0.036151817514758156,0.04330670169869144
2020-03-03,-0.020898041625822095,-0.020825565626361953,-0.028632444942784607
2020-03-04,0.03609091806428788,0.03609567936709701,0.04203305440523253
2020-03-05,-0.026800838566464646,-0.026782750266703292,-0.033241739261780534
2020-03-06,-0.013463556815417665,-0.013452442307704815,-0.016531288938966937
2020-03-09,-0.06253024793840378,-0.062484141374047675,-0.07809450006566843
2020-03-10,0.03790930954239191,0.03788048629596097,0.05174483030242372
2020-03-11,-0.04239808289484048,-0.042365320151466324,-0.04874798973163075
2020-03-12,-0.08179508974372662,-0.0817303828653102,-0.09567739559873611
2020-03-13,0.06527650142422559,0.06522115237995951,0.08548639013424397
2020-03-16,-0.1082067014116479,-0.10811943189963591,-0.10942363350142259
2020-03-17,0.04709468438341058,0.04705473568618257,0.05399177233447627
2020-03-18,-0.051328942341615114,-0.051284890646724035,-0.05063299458072379
2020-03-19,-0.002233133899610551,-0.0022341273599990608,0.002125239940806045
2020-03-20,-0.04081136806576724,-0.04077329805185992,-0.04309433305065269
2020-03-23,-0.03143990708358024,-0.03138517802785401,-0.025568138523694106
2020-03-24,0.08657691665198719,0.08652777645950227,0.09060325945836323
2020-03-25,0.025994771695869945,0.025971244606847188,0.01497006419427338
2020-03-26,0.056954717872407024,0.05690443981498783,0.058389801015809706
2020-03-27,-0.02404362931017634,-0.024021096103609252,-0.029785584237364437
2020-03-30,0.02791252697311042,0.027921037433400464,0.03247584880882304
2020-03-31,-0.022122814489452525,-0.02210617773500756,-0.014905529724725253
2020-04-01,-0.04217723871795398,-0.042138710242540234,-0.045004900814416215
2020-04-02,0.015279571313411733,0.015266662470661885,0.023075440836357375
2020-04-03,-0.019131303213315687,-0.019113516970695188,-0.01445421318707385
2020-04-06,0.06814444952267573,0.06808153583501686,0.06716629754856163
2020-04-07,0.006664218591602156,0.006659162052614187,0.0010195491269804347
2020-04-08,0.04413796832768768,0.044131350623589194,0.03356793814381742
2020-04-09,0.0232407463006854,0.02322134874010251,0.015217755403604372
2020-04-13,-0.02282175299798328,-0.022806278861241203,-0.00913018179105396
2020-04-14,0.03057776886725616,0.0305522530943394,0.02949265553853886
2020-04-15,-0.02870070913180467,-0.02867869230487552,-0.021248006061268088
2020-04-16,0.006795553561866008,0.006789691239896811,0.004824532504223766
2020-04-17,0.030836851597942028,0.030814282867855702,0.0270154143745156
2020-04-20,-0.020370366074675128,-0.02035581888843374,-0.01761792701018139
2020-04-21,-0.023489907879809535,-0.023470133685785988,-0.030363410362569176
2020-04-22,0.015491801755141754,0.015511088402766715,0.02219467451727386
2020-04-23,-0.00271064125699505,-0.002709364289392946,-7.202978745524113e-05
2020-04-24,0.01317611560505072,0.013187424270691528,0.013939216229569729
2020-04-27,0.025761703253350365,0.025770967152128232,0.014418117628747007
2020-04-28,0.0011306437709561745,0.0011327750434830808,-0.004598357707802481
2020-04-29,0.013986786583108701,0.014003061482681822,0.026178474524117146
2020-04-30,-0.01804641182716027,-0.018002644938249546,-0.009310530711402754
2020-05-01,-0.02565474811616575,-0.02560199258473006,-0.026473717709630806
2020-05-04,0.0012972801239394816,0.0013509870458796591,0.0027585248316790434
2020-05-05,0.013949560580291731,0.013957564041823245,0.009239093535952758
2020-05-06,-0.009223334057079646,-0.009184591297928035,-0.0067785306887657715
2020-05-07,0.008533981690288739,0.00857619264382925,0.012066759479465672
2020-05-08,0.018317857207669874,0.018301464185995764,0.016545855730214942
2020-05-11,-0.004952397481502335,-0.004949967786841869,0.00020560472548569741
2020-05-12,-0.023711591829963297,-0.023633382822891624,-0.019931801630628132
2020-05-13,-0.016287729564801845,-0.016177831432362066,-0.017685689496996226
2020-05-14,0.010289124414601947,0.010279644367721108,0.011967268280660415
2020-05-15,0.005552552275526645,0.005572054903063561,0.00459691086653069
2020-05-18,0.03786142521022162,0.03794170135395203,0.030459762478702634
2020-05-19,-0.003724623822915274,-0.0035036217006175763,-0.010271667061036216
2020-05-20,0.011715954838682707,0.011741961758864772,0.016988668849524435
2020-05-21,-0.0030686767407626103,-0.00293504718729265,-0.006904290715352146
2020-05-22,0.002900354108232417,0.0029535374225724276,0.0018991757640549611
2020-05-26,0.010520549093202325,0.010702960364880498,0.012320564624969776
2020-05-27,0.010131012398260308,0.010184219613156742,0.014879188592889836
2020-05-28,-0.002366810659556573,-0.002300834850753053,-0.0018452723826944961
2020-05-29,0.001062132515575076,0.0011235287424282703,0.004455959895920403
2020-06-01,0.0024617646323494835,0.00245803117459209,0.004041693629930343
2020-06-02,0.006778670866452119,0.006770024517101625,0.008279955130859662
2020-06-03,0.006100718234186342,0.006123280108442097,0.013308505317488617
2020-06-04,-0.005845845763090107,-0.005837460878610812,-0.0026265506498130975
2020-06-05,0.012253235417982955,0.012237238972157005,0.025629317200602575
2020-06-08,0.001981459464112989,0.001979380456659685,0.012087458431207176
2020-06-09,-0.003912027269601714,-0.0039085569997651115,-0.007456434446094562
2020-06-10,-0.002923392184075446,-0.0029211183244278738,-0.005580172331298816
2020-06-11,-0.02481219750448982,-0.024780168576122974,-0.05764920517903449
2020-06-12,0.007463798683273293,0.00745311647456548,0.011976033946470288
2020-06-15,0.008350327320926443,0.008340097611465591,0.009335495415337514
2020-06-16,0.008891562840509959,0.008879670611753987,0.01924768189870063
2020-06-17,-0.0004484226885600462,-0.0004233192043167078,-0.004153689164510199
2020-06-18,-0.00025598666884063537,-0.00021332184857569825,0.00038510070324493384
2020-06-19,-0.0024780700586145565,-0.002475938001816891,-0.005715104573399965
2020-06-22,0.003011386771787361,0.0030438081459358557,0.006415295272893307
2020-06-23,0.0011492057079744988,0.0011476659309457293,0.004603532476432859
2020-06-24,-0.009702249213121794,-0.009657567280289325,-0.025508729402108132
2020-06-25,0.0037126285118229685,0.0037365439395027344,0.010720647348678947
2020-06-26,-0.0069761615637009555,-0.006965261040766335,-0.02375143458911355
2020-06-29,0.00418998740933163,0.004183509592988521,0.01469757369186464
2020-06-30,0.006248454329962128,0.006239683037565058,0.012809467195298962
2020-07-01,0.0012403322246590243,0.0012362403799839328,0.007004819988407851
2020-07-02,0.0006048194695387199,0.0006047203450190164,0.005507103731598795
2020-07-06,0.005633617479599229,0.0056648578728468735,0.015437067944463756
2020-07-07,-0.004201551252877023,-0.00419685500755862,-0.010313855204298839
2020-07-08,0.003358401439598202,0.00335322944587757,0.007648858467744546
2020-07-09,-0.0026964725477175433,-0.002692233060794469,-0.005693045614445835
2020-07-10,0.004134498084087612,0.004124623837143515,0.010210502723494663
2020-07-13,-0.004909080541502964,-0.004902732069433702,-0.008658769402027255
2020-07-14,0.006162727056271633,0.006154003495240756,0.012959151297302629
2020-07-15,0.004943269820477214,0.004936972506832893,0.00918702782837344
2020-07-16,0.00019108856916649763,0.0001891450136444206,-0.0032933694760686194
2020-07-17,0.0003906161234132899,0.0005009905267243653,0.002898818776914336
2020-07-20,0.0013265378628886104,0.0013271214692696098,0.008081604743493509
2020-07-21,-0.0010734356979583692,-0.0010143042057904061,0.002127915871626085
2020-07-22,0.0027128317479256925,0.0027083805077530165,0.005691899055724869
2020-07-23,-0.005884801111165405,-0.005877776455444517,-0.011931927671168685
2020-07-24,-0.0011141806321446346,-0.0010798103861527908,-0.006440254832891235
2020-07-27,0.0032438297738788258,0.0033156230747282134,0.007292431816570133
2020-07-28,-0.0020854686373491527,-0.0020526527352241475,-0.006342468204663998
2020-07-29,0.0031847069519646,0.003272571269918645,0.012298681890286378
2020-07-30,-0.001152854194925279,-0.0010596985553936733,-0.0035677044882919118
2020-07-31,-0.0009063515120782961,-0.0008064521768208488,0.007902156008822603
2020-08-03,0.0017924948892507064,0.0019722943940612137,0.006951998045748864
2020-08-04,0.0017737506711497097,0.0018035816651607028,0.0038626236074412734
2020-08-05,0.0034093305962097364,0.0034980074338077927,0.006211131361955946
2020-08-06,0.0014848107875220506,0.0016094563888569002,0.0066843397954086115
2020-08-07,0.0003472428471811284,0.00046818916228441587,0.0007179109695008012
2020-08-10,-0.00301153441707791,-0.0029794319249147883,0.002988934626810602
2020-08-11,-0.0066262438542741275,-0.0066213957883237695,-0.008254721767575468
2020-08-12,0.010723833854054732,0.010746043393188742,0.013942490346746439
2020-08-13,0.0016552734615240539,0.0016529493393511174,-0.0018077211608322763
2020-08-14,-8.55144383470341e-05,-2.661672777415358e-05,2.978545203569105e-05
2020-08-17,0.0035347619221279825,0.0035323887692404465,0.0031762970093140996
2020-08-18,0.0009651450501886316,0.0009639706521771263,0.002160605429621043
2020-08-19,-0.0011519619503708167,-0.0011220259661846033,-0.004163763310597979
2020-08-20,0.0019102930609409263,0.0019069182003059737,0.0031136162070781737
2020-08-21,8.235589560268153e-05,8.19305201391618e-05,0.003547345304731886
2020-08-24,0.0005997382453830635,0.0006300664337430817,0.010133234849614592
2020-08-25,0.0029856450023668657,0.0029833403076433562,0.0034993464276431574
2020-08-26,0.005346521744375776,0.005370686348371345,0.01002527266901665
2020-08-27,-0.002260429104497419,-0.002195716424740368,0.002186768725431776
2020-08-28,-0.00012789249615230425,-9.890657632483091e-05,0.006459299204947699
2020-08-31,0.003997121670420212,0.004054385616840461,-0.0036223561736881127
2020-09-01,0.004627804395346935,0.004682995956129865,0.009418680192173845
2020-09-02,0.009843458184465748,0.009836906936804057,0.014463789649124648
2020-09-03,-0.025813929652415357,-0.02573474238086204,-0.03441424403026827
2020-09-04,-0.012512824385908727,-0.01250218314088436,-0.00816468449578478
2020-09-08,-0.018006912957303722,-0.01799138317514215,-0.02732321673380711
2020-09-09,0.017960323554687685,0.017946535682194176,0.01974764827884412
2020-09-10,-0.013313781220251508,-0.013303566395344246,-0.017363720977525032
2020-09-11,0.0009141776173164917,0.0009134727113435659,0.0005092193273708023
2020-09-14,0.010627049241685338,0.010618264275483291,0.013171208607333673
2020-09-15,0.0030909405806835988,0.0030878485014513846,0.0050521954519346934
2020-09-16,-0.004051824500733159,-0.004049824360124021,-0.003968762027310002
2020-09-17,-0.006815387561490804,-0.0068096671726171065,-0.008795010686259985
2020-09-18,-0.003750733307600229,-0.003748248857120773,-0.011512776702263694
2020-09-21,-0.004443384563824093,-0.004407666385289666,-0.011129301640449896
2020-09-22,0.007161672841356825,0.007156396163507273,0.01018410154046201
2020-09-23,-0.015669322527392504,-0.01565670711439371,-0.023190888134050125
2020-09-24,0.002085658576416849,0.0021134117928347518,0.002664981764267882
2020-09-25,0.012900609732930723,0.012888654438086622,0.016167604097701016
2020-09-28,0.010891445275341916,0.010882460766882929,0.01660881375940293
2020-09-29,0.00034847848767038947,0.0003475872039688799,-0.005445657582880958
2020-09-30,0.00846961680084024,0.008462373873332485,0.007582001464812249
2020-10-01,0.007019471004278577,0.007012994022727703,0.006419932786187799
2020-10-02,-0.004482133931231647,-0.004449091637203195,-0.009494398794593906
2020-10-05,0.013951578869315417,0.01393977091357268,0.017733066386504515
2020-10-06,-0.01058205435427284,-0.010574240151857262,-0.014215865581074794
2020-10-07,0.015147275430823948,0.01513396295031022,0.017406543129391938
2020-10-08,0.005613517616707364,0.005641204634842856,0.008862617198674316
2020-10-09,0.005991475445892291,0.005988217116524863,0.008930095930531845
2020-10-12,0.009441867646005075,0.009433648540907447,0.016087624129604627
2020-10-13,0.0023914813748282526,0.002389389536675779,-0.006526381173558193
2020-10-14,-0.006468173962961066,-0.006384453372441645,-0.006283289726677577
2020-10-15,0.0014073349841692284,0.001406603041761878,-0.0012358265106896527
2020-10-16,0.0006262453667198464,0.0006258254701934085,-0.0006043475507832019
2020-10-19,-0.010303444440630027,-0.01029472181467228,-0.015203287230199147
2020-10-20,0.0028943746376186574,0.0028922625446210493,0.004005682488809281
2020-10-21,-0.0014957625789338014,-0.0014640658576621224,-0.0018929013309282317
2020-10-22,-0.0027665261156883947,-0.0026785988285049633,0.0054853816480975315
2020-10-23,0.006253950606419201,0.0064048026309690975,0.003395041754625572
2020-10-26,-0.014585964861353107,-0.014483830586088153,-0.018479935366158107
2020-10-27,-0.0023917666635832058,-0.0022107793049217506,-0.003447552059625214
2020-10-28,-0.016440582727928144,-0.016332709622336572,-0.03417851955399909
2020-10-29,0.0010204201074184294,0.0011704511615315827,0.010163277320645037
2020-10-30,-0.006017864385544303,-0.005778134013438074,-0.010424715690027897
2020-11-02,0.011720627976945286,0.011832613319709528,0.011208276120075356
2020-11-03,0.014728259093547802,0.014741063714598823,0.017655987224070024
2020-11-04,0.01625223118318142,0.016327578411120758,0.02234947128117759
2020-11-05,0.01204018216488012,0.01208857155147447,0.01950261009833887
2020-11-06,0.0006000445585914171,0.000598435779319173,-0.00022862441977100634
2020-11-09,-0.01917729773330712,-0.01902955495302805,0.012565690217154035
2020-11-10,0.0032069596044599358,0.0032029945548153194,-0.001466646210516953
2020-11-11,0.0103524839640885,0.010399843374708784,0.007428862806788228
2020-11-12,-0.008224063083432487,-0.008215505603379136,-0.00970093259572724
2020-11-13,0.0101003815339058,0.010089821289433143,0.013844186020804505
2020-11-16,0.011323835041846975,0.011311981400065063,0.012482686676664079
2020-11-17,-0.004043148488278359,-0.0040395601408056425,-0.005378234544979099
2020-11-18,-0.008728055066585694,-0.00871854207839673,-0.01203486417527444
2020-11-19,0.0066970757321742624,0.0067151465397941035,0.004210042602859954
2020-11-20,-0.003597638699476269,-0.003568548666954885,-0.00684754967645651
2020-11-23,0.006473551650077569,0.006524847827861002,0.005994388426276087
2020-11-24,0.0022951834672231275,0.00235602098015697,0.016113854627079816
2020-11-25,0.0012488356412498902,0.001336385464019152,-0.001541813621014687
2020-11-27,0.0008265778877933894,0.000823682160428385,0.0027849330777587333
2020-11-30,-0.0018162149399409966,-0.0017531521662844662,-0.004427104491875999
2020-12-01,0.00610751382908159,0.00610116521641868,0.010937581250257677
2020-12-02,-0.0021904473170685224,-0.0021879637420088027,0.002103516060226296
2020-12-03,0.0005357805683663397,0.0005348942951715063,-0.000272705359855685
2020-12-04,0.006109675497235401,0.0061336863718035595,0.008617421755840793
2020-12-07,-0.00010694576751757445,-7.766242968576531e-05,-0.0020548053665061516
2020-12-08,0.00017823463616117863,0.00017842908344722908,0.002926291467487463
2020-12-09,-0.006236880236856979,-0.00623081182625751,-0.008969038760209602
2020-12-10,0.0010862963389337565,0.0010849524555325285,-0.0003269584699606698
2020-12-11,-0.003771586102399249,-0.0037685032667112983,-0.0011724730926673255
2020-12-14,0.000317823736029732,0.00031711158295855135,-0.004477158263714753
2020-12-15,0.00787558961050805,0.00786668952462044,0.01351928267608371
2020-12-16,0.0002738049878197035,0.0002738383856144555,0.0015694040517126862
2020-12-17,0.009056705121330166,0.009044489475324324,0.0055919284014345205
2020-12-18,-0.002118282979320485,-0.002088540260443361,-0.003992912313974473
2020-12-21,-0.003819148660479166,-0.0038142529914585444,-0.003575274426252384
2020-12-22,-0.00013413102196968563,-0.00013313073046161694,-0.0016853631179638562
2020-12-23,-0.001966671364491801,-0.001965135435312737,0.0008985176567020137
2020-12-24,0.002601111691395319,0.0025986577271885913,0.0038904098734411363
2020-12-28,-0.001531828563406834,-0.0015298327988220173,0.008590700003830554
2020-12-29,-0.003198582503077252,-0.0031661589888650754,-0.001907706118177921
2020-12-30,0.0023881675623735887,0.0023848437702043146,0.001426706743954398
2020-12-31,0.0027302375837234827,0.0027282984013101697,0.00508117542658959
2021-01-06,0.0,0.0,0.0
2021-01-07,0.0,0.0,0.006466901485885357
2021-01-08,0.0,0.0,0.005697673903205525
2021-01-11,0.0,0.0,-0.006740521258105092
2021-01-12,0.0,0.0,0.00021089891486236745
2021-01-13,0.0,0.0,0.002693091437587114
2021-01-14,0.0,0.0,-0.0035021994367678833
2021-01-15,0.0,0.0,-0.007292538691798578
2021-01-19,-0.00023252892823721893,-0.00020252892823724444,0.007851771105696237
2021-01-20,0.0005738919564068912,0.0005738747361605512,0.013839013097133979
2021-01-21,9.92777855886029e-05,9.927480836036118e-05,0.0009118153381690863
2021-01-22,1.820710209909926e-05,1.8206556142930097e-05,-0.0035398409172407996
2021-01-25,0.00023973626611906163,0.00026973765762772217,0.003943782299774989
2021-01-26,-3.0926254806162845e-05,-3.092901726231556e-05,-0.001560687408746264
2021-01-27,-0.000931898881111004,-0.0009318497765523626,-0.024440685049318955
2021-01-28,0.00013352262363963696,0.0001335112379294845,0.008600241997579916
2021-01-29,-0.0013613221706813006,-0.0013013126167726874,-0.020019576876670664
2021-02-01,0.0026972649920857794,0.002727159137886348,0.01664561525715702
2021-02-02,0.0017206977849482108,0.0017204963385755168,0.014140216066375721
2021-02-03,-0.0011834720558228096,-0.0011534420837111536,0.0007862383335788259
2021-02-04,0.0004696139830777657,0.0004995098882192295,0.011365743471086986
2021-02-05,0.001146530239224397,0.0011763515139209257,0.00393583059607705
2021-02-08,0.001313143488921753,0.00140296471226109,0.007221973890623401
2021-02-09,-0.0008100759868406859,-0.0008099901292619727,-0.0006658564794111976
2021-02-10,0.0004067463430992291,0.0004066250865824017,-0.00043572922210732834
2021-02-11,0.0011053814526762462,0.0011352375387405633,0.0016153757076717845
2021-02-12,0.0013111408585502193,0.0014010650579103778,0.004939589201850225
2021-02-16,-0.0017945249359228033,-0.0017640956215004833,-0.0008659020704113729
2021-02-17,-0.00030498649616983453,-0.00030476054058825586,0.00022936602340872803
2021-02-18,-0.0011371530217400005,-0.0011367258858984153,-0.004255859037820664
2021-02-19,-0.000389483533324686,-0.00035915305288070076,-0.0017659490913862763
2021-02-22,-0.004338658319584687,-0.004277327441772338,-0.007691607850319193
2021-02-23,-0.0009333005485090418,-0.0008135769698439654,0.001214034308110623
2021-02-24,0.00818389532829733,0.008241462251227683,0.011019343007416138
2021-02-25,-0.012977962923231057,-0.012912220752349657,-0.02409566512161454
2021-02-26,-0.0020562365292325913,-0.0018454156044199754,-0.005152474997699108
2021-03-01,0.013884639501104745,0.013967330524965238,0.024240099608968446
2021-03-02,-0.001605715165977184,-0.0015739495777720158,-0.007803333136561341
2021-03-03,-0.010415642150439774,-0.01037776931625134,-0.0132457545276089
2021-03-04,-0.011246935757829646,-0.011239478407616632,-0.012374798212103966
2021-03-05,0.015932132786842468,0.015921053449816425,0.01839651087988492
2021-03-08,-0.00020800741393012245,-0.00020569764944255997,-0.0049784486516054605
2021-03-09,0.007533941443085279,0.007527431306202148,0.014277267854461151
2021-03-10,0.004525346353992932,0.004522991251359798,0.006224730408761481
2021-03-11,0.010369618363686772,0.010362899341817444,0.01013897118260565
2021-03-12,0.0018340782788524024,0.0018642021136741072,0.0013468616165204228
2021-03-15,0.008483079509102653,0.008476995971901324,0.005963553968804769
2021-03-16,-0.0045001246925145955,-0.004498285088453291,-0.0012612751138160183
2021-03-17,0.005676532659914413,0.005670603576422684,0.0034101179231544876
2021-03-18,-0.007642781529649478,-0.00763596016398882,-0.0145497196423372
2021-03-19,-0.0013350642071369156,-0.0013346880631306401,-0.0018503857186513706
2021-03-22,0.004776489398525374,0.004802134992275997,0.007984916517992824
2021-03-23,-0.006554865450087877,-0.0065506679597492345,-0.007870719803094395
2021-03-24,-0.0022734166500895103,-0.0022712061337574196,-0.005083693985145632
2021-03-25,0.006697057514584381,0.006693163118520307,0.005625509791168382
2021-03-26,0.016460650491235906,0.01644959513216926,0.01611520510962028
2021-03-29,-0.001013902404676581,-0.0010135831934211526,-0.0005050677201268172
2021-03-30,-0.0024111140665866726,-0.0024090298144694433,-0.0026529869357011515
2021-03-31,0.0016398469789362657,0.00163802787222056,0.004053336989545464
2021-04-01,0.007030036158051978,0.007025498634234406,0.01079898770728227
2021-04-05,0.009234890378967409,0.009228118288759468,0.01435300091246905
2021-04-06,0.0004902947012186409,0.0004905231996623627,-0.0005904381348362797
2021-04-07,-0.0011617313023787323,-0.0011613836185380144,0.0011571532122607309
2021-04-08,0.0032647179166898077,0.0032630156217494655,0.004746921580444985
2021-04-09,0.007849665027452435,0.00784486415185115,0.007270308611095455
2021-04-12,0.001469103726901455,0.0014682165456796348,0.00036440318762598345
2021-04-13,0.001342203076347026,0.0013420693765482383,0.002963706265906252
2021-04-14,-9.342733608641574e-06,-8.594308184672883e-06,-0.003415264904159887
2021-04-15,0.010873461599089529,0.01086711345917002,0.01074240138125937
2021-04-16,0.0026912897932851454,0.002689020865535019,0.003342692028694083
2021-04-19,-0.003270020370650828,-0.003236828115406043,-0.00491311982833631
2021-04-20,-0.00407613081116176,-0.004073083710598113,-0.0073217139981323065
2021-04-21,0.006648388618753609,0.0066436173932915565,0.00946236010829593
2021-04-22,-0.0038137198784220505,-0.0038110661882672092,-0.009133401844107936
2021-04-23,0.008850440622293343,0.008905220758697041,0.010842672320402036
2021-04-26,0.0016469382350050576,0.0016449720196201056,0.002087401351984264
2021-04-27,0.0006633841060996737,0.0006631149809146475,-0.00021523336345175004
2021-04-28,-0.0016031665946217855,-0.0016024556900076092,-0.00028764262280067676
2021-04-29,0.008071598431775628,0.008065552125886333,0.006372995324325004
2021-04-30,-0.008003230161926722,-0.007996483345811378,-0.006570694776350083
2021-05-03,0.0031353271923213466,0.003194184607328898,0.0021568442127644083
2021-05-04,-0.0002806896062839126,-0.00027978117801763513,-0.006169431801958836
2021-05-05,0.0007110558403968792,0.0007109106279057364,0.00031297818855713366
2021-05-06,0.007392461569240227,0.007388574478056409,0.007985753323809686
2021-05-07,0.00767080631617123,0.007665958281399821,0.007277860569789407
2021-05-10,-0.006352998595495096,-0.006348122346832796,-0.009902623861568927
2021-05-11,-0.009733751099059162,-0.009726975146048034,-0.008924620863319799
2021-05-12,-0.018128577164410187,-0.018115460543532746,-0.021245312338954436
2021-05-13,0.012820919333442315,0.012910678366238715,0.012012699945362026
2021-05-14,0.010773930527967934,0.010791897312879772,0.015355355231965406
2021-05-17,-0.0024788819906614856,-0.002475946542979224,-0.0025446452045313483
2021-05-18,-0.008275624403370707,-0.008209847011311222,-0.008615570162786357
2021-05-19,-0.004836877139159368,-0.004833527402770099,-0.002621857416333695
2021-05-20,0.007197843974161344,0.007218161146991919,0.010757986781277262
2021-05-21,0.001038011127276084,0.0011292846290309466,-0.0008187903933760676
2021-05-24,0.0034556502435114655,0.0034523891409041774,0.010194355752125572
2021-05-25,-0.0031202776193386406,-0.0030886715761579975,-0.002218672986138426
2021-05-26,0.002554465328630462,0.0026062979303740352,0.0019846702362360524
2021-05-27,0.003427004399447986,0.003511401595077457,0.0005248848963783637
2021-05-28,0.0020171906971300224,0.0020733605714295944,0.001788669452209124
2021-06-01,-0.0021014780234621666,-0.00203884168645152,-0.0008809713013513409
2021-06-02,-0.002271176540063702,-0.0022702509354231015,0.001572716829588261
2021-06-03,-0.0003129843505238483,-0.0002815929396444705,-0.003711230760408135
2021-06-04,0.001826475655759996,0.0018794942734123854,0.009145641655498915
2021-06-07,-0.002948076280453571,-0.002815498711059128,-0.0009702075941182553
2021-06-08,0.0017190351155067507,0.0017509325809392795,0.00021336515271785927
2021-06-09,-0.004770948804420416,-0.004697618023829286,-0.0014919931644393758
2021-06-10,-0.00037157440892077176,-0.00018600018493053483,0.004648250980785473
2021-06-11,0.0029658967130370417,0.002992009599846357,0.0016525140369889613
2021-06-14,-0.0020920245561124595,-0.002030638990392908,0.002238853909886984
2021-06-15,-0.00031632292770367165,-0.000316263067027589,-0.001834142291169738
2021-06-16,-0.0034675503647940698,-0.0034635016265647245,-0.005583327260126558
2021-06-17,-0.0022470772555507335,-0.0022459748215083453,-0.0003315839208405391
2021-06-18,-0.004319209249807443,-0.004315462032665529,-0.013490338228166143
2021-06-21,0.009593541037381303,0.009583085511578604,0.014316035145871098
2021-06-22,0.005028942414011528,0.005022698866318898,0.0053461357899979856
2021-06-23,0.00021290037429810837,0.0002135673077447997,-0.0012052395544166483
2021-06-24,0.003304641881575643,0.003334776455441446,0.005915503387093013
2021-06-25,0.002605077944057177,0.0026028203020864726,0.003552053484238815
2021-06-28,0.0013423835375880877,0.0013393136286068419,0.0020158852339571265
2021-06-29,0.0019515213299539091,0.001948667645707891,0.0005383154646547705
2021-06-30,0.0001816263769462978,0.00018179354986957996,0.0008417081302438678
2021-07-01,0.004732769497737488,0.004726891921119192,0.005536470299454477
2021-07-02,0.002423593394427437,0.002451999056311216,0.0076435279410072
2021-07-06,-0.0027601849205540763,-0.0027580945650726996,-0.0018214823523001744
2021-07-07,0.002496431129699772,0.002491463875312183,0.00353385610924839
2021-07-08,-0.006404160505046108,-0.0063955583004249306,-0.008147715015089707
2021-07-09,0.007593830785150191,0.007585519982629796,0.010674565188096619
2021-07-12,0.0017843383955242764,0.0017820153844956277,0.003582062181022083
2021-07-13,-0.0051663051385675285,-0.0051594939847783294,-0.0034090862284406054
2021-07-14,0.0017636866517574123,0.0017627065844285639,0.001492260953442015
2021-07-15,0.0012073379506913895,0.00123630394892138,-0.0034155007412669525
2021-07-16,-0.004966422561548556,-0.004931081991128461,-0.007843370216515821
2021-07-19,-0.006988252299317543,-0.006981353015859337,-0.014767986923154508
2021-07-20,0.008625320533493852,0.00861622575228349,0.014330404990878343
2021-07-21,0.002705680395799881,0.0028238437232113167,0.008096174823552627
2021-07-22,0.0003840487136088644,0.00041207393054731867,0.0020943007044602613
2021-07-23,0.006981256232903688,0.007062780580914918,0.010287704846807078
2021-07-26,0.002900213106714178,0.0029562040942312517,0.002455094289028459
2021-07-27,-0.0014320505625943225,-0.001428308510134757,-0.004557784059542214
2021-07-28,-0.002471114159697474,-0.0024104524376733494,-0.0004100118954896148
2021-07-29,0.009229798723769944,0.00934004313815362,0.004147376305793982
2021-07-30,-0.0021582744862279624,-0.0020676509559802714,-0.004856295259186072
2021-08-02,-0.002969823814504391,-0.0028460672014940513,-0.002098229444886912
2021-08-03,0.011985552170563407,0.011969320026251173,0.008135738363774125
2021-08-04,-0.006181206119173721,-0.006174977127152648,-0.004919276175308407
2021-08-05,0.006984113240367629,0.007096948921675006,0.006332913972586951
2021-08-06,0.004288889905663229,0.004285326447198701,0.0016525119114676468
2021-08-09,-0.002241637724568979,-0.0022414396320259433,-0.0008132787695328547
2021-08-10,0.009726942575387643,0.009715711553763384,0.0012437879086935055
2021-08-11,0.008483116005918223,0.008474349812722215,0.002484929302334349
2021-08-12,0.0008369439792350608,0.0008349898385653365,0.002996784370488781
2021-08-13,0.0006592659949244961,0.0007436718029383282,0.0018201725953972403
2021-08-16,0.003589142808277046,0.003617375723393934,0.0023544158547010863
2021-08-17,-0.013321968265923245,-0.013306822501394033,-0.00655518797309651
2021-08-18,-0.0062533287230642776,-0.006245646450224518,-0.01094506458491129
2021-08-19,-0.0027716561729845823,-0.0027353140885966187,0.0015482596705671536
2021-08-20,0.006352607285299516,0.006413582316463939,0.007957122061817756
2021-08-23,0.005504536432560991,0.005498818849930087,0.00879672556769262
2021-08-24,0.006421242345993505,0.006450901331744641,0.0015872541907668847
2021-08-25,0.006259903847271486,0.006253544245543807,0.002098419820750763
2021-08-26,-0.0072592078724902365,-0.007250449676195148,-0.0059031282343172675
2021-08-27,0.008071944704960865,0.008095898948430547,0.008940904023436058
2021-08-30,-0.001178168989801498,-0.0011233648504805904,0.004397467108962827
2021-08-31,-0.0036084761826603584,-0.003604532521056969,-0.0014812880351374735
2021-09-01,-0.0019766859886372057,-0.0019746513777468833,0.0005314161853522403
2021-09-02,0.0021148044821730494,0.002111358246800421,0.0030764616235630093
2021-09-03,-0.0022841337593897393,-0.0022823370595896897,-0.00024290343494215438
2021-09-07,-0.00743846681467053,-0.007396349497620025,-0.003575369835015829
2021-09-08,-0.0017924136794418288,-0.0017630931866848831,-0.0012181561751478664
2021-09-09,0.0008252906229506696,0.0008250423387614614,-0.004280397855445317
2021-09-10,-0.004603330415795859,-0.0045374812791084684,-0.007884654206780861
2021-09-13,0.0011631184010638673,0.0012263093076709808,0.0025594782926408044
2021-09-14,-0.004762031903449926,-0.0047574309820211935,-0.005396438573365359
2021-09-15,0.005822898667291687,0.005815528823087002,0.008352513676311624
2021-09-16,0.0002422899773466547,0.000276639534060763,-0.001585276449892703
2021-09-17,-0.0070210266050434456,-0.006984322764368223,-0.009740946114425997
2021-09-20,-0.011653581541082092,-0.011639328769304957,-0.016674349483708828
2021-09-21,1.3930768947956196e-05,1.3280425744666147e-05,-0.0009447129788768827
2021-09-22,0.008223777388840947,0.008243165583316614,0.009755012194987867
2021-09-23,0.00963745700828511,0.009625154279633952,0.012149979332359617
2021-09-24,0.0004877932572913135,0.0005207555793853569,0.0016473311100926313
2021-09-27,-0.0004715176311236302,-0.0004682696803252062,-0.002861017287015488
2021-09-28,-0.015425236444841062,-0.015405811281853365,-0.02015188381978006
2021-09-29,-0.0007073145152582949,-0.000707731683462498,0.0016832615568034281
2021-09-30,-0.010380560417185714,-0.010366023685777215,-0.01222236149683864
2021-10-01,0.008288058764835737,0.008280314604911965,0.011884327280136997
2021-10-04,-0.006849021256294829,-0.006780300970301689,-0.012896261105424855
2021-10-05,0.009167832296264278,0.009156449481250162,0.010404922601927158
2021-10-06,0.000532836449013363,0.0005328641731561223,0.00415598007600626
2021-10-07,0.0066459602081101465,0.006636318612414538,0.008645708705106392
2021-10-08,-0.002412260191758331,-0.0024071002873272684,-0.0018236325582344781
2021-10-11,-0.004861238363232379,-0.004855142225702047,-0.007239747386066919
2021-10-12,-0.0004923077103119455,-0.000492399391523457,-0.0024614980437045464
2021-10-13,-0.0001501005955302226,-0.00014945767174912028,0.003597630083474357
2021-10-14,0.012083929711512953,0.01206884885995585,0.01682082847824895
2021-10-15,0.000650771635821501,0.0006789628402248393,0.007615542520026386
2021-10-18,0.005212155390031281,0.005206659323851337,0.002960332510331787
2021-10-19,0.004427972342409436,0.004420791582856465,0.007715093650185967
2021-10-20,0.001457209194173359,0.0014546439647260545,0.003927606348204993
2021-10-21,0.0009594091521047954,0.000989401720779437,0.0026083527292577458
2021-10-22,0.00024184518380199194,0.00024341122565529894,-0.0010362100192338186
2021-10-25,0.0007022969820604796,0.000700999818960657,0.005362773549228761
2021-10-26,-0.0015793223721581873,-0.0015518941702898914,0.0009000342437031073
2021-10-27,-0.006283185693635507,-0.006154468826937043,-0.004430217649496471
2021-10-28,0.006477864383868326,0.006499382390786623,0.009648910449910897
2021-10-29,0.0033267182831202557,0.003473726315145864,0.002029176197748228
2021-11-01,-0.00035282518754076175,-0.00017798286339543168,0.0017200600493496587
2021-11-02,0.0026995736141679494,0.002759099280400301,0.004043179448625089
2021-11-03,0.003457726477313905,0.003539047196727374,0.006105265031711049
2021-11-04,0.0016812648381518969,0.0017986925641568785,0.004712578357497721
2021-11-05,0.0013052872938497107,0.0013665532791831136,0.003469567194745782
2021-11-08,0.0015236454656692988,0.001572550529961969,0.0008537203550846861
2021-11-09,0.001174801865644337,0.00129603617139451,-0.0033053010479855427
2021-11-10,-0.005189736769199538,-0.005088552630011289,-0.008044953669156696
2021-11-11,0.0031965320137172792,0.003319234372219926,0.0003237379971499088
2021-11-12,0.0032853193195863106,0.0032810077354405998,0.007546493606379379
2021-11-15,0.0002794092129763115,0.00027950813552468645,0.0003425067893851885
2021-11-16,0.0044523549188535405,0.004502003756187589,0.003957897188071158
2021-11-17,-0.000919028227712837,-0.0009169655980978408,-0.0024292040132971593
2021-11-18,-3.9607073029745976e-05,-4.2630437391055764e-05,0.003396398451554594
2021-11-19,-0.003021506448981248,-0.002988358273314229,-0.0017881701531110572
2021-11-22,-0.0007197225741389923,-0.0006895103291614246,-0.002815273861006551
2021-11-23,0.00134102355062371,0.001371796408117243,0.001325952030557298
2021-11-24,-0.0009325586393664764,-0.0008703823657880694,0.0026699268984593516
2021-11-26,-0.014184868143117146,-0.014139503952456667,-0.022303137197962064
2021-11-29,0.006890508628373926,0.006880764039923326,0.01226665407884786
2021-11-30,-0.015801654995203696,-0.0157792453470319,-0.01945774783697074
2021-12-01,-0.003490002518345192,-0.0034834323841258508,-0.011107221187110938
2021-12-02,0.012231527581672008,0.012216401210166872,0.015316378693899901
2021-12-03,-0.0005125743939707883,-0.0005117756552283081,-0.008701426575988713
2021-12-06,0.006126838302588533,0.006123326285233377,0.011843417699721304
2021-12-07,0.009949589568253758,0.009933492383225051,0.02068474258430686
2021-12-08,0.0011019146695741,0.0011003171855974436,0.0026479531544387758
2021-12-09,-0.004116113135113064,-0.00407427931914206,-0.006751637248578746
2021-12-10,0.004996427042722962,0.005052213148423634,0.009413624644993401
2021-12-13,-0.0020470734456757844,-0.0020187864796705757,-0.00885838546737372
2021-12-14,-0.004966917821001338,-0.004960518402108316,-0.006879993554988806
2021-12-15,0.006392824802090136,0.006388839743768804,0.015624969192423066
2021-12-16,-0.0011284504952484564,-0.0011307919392063992,-0.00881831121429233
2021-12-17,-0.0038479363981984704,-0.003816885958380367,-0.01064301806473078
2021-12-20,-0.009044716377474171,-0.009028752516761274,-0.010633355409267131
2021-12-21,0.01034695211210579,0.010333196152147117,0.017758823509654187
2021-12-22,0.006923243897714926,0.00691162673002399,0.009998795089018797
2021-12-23,0.004905520101445404,0.0048976759927374935,0.006222071624005343
2021-12-27,0.010138264657970186,0.010124467260384185,0.014152304037381214
2021-12-28,0.0003069196291727305,0.00030844566925081196,-0.0008172525028187216
2021-12-29,0.002980706093841823,0.00297608514688541,0.0012791776389846632
2021-12-30,-0.002735071168351366,-0.002732124349993703,-0.00276441305081343
2021-12-31,0.000887147157641266,0.000886237543003654,-0.002520379669829431
2022-01-10,0.0,0.0,0.0
2022-01-11,0.0,0.0,0.008203295741925798
2022-01-12,0.0,0.0,0.0027035177708931712
2022-01-13,0.0,0.0,-0.01377859103890422
2022-01-14,0.0,0.0,0.0004090452475156159
2022-01-18,0.0,0.0,-0.017709580758721866
2022-01-19,0.0,0.0,-0.010383589964794715
2022-01-20,0.0,0.0,-0.011067901810805636
2022-01-21,0.0,0.0,-0.019630868636643317
2022-01-24,0.0,0.0,0.004246878239750673
2022-01-25,0.0,0.0,-0.012208916722084462
2022-01-26,0.0,0.0,-0.0025088279326753726
2022-01-27,0.0,0.0,-0.004937995216556246
2022-01-28,0.0004963868094867152,0.0005263868094866897,0.024835270076550175
2022-01-31,-0.00043811264684068263,-0.00040810154946535615,0.018011008304968934
2022-02-01,0.00015728006560444818,0.0001572742436728447,0.006757108821756175
2022-02-02,0.00013536150068871322,0.00013535679054155203,0.009714029631795906
2022-02-03,0.0005046730146085476,0.0005346563981163399,-0.023504875515272472
2022-02-04,-5.391977021940164e-05,6.084104622994246e-06,0.004702055938193839
2022-02-07,0.00039127494321866685,0.00045124478702374127,-0.003209187550262449
2022-02-08,0.0017928744509141392,0.0018226874815987504,0.008227814651573073
2022-02-09,0.0022960258964082048,0.002295741778845617,0.014635993948788784
2022-02-10,-0.0038481379456445364,-0.003787955419633504,-0.017965675675963744
2022-02-11,-0.0015128211500515798,-0.0014826721869706239,-0.019718386095567753
2022-02-14,-0.0009291701428850718,-0.0008989702236811281,-0.003269444929599463
2022-02-15,0.0017541835375349812,0.001753860500397053,0.0161268199792155
2022-02-16,0.001161679475521371,0.0011613549832227843,0.0011209100340507927
2022-02-17,-0.0036466989584894582,-0.0035561382953402942,-0.021361538048794926
2022-02-18,-0.00016769327717003346,-0.0001675091089844427,-0.006474970000900249
2022-02-22,-0.002830587158525466,-0.0027999623894440218,-0.01073175932998438
2022-02-23,-0.005271158846354651,-0.005239751721729191,-0.017738581909533258
2022-02-24,0.004474399580275845,0.004472991901760537,0.015049062778827116
2022-02-25,0.010357574667603453,0.010444941174221789,0.022064049375030814
2022-02-28,0.0015407958434847657,0.0016596127537173988,-0.002558438159107057
2022-03-01,-0.006502307213846703,-0.00644048210867576,-0.015230198095190106
2022-03-02,0.00847176981218789,0.008468586122579058,0.01839610239405065
2022-03-03,0.00021955896433301092,0.00021970921671154997,-0.004978467208594517
2022-03-04,0.0022587207082291894,0.002257823476521148,-0.0081247405423851
2022-03-07,-0.009627847586336058,-0.009624130249322849,-0.029479053618148177
2022-03-08,-0.008038283614304254,-0.008034303236151064,-0.007581794174490009
2022-03-09,0.00925668520703482,0.009253073109475318,0.026810872794151175
2022-03-10,0.0016723132320182188,0.0016712995320868895,-0.004515613552211417
2022-03-11,-0.00526304796436472,-0.005260659695723646,-0.012715116705588891
2022-03-14,-0.0016871533746709577,-0.0016865453670271702,-0.007308392231885286
2022-03-15,0.010343381793626039,0.010339015411996,0.021990688578889417
2022-03-16,0.006163595112549158,0.0061922924458366335,0.022174168695649366
2022-03-17,0.00751015104734587,0.007506977076117138,0.012511025144980925
2022-03-18,0.0052275812149527034,0.005225044588751615,0.010952641805038965
2022-03-21,-0.0006134285133708728,-0.0006132847589817025,-0.000292402351469101
2022-03-22,0.003100945958521839,0.0030996318426741443,0.0117012655753439
2022-03-23,-0.005787078167021176,-0.005784915313693073,-0.012878365243265577
2022-03-24,0.004639095640307955,0.004637458303413666,0.015074388504740632
2022-03-25,0.004105149202948244,0.004103576150958244,0.004883523798580258
2022-03-28,0.00183848730632441,0.001837991272224393,0.0071131866865845605
2022-03-29,0.005479734399744585,0.0054775300186615805,0.012370732215050584
2022-03-30,-0.0018779904606260889,-0.001877434551477819,-0.006174849668612592
2022-03-31,-0.00859200699233409,-0.00858830130676902,-0.015391215415467285
2022-04-01,-4.6405357169043704e-05,-4.7669554251505986e-05,0.0028340044070318537
2022-04-04,-0.0006829289166386809,-0.0006826429347972507,0.008566656759556146
2022-04-05,-0.0049990960650743155,-0.004967124977436788,-0.012631314983390207
2022-04-06,0.0013592186547346508,0.0013586193446806227,-0.00999912251835644
2022-04-07,0.003325165049588019,0.0033240922107007354,0.005038878284455484
2022-04-08,-0.0004482162187691152,-0.0004479412696173357,-0.002674231509648295
2022-04-11,-0.004523620191618005,-0.004522154842171222,-0.017092173752834783
2022-04-12,-0.0020946601144183896,-0.002093778160907611,-0.0037051844141022805
2022-04-13,0.004608724448760926,0.0046065935456574,0.011453672102416768
2022-04-14,-0.004179720376372931,-0.0041780477314591336,-0.012451878753066081
2022-04-18,-0.0007066525516996602,-0.0007060418236869426,0.00041113991484453827
2022-04-19,0.008728229013367006,0.008724426718977218,0.016142654654740074
2022-04-20,0.0038444285464993566,0.003843227474783273,-0.0007414409095630736
2022-04-21,-0.008724571952487992,-0.008720477445413821,-0.014953597862132795
2022-04-22,-0.01204867384664976,-0.012043201351173427,-0.02743919741797818
2022-04-25,0.0011240597647290684,0.0011239591662282056,0.005797616816809015
2022-04-26,-0.010386141743154553,-0.010345760090774703,-0.028960703029004775
2022-04-27,0.0014817384326186733,0.0015057513908283138,0.002811752416222113
2022-04-28,0.010183224773356203,0.010208514166598626,0.02525944232571553
2022-04-29,-0.022225679418623856,-0.02221447667370091,-0.03695583506465938
2022-05-02,-0.0038700704772325345,-0.00365955051525213,0.0060196541542922866
2022-05-03,0.008008410127994026,0.008066268802206178,0.004583955015679431
2022-05-04,0.0179555176493591,0.018054559579871565,0.030453080210405936
2022-05-05,-0.015760091909218454,-0.015720689875757143,-0.035542964270966704
2022-05-06,-0.005727008946748602,-0.005694230046164539,-0.005968884754121606
2022-05-09,-0.017083113620202428,-0.01700943028434254,-0.03201735304586484
2022-05-10,-0.00222090057407498,-0.002185443640119189,0.0023106431067470012
2022-05-11,-0.00806929523345079,-0.008038984457525489,-0.015886166883656405
2022-05-12,0.006940314749151133,0.0069349990629559155,-0.0010438388378197772
2022-05-13,0.014051980094822891,0.014041271837743396,0.023907721019996053
2022-05-16,-0.0020298087553776156,-0.0019323293311003242,-0.004057595129336677
2022-05-17,0.009569775862702468,0.009561877205731095,0.02057033555154808
2022-05-18,-0.020257698989709305,-0.020213400158753614,-0.04031137164592191
2022-05-19,-0.0001553771711636509,-0.00012976683435816927,-0.006124726577660611
2022-05-20,0.003108761509510005,0.0031062827246581826,0.0004366095528771652
2022-05-23,0.004512516732359639,0.004568084317547516,0.018709863552091477
2022-05-24,-0.003993008986612923,-0.003920370263153283,-0.007633603994165683
2022-05-25,0.004552139710526593,0.004604700043440824,0.008834853633777007
2022-05-26,0.007292911984193351,0.0072859232743403,0.019981491670231888
2022-05-27,0.008076854707277148,0.008069465119969532,0.024549065301910034
2022-05-31,-0.0020512814975951477,-0.002049671709273393,-0.005610917384172742
2022-06-01,-0.004015009743200015,-0.0040111794005429635,-0.008088612713119558
2022-06-02,0.006964515103459412,0.006957854770901273,0.019043794856218987
2022-06-03,-0.004318615147391958,-0.00431450317988491,-0.01641183099374688
2022-06-06,0.0003722128368135458,0.0003717864413841365,0.0030447692563260187
2022-06-07,0.0009403567680652536,0.0009398769069206558,0.009592245726223192
2022-06-08,-0.0068420423714274925,-0.006835069920754888,-0.010872143184489147
2022-06-09,-0.006467985536156795,-0.00646225738334405,-0.023783059889403435
2022-06-10,-0.009396271281855051,-0.009356438248023013,-0.028995451560883567
2022-06-13,-0.012484308205417016,-0.012471646017258586,-0.03796819538522245
2022-06-14,0.000952009481582472,0.0009497729999925486,-0.003013344738324264
2022-06-15,0.0016689758188326298,0.0016676283419072568,0.014256296544701064
2022-06-16,-0.013856639296130457,-0.013842667744520032,-0.033096103448060576
2022-06-17,0.0016677780111340468,0.001666715060189894,0.0021559293804276347
2022-06-21,0.006826629256254657,0.006819389994733527,0.025173557967893778
2022-06-22,0.001441267671143942,0.0014401945469042499,-0.0018131285791348484
2022-06-23,0.004464177024293692,0.004460332603307249,0.009802696107800157
2022-06-24,0.009944284328696096,0.009965967102543827,0.03179377278044915
2022-06-27,-0.0004500408950683932,-0.00045067023234357517,-0.0038195747559409687
2022-06-28,-0.005951901918037961,-0.005946424225242053,-0.020432949158319613
2022-06-29,-0.0011850310874762515,-0.0011839956490811154,-0.0008142957228023384
2022-06-30,0.00018429109023454515,0.00018429458434821022,-0.008124306247192847
2022-07-01,0.006268404145255868,0.006320965741186679,0.010576448843111264
2022-07-05,0.0007349471394364482,0.0007334756957286803,0.001888758387074363
2022-07-06,0.0006869083003329113,0.0006868188853375035,0.00337731846321776
2022-07-07,0.0028315785796324544,0.0028280920425733935,0.014977006355389566
2022-07-08,-0.0005291626419363649,-0.0005293099280747615,-0.0008228064661619516
2022-07-11,-0.0032021437336173797,-0.0031990451580578005,-0.01142348478148858
2022-07-12,-0.00019245415853230696,-0.0001924200939003029,-0.008848764380838037
2022-07-13,3.432250247947799e-05,3.4226962994265975e-05,-0.005251605978023988
2022-07-14,-0.000999931529613196,-0.000999209857140193,-0.002428638768715019
2022-07-15,0.004949799160274937,0.004944377008347045,0.019105083939800593
2022-07-18,-0.0026370631564924807,-0.002634525106141483,-0.00825689857045786
2022-07-19,0.00981729864126768,0.009807674620431417,0.027019088730410923
2022-07-20,0.0006669498836091581,0.000666339874078048,0.006373310471702309
2022-07-21,0.006348129266494418,0.0063418505858110485,0.010183094919505642
2022-07-22,-0.0020148479902262206,-0.00201270020499833,-0.009278181980042599
2022-07-25,-0.0004498835004537183,-0.00044946455354599735,0.0012148683152017892
2022-07-26,-0.0019945754113694925,-0.001992082290388275,-0.011830756638421591
2022-07-27,0.0053591578803653395,0.005387962465908114,0.02596626155387205
2022-07-28,0.002331166954684827,0.0025439996732705694,0.0125423959330484
2022-07-29,0.002494420802632513,0.0025811031323133005,0.014578678983015791
2022-08-01,-0.0009573718005937426,-0.0007193018154593167,-0.0029613105659768157
2022-08-02,-0.0005205985856545636,-0.00046431989980877386,-0.006597214910840199
2022-08-03,0.0024633533499915927,0.0024975410873075976,0.01565939754464063
2022-08-04,0.002544410418655385,0.002602191174502888,-0.0006753096752751819
2022-08-05,0.0022397155510074374,0.0022693963544035967,-0.0016903501671180488
2022-08-08,0.0025280842117292313,0.0025619038159518936,-0.0011609416545834694
2022-08-09,-0.0024502045226011404,-0.0024188785326487716,-0.0039707636884128705
2022-08-10,0.010441935712723893,0.010466449937343691,0.02100393645804144
2022-08-11,-8.176511148927368e-05,-8.208222972860835e-05,0.0
2022-08-12,0.007133677006064154,0.007130213493605986,0.01692884587025789
2022-08-15,-0.0007835216323783811,-0.0007824909323733698,0.004120838742911914
2022-08-16,0.001517956677586918,0.001516980774465937,0.00195853342608876
2022-08-17,-0.0036095968836826753,-0.003606996248100791,-0.0070979265555152216
2022-08-18,0.0015167228389072474,0.001515880475113196,0.0029066092909375563
2022-08-19,-0.00532411162616464,-0.005320890924560451,-0.013438200216609686
2022-08-22,-0.008005140307911773,-0.008001235570354037,-0.020822355836348394
2022-08-23,-0.00010992680336152638,-0.00011017294869919425,-0.002419219584622656
2022-08-24,0.003952655649579917,0.003950546216808126,0.0032009669038008948
2022-08-25,0.008169244475747295,0.00816529692260981,0.014117583909121878
2022-08-26,-0.01334931051326338,-0.013341995232123649,-0.03384896746874344
2022-08-29,-0.004300825339997316,-0.004299522421176594,-0.006612190165563581
2022-08-30,-0.006269979283969107,-0.006267037088269922,-0.010978028392464312
2022-08-31,-0.002364329094060591,-0.002362974549871222,-0.007609215770564726
2022-09-01,-0.0015948914077481557,-0.0015942935886393839,0.0031379949255347928
2022-09-02,-0.003172068135288142,-0.003170499277773464,-0.010544363180384764
2022-09-06,-0.004137061517344054,-0.004134483015567292,-0.0037731157439623297
2022-09-07,0.007893136249392363,0.007889232592658724,0.017964905209541637
2022-09-08,0.0025378005743639243,0.0025364322863858924,0.006536386800654492
2022-09-09,0.007478144503832551,0.007504986664069069,0.015535204117248735
2022-09-12,0.0004817399848275894,0.00048129086179371505,0.010747729314671162
2022-09-13,-0.017073741658491293,-0.017063949034341497,-0.04348244012812619
2022-09-14,-0.00019646159545094743,-0.0001956076053016842,0.0038157635467981343
2022-09-15,-0.004880717526374534,-0.0048790526192280526,-0.011353312270845795
2022-09-16,-0.0021918035123704716,-0.0021911867577940614,-0.007628934124167097
2022-09-19,0.004865035430011266,0.004861376140905316,0.007754857696448125
2022-09-20,-0.007765796852764351,-0.007734292331000536,-0.011478539223154116
2022-09-21,-0.005010154016283241,-0.005008450826659905,-0.017443764762905656
2022-09-22,-0.004497755197556463,-0.004495993597640635,-0.008399775628965322
2022-09-23,-0.01060715066983653,-0.0106023791920693,-0.016754959913737877
2022-09-26,-0.007915931500936724,-0.007910906429763331,-0.009892579822617376
2022-09-27,-0.0007841408845280506,-0.0007510867954766409,-0.002552688629687938
2022-09-28,0.01146422925231394,0.011456220626311575,0.019676188112379256
2022-09-29,-0.007494751574755987,-0.007489614705389003,-0.020888912561054407
2022-09-30,-0.0037732801504442026,-0.003770617729826564,-0.015463495547191619
2022-10-03,0.014064653010633865,0.014056000456760698,0.026401266969970694
2022-10-04,0.014261360268668755,0.014253237702062993,0.030986558600778036
2022-10-05,-0.00238660914661315,-0.0023849399484947575,-0.0023281127889307474
2022-10-06,-0.003378862437016683,-0.003377369687657228,-0.010315861844761631
2022-10-07,-0.011291107551835933,-0.011284778174756038,-0.027893942489252255
2022-10-10,-0.0022264003186909243,-0.0022259131825665968,-0.0076353096836601075
2022-10-11,-0.0011616445919830909,-0.0011612886335272687,-0.006332909972757372
2022-10-12,-0.002762835228902749,-0.002761052472090131,-0.0032986760012650995
2022-10-13,0.010217902001693702,0.010243579595298202,0.02639137865104102
2022-10-14,-0.014307527881898818,-0.014299149207399386,-0.022788745904938734
2022-10-17,0.010552007014799969,0.010545964354027992,0.0256967622969273
2022-10-18,0.0062781849436475134,0.0063055954951385385,0.011749749001394472
2022-10-19,-0.0034342100745826665,-0.003402281410575414,-0.007086385519014526
2022-10-20,-0.0025982290018693455,-0.0025341724905443286,-0.008385403383119772
2022-10-21,0.008869717534614852,0.008896052977349633,0.024301344375728506
2022-10-24,0.003128548520078267,0.003192247549692606,0.012236428921737597
2022-10-25,0.0023518948832996767,0.002504803843697667,0.015968613704059775
2022-10-26,0.0007440520701711417,0.0008929727056015135,-0.007534192412415486
2022-10-27,0.0004851295079697504,0.0005776534826145152,-0.005339616270874203
2022-10-28,0.01170101224879061,0.011907916955844478,0.023790442915524013
2022-10-31,-4.005703345355549e-06,5.8038078125433046e-05,-0.007223193736808686
2022-11-01,-0.00041586208367561106,-0.00033154459640172274,-0.004375951673780687
2022-11-02,-0.009181474338305295,-0.009122290689581702,-0.025096187507376855
2022-11-03,-0.0010565480100405145,-0.0009580380073775929,-0.010296956219330022
2022-11-04,0.0066279543308527256,0.006684252403215574,0.014393336366689047
2022-11-07,0.004494901330150514,0.004521531636867193,0.009565449767275469
2022-11-08,0.0049200808799712,0.004918002362836349,0.0053955227819986185
2022-11-09,-0.009872380967832606,-0.009866995009831236,-0.020602300842125332
2022-11-10,0.027456731454112537,0.02750185672362071,0.054954105898362915
2022-11-11,0.001203159431932166,0.0012027360400990172,0.00967873521203666
2022-11-14,-0.0053449032271492,-0.005341514000820613,-0.008506779169835998
2022-11-15,0.004849181719271289,0.004845542764649657,0.008529248279308455
2022-11-16,-0.008139536885790943,-0.008136528100793683,-0.007628899041646986
2022-11-17,-0.003349581199933893,-0.003347350135939453,-0.0030599493056450155
2022-11-18,0.0023741938615000624,0.002372929123862111,0.004540541280916743
2022-11-21,0.0019214562184390882,0.0019501498046954335,-0.003636174752601029
2022-11-22,0.00814395395375267,0.008139030428062188,0.013456971219873548
2022-11-23,0.0005086714610544885,0.0005676187129008969,0.00630160563869997
2022-11-25,0.0001423934987745401,0.00014183435543935197,-0.0002237221698127012
2022-11-28,-0.012156389642651755,-0.012149771593242265,-0.015957093252224608
2022-11-29,0.002818731825570353,0.0028180865958458146,-0.0017171568085417865
2022-11-30,0.013303873691326018,0.013295420214857412,0.03150052499519562
2022-12-01,-0.0017147773995653814,-0.0017143167294845219,-0.0007359872869331374
2022-12-02,8.061468864384302e-05,0.00011079258444190998,-0.0011537513527366539
2022-12-05,-0.0124840322192451,-0.012445458237606677,-0.017989231169653896
2022-12-06,-0.004965700342645762,-0.004962710807742132,-0.014414636741935882
2022-12-07,0.001086286865582542,0.0010850026481603603,-0.0017013330482271716
2022-12-08,0.0037460297757387906,0.0037438062305448216,0.007834024790427163
2022-12-09,-0.0034989957563026364,-0.003496618180539368,-0.007470397617597491
2022-12-12,0.008567996294313485,0.008562954710044313,0.014417237656153548
2022-12-13,0.004299861100290903,0.004296576015949016,0.007569910977531125
2022-12-14,-0.0041552789910133114,-0.004123230083755147,-0.006393654626226097
2022-12-15,-0.010583867509903366,-0.010577013174297267,-0.024461545815825048
2022-12-16,-0.007486248144401686,-0.007450775481811056,-0.011806230517979022
2022-12-19,-0.006402032917335099,-0.006367528730395811,-0.008479702491652419
2022-12-20,3.764521254900899e-05,3.716483073246124e-05,0.0013683994281565859
2022-12-21,0.008705984531004685,0.0086999075197709,0.014952622129840387
2022-12-22,-0.008638550526780864,-0.008633218292387501,-0.014266277672469907
2022-12-23,0.004099615451832461,0.004096853671645029,0.005752459039676472
2022-12-27,-0.0006860437372391281,-0.0006864121148770774,-0.003943695489253662
2022-12-28,-0.00995683498968436,-0.009949887431815352,-0.012427905781228099
2022-12-29,0.010099854593597968,0.010093206522443054,0.018000546194413714
2022-12-30,-0.003070253330145545,-0.0030676799614230976,-0.002634285564565797
2023-01-05,0.0,0.0,0.0
2023-01-06,0.00033043311764924255,0.00036043311764921704,0.012777379838934788
2023-01-09,8.04745233717874e-06,8.047211000672405e-06,-0.0005666448269728841
2023-01-10,0.00023450530195856523,0.00023449826939092588,0.00701270984056146
2023-01-11,0.00017810134068785288,0.0001780960008679333,0.012647872045784547
2023-01-12,5.3316007081027905e-05,5.33144088494808e-05,0.0036408048745546484
2023-01-13,0.00037623898553884594,0.00037622770778211745,0.0038795554127668552
2023-01-17,0.0003690603426227401,0.00036904928420611327,-0.0018318796027319006
2023-01-18,3.6190246234246715e-05,3.6189162240241046e-05,-0.01578801608828595
2023-01-19,-0.0004005715491023354,-0.00040055955135520627,-0.007279660983704361
2023-01-20,0.00011614755597677551,0.00011614407578086627,0.018629023168984737
2023-01-23,2.061200581482403e-05,2.06113882772474e-05,0.011998627342807433
2023-01-24,-0.00022773873650472343,-0.00022773191357161604,-0.0010734300935140162
2023-01-25,-0.00029165618144844085,-0.00029164744159171363,0.00037487704968164337
2023-01-26,0.00033449323463075054,0.0003344832081819682,0.010990354669102587
2023-01-27,0.00024890123797649544,0.00024889377964587567,0.0022975721543583294
2023-01-30,-0.0006567974023238277,-0.0006267932514217867,-0.012546832947207709
2023-01-31,0.0011360743556640962,0.0011660631379257769,0.014703494464065603
2023-02-01,0.002309192664688986,0.0023090863629664504,0.010627672454092796
2023-02-02,0.0010118929802318544,0.0010118356800121742,0.014556989778103935
2023-02-03,-0.0011977331624307697,-0.0011677076784799567,-0.010629110241724637
2023-02-06,-0.0006761645561801366,-0.0006761228352881732,-0.006111417860117041
2023-02-07,0.0020802497141900744,0.002110114104708405,0.013078533893259081
2023-02-08,-0.0025086937432918788,-0.0025085045028518937,-0.010934524091624986
2023-02-09,-0.0008878286585133344,-0.0008277032232011372,-0.008669224521749896
2023-02-10,-5.7100822630107295e-05,-5.7039399141811664e-05,0.0023338018909184743
2023-02-13,0.0031387734181391735,0.0032585591718852225,0.011738835434946582
2023-02-14,-0.0008871628254187858,-0.0008869656038366092,-0.00046020854623851637
2023-02-15,0.0019033034292568196,0.001962794968421555,0.003247367508553145
2023-02-16,-0.002818687876453896,-0.0027280429825664587,-0.01376883107066651
2023-02-17,-0.003068716056754406,-0.0030382384677409835,-0.0024982295162851997
2023-02-21,-0.008936725180942906,-0.008934056706031424,-0.020060951744074296
2023-02-22,0.0005979303560899041,0.0005977660351041969,-0.0013780517223562772
2023-02-23,0.002180598270434375,0.002270077150566374,0.005319271066065223
2023-02-24,-0.003561483946373345,-0.003500709093726573,-0.010682312347813583
2023-02-27,0.0012701004676656247,0.0013298434803383774,0.003405843725257096
2023-02-28,-0.00047044700997289635,-0.0004104397541793148,-0.0036959509210153785
2023-03-01,-0.002179737234234258,-0.0021191383903838013,-0.003835863136222417
2023-03-02,0.004989376455359018,0.004987312051563109,0.007777295956620023
2023-03-03,0.007712362935827111,0.007709170024048806,0.016037605797672994
2023-03-06,-0.0016974069578481465,-0.0016967402489574956,0.0006931161126224605
2023-03-07,-0.007125670276003748,-0.007122369525512262,-0.015328883460585585
2023-03-08,0.004545180424488704,0.004542915291504412,0.0016320983847801784
2023-03-09,-0.006734887095629083,-0.006732224474906401,-0.018449811298357877
2023-03-10,-0.011170331122054233,-0.01116525150621972,-0.014429491730756916
2023-03-13,-0.0011407637678065852,-0.0011403564571864644,-0.0014252820882890704
2023-03-14,0.01084852406844572,0.0108432064036037,0.016530085938712302
2023-03-15,-0.007238990220210351,-0.007235436874607815,-0.006254321725367551
2023-03-16,0.009233151733977651,0.009228468144605095,0.01754504060229478
2023-03-17,-0.005134281068751689,-0.005132167836656598,-0.011692639585236586
2023-03-20,0.00645480202007187,0.006452007155413497,0.00961561958721946
2023-03-21,0.00491855921001072,0.0049162619459555135,0.013130809191266968
2023-03-22,-0.009102752798350267,-0.009098921330713772,-0.017046722078008503
2023-03-23,0.0009803038307540923,0.000979942204935691,0.002703132867100999
2023-03-24,0.0017777144989319371,0.0017777031554100375,0.006562317697633935
2023-03-27,0.001562491822914458,0.0015619793147731986,0.001869811627109863
2023-03-28,-0.00187367697992058,-0.001873138168613675,-0.002244634806711665
2023-03-29,0.008822551401266088,0.008817976483800116,0.014534805492768976
2023-03-30,0.0031428000130553357,0.0031411729915031827,0.005855343550946079
2023-03-31,0.007580739489580823,0.007577206455388064,0.01409458198227087
2023-04-03,-0.0006848761723028396,-0.0006846191762619469,0.0038106022314881027
2023-04-04,-0.006526946525391986,-0.006522562471172444,-0.0055481579771146095
2023-04-05,-0.0023843033268985403,-0.002382654997335476,-0.0026182430785610666
2023-04-06,-0.001466282172700284,-0.001465152722279095,0.0039009994131220527
2023-04-10,0.003302126902630098,0.0033002969539179805,0.0010262589081022622
2023-04-11,0.0021221342656949638,0.002121605009834937,0.00026846021956461463
2023-04-12,-0.0010679549566817714,-0.0010673300819873388,-0.0040759216449688385
2023-04-13,0.005152554987563729,0.005150516305130415,0.013282797961150505
2023-04-14,-0.0010157727355811774,-0.001015856903543888,-0.0024427678638192507
2023-04-17,0.0039988706856877165,0.003997589791365108,0.0035882743780331072
2023-04-18,0.0012996725641165607,0.0012987131905213278,0.0006521178700162888
2023-04-19,-0.005300208797439199,-0.0052684154662411276,-0.00016890611551723111
2023-04-20,-0.0015113064213305716,-0.0015111150328058764,-0.0054570894445473694
2023-04-21,-0.00037261038291147575,-0.00037205894422820407,0.0007768749876666536
2023-04-24,0.0025542943941032625,0.0025830686364387567,0.0010432772949393598
2023-04-25,-0.010153885343767599,-0.010148755260684483,-0.015873931778421668
2023-04-26,-0.0038132691901926474,-0.0037844080160625015,-0.00423545257711444
2023-04-27,0.011477819903656483,0.011504191552277332,0.019907926264709275
2023-04-28,0.004889032938506066,0.0050368210455433715,0.008535106465280329
2023-05-01,0.0011703572999397505,0.001199528286947027,-0.0010097822511897503
2023-05-02,-0.011625736502633433,-0.011617605554475219,-0.011238882951136508
2023-05-03,-0.006383881523172263,-0.006320977518553872,-0.006864417437265069
2023-05-04,-0.004564137864282669,-0.0045020342690323956,-0.007082785109090217
2023-05-05,0.008316511134578874,0.008432934153659533,0.01851263100279743
2023-05-08,-5.128791029884727e-05,9.648657018090923e-05,0.0002664953680788784
2023-05-09,-0.0012668591965732112,-0.0012657746520498003,-0.004385422308878284
2023-05-10,0.002832600851289113,0.002918479028813481,0.004672491975553417
2023-05-11,-0.0020029185354202284,-0.002001708170477401,-0.001743958295085224
2023-05-12,0.003022210882319909,0.003049429523902747,-0.0013104277613936732
2023-05-15,0.0016077389363089445,0.0016954210613635556,0.003450194510494553
2023-05-16,-0.007858049369619757,-0.007819713635289993,-0.006682493503109788
2023-05-17,0.005767200757615942,0.005762472448442191,0.012138777364691933
2023-05-18,0.007395043423566117,0.007389074437357257,0.009633089917948201
2023-05-19,0.00022868455449831515,0.0002883625557088543,-0.0014549662955997134
2023-05-22,-0.0002349654549047564,-0.00017438360109878204,0.0004062055415268162
2023-05-23,-0.009694244099625271,-0.009658829282955472,-0.011222855785945396
2023-05-24,-0.005802891282239431,-0.0057326967035069565,-0.0072449768012032845
2023-05-25,0.0032188210849017906,0.0032820844011909323,0.008659974205849963
2023-05-26,0.004613526566593196,0.004639107741583048,0.012950614142771322
2023-05-30,-0.0034832739933049472,-0.003479850965224296,0.0003809475531593165
2023-05-31,-0.004827455740235909,-0.004822426083134546,-0.005545075901445595
2023-06-01,0.004726117347621628,0.004720139963055425,0.00950090880049026
2023-06-02,0.011853973226800596,0.011872469713284373,0.014461233260246953
2023-06-05,-0.002463185991813388,-0.0024612734271910464,-0.0019162754404427051
2023-06-06,0.00363481462525006,0.0036313706237114385,0.0021773465805001724
2023-06-07,0.0061209833619664256,0.006116550092531536,-0.00345774791994502
2023-06-08,0.001499810200468188,0.0015278703193959409,0.006048777892504464
2023-06-09,-0.0013630572163314536,-0.0013622446804183452,0.0017940375917500084
2023-06-12,0.005667541726020797,0.005693922724738565,0.009072232058388252
2023-06-13,0.008107723616566531,0.008099381603764444,0.006592724483602153
2023-06-14,-0.0021797378365358,-0.002175671361868581,0.0011908993826885705
2023-06-15,0.00743575702382282,0.007428046080578676,0.012397742935372325
2023-06-16,-0.00036326674412934246,-0.00036274891082899163,-0.003406357713433117
2023-06-20,-0.004314756282023047,-0.004311062082830941,-0.005188097342600395
2023-06-21,0.0009618495162584395,0.0009596050971398817,-0.005123776103645006
2023-06-22,-0.0038069275510251854,-0.003802943194528674,0.003609692901579642
2023-06-23,-0.006150998082396608,-0.006115322937421452,-0.007560147406906026
2023-06-26,0.005692328170203043,0.005686450191910497,-0.004085625431801465
2023-06-27,0.008304736783908195,0.008295488650053917,0.010963225363546103
2023-06-28,-0.0006447469237175207,-0.0006437017834808323,0.0005045435126187492
2023-06-29,0.00681195960745673,0.006805412430716418,0.00394131384987384
2023-06-30,0.00704538845881264,0.0070660757322802414,0.011800572328193093
2023-07-03,0.0004824244134142841,0.0004825057556829826,0.0011508634807269047
2023-07-05,-0.004399510542064222,-0.004365321581128234,-0.001487497557271289
2023-07-06,-0.006301203051031434,-0.006294318169820623,-0.007830526958561457
2023-07-07,0.0015067761509508504,0.0015045982111565603,-0.0025247215782113752
2023-07-10,0.010187214256204946,0.010176504174072898,0.0025311119311206554
2023-07-11,0.005755275738900112,0.005749826113640832,0.00636846662835211
2023-07-12,0.004288856917379791,0.0042837460003477545,0.008045997552762918
2023-07-13,0.002590898610356218,0.002589373642074566,0.00793677916637292
2023-07-14,-0.0030507326446375105,-0.0030479405673964344,-0.0006227376226835002
2023-07-17,0.006023746194721902,0.0060798345397292675,0.0034721444237921784
2023-07-18,0.005193206525109462,0.005188790921115238,0.007430715158172951
2023-07-19,-0.001017255110123516,-0.0010154315528161373,0.002223784015379593
2023-07-20,-0.0023083279073309315,-0.0022455383067711,-0.0066347138160967045
2023-07-21,0.0016733123144514472,0.001672130324189336,0.0
2023-07-24,0.0013505995717086883,0.001427323308051509,0.004467409289568014
2023-07-25,0.0038085209074931736,0.0038055403825432155,0.002729993969081468
2023-07-26,-0.0032101314641238554,-0.002971479668137711,0.00015374415118540874
2023-07-27,-0.004895992315197661,-0.004802657767435492,-0.006629990322230217
2023-07-28,0.0010958950363575415,0.001397916712343239,0.00979036448025683
2023-07-31,0.002894908383967998,0.00298612290705913,0.0019040052219059245
2023-08-01,0.0010316522490834146,0.0011155756280991636,-0.0028616097156412
2023-08-02,-0.0068363409700348265,-0.006591602079245584,-0.013910702781173678
2023-08-03,-0.00423629202065301,-0.003989889189684681,-0.0028660024454671973
2023-08-04,-0.00806043874618656,-0.00784380415534236,-0.004522727226096257
2023-08-07,0.008770198336486956,0.008910032142120716,0.008728489892785296
2023-08-08,-0.004071218725659853,-0.004066751329805052,-0.004348534332770382
2023-08-09,-0.00016774085913418002,1.4069935917904175e-05,-0.006685141443425802
2023-08-10,-7.212851975624268e-05,-1.0262631977897563e-05,0.00035876946632451556
2023-08-11,0.0020136468804461405,0.0020116381265857797,-0.000583111764393629
2023-08-14,0.002215089755350119,0.0022109581926190724,0.005520062860039143
2023-08-15,-0.010388799837240725,-0.010376052845275763,-0.011648916207172899
2023-08-16,-0.005981861862811799,-0.005974247818184453,-0.00733809695755383
2023-08-17,-0.009142039829294402,-0.00913072712256957,-0.007619726040616448
2023-08-18,-0.0004446868146696925,-0.00044236654442719736,0.00048118599865909495
2023-08-21,-0.0006629008187345464,-0.0006334124009783615,0.0065063091912958
2023-08-22,-0.00015344873012779203,-0.00015375536947126456,-0.0027086347726139604
2023-08-23,0.009092544070459896,0.009109544724473118,0.011137855008936492
2023-08-24,-0.008322238937852555,-0.008311509128802186,-0.013859223013909627
2023-08-25,0.005061490845027938,0.005104252837349277,0.007049714555938946
2023-08-28,0.005561132906473976,0.005563690188968851,0.00634146119651513
2023-08-29,0.011863504753651055,0.011919039002906695,0.014454721180120478
2023-08-30,0.006139010827889146,0.006143107829484906,0.004118917872557137
2023-08-31,-0.0037991653899150934,-0.0038103849029066383,-0.0014634035059158945
2023-09-01,0.0034350416659796323,0.003445764259656592,0.0018650764885848048
2023-09-05,-0.011294419870640948,-0.011272511217029657,-0.004321737613855237
2023-09-06,-0.0031465933433260096,-0.003152994667682152,-0.00672252394009365
2023-09-07,0.0007916204764193413,0.0008054295173833825,-0.0030701693208238234
2023-09-08,-0.0030996620468281,-0.0030620108574156424,0.0015060113029727873
2023-09-11,0.003740983015157351,0.0037318625980242714,0.006576583948365355
2023-09-12,-0.0026370906369824754,-0.002627451765772282,-0.005485455170274212
2023-09-13,-0.003300949390011687,-0.0033277781750910007,0.0011659429869188553
2023-09-14,0.008637126032977838,0.008638284382096462,0.008622268389973042
2023-09-15,-0.010302322044992707,-0.010289049936528794,-0.012048198717857117
2023-09-18,0.0011972042499479585,0.0012052677531646516,0.0005863179581946376
2023-09-19,-0.00202448640609465,-0.0020072843369617344,-0.002073700242464227
2023-09-20,-0.00447324887128564,-0.004468923701283933,-0.00919336180636987
2023-09-21,-0.02001616674611617,-0.02002226580858557,-0.01652842718934655
2023-09-22,-0.0015140910567366106,-0.0015048699263197074,-0.0022485835771975937
2023-09-25,0.003046083300921154,0.0030480897266937923,0.004205286191780955
2023-09-26,-0.01166006825417154,-0.011657012092006092,-0.014691274582096292
2023-09-27,0.001128389447498046,0.0011425746419888583,0.00039922850002582777
2023-09-28,0.005662554496275174,0.005705650332507917,0.005797235571361581
2023-09-29,-0.005278743236682426,-0.0052781497158592705,-0.0024268410510679406
2023-10-02,-0.0061917315758329705,-0.006194028647522276,-0.00039758620536511913
2023-10-03,-0.012355323927620843,-0.012358852968636258,-0.013386233602487585
2023-10-04,0.009022055609328117,0.009017717183798624,0.0072819807960526894
2023-10-05,-0.0034700538454399688,-0.0034624222111915293,-0.0003767538409182869
2023-10-06,0.011955914532394418,0.011955298335637687,0.011872889791437746
2023-10-09,0.008031540473131926,0.008019256827234367,0.006402109308006665
2023-10-10,0.003585586949013786,0.003620730849192677,0.005204881069301948
2023-10-11,0.004542586179546726,0.004544209718657211,0.004096306420702467
2023-10-12,-0.008638186340778287,-0.008608223565724105,-0.006096438609385246
2023-10-13,-0.0034850669755216446,-0.0034381742716981245,-0.004980692946559007
2023-10-16,0.010415309254848903,0.010420124920576646,0.010521293502573803
2023-10-17,0.0026436619185130628,0.002652594055600588,-4.593770614824688e-05
2023-10-18,-0.015697476052896175,-0.015721361672481615,-0.013325159481197946
2023-10-19,-0.010682527050189905,-0.010623953461118552,-0.008786277542716658
2023-10-20,-0.010151441290499386,-0.010094072250848907,-0.01228814027831604
2023-10-23,-0.004257866493252438,-0.00395528724027161,-0.0017330258208601013
2023-10-24,0.006542533379394699,0.006612101262895909,0.007539297844937787
2023-10-25,-0.009404459658186815,-0.00934834868165213,-0.014352274963949085
2023-10-26,-0.0022477226235040337,-0.0020154991318406257,-0.011974642931195878
2023-10-27,-0.006958966707370506,-0.006609590426467249,-0.004532795672202106
2023-10-30,0.010383859218181968,0.010681313038088724,0.011955898365193729
2023-10-31,0.00358815823562586,0.0036812382377759967,0.006280381790441103
2023-11-01,0.0057461517806514095,0.005889440290567816,0.010664691247419755
2023-11-02,0.01391029418557288,0.014320997997999907,0.019164236800371715
2023-11-03,0.010504774732674527,0.01078619781035961,0.00912348368318261
2023-11-06,-0.0014983349016475245,-0.0014630952983274437,0.0023004516022138155
2023-11-07,0.001038868245627711,0.0010281715271029945,0.0028459228110255808
2023-11-08,0.0015010078285404571,0.0015301417680011475,0.0007324199123486252
2023-11-09,-0.004412013691153294,-0.004406762627345073,-0.007798728101199526
2023-11-10,0.015434833457114161,0.015421883356061317,0.015604954192212084
2023-11-13,8.491422789869141e-05,9.172634401388713e-05,-0.0009533215038348697
2023-11-14,0.02328795634016889,0.02332478777847702,0.01940078393032696
2023-11-15,-0.00033863648615173325,-0.00030191911538335336,0.00211712476939363
2023-11-16,-0.0009795849506231136,-0.0009815479974686347,0.0012231032171463596
2023-11-17,0.002785445333058245,0.0027913029144082113,0.0012437485749885457
2023-11-20,0.0026702807826102237,0.002712952465571128,0.007697646973266137
2023-11-21,-0.00026007843892139615,-0.0002594177261763253,-0.002179472264966842
2023-11-22,0.0033200702185725017,0.0033176123512022038,0.003860856688096659
2023-11-24,0.0020919844931153175,0.002088781982603871,0.0006152583229561692
2023-11-27,3.1234100339894155e-05,2.993232904402454e-05,-0.0018008540764695713
2023-11-28,-0.0027732206446698937,-0.0027688825956829755,0.0009900947357734946
2023-11-29,0.0024159636599636602,0.0024143199617068234,-0.0007033709637727092
2023-11-30,0.007456934148260652,0.007478432641943034,0.003937389890417808
2023-12-01,0.0111553322896365,0.011142502913828789,0.005915855135181891
2023-12-04,-0.002232400620116537,-0.002229920534976393,-0.005249354505640125
2023-12-05,-0.005928032530273519,-0.005919630442821067,-0.00019712999514076568
2023-12-06,-0.00027570438898316674,-0.00027797267830553807,-0.004029729599363985
2023-12-07,0.004787514958201511,0.004783628841229515,0.0076305170581814075
2023-12-08,0.003102832510026632,0.00310169817641448,0.0042990810778074096
2023-12-11,0.009293057086061651,0.009280909748253796,0.003889562713336625
2023-12-12,0.00581053109620977,0.00580428780230835,0.0045670463737028655
2023-12-13,0.014291889363501786,0.01429447974237763,0.013790217632763557
2023-12-14,0.006392625592272605,0.006357454772826898,0.0032093987584640438
2023-12-15,-0.001183474572133525,-0.0011734143737551772,-0.0016465279846737957
2023-12-18,0.003546798521903982,0.0035468386768473525,0.0056250888080024986
2023-12-19,0.00616142001787634,0.00615231208964917,0.006080888558688935
2023-12-20,-0.015245948926577269,-0.015243092345376685,-0.013857292868214133
2023-12-21,0.009740265696686734,0.009745950864122443,0.009481935526338248
2023-12-22,0.0024590867894469515,0.0023835328280013,0.0020097867761843524
2023-12-26,0.004780819798927194,0.004769178711538036,0.004222440322714904
2023-12-27,0.0019257429224495137,0.0019187208554611868,0.0018080853378112938
2023-12-28,0.0019116689191638336,0.0019097307981239542,0.0003777903707902208
2023-12-29,-0.001581276150504407,-0.0015854940947186424,-0.002895034567458654
2024-01-12,0.0,0.0,0.0
2024-01-16,0.0,0.0,-0.0021911060587139763
2024-01-17,0.0,0.0,-0.005558629120554048
2024-01-18,0.0,0.0,0.008892804945121346
2024-01-19,0.0,0.0,0.01246601761428856
2024-01-22,0.0,0.0,0.0021144766293073047
2024-01-23,0.0,0.0,0.0029164192965691615
2024-01-24,0.0,0.0,0.0010933126058942921
2024-01-25,0.0,0.0,0.00543884142451212
2024-01-26,0.0,0.0,-0.001270453392287485
2024-01-29,0.00046315146693287623,0.0005231514669330473,0.007919381068000275
2024-01-30,-0.0005142446334314155,-0.0005142137948865866,-0.0007734882337023796
2024-01-31,-0.0003809689980964759,-0.0003809461401547143,-0.01631739659210396
2024-02-01,0.0001274608432364488,0.00012745319273776978,0.013088243385340759
2024-02-02,0.0001311051111851924,0.00016110099491606356,0.010527345896630402
2024-02-05,-0.0005673364883559406,-0.0005672970174018799,-0.0036411212279222616
2024-02-06,-8.83380039897741e-05,-8.832874087705278e-05,0.002903296810174316
2024-02-07,0.0008220192064090082,0.0008219836343961173,0.008340343964780894
2024-02-08,-6.644105913100606e-05,-6.644684819168134e-05,0.0004418983685636757
2024-02-09,0.0006199921392511243,0.0006499758565947644,0.005779329416907064
2024-02-12,-0.0002676597647618406,-0.00026763539691032623,-0.0004390393376605406
2024-02-13,-0.0008673834920279733,-0.0008373420123518605,-0.013773156019081911
2024-02-14,0.002549605440300695,0.002609422993310462,0.009087717382374016
2024-02-15,0.0005265752662779732,0.000586420597191939,0.006899796528982094
2024-02-16,-0.002127909085971824,-0.0019477269840089129,-0.004979972192162729
2024-02-20,-0.000465238098430798,-0.0004050032980427165,-0.005505360843228169
2024-02-21,0.0015595423114551643,0.001619064957606886,0.0009057847460316459
2024-02-22,0.006045428131778108,0.006193706202734184,0.02069547359013213
2024-02-23,0.0013558855896529387,0.0014455699141167067,0.0006896938035239053
2024-02-26,-0.003608506454381155,-0.0034281985494167833,-0.0036624892391067254
2024-02-27,0.0006015224830593358,0.0006303745336357913,0.0018575652385468544
2024-02-28,0.001556455584056593,0.0015552835698431355,-0.001321565635936106
2024-02-29,0.0030001090625291216,0.002998480049912766,0.003594930678976427
2024-03-01,0.0038537962257088054,0.003851153854032896,0.009388320968662489
2024-03-04,0.004445002527710962,0.004442582908985582,-0.0010724808912875305
2024-03-05,-0.004825518004259233,-0.004821994043546662,-0.009993971737729646
2024-03-06,0.005242291574972802,0.005239047793821783,0.005067159247770681
2024-03-07,0.007098835177287599,0.0071244432694739235,0.009926370346830193
2024-03-08,-0.0009811686252580998,-0.0009801275703281709,-0.0060021153687099815
2024-03-11,0.0012295631547276642,0.0012297459060655047,-0.0008599654929840606
2024-03-12,0.0030332681704476894,0.0030308531241971526,0.010757433934536875
2024-03-13,0.00029504361576382365,0.00029415293301893186,-0.001567579929561247
2024-03-14,-0.0055375031033952915,-0.005535158678042773,-0.001976722296110567
2024-03-15,-0.0011557698874182787,-0.001154925920557659,-0.006866621980632592
2024-03-18,0.003294252922610763,0.0032920206225888204,0.005943123520943949
2024-03-19,0.005249497000818559,0.005246648843577839,0.0055572273176933695
2024-03-20,0.0021089737409829556,0.0021071744323237773,0.009249402694907927
2024-03-21,0.005277026466274037,0.005273543971229699,0.0033045469982364573
2024-03-22,-0.00269998291999074,-0.002668796001564222,-0.001895828125220822
2024-03-25,-0.004182256655008265,-0.004179530837150058,-0.0027627018670888237
2024-03-26,0.0005920225159170567,0.0005919849096758245,-0.0018470850305899456
2024-03-27,0.010662368979457382,0.010656917365221563,0.008403901287043603
2024-03-28,0.0025684281426743283,0.002567306719890139,-0.0001911530432039399
2024-04-01,-0.004498755177429259,-0.004496457858909397,-0.0017398673121422625
2024-04-02,-0.005357195093741662,-0.005354308108192485,-0.006357919615775032
2024-04-03,0.0019820317189347403,0.0020104799893403413,0.0010984169872829685
2024-04-04,-0.008315188469062429,-0.008280174877253077,-0.01220615604832942
2024-04-05,0.0059964795818789884,0.005992481370564073,0.010447018952042919
2024-04-08,0.0007737122698239229,0.0007735281005745165,0.0005592485270635716
2024-04-09,-0.00019298028220060548,-0.00019218297499012937,0.0011566969768883606
2024-04-10,-0.00839401671153317,-0.008389412251474604,-0.010012983815937515
2024-04-11,0.0003202134663695677,0.0003197271247763478,0.007546719431144933
2024-04-12,-0.010577981140000081,-0.010572744648121746,-0.013803096677538873
2024-04-15,-0.007133395051688862,-0.0071294244312450905,-0.012528035229721457
2024-04-16,-0.0020542064036424,-0.002053202361735007,-0.0018237698460003005
2024-04-17,-0.002450413197402357,-0.002448649272744907,-0.005918270721091967
2024-04-18,-0.003918445913457358,-0.003915752674139683,-0.0020577941117487786
2024-04-19,0.0011452750434821635,0.0011460387915207537,-0.008728310287311025
2024-04-22,0.0070825368711144865,0.007077856865138843,0.009209223639820463
2024-04-23,0.005883553582071377,0.005879611020169095,0.011866617014164138
2024-04-24,-0.0005944473497287994,-0.0005935656490146934,-0.00047477474141222054
2024-04-25,-0.0017539981796402815,-0.0017237621621554178,-0.0037987587828580693
2024-04-26,0.0015555603705208476,0.0015546947250835164,0.009473829310949533
2024-04-29,0.004448734884313854,0.0044456216378887525,0.003541505391073896
2024-04-30,-0.0105362270922712,-0.010528660742689211,-0.015841202983065017
2024-05-01,0.0021479090429585845,0.0021466109530665634,-0.0032472021430118847
2024-05-02,0.0011572318097086143,0.001157777279536365,0.009353443441858289
2024-05-03,0.006140589053482692,0.006136157703050316,0.01239525615373771
2024-05-06,0.006918085635205573,0.006913180513017814,0.01032693850317501
2024-05-07,0.006008302290390066,0.00600442603349105,0.0011034264304019548
2024-05-08,-0.0010455966594878907,-0.0010450037711507987,9.672134683280653e-05
2024-05-09,0.008352956775376175,0.00834789372388256,0.005761896410399592
2024-05-10,-0.0006524214122551886,-0.0005929034518116216,0.001288045278792893
2024-05-13,-0.0027117651316675984,-0.0027098332934856195,0.00013421871437180322
2024-05-14,0.0027550774274576195,0.002753598852660799,0.004588035509807131
2024-05-15,0.006721344007043717,0.00671733796882279,0.012383318564626933
2024-05-16,-0.0016456462436370556,-0.0016162561016316301,-0.002057648556520464
2024-05-17,0.0017265783446620553,0.001725262193111865,0.0014374286500422606
2024-05-20,-0.0005245210918017884,-0.0005255379568273044,0.0011521851699716201
2024-05-21,8.072805379844006e-05,8.020258068985875e-05,0.002452510759075155
2024-05-22,-0.003823028930711181,-0.0038200646922722514,-0.0028793330278349405
2024-05-23,-0.009304191537419015,-0.009265443099953585,-0.007304094973100028
2024-05-24,0.006658542541018164,0.006654640655709088,0.006616635547303407
2024-05-28,-0.008565267021551137,-0.008522420267345177,0.0006985875025946608
2024-05-29,-0.0061185754846782014,-0.006053701827206215,-0.007002465409604697
2024-05-30,0.004483921651957434,0.004538114891670997,-0.006633746666733442
2024-05-31,0.006405196245316214,0.006587054534178849,0.009108165895193254
2024-06-03,-0.004022234145063752,-0.003987357254900403,0.0008153583340810844
2024-06-04,-0.00027434767728040654,-0.00020992477123538134,0.0011178083574776565
2024-06-05,0.002499203345501133,0.002658261129581563,0.01188508170131497
2024-06-06,-7.245653450049794e-05,1.5216483218782884e-05,-1.86865340957576e-05
2024-06-07,-0.001648737477233042,-0.00147124552451261,-0.0012154701067456086
2024-06-10,6.367135585128025e-05,0.00010071869384953303,0.0030894414176951823
2024-06-11,-0.00021853668350402256,-0.0002183600656660012,0.002408336857466553
2024-06-12,-0.00026737769736950856,-0.00026724017618695584,0.008213376461439381
2024-06-13,0.00020826507151938678,0.0002078878555196173,0.0020131698731635783
2024-06-14,0.00015693736134858582,0.00015645288699528415,0.000608506369971451
2024-06-17,0.0023253332230652735,0.002322250285194505,0.007958910221575577
2024-06-18,1.2164326864683161e-05,1.1763288040089748e-05,0.0025407121528531196
2024-06-20,-0.001074773876572177,-0.0010208456673731492,-0.002716544837253032
2024-06-21,0.00020651067329313655,0.00020589243594626438,-0.0013404904271936413
2024-06-24,0.00013922721757975154,0.00014028247101305347,-0.003250874173535312
2024-06-25,-0.0015202160195710857,-0.001519149195488123,0.0038509684777763287
2024-06-26,-0.0002777126700321819,-0.00027759696401652434,0.001248036721894108
2024-06-27,0.00023945679497372474,0.00023927345930618849,0.0015764724631710525
2024-06-28,-0.0007875365440307425,-0.0007863051324418224,-0.003935092412652108
2024-07-01,-0.0002641536834769864,-0.0002633432067828956,0.002058070220223307
2024-07-02,0.00027829937429046936,0.00027780368714958037,0.0067297191878716855
2024-07-03,-7.09478760002602e-05,-7.125030679433486e-05,0.004462763358313637
2024-07-05,0.0005221549835980888,0.0005214758783427254,0.005766491290519538
2024-07-08,0.0009023669710519489,0.0009232835023569308,0.0011536875313662431
2024-07-09,-0.00021079409158530904,-0.00021058573344889808,0.0009724431209321427
2024-07-10,0.0011348612467547703,0.001133629046510709,0.009895287551016096
2024-07-11,0.000850514104700828,0.0008504902220607402,-0.008622664527645374
2024-07-12,0.0007784739585610101,0.000778084633204168,0.006307644912908028
2024-07-15,0.0007483920763915464,0.0007478048898881262,0.0027502945306061566
2024-07-16,0.0019472647427474232,0.001944900114254411,0.005930227551637746
2024-07-17,-0.0004125469200323417,-0.00037984356544940034,-0.014021344049971685
2024-07-18,-0.0012661073814965729,-0.001199279960854449,-0.00768483062434
2024-07-19,-0.001192672429543129,-0.0011915473646797459,-0.006640697294749476
2024-07-22,0.0014607814424751897,0.0014882825407469547,0.01030989938592386
2024-07-23,-0.00042460295900026424,-0.0004239625670904301,-0.0015686753676521503
2024-07-24,-0.0010383751398366226,-0.0010054432189807727,-0.0226623736576006
2024-07-25,0.0006175028534844973,0.0006166008335231066,-0.005210401360493
2024-07-26,0.002093733284075361,0.0023027270421485113,0.011199677243803441
2024-07-29,0.0011536396945521776,0.0011835984867485383,0.0005877660449546962
2024-07-30,0.0012480560281358244,0.001247312498863451,-0.005066489846381916
2024-07-31,0.0012035017003735327,0.0012323052654767963,0.01625464939413712
2024-08-01,-0.002486030034696274,-0.002452746871674516,-0.01416089772791107
2024-08-02,-0.005342889972210441,-0.005190070301541616,-0.018618465583101318
2024-08-05,-0.008558839297829302,-0.00849333249415829,-0.029123731060897495
2024-08-06,0.0036078740469085435,0.003666760212953646,0.009219621998645788
2024-08-07,-0.0012078107141494376,-0.0012079248026014566,-0.006683908795014903
2024-08-08,0.006943764555303655,0.006971664546793432,0.023117402086431538
2024-08-09,0.0036956734144872883,0.003720862117527979,0.004409783108547671
2024-08-12,-0.0020342654822397277,-0.001972518087902553,0.0005251819392879664
2024-08-13,0.007847662646750075,0.007843670356522336,0.016445457845939426
2024-08-14,0.0017133349267741682,0.0017124150464076227,0.0031548723144527724
2024-08-15,0.00820163300722454,0.00819724693946644,0.017140221567987446
2024-08-16,0.00048113524350457126,0.00048105263367226314,0.0022420117925041616
2024-08-19,0.004721149419188331,0.0047183089549334145,0.009561331973907405
2024-08-20,-0.002877567197125508,-0.002877337169848504,-0.0016259572939693046
2024-08-21,0.004148333423726225,0.00414658160636483,0.0034366969502579447
2024-08-22,-0.0005402620895955668,-0.0005404203814453057,-0.007848785276715065
2024-08-23,0.004745424099672713,0.004774779573003984,0.010625422141984808
2024-08-26,-0.0006400606850568424,-0.0006399136821751972,-0.0023837106752643278
2024-08-27,0.0036120023095362885,0.0036114489243967984,0.0013729062119203217
2024-08-28,-0.00026340916251976765,-0.0002624887080072691,-0.005804990250471653
2024-08-29,0.0022705334327113302,0.0022692454832664577,8.930257271066999e-05
2024-08-30,0.004584626735783415,0.004582071584986025,0.009546108600853476
2024-09-03,-0.007549406769863043,-0.007545845542325957,-0.020578904617080562
2024-09-04,0.0010478686558546002,0.0010477875100087797,-0.002046808041376691
2024-09-05,-0.0013345691290209682,-0.0013333441991463246,-0.002432422016352409
2024-09-06,-0.006101410297625343,-0.006098231647228225,-0.01683006116965957
2024-09-09,0.005005898471392323,0.005003132531815391,0.01119600514425767
2024-09-10,0.0018735493905479572,0.0018729189600235063,0.0043558432423733695
2024-09-11,0.0019035308969055365,0.0019029736997500102,0.01025921618027037
2024-09-12,0.0027094666715605786,0.002707546019492524,0.008423137542477033
2024-09-13,0.005487881172503428,0.005484760387462595,0.005222868726185714
2024-09-16,0.002709592432391883,0.0027082584850952607,0.0014766934860208636
2024-09-17,0.0006856789930713703,0.0006850282768351423,0.0004087469851710157
2024-09-18,-0.0030323823942255412,-0.0030307842253556316,-0.0029659591584655365
2024-09-19,0.006656350290355162,0.006652795874691808,0.017064470201915594
2024-09-20,0.0011182738295918426,0.0011171055865912827,-0.0017287267010226426
2024-09-23,0.0014744928315599815,0.0014739012057705114,0.0024988464537973876
2024-09-24,0.0006520312002933348,0.0006516006404824193,0.002861468217643548
2024-09-25,-0.00024957144889858895,-0.0002500169619653603,-0.002205585632772178
