date,strategy,strategy_no_costs,spy
2016-01-08,0.0,0.0,0.0
2016-01-11,6.185101226052758e-05,9.185101226050207e-05,-0.006153708777275835
2016-01-12,0.0003626676409655971,0.00036265676193569796,0.008068257461905537
2016-01-13,-0.00048024143242930695,-0.00048022703173200565,-0.024940557490074844
2016-01-14,0.00017193330717413247,0.00017192814904110065,0.016416903819580053
2016-01-15,-0.0003555840639677399,-0.0003555733980032949,-0.021465794264166504
2016-01-19,-0.00012485391783456645,-0.00012485017143171184,0.0013307986811228467
2016-01-20,-0.00027329945237397624,-0.0002732912506475671,-0.012814743733104983
2016-01-21,-0.0004736886080386471,-0.0004736743887403527,0.005601902524081437
2016-01-22,0.0004974891352722555,0.0004974741944470118,0.020514910830279343
2016-01-25,-0.0001390348818994802,-0.00013903070841536636,-0.015116452597792374
2016-01-26,0.0002380493344587009,0.00023804218781142694,0.013643113984610045
2016-01-27,-2.3570001135841956e-05,-2.3569293692515814e-05,-0.010883131118148204
2016-01-28,8.954647084746803e-05,8.954378308612121e-05,0.005208630204326381
2016-01-29,0.0014002253977249968,0.0014602118152162724,0.024377583756477694
2016-02-01,0.0009433435471648544,0.0009732970382474448,-0.0003612558403182087
2016-02-02,-0.002196898273370995,-0.0021967916018589273,-0.018022003062555303
2016-02-03,-0.000212618115384533,-0.00018257063227811177,0.005994785334435315
2016-02-04,-0.0005751368227091547,-0.0005151194465763398,0.0015686784081219152
2016-02-05,-0.004451982905575136,-0.004451392145882638,-0.019050344565891275
2016-02-08,-0.0022707908655318354,-0.002240500584710703,-0.013461321808526772
2016-02-09,-0.000799802141437822,-0.0007997762205418368,5.391811492083676e-05
2016-02-10,-0.0002026844981696252,-0.00017268827065453074,-0.000862545476890797
2016-02-11,-0.0018244694777788117,-0.0018242245554579428,-0.013008307955313714
2016-02-12,0.003481552716523062,0.003571329209111962,0.02061686373902094
2016-02-16,0.004657989182700328,0.004687193266899703,0.016878659382641548
2016-02-17,0.005144186283703611,0.0051731752603048076,0.016334528419140515
2016-02-18,-0.001493854805372452,-0.0014933887866678264,-0.0040959136720885025
2016-02-19,0.0008059048299635663,0.0008055174326280223,-0.00046831859644225204
2016-02-22,0.005167969655822668,0.005227142917267225,0.01447893998139449
2016-02-23,-0.0026033099426530093,-0.0025726028062931228,-0.012629545081511373
2016-02-24,0.001324204991551392,0.0013538090400551095,0.004575787488583227
2016-02-25,0.006879286894040382,0.0069978094192495455,0.012112053469631956
2016-02-26,-0.00012234691668877584,-6.221474878320699e-05,-0.002301762918790584
2016-02-29,-0.0019126613764807177,-0.0018223041543914409,-0.007842802802899618
2016-03-01,0.013931467589352042,0.013985911786963179,0.02350713697563811
2016-03-02,-0.0018284726774803195,-0.001827830803395436,0.004492702998206477
2016-03-03,0.0037771137041044955,0.0037750422930964422,0.003919436509997487
2016-03-04,0.003078308682366915,0.0030771095465822462,0.0032535816508312276
2016-03-07,-0.0008962837410130264,-0.0008959263411297824,0.000798174328986434
2016-03-08,-0.005175935884236593,-0.0051731519542935755,-0.010917683104429088
2016-03-09,0.001906233223025522,0.001905433615194907,0.004939559624523193
2016-03-10,0.0006667475308057558,0.0006665799081564394,0.0008024687425773891
2016-03-11,0.009975273399699836,0.009970773384290421,0.016137166139512216
2016-03-14,-0.0007955057502534446,-0.0007656527831122473,-0.0012824304522423002
2016-03-15,-0.0004925128462949235,-0.0004924700134371074,-0.0016295800634807955
2016-03-16,0.006091406407726874,0.006088512694658377,0.005787016158250946
2016-03-17,0.004820738276615444,0.004818677305148844,0.006344340839048446
2016-03-18,0.001453495142870187,0.0014522751334857809,0.003929619049156008
2016-03-21,-0.0008971645620999835,-0.0008970670970238626,0.0014189751583075783
2016-03-22,8.903269338333963e-05,8.941438166076843e-05,-0.0005373811045409349
2016-03-23,-0.0034120361951266442,-0.0033798518196721528,-0.00659949600383114
2016-03-24,-0.000312095412456026,-0.0003120429832540461,-0.00044290701209037664
2016-03-28,0.002396955502412368,0.0024260277818481946,0.0005906266152031492
2016-03-29,0.007204569332426969,0.0072009017629788286,0.009250116039449585
2016-03-30,0.003024803709414492,0.0030230665410300173,0.004387741183200289
2016-03-31,0.0007705756287066379,0.0007998972752329969,-0.0024269460670182097
2016-04-01,0.0034642670261284536,0.0034632054413719082,0.006811612405701606
2016-04-04,-0.0050753904112629256,-0.005072422166710333,-0.003237644577584353
2016-04-05,-0.006944084220833813,-0.00694069840847189,-0.009987878363535319
2016-04-06,0.004864101431931944,0.004861398632909575,0.010921229555514556
2016-04-07,-0.006310634181917907,-0.006307708065899642,-0.011965876094902295
2016-04-08,0.0019440594937114586,0.0019434481481366284,0.002696656660856167
2016-04-11,-0.001173262212366799,-0.0011723564006275167,-0.002347182247036561
2016-04-12,0.003763818445649436,0.003792394571473068,0.009312696375750384
2016-04-13,0.00706595556505718,0.007061994453461562,0.01010118985056141
2016-04-14,-0.0008361136968283445,-0.0008356604149607483,4.807860452626933e-05
2016-04-15,9.713660126275947e-05,9.76439354860581e-05,-0.0011055811803354354
2016-04-18,0.004043577972824952,0.00404157116199122,0.007026646978166351
2016-04-19,0.001348813977001928,0.0013478198059566626,0.003154382541954215
2016-04-20,-2.682434525802524e-05,-2.6770530762054712e-05,0.0009526097913528098
2016-04-21,-0.005934556633797494,-0.00593143552308939,-0.005378407481038239
2016-04-22,-0.0005459379827897903,-0.0005454589950403266,0.0
2016-04-25,0.00040628132495790226,0.0004360906933240649,-0.001722622826713316
2016-04-26,0.004165203440118059,0.004163118445087655,0.0014859918465575106
2016-04-27,0.0037214644233383165,0.0037496207830105543,0.0020581895397211447
2016-04-28,-0.008236843354181178,-0.008204872177455913,-0.009075855016367651
2016-04-29,-0.004807520157891987,-0.004744399419880141,-0.005398993606777758
2016-05-02,0.007682452581214916,0.007708072188007398,0.007948711667605579
2016-05-03,-0.007579806084297758,-0.0075754133376758626,-0.008703395220749144
2016-05-04,-0.0015733943183529053,-0.0014526819734312912,-0.0055781248755018
2016-05-05,1.870902859302248e-05,7.780418793612576e-05,-0.00019494317063184496
2016-05-06,0.007155179508261389,0.007240447557168128,0.0036589354661606954
2016-05-09,0.0025955419015299963,0.0025939693196486147,0.0008263948659978926
2016-05-10,0.009484847669786411,0.009477797421855172,0.012433645127915005
2016-05-11,-0.007729867346211616,-0.00772489747940297,-0.009354657246744003
2016-05-12,0.0021526030166121313,0.002180994104383327,0.00029065450061227516
2016-05-13,-0.008595289002541695,-0.008559133932486862,-0.00871439227952342
2016-05-16,0.008023355077708905,0.008016908872539474,0.00986537874102833
2016-05-17,-0.012077427049295042,-0.012035676438661103,-0.009333568801133452
2016-05-18,-0.00042178073231835533,-0.00036370484047099083,0.00029281936939784536
2016-05-19,-0.004181842137889857,-0.004178367618136503,-0.0034649692167176838
2016-05-20,0.00660156721518268,0.006626235978598682,0.006317380850532128
2016-05-23,-0.0018267294824334535,-0.0017952352588950227,-0.0013622931008567818
2016-05-24,0.013711725281949194,0.013699794321207603,0.012962077943646344
2016-05-25,0.003273486439360873,0.003331252723111966,0.006783149285816359
2016-05-26,0.0024467904854903466,0.0025114734291908913,0.00028696602389577386
2016-05-27,0.006771592317323716,0.006831618914923565,0.004298857794156508
2016-05-31,-0.00021525673249533916,-0.00018151017834333594,-0.0019026541682206632
2016-06-01,0.000890980443897682,0.0008891402597326348,0.002049252249170852
2016-06-02,0.003228931728267659,0.003225971960007401,0.003043726472393704
2016-06-03,-0.0031782476676023297,-0.0031118660564355416,-0.0029870750654421574
2016-06-06,0.0016098907006429908,0.0016405662584064729,0.00508863170935725
2016-06-07,0.0021169016877633506,0.00214753771097409,0.0015610184225285373
2016-06-08,0.0025869619726313076,0.0026774206886204244,0.0032597519890362747
2016-06-09,-0.00016938974388625017,-8.225983200738085e-05,-0.0013655892089042831
2016-06-10,-0.006972976118042151,-0.006870442831332424,-0.009477548339113961
2016-06-13,-0.003282568517779083,-0.0032092020789418196,-0.007711728383551386
2016-06-14,0.0010749234436473465,0.0010735468753817479,-0.00196662130130576
2016-06-15,0.0006929832664106517,0.0006928187823505016,-0.0013942716251799103
2016-06-16,0.002805493901026912,0.002802678470036568,0.0029846349947801887
2016-06-17,-0.003948561887193058,-0.003913551584841746,-0.0037241532855221138
2016-06-20,0.006503848862331907,0.0064967804490962955,0.00644000255297561
2016-06-21,0.0009354131646654995,0.0009341417878645508,0.002838254321963829
2016-06-22,-0.0014162240982532603,-0.0013848737448662884,-0.0016308816091089584
2016-06-23,0.008416807505601032,0.008406892364996255,0.013022457413687238
2016-06-24,-0.020368186348125206,-0.020321430468659196,-0.03590884453170007
2016-06-27,-0.009456080833048386,-0.009443904232377176,-0.017909980653237678
2016-06-28,0.01007404753977248,0.010060331580530102,0.01803596721066958
2016-06-29,0.011078562445969053,0.011065615825845976,0.01702763996689116
2016-06-30,0.009169588731471556,0.009159556895864451,0.01364551805723635
2016-07-01,0.001975509776371398,0.0019730930782730915,0.0021002757362003077
2016-07-05,-0.002031526682250928,-0.0019699284703356135,-0.007193038961438858
2016-07-06,0.0032886893441308462,0.003283955825084117,0.00599799182305083
2016-07-07,-0.0015789448166120268,-0.0015755747838650525,-0.0006203768838818347
2016-07-08,0.010546631539258167,0.010563520650503255,0.01489040289792909
2016-07-11,0.0024215733587120702,0.002418686967759598,0.003527039879043903
2016-07-12,0.002195451487047917,0.0021934118142552528,0.007263310641781429
2016-07-13,-0.0009109566762578458,-0.0009099450805347686,-0.00013935143270071837
2016-07-14,0.002205472889648119,0.002202580430579859,0.005583356847290721
2016-07-15,-0.001764486837655066,-0.0017625563288506951,-0.0013418484637708339
2016-07-18,0.0011599516814191357,0.0011585567955727516,0.002687386084167631
2016-07-19,7.010674491603197e-05,9.932367430520728e-05,-0.0010167586352083369
2016-07-20,0.0030236911538281674,0.0030200177999111233,0.004163043655225129
2016-07-21,-0.004199396471964989,-0.004164026325699011,-0.0037772648740919124
2016-07-22,0.0059000915845566215,0.005924275424232128,0.0044853367153681045
2016-07-25,-0.0001106501667976767,-5.053371319874156e-05,-0.0027159040381125044
2016-07-26,0.0015405245387678512,0.0015687900921441678,0.0004616058179738314
2016-07-27,-0.003026526868129986,-0.0029927537820736427,-0.0010612283786833876
2016-07-28,0.0019631449898829256,0.00205087973795659,0.0011546660301433587
2016-07-29,0.0009084742305904836,0.00102704050157576,0.0016146846083799904
2016-08-01,0.0017786699553574703,0.001836690714126732,-0.0008289925569322509
2016-08-02,-0.00901425317610327,-0.008976086677019213,-0.006407486542837959
2016-08-03,0.001338001053040161,0.0013365090646639821,0.0029224828482523613
2016-08-04,-0.002587270261179331,-0.0025797384486124786,0.0010642761489254582
2016-08-05,0.006851790659157864,0.00684129698784397,0.008179127429738031
2016-08-08,-0.00427420395884659,-0.0042684605706614365,-0.0005959863067186433
2016-08-09,-0.001138850779800027,-0.0010719367661147228,0.0005963417182168751
2016-08-10,-0.00018858083842554496,-0.0001281579327226945,-0.002475223891997058
2016-08-11,0.0029751755590212703,0.002991982396053139,0.004640607085997894
2016-08-12,-0.002573528767838784,-0.0025698351729648294,-0.0008686098636662143
2016-08-15,0.0023982510233395704,0.002430358904202512,0.0028834706471352334
2016-08-16,-0.0074659825562989335,-0.007341083736145948,-0.005157586969937289
2016-08-17,0.0016163269466464847,0.0016995177917087378,0.001881134728282996
2016-08-18,0.004188410848199542,0.004304400201191827,0.0022437977310711954
2016-08-19,0.001086714595565752,0.0010871160473961972,-0.0014620751538957366
2016-08-22,0.001283374163265405,0.0012834222952529117,-4.568741606691962e-05
2016-08-23,0.0047321277761198655,0.004722939622405775,0.002013378642639063
2016-08-24,-0.005130698936618661,-0.005099934438072218,-0.0051148971780109465
2016-08-25,-0.004783540299387101,-0.004771665380431278,-0.0006882237570489114
2016-08-26,-0.004267664362098356,-0.004269445443596198,-0.0018840407559920225
2016-08-29,0.0050629851180472585,0.005057603401725785,0.004924529175110326
2016-08-30,-0.0035449337864880137,-0.00350699675615318,-0.0016484058269221613
2016-08-31,-0.001161252786607836,-0.0011280452146478215,-0.0028440845126228576
2016-09-01,0.0017706021675676364,0.001773572284048619,4.593121701135239e-05
2016-09-02,0.0032852460163077524,0.003358830021292336,0.00450815667079385
2016-09-06,0.00033724382130295716,0.00036874039013956583,0.003022321942910855
2016-09-07,-0.0003014434183289394,-0.00027231570326802235,-9.158035471024117e-05
2016-09-08,-0.003968314443679066,-0.003966626114618843,-0.0022827489610786067
2016-09-09,-0.023753944935315685,-0.023710495562261125,-0.02393511101512147
2016-09-12,0.011713463581562777,0.011698921528381367,0.01434762401130274
2016-09-13,-0.012533849298321686,-0.012523050956495974,-0.014375607561062487
2016-09-14,0.0013272615815611566,0.0013245932464296395,-0.0003753592525760352
2016-09-15,0.0075860217183130185,0.007586455258563163,0.009993006445679686
2016-09-16,-0.0036451309839975465,-0.003639243361012401,-0.0038655791783078763
2016-09-19,0.003503542943082305,0.003498382616655915,0.00018782807107697863
2016-09-20,-0.0015171282645718431,-0.001513492237279812,4.6717958743336396e-05
2016-09-21,0.007880892263340211,0.007906717421426013,0.011245609198420103
2016-09-22,0.006737692694969155,0.006732463768670316,0.006301072026692278
2016-09-23,-0.0052479071046149794,-0.005244440616793855,-0.005479141229618234
2016-09-26,-0.0049049396269700285,-0.004900365979365606,-0.008102224875269015
2016-09-27,0.004660739091853605,0.004659330320272659,0.006208016119474857
2016-09-28,0.0009407330312860562,0.0009476788045981177,0.00496315676662773
2016-09-29,-0.007847072754522344,-0.00777293321550121,-0.009046925544723305
2016-09-30,0.006396536565919098,0.006425460904498248,0.007546260577323993
2016-10-03,-0.002433916383192236,-0.0024386817610330125,-0.002404227607703091
2016-10-04,-0.006363263329673741,-0.006338360779133523,-0.005097769630561633
2016-10-05,-0.0011312025970722228,-0.0011017106958157719,0.004425268558121642
2016-10-06,0.005358017942640458,0.005349801712430713,0.0006955435166295931
2016-10-07,-0.007395326946571412,-0.007394151274098371,-0.003429343922579986
2016-10-10,0.003391800181508531,0.0033956245548205644,0.005208704206040249
2016-10-11,-0.010589882040655474,-0.010580842828328718,-0.012630015043072929
2016-10-12,0.0029171902293998464,0.0029156864408257377,0.0013121665482083156
2016-10-13,0.0001743087675578625,0.00016931182042778659,-0.003275615920133923
2016-10-14,2.484523035706232e-05,9.107722849610589e-05,0.0005164564394535276
2016-10-17,-0.002132526842609339,-0.0021263749560230805,-0.0034722297909201005
2016-10-18,0.0037254525128411764,0.0037316100042028566,0.006262469117979563
2016-10-19,0.0017521473518087305,0.001757396077337603,0.0026667939713751476
2016-10-20,0.0015499054216845387,0.0015310115076998532,-0.001866385228815548
2016-10-21,0.0013499635107914187,0.0013737908321014292,0.000467406129060155
2016-10-24,0.003767876463480535,0.003767028710787379,0.004253036908334451
2016-10-25,-0.0060166959817626875,-0.005979582029186581,-0.0033509198212966496
2016-10-26,-0.0037317284561898534,-0.0037269227059789634,-0.002007667596653717
2016-10-27,-0.00845322200595322,-0.008384630758874523,-0.0026667544968306256
2016-10-28,0.002137648701706185,0.0022451301059873696,-0.002955514316990371
2016-10-31,0.0044934321804512845,0.0045481511840661515,4.716140861793505e-05
2016-11-01,-0.008173892244114134,-0.008103742157400506,-0.0072452815596660836
2016-11-02,-0.0044452227776548,-0.004438215231321374,-0.0060185317295768925
2016-11-03,-0.003749819765187734,-0.0035470044053202976,-0.004577201362954808
2016-11-04,0.00010638059216416806,0.00023894999482299006,-0.0011017653234725033
2016-11-07,0.02200225760709018,0.02207564716008692,0.02205695505744054
2016-11-08,0.005978838354954608,0.006087277812294456,0.004503640944656606
2016-11-09,-0.000971723803347313,-0.0007938539744458684,0.010602523452654555
2016-11-10,-0.004826578905472445,-0.004613078169656171,0.0024953268874920997
2016-11-11,0.007587039802148476,0.007558878486235487,-0.0023047733956615968
2016-11-14,0.002614455255595116,0.0026285320858403516,0.0007853886179329805
2016-11-15,0.005519017155494632,0.005544048685056646,0.007802763045137606
2016-11-16,0.00044804554092725546,0.0004384095429788015,-0.001878104440582562
2016-11-17,0.00439206394770153,0.0043838105350964,0.005140389296738546
2016-11-18,-0.0014612382322868323,-0.001441381816848275,-0.002237623088647833
2016-11-21,0.006634203174572084,0.006653764240249771,0.007551547631002187
2016-11-22,0.00717823156138464,0.007155219771032062,0.0019535385709430475
2016-11-23,0.0015748492740930153,0.0016398447979022457,0.0005441746620840071
2016-11-25,0.003418950829673806,0.0034528433098071076,0.003715182109094828
2016-11-28,-0.004822582027282807,-0.004810729034523842,-0.0046951465767332
2016-11-29,0.00377035584711094,0.0037756094094432147,0.0019504527622593582
2016-11-30,-0.00723719613295315,-0.00723797866250897,-0.00239910700355328
2016-12-01,-0.009331550258607879,-0.00930281433308755,-0.003675418686641563
2016-12-02,0.003012873712666231,0.0030151561346236644,0.0005010264654596863
2016-12-05,0.005886252096982458,0.005883704652441812,0.006008737423371713
2016-12-06,0.0033939960766624644,0.00339441590410261,0.0031672418501835775
2016-12-07,0.011966306959523942,0.011964324203669774,0.013081016162097558
2016-12-08,-0.000843695548657708,-0.000806553351107353,0.0024486308589539707
2016-12-09,0.0025388415521314656,0.0025672248067019066,0.006040280706321122
2016-12-12,-0.0017362042560215007,-0.0016973080406041952,-0.0011476523492915947
2016-12-13,0.005522174966653859,0.005583926651803628,0.0066738084134938536
2016-12-14,-0.007889485897032755,-0.007893079890446408,-0.008254006407553471
2016-12-15,0.0037459331975830956,0.00377312095410276,0.004117251735652916
2016-12-16,-0.001428591923988476,-0.0013078929568518527,-0.001956124392211822
2016-12-19,0.0018025485269386188,0.0017992590665496522,0.002177652528619234
2016-12-20,0.005387631577607577,0.005378004818564541,0.0038573693270458342
2016-12-21,-0.0013052722505908498,-0.0013118763813684264,-0.0027828182529151535
2016-12-22,-0.002737346166465593,-0.002700267728558803,-0.0017271896375229412
2016-12-23,0.001873762237691201,0.0018664730264288387,0.0014641058803037676
2016-12-27,0.0046653155068492325,0.004655299986628059,0.002481414183370223
2016-12-28,-0.011635467595197513,-0.011625863123208124,-0.008264775523578405
2016-12-29,0.0029177746131370252,0.002920524627476606,-0.00022274786002929314
2016-12-30,-0.005685398725487123,-0.005674460988536634,-0.0036550189132423805
2017-01-12,0.0,0.0,0.0
2017-01-13,0.0,0.0,-8.846462036782299e-05
2017-01-17,0.0,0.0,-0.0035233858801858586
2017-01-18,0.0,0.0,0.0022099712104712843
2017-01-19,0.0,0.0,-0.003704931267825895
2017-01-20,0.0,0.0,0.003674519921334163
2017-01-23,-4.288359793780394e-05,1.7116402062145042e-05,-0.0026023009893491045
2017-01-24,0.0007035109500139747,0.0007034687400795381,0.006411821761518777
2017-01-25,-6.4959435547296e-05,-6.49555407877811e-05,0.008655478475755318
2017-01-26,-0.000375883693164214,-0.00037586115491861083,-0.001045791929342954
2017-01-27,0.00022803724866182762,0.00022802357024986897,-0.0015694006681764572
2017-01-30,-2.3811885213387285e-05,-2.381045722510411e-05,-0.006201825094785618
2017-01-31,-7.780171077165221e-06,2.220881504322314e-05,-8.805307852055577e-05
2017-02-01,-0.0006068886714960531,-0.0005768892395964231,0.00039557113344046435
2017-02-02,0.0006852362019607039,0.0007152176478724126,0.0006594147175433829
2017-02-03,0.0005247384522528709,0.0005547040610931475,0.006892698686812304
2017-02-06,-0.00022683181671045993,-0.0001968088019994596,-0.0017877462933810762
2017-02-07,0.0002041015093610099,0.00020406236953740553,4.352837095411566e-05
2017-02-08,0.00017456270671312168,0.00017450404227248306,0.0013106047022404255
2017-02-09,0.000903695227818524,0.0009035649357140851,0.0059326188579080785
2017-02-10,0.0005052679363297674,0.0005652563625233586,0.003946183698355865
2017-02-13,0.0012107290471456977,0.0012105744098036553,0.0054427883821197565
2017-02-14,0.00040640422008353383,0.0004663183820836636,0.00399493877253243
2017-02-15,0.0016479317380113656,0.0016775176356382815,0.00522084519485988
2017-02-16,0.0005427746578694492,0.0005727427371304827,-0.0008516207220198302
2017-02-17,0.00048494184657288386,0.0005148401016621396,0.0015761941706544658
2017-02-21,0.0018113763168865482,0.0018110115397309556,0.005955147799732385
2017-02-22,-2.6559514195501066e-05,6.338549242634883e-05,-0.0008878789390097674
2017-02-23,0.0002053208646337623,0.00026530452640671776,0.0006771949125281562
2017-02-24,0.0025252544134029,0.0026443721069517867,0.001268956307289848
2017-02-27,0.0005861464873302413,0.0006759705625682955,0.001562669992039245
2017-02-28,-0.0028025855976673286,-0.002771572874705308,-0.0026990730228516613
2017-03-01,0.007090747510291928,0.0072680295040419285,0.013997461658209032
2017-03-02,-0.004674446995976855,-0.004612376606900059,-0.0062974429680603405
2017-03-03,0.00030116693507298287,0.0003010622696160148,0.0006297170068023661
2017-03-06,-0.0016746056123647657,-0.0016736287098091385,-0.002978377428373813
2017-03-07,-0.0022578194689755193,-0.0022567196880293183,-0.0029863779617935737
2017-03-08,-0.00217254370220632,-0.002171251143089914,-0.0018567031119507416
2017-03-09,-0.001568874187863556,-0.0015684910373107153,0.0012681624911941025
2017-03-10,0.0028230314106223453,0.002820818873974229,0.003504121576205277
2017-03-13,0.0017129857364499568,0.0017118484080573815,0.000504883341382989
2017-03-14,-0.0033960363338745303,-0.0033937647439533647,-0.003826542521268017
2017-03-15,0.009502704628742809,0.009497748193349587,0.008653552360811334
2017-03-16,-0.00010119345613446296,-0.00010095145106259196,-0.0019671064593971277
2017-03-17,0.003797215637701301,0.0037949312287486325,-0.0017560240802326765
2017-03-20,-0.0014319887273052112,-0.0014310336159728543,-0.0010969834224330288
2017-03-21,-0.00921660572629679,-0.009212011242300422,-0.012839359325030442
2017-03-22,0.002126399736468443,0.00212546861328633,0.0023528977341129576
2017-03-23,4.3625231651800433e-05,4.341884068592705e-05,-0.0010668306117276316
2017-03-24,-0.002207671060384442,-0.002176807160322758,-0.0007268422746218306
2017-03-27,-0.00023771756457124926,-0.00020807205796291584,-0.0010260180697760912
2017-03-28,0.004329836812139387,0.004327083510150764,0.0072768650983841
2017-03-29,0.0020920028344588726,0.0021216369936416513,0.000934799992784896
2017-03-30,0.0024016931275596676,0.0023998190121750085,0.0031844221163634945
2017-03-31,-0.0007854820826916908,-0.0007849742294819828,-0.0023276304964054972
2017-04-03,-0.0024247505143046855,-0.0023932301499863806,-0.001739405083699186
2017-04-04,-0.0006842364283553559,-0.0006839272459256973,0.00063722725354598
2017-04-05,-0.0028635409707636894,-0.0028315547510473493,-0.002972459331000321
2017-04-06,0.003196485528772053,0.0031946560391662437,0.0028110008695301225
2017-04-07,-0.00045830835143390036,-0.00045829766915328474,-0.001019432926068431
2017-04-10,0.0009606179616254984,0.0009602458268638259,0.0005956206952664189
2017-04-11,0.0021731131373643464,0.0021717820652946696,-0.0011898559314652557
2017-04-12,-0.005987276260476682,-0.005984059710687495,-0.004381821437653977
2017-04-13,-0.005468161149001061,-0.0054647402146152935,-0.006494801997070532
2017-04-17,0.006753390075389998,0.006749006921738632,0.00885960282320064
2017-04-18,0.0003954681521658454,0.0003956039996986238,-0.002984367244703523
2017-04-19,-0.0018090644625282648,-0.0018082217532303657,-0.0018384650816789527
2017-04-20,0.004599354358537644,0.0045967499786598864,0.008139344597635212
2017-04-21,-7.46226815471207e-05,-7.400557202597025e-05,-0.0031869020707160356
2017-04-24,0.006770542867668761,0.006826715956612883,0.01099776044563705
2017-04-25,0.003704254688604136,0.003701246832463312,0.005818589434265498
2017-04-26,-0.0003917749129905834,-0.00036044215536579216,-0.000628922377870933
2017-04-27,-8.872572485929542e-05,-8.903821100536558e-05,0.0008390414363321774
2017-04-28,-0.003743480743825911,-0.0037420721977580174,-0.002179382399111529
2017-05-01,-0.0005672164511785205,-0.0005673131650661967,0.0025201358295638965
2017-05-02,0.0013761618016385757,0.0013754567662365158,0.00037716273000909517
2017-05-03,-0.004596789826233794,-0.004593515165707385,-0.0012146134935869801
2017-05-04,0.0015692555390116603,0.0015689289960671982,0.0011741154995335013
2017-05-05,0.005099330009437075,0.005155486971918144,0.003936881598367359
2017-05-08,-0.0026056676836743176,-0.002603244277850858,-0.00016704575378767572
2017-05-09,-0.0003259582947224837,-0.00032614678606879277,-0.000917724412436205
2017-05-10,0.00190280727149017,0.0019015728749744998,0.0017960666612844012
2017-05-11,-0.0025717419337303316,-0.00257125607113462,-0.00204294264254945
2017-05-12,-0.0024403815855600364,-0.002438622516846234,-0.0016709172261327732
2017-05-15,0.005885527990559636,0.005913877842822046,0.0055234185620463006
2017-05-16,-6.495695674635371e-05,-3.2911683696790206e-05,-0.0009156479307578236
2017-05-17,-0.009555016556502038,-0.009517278011536345,-0.017743944801854705
2017-05-18,0.002692383565608969,0.002720749781143672,0.0040284867221933585
2017-05-19,0.006695142743643245,0.006719803378141265,0.006504049372601628
2017-05-22,0.0029719032757784536,0.002969055724317826,0.005077412808222048
2017-05-23,-0.0015141515777705727,-0.001482946174823141,0.0022130998350069486
2017-05-24,0.0026632315825751984,0.002660711799679305,0.0023326513650259173
2017-05-25,0.0038796954496924663,0.003910374725545562,0.0047793295046361095
2017-05-26,-0.000218185797015491,-0.00018757396781865499,-0.00020651590980858003
2017-05-30,-0.0011642850744988387,-0.0011028049947388041,-0.0008690386487689716
2017-05-31,0.0010167858776204408,0.0010508172152954298,-0.0002481884040722582
2017-06-01,0.006911408552489506,0.0069060379464229715,0.00795213147801399
2017-06-02,0.0024617827639623613,0.0025168022219326236,0.0033285322605132173
2017-06-05,-0.0017982641656923981,-0.0017666609990721893,-0.0007370751098080275
2017-06-06,-0.004887009044630797,-0.004823790493486246,-0.003197072952353941
2017-06-07,0.0007239286778013554,0.000783941705539748,0.0018501068745411242
2017-06-08,0.0011203382774371828,0.0012378545932574259,0.0004927023723457769
2017-06-09,-0.003275017277768133,-0.0032113685132302283,-0.0015180064115528635
2017-06-12,-0.00271928866703941,-0.0026892088447738605,-0.00020526131618370247
2017-06-13,0.0033459152949613102,0.0035169278284283845,0.004889637945718395
2017-06-14,0.000476126860132986,0.000532675833877061,-0.0012672663503430215
2017-06-15,-0.0011336440186481278,-0.001132006971093391,-0.0019244196074722497
2017-06-16,-0.0020124082083222694,-0.002011073145414155,0.00021838018204922705
2017-06-19,0.003585301566280563,0.00358092015059297,0.00832535924038269
2017-06-20,-0.002469596087743886,-0.0024670895220126887,-0.006744076434880397
2017-06-21,-0.0006696642793987406,-0.0006389034579168396,-0.0002469701255954915
2017-06-22,-0.0015428862119005737,-0.0015403948830566838,-0.0004530594480065542
2017-06-23,-0.0002652007759573749,-0.0002641995794530061,0.001194331740262955
2017-06-26,0.0012429096678785445,0.0012410252646346542,0.0006580207993931442
2017-06-27,-0.0047488410504290535,-0.004743523700346586,-0.008056213726402528
2017-06-28,0.004071599709932983,0.004067490095413628,0.008950486731214014
2017-06-29,-0.005470436350636709,-0.005463330218989593,-0.008788756428805278
2017-06-30,0.0025146010240453265,0.0025110012571385454,0.0018644326242092113
2017-07-03,-0.0011219286410182328,-0.0010913204037470425,0.0016958077053927934
2017-07-05,0.0014967525168418927,0.001496016735292649,0.0023118927611947004
2017-07-06,-0.0036912717259783845,-0.0036875011108903344,-0.009144536998774933
2017-07-07,0.004722866904687484,0.004716953180010863,0.006485062479682835
2017-07-10,-0.0001953544767625548,-0.00016490611295105762,0.0010739886122603792
2017-07-11,-0.0004899997936025358,-0.00048750503861094696,-0.0007426491027650028
2017-07-12,0.002812902193243927,0.0028089458503901543,0.007514636743868319
2017-07-13,0.00032975234881083004,0.0003299893650623442,0.0016802325883329416
2017-07-14,0.0036730142644090247,0.0036700743714996875,0.004664140212380152
2017-07-17,0.0006205202816631505,0.0006477813182572678,-0.0001222027748989385
2017-07-18,-0.0004281044676855972,-0.0003966674194120223,0.0005296578656772688
2017-07-19,0.0014289341948723333,0.0014540291462608046,0.005413921746416861
2017-07-20,-0.001985951966594124,-0.001981887635279067,0.000445435060221433
2017-07-21,0.0019051667262635075,0.001900624287757946,-0.0008904022458563476
2017-07-24,0.00027534544676632855,0.00027627031331900476,-0.00024309875776540313
2017-07-25,-0.0002856003365406812,-0.0002861059774694752,0.0024307230038966843
2017-07-26,-0.0008953019236886961,-0.000836030294760981,4.047546507490729e-05
2017-07-27,-0.004136356611720404,-0.004101296219297557,-0.0009292619935544755
2017-07-28,-0.0013653731698641813,-0.001244689996449444,-0.0011730527651606648
2017-07-31,-0.0014526240577747984,-0.0014219177592253995,-0.0005669713323783743
2017-08-01,0.0017712487612688843,0.0017696674596126005,0.0022286611472210893
2017-08-02,-0.0005317805091136218,-0.00047056030148828754,0.00048497668197966526
2017-08-03,-0.0007356206263097187,-0.0007057842649738078,-0.0019397487893375587
2017-08-04,-1.1105141397571572e-05,0.00014347892324351186,0.0018220799862256332
2017-08-07,0.003165597207620552,0.003311288185652961,0.0018594565555216658
2017-08-08,-0.002060011788218463,-0.0019665631119691884,-0.0024611118621885586
2017-08-09,-0.0009759420169217492,-0.0008858430989414634,-4.043046774571124e-05
2017-08-10,-0.01583871885280619,-0.01579039919291636,-0.014115145929636919
2017-08-11,0.004769535943268011,0.004825582332956824,0.0014767562337771878
2017-08-14,0.009347970224275581,0.009402931608422538,0.009913122207047431
2017-08-15,-0.0027737731814615474,-0.002768265012461635,-0.0001214314606141631
2017-08-16,0.004790067524963693,0.004783084260293835,0.001744156034887645
2017-08-17,-0.013922290871579923,-0.013878451575634831,-0.015590818088710212
2017-08-18,-0.002841473586208565,-0.0028362441117865123,-0.0015630745732604368
2017-08-21,-0.0014177158500536802,-0.0013841207527099941,0.0007825795131819469
2017-08-22,0.010765306521281381,0.010784405064015345,0.01045707713973787
2017-08-23,-0.0035311720560035065,-0.003526133791201369,-0.0035854826138764784
2017-08-24,-0.0008859759372146225,-0.0008837765406607412,-0.002330339201413567
2017-08-25,-0.0038801575000487754,-0.0038741103408657107,0.0023357823666283473
2017-08-28,0.0014193789602441331,0.0014489456106343557,4.0948797307205353e-05
2017-08-29,1.665688335905635e-05,1.6530413933901755e-05,0.0011448642199960446
2017-08-30,0.006884709611380879,0.006907599941930576,0.004737533676253625
2017-08-31,0.006409535796092269,0.0063983394004840655,0.006016116427005391
2017-09-01,0.0031897540786556267,0.0031884282894516502,0.001414177905088021
2017-09-05,-0.0074894173439360445,-0.007454624677097232,-0.007181982714383861
2017-09-06,0.0024739179872388384,0.002470338356173496,0.003413722885612147
2017-09-07,-0.0003174701696841975,-0.0003204851130058639,-0.0001216108201410604
2017-09-08,-0.0024248258980638093,-0.00242290324067862,-0.001174621083820937
2017-09-11,0.008556512637669211,0.008546112199155909,0.010665891039904896
2017-09-12,0.0056955577652415545,0.005691283998748631,0.003370856505470643
2017-09-13,-0.0028948639477506255,-0.0028907196895161524,0.0004798929229237192
2017-09-14,0.0009510684559865812,0.0009807918826199025,-0.0003198220590546752
2017-09-15,0.004666713021749924,0.004692566386213626,0.0013461314344491715
2017-09-18,0.0058831450339746905,0.005877007373827903,0.0021268930704736455
2017-09-19,0.001437763780635093,0.0014358526223310353,0.0010012624308342044
2017-09-20,-0.00035872908802692116,-0.0003556609241592845,0.00035983329965727506
2017-09-21,-0.001120504484363849,-0.0011191132945671534,-0.002679429617243101
2017-09-22,0.00562518588032046,0.005619944795629328,0.00020055962877929545
2017-09-25,-0.004989133606770113,-0.004981905691279653,-0.002044581868579698
2017-09-26,0.00023862747683489616,0.00023687166403951743,0.000602720339240026
2017-09-27,0.011459286613314745,0.011446201265319589,0.0038944047357221123
2017-09-28,0.0017494256452721402,0.0017456788867873385,0.0011998310109007093
2017-09-29,0.004604991177430406,0.00459839902379966,0.0035148714845600892
2017-10-02,0.005088800179771091,0.005086490535853194,0.004338727464618941
2017-10-03,0.0026306723568545465,0.0026582476309731096,0.0021399330624549684
2017-10-04,0.0007323825567342457,0.0007318343253608361,0.0011864977648672337
2017-10-05,0.001864475637966212,0.0018635634770307608,0.005925181568549265
2017-10-06,0.0015326749853712407,0.0015307628049647803,-0.0011387742844011228
2017-10-09,0.0011657933427202671,0.0011644557825669644,-0.0016510707346216735
2017-10-10,0.0018422086691485262,0.0018415082750580236,0.0026382478492343875
2017-10-11,0.0004681998908449003,0.0004662879156533961,0.0015709011252587057
2017-10-12,-0.0009153890516159224,-0.0009124462757783558,-0.0014900806420821144
2017-10-13,0.00045709488362710715,0.0004936080103472573,0.0012174061360681332
2017-10-16,6.578311427340999e-05,6.633248679532855e-05,0.0013335274125303442
2017-10-17,-0.0012890654082767794,-0.00128893079505088,0.0007051498232426567
2017-10-18,0.001355111065548753,0.0013529468825803637,0.0009786579758326308
2017-10-19,0.006179906605541463,0.006158273585305185,0.0002735316864954651
2017-10-20,0.008952143423736736,0.00893896928823068,0.005160831196651783
2017-10-23,-0.0014641200935505694,-0.0014598927153554042,-0.003889525010949635
2017-10-24,0.003199656990839017,0.0032268400146822085,0.0017569223135767142
2017-10-25,-0.004325541946667788,-0.004288839925975285,-0.004950114204787415
2017-10-26,0.007371657022479772,0.007365993261457149,0.0012928547104611443
2017-10-27,0.004392357316995277,0.004510204777220528,0.00817606874263932
2017-10-30,-0.0040424674036109165,-0.0039476907488859014,-0.0037248490967893844
2017-10-31,0.006758698448582123,0.006820494573036351,0.0015575957433673349
2017-11-01,-0.0011945776045555467,-0.0011454953391415446,0.0013223911599951066
2017-11-02,0.0008726943302268531,0.0008832034075105799,0.00038809285417396033
2017-11-03,0.0030898537736883114,0.0030893197533459205,0.0033387785311127516
2017-11-06,0.00036176184847458437,0.00048405105195414855,0.0015475540846030533
2017-11-07,-0.004310269897854102,-0.004260672660162501,-0.0006952488643852117
2017-11-08,0.0063726420114571525,0.006517196335285247,0.0017008752107221525
2017-11-09,-0.009038804990774252,-0.008968634751757132,-0.0036276716075825943
2017-11-10,0.003539440624168222,0.003563816138281828,-0.0003098736335593877
2017-11-13,0.0035568871180593487,0.003621145932991343,0.0009299090549759192
2017-11-14,0.0028724900998859937,0.002872393903776249,-0.0023225450250291546
2017-11-15,-0.006459785252557415,-0.006371135332231326,-0.005005446315905271
2017-11-16,0.009328336174663887,0.009430090532171365,0.008501159758154131
2017-11-17,0.00019063339159419712,0.00022977828681924883,-0.0029388127245350004
2017-11-20,0.0056172518042536534,0.005692597215244399,0.0017063541384385594
2017-11-21,0.007604506225560748,0.007625265801569192,0.006542786811286394
2017-11-22,-0.0020151234016291264,-0.0019521534573997412,-0.0008843135586730222
2017-11-24,0.0012096310664826415,0.0012498338795536856,0.0023095564843853555
2017-11-27,-0.004655329364035565,-0.004662760134463539,-0.0004992418882107108
2017-11-28,0.007077726842668275,0.007087212524758968,0.010145217896161851
2017-11-29,-0.008415393511843727,-0.008361638725352116,-0.0006089327367834185
2017-11-30,0.004577355221258461,0.004570755234471813,0.008755041755306836
2017-12-01,-0.0042519231607989205,-0.0042091710132485805,-0.0020754609749102926
2017-12-04,-0.00409946191736954,-0.0040304885286877035,-0.0012102124848368812
2017-12-05,-0.0037812078796584103,-0.00378597659274027,-0.0035965811494325095
2017-12-06,0.00012532169275880634,0.00011708517672048835,0.00019017663803100326
2017-12-07,0.0051801343032322755,0.005203999464131526,0.00315288571772232
2017-12-08,0.0031915379570071067,0.003230173832673211,0.005453104620037896
2017-12-11,-0.0018580863482038357,-0.0018507774763935059,0.003013006009587871
2017-12-12,-0.0008720780472032397,-0.0008588570646032023,0.0017650595286713422
2017-12-13,0.0009125354898489313,0.0008885581919446661,-0.00011245229639667009
2017-12-14,-0.002998292053611129,-0.0029792099582415243,-0.004086357582189004
2017-12-15,0.005117576873977958,0.005125960873833213,0.008327217860012448
2017-12-18,0.004882585670713979,0.004909111659851639,0.006341542921576515
2017-12-19,-0.004801302698025256,-0.0048221364229935615,-0.0038405102333698427
2017-12-20,0.0012770922299869536,0.0013159481610256485,-0.0005242161035561299
2017-12-21,-0.0003620660500807116,-0.0003731430977187422,0.00205998786453776
2017-12-22,4.3669970409832004e-05,3.914271043159445e-05,-0.0002616412957743286
2017-12-26,-0.002101105842293838,-0.002111269661302373,-0.0011965177880248756
2017-12-27,0.002172233985115346,0.0021744270679548983,0.00048694073467592247
2017-12-28,0.0014433066153178853,0.001451885504639927,0.002057165756028212
2017-12-29,-0.0038834625360417707,-0.0038863416333135836,-0.003770438603515225
2018-01-10,0.0,0.0,0.0
2018-01-11,0.0,0.0,0.0034811117888680077
2018-01-12,0.0,0.0,0.006519203886003355
2018-01-16,0.0,0.0,-0.003418673849963194
2018-01-17,0.0,0.0,0.009531758310115546
2018-01-18,0.0,0.0,-0.0016808410972971588
2018-01-19,0.0,0.0,0.004549713333354077
2018-01-22,0.0,0.0,0.008130557691373275
2018-01-23,-0.000247509221539266,-0.00021750922153929153,0.0021227699435746317
2018-01-24,-0.00022844129937460433,-0.00022843444464470952,-0.00038822709932173627
2018-01-25,-0.0004965059761520285,-0.00046650428393402166,0.00042381920542133855
2018-01-26,0.0007473162291937729,0.0007472825407128791,0.011577761894707495
2018-01-29,-0.0008303610888110713,-0.0008303270808234231,-0.006630127841302014
2018-01-30,4.804942392855338e-05,4.8051932163284405e-05,-0.010256882954202684
2018-01-31,0.00017223185189862988,0.00017221818687906953,0.0004970713419818473
2018-02-01,-0.0004869191989397281,-0.0004269188061348794,-0.0011355632741826271
2018-02-02,-0.001505495495075615,-0.001505362403417032,-0.02176990483455743
2018-02-05,-0.003266080974807184,-0.0032058928633507122,-0.04182224417093183
2018-02-06,0.004218338058500359,0.004277924239781683,0.01970183311049012
2018-02-07,-0.0008168435975641763,-0.0008167357564383693,-0.005424497381336324
2018-02-08,-0.007068020572499445,-0.0070071851502576665,-0.03750927039840801
2018-02-09,0.0020025125570239943,0.0021524312785701216,0.015021660237433787
2018-02-12,0.0025270516950555155,0.0026465560208364103,0.014684543672399908
2018-02-13,0.0020100750140863433,0.0020092856852540475,0.00248740145184545
2018-02-14,0.0067586658867184735,0.006786682845983272,0.01349620184327227
2018-02-15,0.003399692411262256,0.003488292609938881,0.012760258571196115
2018-02-16,0.0005994394866182251,0.000689534717422724,0.00029285843424942115
2018-02-20,-0.0050375915080898,-0.00485684307488754,-0.006261214234073775
2018-02-21,-0.003328335955587347,-0.0032666447814666544,-0.004974211832767805
2018-02-22,-0.0014505481163772371,-0.001330548431918821,0.001296176823579076
2018-02-23,0.01335563546385865,0.013528533493893713,0.015939238904999042
2018-02-26,0.00708685966043876,0.007111736677417824,0.01161231789491679
2018-02-27,-0.012814366914368991,-0.012774980083607335,-0.012486532226350877
2018-02-28,-0.008658692835912252,-0.00865275261735643,-0.010129819402294626
2018-03-01,-0.0059068714640631015,-0.005902683010908127,-0.014540916580615293
2018-03-02,0.006121306432193663,0.006116627848618439,0.005154848195324746
2018-03-05,0.009219021915777725,0.00921130908882617,0.011558126675881963
2018-03-06,0.0038482292930184236,0.003844626261985118,0.002534971240559347
2018-03-07,-0.002012027528933147,-0.0020109646745201104,-0.0003665775519043901
2018-03-08,0.003835525218376157,0.003832308101896942,0.004839052341124805
2018-03-09,0.01496350826843007,0.014952272611522988,0.017402475797139383
2018-03-12,-0.0020041162907395993,-0.0020025330857923462,-0.0012549941877011417
2018-03-13,-0.002071596248909513,-0.0020707961447563594,-0.006463089957696622
2018-03-14,-0.004466631901118956,-0.004463215138778898,-0.005131581747721103
2018-03-15,-0.0017143121952951645,-0.0017131470957784112,-0.0010893697775582467
2018-03-16,0.005019345712088397,0.005015352540468809,0.0010845385680275932
2018-03-19,-0.00896443546522363,-0.008898018906525307,-0.013530684374158608
2018-03-20,0.0027802983222939837,0.002777789695861399,0.0017006838729141105
2018-03-21,-0.002244146369283717,-0.0022417753951202712,-0.0019192203215482317
2018-03-22,-0.019890384645373627,-0.01984534261968851,-0.024997006281226253
2018-03-23,-0.018667810763045467,-0.018652036939099004,-0.021314665920538878
2018-03-26,0.022180631381064186,0.02216136064271179,0.027359041341031398
2018-03-27,-0.012723273052993811,-0.012711648303598277,-0.017011694099533292
2018-03-28,-0.0021624782444419344,-0.0021604481813384258,-0.0029548072322919117
2018-03-29,0.011434816929850822,0.011425154837719997,0.01277765629043004
2018-04-02,-0.021741532189593626,-0.02172281652039687,-0.021584575176795462
2018-04-03,0.012015484685680589,0.012005480610804309,0.012816721761802263
2018-04-04,0.0095933609600789,0.009625796320505753,0.010699054971383015
2018-04-05,0.007289807580976193,0.0072855720574540594,0.007892464780515418
2018-04-06,-0.019489242298909804,-0.019466679191615377,-0.022285970943954014
2018-04-09,0.0005317979066201683,0.0005473402262758942,0.004928401332611632
2018-04-10,0.012325057177727583,0.012349924720187477,0.01590038551104045
2018-04-11,-0.0062583131316250595,-0.0062831900005149155,-0.0052424378802266025
2018-04-12,0.0040347600209929,0.004049436391382333,0.008227174474605414
2018-04-13,-0.002300272715194396,-0.0022853874672582597,-0.00293297847576357
2018-04-16,0.0123908937212176,0.012408718673215358,0.008221875239717624
2018-04-17,0.008468893074932371,0.008483286362960474,0.010698321637781838
2018-04-18,0.0025377883123858247,0.00253283440343699,0.0007403267123571311
2018-04-19,-0.007372174130780618,-0.007360230751198293,-0.005547636737814554
2018-04-20,-0.007532247699833627,-0.007520765361947457,-0.00847946939613764
2018-04-23,0.0029637698782034594,0.0029758011745779633,-0.0001499103597235596
2018-04-24,-0.010465318846358485,-0.010472790755456818,-0.01346771864006302
2018-04-25,0.004719820924414808,0.004723832608076295,0.002471797644137075
2018-04-26,0.007419086283874776,0.00744183267177978,0.010165758222081767
2018-04-27,0.002459553459112751,0.0024784497850853793,0.0009390542700382642
2018-04-30,-0.011203105168886562,-0.011182916544197119,-0.0076910025732380705
2018-05-01,-0.0009851868158702315,-0.0009860895219803156,0.0017769242604321889
2018-05-02,-0.012272843155061941,-0.012267922214391103,-0.006717451541688124
2018-05-03,-0.0015818292588414273,-0.00158771763803911,-0.002203610149055568
2018-05-04,0.012805717021864949,0.01281963617252413,0.012946682930007558
2018-05-07,0.0006844881615124532,0.000744679254181646,0.0033832361756540585
2018-05-08,-0.0022913907921245924,-0.0023044666628971866,0.0
2018-05-09,0.004944234678545323,0.004993914033631697,0.00966569159316566
2018-05-10,0.009797200256060012,0.009780913180562179,0.009350416423010266
2018-05-11,0.005122240999749117,0.005127350950182796,0.00305124763912068
2018-05-14,-0.0008256156285796346,-0.0008361388326243446,0.0004767183964959898
2018-05-15,-0.004190486873412946,-0.004172828876452761,-0.006887094461925591
2018-05-16,0.004009113970725675,0.004064015987962577,0.004205045516890715
2018-05-17,-0.00045589595261241733,-0.00043332622330582993,-0.0008449713716942586
2018-05-18,-0.0008855808075406424,-0.000832743431088967,-0.0024996065056122063
2018-05-21,0.006011430425345132,0.00603474376443125,0.007518314157885175
2018-05-22,-0.006225276962874782,-0.006227070850759908,-0.0027803393517308317
2018-05-23,0.002580132204525798,0.0026966735400064668,0.002751868159879045
2018-05-24,0.0020176016002013686,0.0021693791362915604,-0.00204882529974193
2018-05-25,-0.0005525207670263876,-0.00042750894610854573,-0.002382692292155153
2018-05-29,-0.006691126661908409,-0.006671269474427088,-0.011501339232849128
2018-05-30,0.009964235396325849,0.009982872230297257,0.013344620071841229
2018-05-31,-0.0071175091711853655,-0.007047094511762775,-0.006125639298309449
2018-06-01,0.005365578716800323,0.005472938421484441,0.00981801516332137
2018-06-04,0.005007006905581424,0.0052187567800197066,0.004750878734009145
2018-06-05,0.0012974612376119854,0.0013114157186546738,0.0007276426493034727
2018-06-06,0.0011257286652932574,0.0012575741922380423,0.008360670536741166
2018-06-07,0.00094377239080079,0.0010889880269400187,-0.00010798129408640111
2018-06-08,0.0009218806795843193,0.0009368572969992162,0.002956291509401243
2018-06-11,0.0006615134590546301,0.0006866822896296476,0.001329900304888998
2018-06-12,0.0021478981539686526,0.002130690667266011,0.0012926847153256205
2018-06-13,-9.72912804997339e-05,-0.00010002106782858178,-0.0031914827424862624
2018-06-14,0.00035368362333354497,0.00034968626625264676,0.0025180163948208545
2018-06-15,0.0016932768783011198,0.0016957141649371898,-0.0012754588211721929
2018-06-18,0.0001309439529257883,0.00012862018904979955,-0.0020571180198601935
2018-06-19,-0.0005423670857499507,-0.0005464136902725292,-0.00383291357968385
2018-06-20,0.0008262662468334625,0.0008444258225162038,0.001706315984209228
2018-06-21,-0.001442354180754779,-0.0014432580428130892,-0.006269102629588574
2018-06-22,-0.0012115273029335016,-0.0012130203200538814,0.00182352292280763
2018-06-25,-0.0035078650482651685,-0.003533517036511169,-0.013612948154032356
2018-06-26,-3.7258148343433106e-05,-4.7802601205071404e-05,0.0022140063314155523
2018-06-27,-0.003226675104531229,-0.0032328128624152797,-0.008284055286406411
2018-06-28,0.0017614371344960578,0.0018038896042078534,0.005717028481935893
2018-06-29,-0.0009416678266653822,-0.000936960550969701,0.0014398674525986088
2018-07-02,0.0003652731162822054,0.0003612177035614561,0.0021377807903133483
2018-07-03,-0.0007120155112724236,-0.0007003439594019945,-0.0035309002066936657
2018-07-05,0.0007557318783453226,0.000793679176873896,0.00815788258577732
2018-07-06,0.0028353997555448096,0.0028503696266912737,0.008458210097118446
2018-07-09,0.0019786945348889695,0.002006658500982139,0.009004465912484605
2018-07-10,0.0004249288096096482,0.00043952306827987897,0.0035983287998042623
2018-07-11,0.0010021616577351455,0.0009876736900953365,-0.007314261685950507
2018-07-12,0.0017252556851474754,0.0017254594227273934,0.009065713442555356
2018-07-13,0.0014566092770109673,0.0014818110115089045,0.0007876908721797804
2018-07-16,-0.00012192535927135761,-0.00013888388268368246,-0.0008943453865113415
2018-07-17,0.0023835819037172357,0.0024073434595170973,0.004045320003391861
2018-07-18,-7.936394445706707e-05,-7.925690351784365e-05,0.002103646120768854
2018-07-19,0.0005913970618107722,0.0005901710589060194,-0.003771360588163075
2018-07-20,-0.00011158206337069654,-8.1863951887029e-05,-0.0011429969807825735
2018-07-23,-0.0005717629337561592,-0.000571138211785005,0.001859649926955198
2018-07-24,-0.002579666185288265,-0.0025762096675753243,0.0050319713835722535
2018-07-25,0.002181907652765158,0.002179884963638745,0.008522239603585557
2018-07-26,-5.910389450725084e-05,-5.8778980655427304e-05,-0.002359018545113556
2018-07-27,-0.0023696976895056787,-0.002306646349160335,-0.006776530766738675
2018-07-30,-0.0036905511018130444,-0.0035968252392371003,-0.005222945006732593
2018-07-31,0.0025456067988809394,0.00257147702376348,0.004929266458104209
2018-08-01,-0.00035159310129173615,-0.00035047843893598607,-0.0016711394970368998
2018-08-02,0.004790111131134811,0.004781890643532405,0.005447984189256516
2018-08-03,0.001183842363557508,0.001212405314357623,0.0042845294653020005
2018-08-06,0.0017452963684239098,0.0017433198370018221,0.0036673428416968967
2018-08-07,0.0025371107340874666,0.0025669000220114313,0.003302320638059353
2018-08-08,0.002238137507439175,0.0022639805117725675,-0.00042052121762758965
2018-08-09,0.00039108567162493557,0.000488961122009357,-0.0013654078284350835
2018-08-10,-0.001336870268312973,-0.0013066943190209734,-0.006700615806956245
2018-08-13,-0.004240657992513941,-0.004237202153289821,-0.0037432694368121355
2018-08-14,0.005457960405934603,0.005451576944420999,0.006380547457365715
2018-08-15,-0.004276107539955665,-0.004272544457409877,-0.007467328876730739
2018-08-16,0.0037299963232253486,0.003725570450218152,0.008091643033774742
2018-08-17,-0.00014847081487590064,-0.00014774390345750898,0.003520174601925552
2018-08-20,0.0038466280162676725,0.0038420474157725426,0.0021400789883698756
2018-08-21,0.004706123316484678,0.004735616789900199,0.002345189066315756
2018-08-22,0.0006869178389410369,0.0006870945289407793,-0.0005937800140684013
2018-08-23,0.0005301905266255069,0.0005290218623659193,-0.0013278484670969926
2018-08-24,0.001337648410042247,0.0013366478046297203,0.006018446897929186
2018-08-27,0.0009860467633442394,0.0009854269783435843,0.007894984483689083
2018-08-28,-0.0006488311214891684,-0.0006183982950278555,0.00048340803859647785
2018-08-29,0.0019767042791194456,0.00197456485262526,0.005380828247327996
2018-08-30,-0.002826637972097701,-0.002823417730801636,-0.004048134246127266
2018-08-31,0.005335779014613351,0.005329511774263995,3.4042176352055975e-05
2018-09-04,0.004432971416291176,0.004427949450481972,-0.0017219874859983886
2018-09-05,-0.0038187617516001193,-0.00378175308366846,-0.00269125615382515
2018-09-06,-0.0012181837247237093,-0.00121773816870685,-0.003010309113196663
2018-09-07,-0.002414435866549436,-0.0024111844097931545,-0.0019435428851406478
2018-09-10,0.0024053611850518575,0.002402690257266915,0.001738874157978687
2018-09-11,0.0021122114850349316,0.0021101928683031623,0.0032975621679642853
2018-09-12,-0.00015093288058221077,-0.0001497391367768497,0.00024147750281411362
2018-09-13,-0.002099220166713933,-0.002060930044887832,0.005915188835533103
2018-09-14,-6.435415293937208e-05,-2.8078192483182995e-05,0.0001719204788774853
2018-09-17,-0.004074919519670539,-0.004071960270519037,-0.0052943474731736995
2018-09-18,0.0016728095047984226,0.0016720506354219733,0.00542570869345238
2018-09-19,0.0010020138012820645,0.0010005377965180973,0.0010660419838810498
2018-09-20,0.0018626890694353193,0.0018602890638639291,0.008103970019819773
2018-09-21,-0.000514214469122809,-0.00048000018745009143,-0.0009140483798298904
2018-09-24,-0.0018975210736280612,-0.0018944533666029884,-0.00332190532558041
2018-09-25,0.0014792258089089128,0.0014780598599910544,-0.0009277444403890112
2018-09-26,-0.001666042532779466,-0.0016644696072815046,-0.002992148434981301
2018-09-27,-0.0009118494189243043,-0.0009114850925311391,0.0027940597809654744
2018-09-28,-0.0005595519150978223,-0.0005590107302321234,0.00010306826290329418
2018-10-01,0.0005959886538837722,0.0005950948295074809,0.0034742612062761413
2018-10-02,-0.0012009467818787645,-0.0011992824036310967,-0.0005827181502436884
2018-10-03,-9.576680280609651e-05,-9.630415645534018e-05,0.0005489616448888235
2018-10-04,-0.003916106279504672,-0.00391101735158883,-0.007815787813559183
2018-10-05,-0.0015046945880423657,-0.0015026813052984034,-0.005597030889530563
2018-10-08,0.0006623069916291691,0.0006621091411547209,0.0
2018-10-09,-0.001379565175864239,-0.001377040342909197,-0.0014590171604823565
2018-10-10,-0.01205514068260538,-0.012041700986495485,-0.03166347469203856
2018-10-11,-0.006528444879569162,-0.00652215154235547,-0.022026339969826392
2018-10-12,0.002767309531251483,0.002764899644747132,0.013888099858530678
2018-10-15,-0.0014437057526206498,-0.0014424619945127004,-0.005616912716155609
2018-10-16,0.007790164674202016,0.007783772092609054,0.02186585531494667
2018-10-17,-0.0033303530176713725,-0.0032986830038328474,0.00017818658803969711
2018-10-18,-0.0068800926932237605,-0.006873854584931727,-0.014440967886746203
2018-10-19,-0.0015554903395073039,-0.0015538814286308877,-0.0005427313849886151
2018-10-22,-0.002075767250986904,-0.002073762758279196,-0.004488588264746518
2018-10-23,-0.0010773670256929435,-0.0010756771474622617,-0.005090636825545891
2018-10-24,-0.011008179910395821,-0.01099805225775874,-0.0302984910440115
2018-10-25,0.0074887356131705385,0.007512021837438487,0.017940211525071526
2018-10-26,-0.002346544194341882,-0.002313166492791119,-0.01758709727625163
2018-10-29,-0.002320998336439617,-0.0023203156771167688,-0.005540635399224891
2018-10-30,0.0070406041206432235,0.007035570087320808,0.014818867257449408
2018-10-31,0.0023000468054625856,0.002324344703321879,0.010680849563283523
2018-11-01,0.002562371068569602,0.00259121426578357,0.010641631660504913
2018-11-02,-0.0009865303747187415,-0.0009849369069130365,-0.0059228925402706745
2018-11-05,0.0016338220482268184,0.0016316261834241619,0.005516643266578525
2018-11-06,0.0028016965656401105,0.0027993483154007404,0.006327870044667838
2018-11-07,0.00843222335501026,0.008516713470175574,0.021409228814528225
2018-11-08,0.0013316652206367685,0.0014404216269827685,-0.0018150877516830421
2018-11-09,-0.0024289575868797764,-0.002400290156336915,-0.009767828065918138
2018-11-12,-0.005794426776756678,-0.005789201237883845,-0.018685488133020844
2018-11-13,-3.634020178500119e-05,-3.709821662134516e-05,-0.0018709756843834358
2018-11-14,-0.005212451400621321,-0.005180894585996687,-0.006836858485430919
2018-11-15,0.0018044147453391002,0.001802397182571358,0.010436673058952017
2018-11-16,0.000946294561511074,0.0009454124922942952,0.0026007865418542497
2018-11-19,-0.00829973773295234,-0.008227070899979427,-0.01691488752761572
2018-11-20,-0.006326212985131585,-0.006320427030039655,-0.018505862442727783
2018-11-21,0.0029254793135584656,0.0029573465210230854,0.0034076602222188335
2018-11-23,2.1152318234074485e-05,2.0492737541122352e-05,-0.006678799042735495
2018-11-26,0.004396745257210455,0.004392025275317346,0.016144262427891798
2018-11-27,-0.001140144080274963,-0.0011400254161270107,0.0033645384755796037
2018-11-28,0.009265505327578083,0.009256177122167086,0.02302525762189922
2018-11-29,-0.0008155189448804112,-0.0008138296921150756,-0.0021851896556831507
2018-11-30,0.0018394082452415361,0.0018371835350379229,0.006095219537697094
2018-12-03,0.0035522442608106886,0.0035486140440543767,0.013241315865513359
2018-12-04,-0.013256864789047751,-0.013244652921595157,-0.032402384973374554
2018-12-06,0.0011145618895791465,0.0011146455376387365,-0.0015170253752517793
2018-12-07,-0.008144225501352187,-0.0081370466604892,-0.023235866825162543
2018-12-10,0.0005843443357218536,0.000614939611122578,0.001897015380304401
2018-12-11,-0.0002506781023355886,-0.0002234130282989799,0.0002274374791173539
2018-12-12,0.0031233043110003855,0.0031204945390128636,0.005035240235142346
2018-12-13,-0.0024506280893501486,-0.0024480933387530657,-0.0003391754660617696
2018-12-14,-0.005348778190745529,-0.005342770054364565,-0.018464405343252444
2018-12-17,-0.008820977651240125,-0.00881226848669625,-0.019618786185908732
2018-12-18,0.0020344114792820722,0.002063536938678112,-0.001096364794337723
2018-12-19,-0.005516678230846228,-0.005511393921814212,-0.014975824238063984
2018-12-20,-0.005957858563097496,-0.005952274206676322,-0.016277993963117243
2018-12-21,-0.007345374173343133,-0.007337711428296534,-0.020489440550005344
2018-12-24,-0.007026303257361088,-0.00702003250319716,-0.02642284652990934
2018-12-26,0.017574020580276795,0.01755651071566544,0.050524996530377786
2018-12-27,0.0030635886796841483,0.003060343783815256,0.007677315346365177
2018-12-28,0.00013724809008786032,0.000137252874196081,-0.001290218430713086
2018-12-31,0.0031847758666061488,0.0031812915269575637,0.00875904821779816
2019-01-10,0.0,0.0,0.0
2019-01-11,0.0,0.0,0.0035397786101747375
2019-01-14,0.0,0.0,-0.006100957264578044
2019-01-15,0.0,0.0,0.011460977902915781
2019-01-16,0.0,0.0,0.002419974861054719
2019-01-17,0.0,0.0,0.007586703308684051
2019-01-18,0.0,0.0,0.013310017539516661
2019-01-22,0.0,0.0,-0.013510722895772265
2019-01-23,0.0,0.0,0.002092363896330829
2019-01-24,0.0,0.0,0.0005315899726903162
2019-01-25,0.0,0.0,0.008461538012364711
2019-01-28,4.0539925602933735e-05,7.053992560290823e-05,-0.007600298931966676
2019-01-29,0.00048360119413914937,0.0005136100064950799,-0.0013271787299771187
2019-01-30,0.0009234518613914222,0.0009534323582887083,0.015830981782868125
2019-01-31,0.00040663916445571324,0.000466567626251857,0.008782701483493582
2019-02-01,-0.0004118740918069852,-0.00038184608283708954,0.0004811846721017865
2019-02-04,0.0021925672802403096,0.002282421104040422,0.007035429145981986
2019-02-05,0.0014298859298571553,0.0014296777962190532,0.004191829484902376
2019-02-06,9.947722845216056e-05,0.0001295237902423363,-0.0013181670759394581
2019-02-07,-0.002825456065643661,-0.0027352581329121994,-0.009532570629879555
2019-02-08,0.002719470906035859,0.002898888798565036,0.0012215223657656704
2019-02-11,0.0001405167519967776,0.0002305495447625372,0.0005545083055178424
2019-02-12,0.006320568010306449,0.00634826840115843,0.01285934604914285
2019-02-13,0.00123329297168695,0.001262823727454565,0.0032470560493027545
2019-02-14,0.0006045990815966018,0.0007839092747148335,-0.0022183870058087862
2019-02-15,0.0077407095245114466,0.007827773388513037,0.010897479720999526
2019-02-19,-0.0011032389589639147,-0.0009828552570332327,0.0017303959406558267
2019-02-20,0.0017614678301363096,0.0017606443617004253,0.002015605433666634
2019-02-21,-0.0022974651086187237,-0.002236713145816971,-0.003556143472618012
2019-02-22,0.007311439127086983,0.007306079193186044,0.006200419709908811
2019-02-25,0.002253466851249941,0.002282370930482891,0.001360763492824102
2019-02-26,-0.0025547857932693985,-0.002494107375300203,-0.0007149991316381943
2019-02-27,0.002890769265136317,0.002949823503423321,-0.00042968598151782444
2019-02-28,-0.0007284158260011386,-0.0007271199226183134,-0.0018628546525066847
2019-03-01,0.0077398808486055515,0.007734676462907819,0.006244175192537504
2019-03-04,-0.003769210228769193,-0.0037366995974733586,-0.003637790507829086
2019-03-05,-0.0023533274873960286,-0.0023513643861622358,-0.0013601710223045682
2019-03-06,-0.007646777245374103,-0.007641679917678501,-0.006056761177111958
2019-03-07,-0.006107834162864312,-0.006073936309803907,-0.008365353786963348
2019-03-08,-0.002667840929727272,-0.0026656514960748945,-0.0020000467570852054
2019-03-11,0.013673611712012868,0.013662466385303773,0.014501129122705736
2019-03-12,0.0021946958342191625,0.002193960528849237,0.00377106844298547
2019-03-13,0.005940426998601422,0.005936016158899493,0.006619284127661107
2019-03-14,-0.001575394433361299,-0.0015439842136688586,-0.0006398103142019052
2019-03-15,0.005947117669886204,0.005943044409364218,0.0049405249852110256
2019-03-18,0.0021616322548967393,0.0021610693720930385,0.00362593298254299
2019-03-19,0.00011502041567501564,0.00011496109334041549,0.00024776986021057823
2019-03-20,-0.00646385303899788,-0.006460117865115245,-0.0030095164307166744
2019-03-21,0.00705112243054562,0.007046949549674109,0.011294508899890365
2019-03-22,-0.02092581811541716,-0.020910458581582914,-0.019246316050036683
2019-03-25,0.0019245497423052704,0.0019221807945770664,-0.0007521175061520058
2019-03-26,0.009604610900272093,0.009627642505815048,0.007454172903694767
2019-03-27,-0.005142817507702291,-0.00513907333459096,-0.005229316973724196
2019-03-28,0.004074699346451327,0.004072254969598621,0.003790579290930518
2019-03-29,0.008018737505415707,0.008012776874140481,0.006305500243529272
2019-04-01,0.012911081240689626,0.012902483191952197,0.011859216336003175
2019-04-02,0.0012663824217618025,0.0012645972641303072,0.0004898291947015299
2019-04-03,0.0029223609933748396,0.0029207746946278146,0.0015736631394085432
2019-04-04,0.00018107691589053232,0.00018074734074180476,0.0026532044585341197
2019-04-05,0.0059794808154338686,0.005975060859945147,0.004840290566822114
2019-04-08,0.0005721486846292922,0.000571986605916841,0.0007624566442752112
2019-04-09,-0.006777647231388517,-0.0067724661978464384,-0.005124445600397487
2019-04-10,0.006108820671796744,0.006103973415671593,0.0034106662602624294
2019-04-11,0.0005291885086515791,0.0005292324489274414,-0.00027754766910748074
2019-04-12,0.005869295919607609,0.00586574169315246,0.006765655435348572
2019-04-15,-0.0009413559620969902,-0.0009404721855382769,-0.0006545463335605461
2019-04-16,0.005014945681965699,0.005008189152679199,0.0006549750450748348
2019-04-17,-0.0038197579651582103,-0.003818674251108045,-0.002446862701220298
2019-04-18,0.003480975202285963,0.0034775334073393616,0.001969161333717384
2019-04-22,0.00129733117263231,0.0012962177470319247,0.0008621923376883611
2019-04-23,0.008074073389505276,0.008065871913037759,0.00899173212483273
2019-04-24,-0.003056024223099141,-0.0030541259022078826,-0.0022194137729674157
2019-04-25,-0.0013216228419166143,-0.0012905095282141898,-0.000616004464779718
2019-04-26,0.006604110991044632,0.006600890731237596,0.004656982273155252
2019-04-29,-0.0002018621959442024,-0.00020292885969064312,0.0015677604397061895
2019-04-30,0.0030203606070771105,0.0030193686192987457,0.0005102597667125952
2019-05-01,-0.007018217307860897,-0.00701356858019575,-0.007516818751677867
2019-05-02,0.004108661707582506,0.004106305988875292,-0.00215882774090137
2019-05-03,0.011429367140876945,0.01141902087471447,0.00978801177283617
2019-05-06,-0.004385089568088696,-0.004380872232675359,-0.004115292100278944
2019-05-07,-0.019651287814575036,-0.019635543899251817,-0.016699422259710328
2019-05-08,-0.0029805474125830234,-0.002977554621132139,-0.0013895915090532673
2019-05-09,-0.0010542503625844413,-0.0010520196221576184,-0.0030258063912580457
2019-05-10,0.0030125353670580335,0.0030432322630311592,0.005023435294273959
2019-05-13,-0.02722588844531737,-0.02717277703618315,-0.025130438913886
2019-05-14,0.011459521022753716,0.011481073737941605,0.009043990377985756
2019-05-15,0.00549733605208913,0.005574706435903076,0.005857706251938488
2019-05-16,0.005887386470193823,0.005915588504596281,0.009261121142053241
2019-05-17,-0.007923777569767143,-0.007830654435989848,-0.0064650923123061865
2019-05-20,-0.0045522495641247,-0.004547800967655835,-0.006612044848290477
2019-05-21,0.00778074851892363,0.007805318159088914,0.009015295130750278
2019-05-22,1.0840638537956693e-05,8.617610159400435e-05,-0.0030713987003511134
2019-05-23,-0.006804535378594934,-0.006627556177417837,-0.012218544341037862
2019-05-24,0.0011909686303945843,0.0012834234189702531,0.0022685396821873205
2019-05-28,-0.005824611032589133,-0.005787008945658756,-0.00930075497406091
2019-05-29,-0.0033103852685122392,-0.0032759843855695303,-0.006710609208876783
2019-05-30,0.001498223564380341,0.0016708831398821733,0.002731034573894453
2019-05-31,-0.0031608786610840545,-0.003069978645250604,-0.013475212527762404
2019-06-03,-0.00041706648542783054,-0.0003140133227163,-0.0025427302245732974
2019-06-04,0.006427485290311008,0.006419015757617608,0.021706621726524933
2019-06-05,0.0035450175752649304,0.0036015836320755223,0.008662168159436323
2019-06-06,0.001691047671102286,0.0016888118639739602,0.006502578914892032
2019-06-07,0.0014871346705711552,0.0015155958956669657,0.010006980084850126
2019-06-10,0.0017814846680759278,0.0018351346831391169,0.004589016733120621
2019-06-11,-0.000359696486980865,-0.0003002387681718677,-0.00024213548652862737
2019-06-12,-3.473410653243025e-05,-3.416520912613574e-05,-0.0017653653908006328
2019-06-13,0.0002354814502874003,0.00023498848477943035,0.004126352575871239
2019-06-14,-0.0013321605774240242,-0.0013035189538680436,-0.0011048924737504517
2019-06-17,0.00022953328134311946,0.00022955029554583284,0.00038008343943851663
2019-06-18,0.0011787546967061413,0.0011771197024468272,0.010470856123007577
2019-06-19,0.0008471340979803177,0.0008793952407559757,0.0022572927089736794
2019-06-20,0.001231404123029689,0.0012297552158984093,0.009554547138143965
2019-06-21,-0.0004894516383474601,-0.0004889809068047146,-0.001453849848026656
2019-06-24,-0.0011923743039131685,-0.0011915810175237018,-0.001224196728944471
2019-06-25,-0.0025912281769318035,-0.002588328868361356,-0.009808116418850044
2019-06-26,-0.00018822609178348326,-0.00015515516607900182,-0.0009974257349590898
2019-06-27,0.001640906883980442,0.0016392118979815518,0.0035457439582313732
2019-06-28,0.0011284417374166633,0.0011268395794461483,0.005146039249199541
2019-07-01,0.0016260138241899202,0.0016237440255852942,0.009078316467368897
2019-07-02,0.0010505646270007052,0.0010493913253997178,0.0026044901841686396
2019-07-03,0.0010288183973752307,0.0010275459144442056,0.007995266805709056
2019-07-05,-0.00016748181926939942,-0.00016697357839157156,-0.0011380785478317668
2019-07-08,-0.0014090493335391363,-0.0014071857506483543,-0.005495021988262017
2019-07-09,0.0009223596353353791,0.0009530474635650599,0.0012469272028761136
2019-07-10,0.0006788067769478712,0.0006781538071336524,0.0047779823567981605
2019-07-11,0.0008552180831895573,0.000854149277508709,0.0023444404048491574
2019-07-12,0.0006159140526267315,0.0006147275352286208,0.004476859202404704
2019-07-15,-0.00024913775609525235,-0.0002488586881912447,0.0003323576736584677
2019-07-16,-0.0008181069717210221,-0.0008173531401279854,-0.003225243129726274
2019-07-17,-1.657378459596348e-05,-1.617526066266528e-05,-0.006804793285358546
2019-07-18,0.0010273700768548277,0.0010256872016485286,0.0036607117556222146
2019-07-19,-0.0018167339311310204,-0.0018142477301137383,-0.005554776956241958
2019-07-22,8.301944170119313e-05,8.273069979192194e-05,0.0024563676339615093
2019-07-23,-0.0006102410402109015,-0.0006098558668277132,0.007149722298366301
2019-07-24,0.0020064415408131975,0.002003506078655848,0.004699554551389706
2019-07-25,0.00016165586960958933,0.0001616950261682515,-0.0047767145870600825
2019-07-26,0.0011373472858429157,0.001165845846717417,0.006700070828448812
2019-07-29,-0.002622776920343073,-0.002620996165630274,-0.0018213624248690774
2019-07-30,-0.0009862998799714529,-0.0009845265539036863,-0.0024544575993770135
2019-07-31,-0.00016842366101499362,-0.00016787307900623105,-0.010940236080142496
2019-08-01,-0.0007733968765237798,-0.0007420057911997624,-0.008708191510037322
2019-08-02,-0.002393553333065679,-0.002391639394039413,-0.0075295046763190765
2019-08-05,-0.005274933487539157,-0.005150435717788726,-0.030072832464719812
2019-08-06,0.00426502516381877,0.004292160689258084,0.014022759876988422
2019-08-07,0.0008494686090008141,0.0009167746486105077,0.0005907884565257149
2019-08-08,0.004672566603647121,0.004731601203416647,0.01961982182795774
2019-08-09,-0.0012760474429983626,-0.0012752970956145804,-0.006811496999132971
2019-08-12,-0.003225183166939538,-0.0031935993292793174,-0.012173514556663378
2019-08-13,0.002795149898854987,0.002793231440512578,0.01555183081030842
2019-08-14,-0.006978254320885613,-0.0069748232685207245,-0.02956769216104338
2019-08-15,0.002893637097453494,0.0028920056256440674,0.0026419587350299256
2019-08-16,0.003792580333257467,0.003828169743848031,0.014754960498849501
2019-08-19,0.0012758418193119514,0.0012756538045330945,0.012048018932232507
2019-08-20,-0.001162622113466294,-0.0011622498091070632,-0.007662771299021154
2019-08-21,0.003378853612012067,0.003377626107736953,0.008135547369639617
2019-08-22,0.00022285404486033222,0.00022292474950158514,-0.000308076683866787
2019-08-23,-0.003989423255580715,-0.003988286639450056,-0.025687536225232566
2019-08-26,0.002501164701841585,0.0025002668785580884,0.011058363306560404
2019-08-27,-0.00033864981942766104,-0.00033869526605223577,-0.003923345866815642
2019-08-28,-0.00011101140022451439,-0.0001109612805855198,0.007041576436231933
2019-08-29,0.00438776583203504,0.004386226748951838,0.012772842099287418
2019-08-30,-6.8733296482159645e-06,-6.433825647800262e-06,-0.0004440171297499518
2019-09-03,-0.0010994257413557973,-0.0010989669795795631,-0.005847316314925632
2019-09-04,0.002847368404409023,0.002846657901655947,0.011350154419905722
2019-09-05,0.0037158160663337547,0.003714518508600495,0.012855659613108639
2019-09-06,6.226125813402206e-05,6.231067944617585e-05,0.0007720619606459422
2019-09-09,-0.005187882220302198,-0.005155581303907919,0.0005032834498754912
2019-09-10,-0.0031501386773179485,-0.0031492545770195335,-0.0002345277850087646
2019-09-11,0.0004503870834993151,0.00045024901086243574,0.007110791161183627
2019-09-12,0.0017554754560138441,0.0017549005228216785,0.0034641047158137095
2019-09-13,-0.001007772309847721,-0.0010072482400103056,-0.000663978065331583
2019-09-16,0.0007535999001466731,0.0007529345766907891,-0.0030889191888863188
2019-09-17,0.0023582322759898577,0.0023574078726718017,0.0025321419814712254
2019-09-18,-0.00024293319748014408,-0.0002427444489940811,0.0005982475501746798
2019-09-19,-0.0011700169643497071,-0.0011696114701768012,-6.684482951868631e-05
2019-09-20,-0.0005394049699143366,-0.0005391645796476441,-0.00472446722572506
2019-09-23,0.0006858152622510882,0.0006853754026645564,-0.00023485703572656558
2019-09-24,-0.0019378736138419006,-0.0019370824088625893,-0.007846882029623248
2019-09-25,0.0011005473086183049,0.0010999231070536464,0.0059148069896088895
2019-09-26,0.0009142013000082994,0.0009138361221061597,-0.002083156733802549
2019-09-27,-0.003246066224095734,-0.0032447583569518157,-0.0053872900428653114
2019-09-30,0.001875323940127016,0.001874667440914246,0.004637664876704806
2019-10-01,-0.002927992605845975,-0.002927224834685438,-0.011894434591577019
2019-10-02,-0.0041451014407803966,-0.004143737934499847,-0.017664899559444502
2019-10-03,0.001375303584906451,0.0013749255714521347,0.008192454357178747
2019-10-04,0.004076846187876404,0.004075368347513653,0.013532454582607434
2019-10-07,-0.0011037804448368327,-0.0011034129726861241,-0.004314807710553259
2019-10-08,-0.005398197699473806,-0.005396076031285779,-0.015524138327866921
2019-10-09,0.0028769005696873684,0.002875904815395236,0.009495940372685752
2019-10-10,0.0017606774669192138,0.001760259091245775,0.006763675599713137
2019-10-11,0.0027858700136356163,0.0027849427410009397,0.010366855231971117
2019-10-14,-0.00012514008181785385,-0.00012523069787095942,-0.0011137952950345253
2019-10-15,0.0032059385898906,0.0032048099413666264,0.009900058065358097
2019-10-16,-0.0022689555148668328,-0.002267894354285205,-0.0016057166174798798
2019-10-17,0.0019343429526206268,0.0019338748520720817,0.0029489439355909752
2019-10-18,-0.0018518484754997955,-0.0018509058493415553,-0.004376713351533779
2019-10-21,0.0008387913657850188,0.0008383761868828721,0.006778773509141134
2019-10-22,-0.0021639463791058855,-0.0021629517554464517,-0.0032667834145981844
2019-10-23,0.0013711180290767455,0.0013705719179628595,0.0029097652425404963
2019-10-24,0.0016968381273305688,0.0017260999175421343,0.001634215547294815
2019-10-25,0.0013613637370695209,0.001360597529219687,0.004094818051380011
2019-10-28,0.0015674347343554995,0.001596830968353613,0.005636699066540629
2019-10-29,-0.0019351441862454077,-0.0019344965441239204,-0.0002968023302040157
2019-10-30,0.0021512711143283347,0.002150568096457084,0.0030672376218150443
2019-10-31,-0.0022308631340457463,-0.002199896423956016,-0.0026633998053988694
2019-11-01,-0.003478844787071056,-0.0034772065267913987,0.009263899490793426
2019-11-04,-0.0019139903379903345,-0.0019134711658396197,0.004017641176288667
2019-11-05,-0.002308989679075335,-0.0023081870916784597,-0.001106199302856381
2019-11-06,0.0024668487992789423,0.002522530818667823,0.0002280540540835485
2019-11-07,-0.0008255674161616877,-0.000825414708088168,0.0035166791302667644
2019-11-08,0.0006711854902936576,0.0006705581533601457,0.0024661819303306576
2019-11-11,0.00036784510220266853,0.00036771429609561146,-0.0019098805806063712
2019-11-12,0.0011505135212919182,0.001178090522670372,0.002108017060587386
2019-11-13,0.0015177535332806524,0.0015171720993227833,0.0003239639566083863
2019-11-14,0.0007065992213166616,0.0008342774639205075,0.0014555106830380637
2019-11-15,0.0015024570853559016,0.0015358034732737558,0.007236250002723876
2019-11-18,0.001138151355089878,0.0011662885469263529,0.0007377572590392401
2019-11-19,5.471708185589286e-05,9.302467100136269e-05,-0.00028861579325067943
2019-11-20,9.488436555726842e-05,9.46731145794466e-05,-0.0037183797427075005
2019-11-21,-0.0007749719589607018,-0.0007440223995992534,-0.0016091827279244297
2019-11-22,0.0002560193573288849,0.0002556851693600315,0.0022238970115444623
2019-11-25,0.0006933689987038694,0.0006927402211736045,0.007750423688599017
2019-11-26,0.0016071874213767767,0.0016063336059928268,0.002265506026693842
2019-11-27,-0.00048082563634899156,-0.00048009051463138164,0.004457626772822021
2019-11-29,-0.0006682143479880276,-0.0006675776218088014,-0.0037088235168339923
2019-12-02,-0.0008384092561245504,-0.0008376376727330381,-0.008494734760325473
2019-12-03,0.000604705182578158,0.0006042222177999879,-0.006706539880194207
2019-12-04,-0.00026441616299466286,-0.00026401046653101723,0.006170201638297623
2019-12-05,0.0010112860348565622,0.0010107971482240519,0.001798049889062181
2019-12-06,0.00019492774478391262,0.00019486571570470623,0.009133879137866785
2019-12-09,-0.00039288737909548566,-0.00039263442076498123,-0.0031442171972495547
2019-12-10,-0.00039021125308191795,-0.00038998041517346316,-0.0011148484053316032
2019-12-11,2.4584769917623817e-06,2.5347312933021726e-06,0.0028388019005956
2019-12-12,-0.00013478617973161633,-0.0001347744193248568,0.008618984421294051
2019-12-13,0.0006079026612895166,0.0006073422179488919,0.0005990921621346068
2019-12-16,-2.2274923457077378e-05,-2.2424609773863402e-05,0.006869650739520283
2019-12-17,-0.0007207961635522508,-0.0007202742797333128,0.00021957549301032664
2019-12-18,0.00010514305869846474,0.00013185830890072303,6.237530216668397e-05
2019-12-19,1.4646816585361933e-05,7.627147619526653e-05,0.004098572159027203
2019-12-20,0.00037115475069415815,0.00037092108510106137,0.0043846487997947214
2019-12-23,9.240985919500844e-05,9.246295058895626e-05,0.0015277235945236889
2019-12-24,0.00010129922835622196,0.00010120195609331084,3.1241357036693174e-05
2019-12-26,0.0006852540828230502,0.0006849663508670112,0.0053232982403204065
2019-12-27,8.394037915859798e-06,8.360352510949909e-06,-0.00024776824107930473
2019-12-30,0.00020362370252158257,0.000203472398337734,-0.005513377966925748
2019-12-31,0.00010374152356429356,0.00010372210651610203,0.002429526027089457
2020-01-21,0.0,0.0,0.0
2020-01-22,-0.00017407308570349667,-0.00014407308570352217,-0.004202563007577931
2020-01-23,9.644402470176949e-05,9.644113096407558e-05,0.0011469617264452392
2020-01-24,-2.2123932334472407e-05,-2.21232685849726e-05,-0.008893010688934666
2020-01-27,-0.0002535704566751784,-0.00025356284903066406,-0.016029751322992225
2020-01-28,0.0004386127585276345,0.00043859959588932185,0.010479243979687025
2020-01-29,-0.0004424625223070633,-0.0004124539464550603,-0.0008260108082666084
2020-01-30,0.0006852639901373525,0.0007452377469767679,0.0032456332437516
2020-01-31,-0.0017257441139060248,-0.0017256109039034406,-0.018158023632194653
2020-02-03,0.0009442769734766543,0.0009442013803371285,0.007428663290229176
2020-02-04,0.0014288670954034632,0.0014287620870665485,0.015241192111092428
2020-02-05,0.0007865532353241722,0.0007864905678962586,0.01154786328116475
2020-02-06,0.0006363335616088595,0.0006662935426369199,0.0033647741920910246
2020-02-07,-0.0003426900959403456,-0.0002826742949691985,-0.005329909295971991
2020-02-10,0.001199003837501822,0.001198838814675529,0.007465808778101879
2020-02-11,-0.0007519921082553838,-0.0007219699860245843,0.0017329068991756014
2020-02-12,0.0014970059920347278,0.0015267312035034397,0.0064429103959129375
2020-02-13,-3.228707568980749e-05,-3.2300543084007316e-05,-0.0010671099562910014
2020-02-14,0.0005414472030365047,0.0005713466638563869,0.001602076116987261
2020-02-18,-0.00039117392895515746,-0.00030111566004875634,-0.002576977522802948
2020-02-19,0.002277457359736612,0.0023373069136067848,0.004781235715548782
2020-02-20,1.1657959539279616e-05,4.161482372255776e-05,-0.00410803541925675
2020-02-21,-0.003449410608872716,-0.0032986482974439735,-0.010298507299150494
2020-02-24,-0.012062231292306436,-0.011850502147213726,-0.033165192706187785
2020-02-25,-0.016510988283026662,-0.016413852370608883,-0.03030250035341009
2020-02-26,-0.004647151463459509,-0.004555591230777312,-0.0036777114305662773
2020-02-27,-0.026000781847873244,-0.02589898081949038,-0.04491196842596923
2020-02-28,-0.013218494960262173,-0.013004385696864795,-0.004201612889579098
2020-03-02,0.03726208607099912,0.037355868344205456,0.04330670169869144
2020-03-03,-0.021756092585543896,-0.02171050582084144,-0.028632444942784607
2020-03-04,0.037746934999405735,0.03771594831797587,0.04203305440523253
2020-03-05,-0.02820498186064868,-0.028184150524547924,-0.033241739261780534
2020-03-06,-0.016165980956782344,-0.01615253892441515,-0.016531288938966937
2020-03-09,-0.07028163099139739,-0.07022616475470156,-0.07809450006566843
2020-03-10,0.04010789209483567,0.04007352793633179,0.05174483030242372
2020-03-11,-0.04976697041255396,-0.049724014646144954,-0.04874798973163075
2020-03-12,-0.09937126452404721,-0.09928549430571432,-0.09567739559873611
2020-03-13,0.07111063585563504,0.07104178221104918,0.08548639013424397
2020-03-16,-0.12607722483142547,-0.12596513968145706,-0.10942363350142259
2020-03-17,0.04367758237118213,0.04363194828684258,0.05399177233447627
2020-03-18,-0.06172699193633768,-0.06166530867665676,-0.05063299458072379
2020-03-19,0.011958701377041692,0.011944633916790348,0.002125239940806045
2020-03-20,-0.04534764279496595,-0.04529950777186986,-0.04309433305065269
2020-03-23,-0.02577212478795121,-0.02571885919299688,-0.025568138523694106
2020-03-24,0.09495010697039907,0.0948490478432984,0.09060325945836323
2020-03-25,0.027685182844275236,0.027656473313211416,0.01497006419427338
2020-03-26,0.06482235322800167,0.06475762247251482,0.058389801015809706
2020-03-27,-0.02800361438717114,-0.027974961209657034,-0.029785584237364437
2020-03-30,0.02917863977112778,0.029152997777576406,0.03247584880882304
2020-03-31,-0.02126263116848337,-0.021242945658542456,-0.014905529724725253
2020-04-01,-0.04820613613009661,-0.04816044586822643,-0.045004900814416215
2020-04-02,0.015184447412955215,0.015169994286980515,0.023075440836357375
2020-04-03,-0.023363350414045025,-0.02333997437449875,-0.01445421318707385
2020-04-06,0.07508508350775389,0.07500846894079638,0.06716629754856163
2020-04-07,0.006902913211781048,0.006896449320778153,0.0010195491269804347
2020-04-08,0.049191403812269385,0.049144260473136914,0.03356793814381742
2020-04-09,0.0232124569254748,0.023191584696463208,0.015217755403604372
2020-04-13,-0.020667752777893567,-0.020651972381270922,-0.00913018179105396
2020-04-14,0.03133508285878128,0.03130570163204771,0.02949265553853886
2020-04-15,-0.02914848173833573,-0.029123465183886088,-0.021248006061268088
2020-04-16,0.006617772607956374,0.00661145983377498,0.004824532504223766
2020-04-17,0.029389677081238963,0.029366047547219498,0.0270154143745156
2020-04-20,-0.01863688305579625,-0.01862189143908788,-0.01761792701018139
2020-04-21,-0.02819899974488904,-0.028174490849530165,-0.030363410362569176
2020-04-22,0.017080285629268888,0.01706541768367953,0.02219467451727386
2020-04-23,-0.00025348623667431625,-0.00025345098601381455,-7.202978745524113e-05
2020-04-24,0.008433312266070914,0.008448047579640239,0.013939216229569729
2020-04-27,0.0254286095023728,0.02548113632603588,0.014418117628747007
2020-04-28,0.00044222482320099843,0.00044232143308642335,-0.004598357707802481
2020-04-29,0.017122326786889186,0.017103926743897935,0.026178474524117146
2020-04-30,-0.017508108770373898,-0.0174350283964394,-0.009310530711402754
2020-05-01,-0.0278876678289397,-0.027832902841608775,-0.026473717709630806
2020-05-04,0.0017507410915647004,0.0018031158889491028,0.0027585248316790434
2020-05-05,0.0152995758594614,0.015344814146892372,0.009239093535952758
2020-05-06,-0.010033873734409005,-0.009963708480760336,-0.0067785306887657715
2020-05-07,0.013012098480062795,0.013050670145547283,0.012066759479465672
2020-05-08,0.01886516135643035,0.01884573978496573,0.016545855730214942
2020-05-11,-0.0036257276181305143,-0.0036226653568058875,0.00020560472548569741
2020-05-12,-0.02521569549954572,-0.02513446440530409,-0.019931801630628132
2020-05-13,-0.018128163466532343,-0.01801231255291824,-0.017685689496996226
2020-05-14,0.009740136064540383,0.009781138006570433,0.011967268280660415
2020-05-15,0.003226355822455451,0.0032483577493613858,0.00459691086653069
2020-05-18,0.03703466032747116,0.03711617848163806,0.030459762478702634
2020-05-19,-0.0015548599737856827,-0.0013548618660325085,-0.010271667061036216
2020-05-20,0.013778235856529042,0.013859008370171066,0.016988668849524435
2020-05-21,-0.0026315036220463384,-0.002551018208623801,-0.006904290715352146
2020-05-22,0.0022378233841020556,0.0023250779136148036,0.0018991757640549611
2020-05-26,0.011624884368682364,0.011834957734886853,0.012320564624969776
2020-05-27,0.0069884190831583926,0.007111235316142217,0.014879188592889836
2020-05-28,-0.0013261614662555266,-0.001289783814822365,-0.0018452723826944961
2020-05-29,0.0022858127183513766,0.002311656488848346,0.004455959895920403
2020-06-01,0.0031045270954268567,0.0031003654335102215,0.004041693629930343
2020-06-02,0.004897083939771729,0.004890427444922629,0.008279955130859662
2020-06-03,0.004445334757341879,0.004468679489436411,0.013308505317488617
2020-06-04,-0.0053165742743372935,-0.005308413780345411,-0.0026265506498130975
2020-06-05,0.008911677532165152,0.008899954638161622,0.025629317200602575
2020-06-08,0.0015599876045058192,0.0015583405438199804,0.012087458431207176
2020-06-09,-0.004636957072435832,-0.004631614974741849,-0.007456434446094562
2020-06-10,0.0008068020127489639,0.0008037327726309051,-0.005580172331298816
2020-06-11,-0.021838035433238923,-0.02180771002187676,-0.05764920517903449
2020-06-12,0.007146371556020936,0.007134659030925583,0.011976033946470288
2020-06-15,0.0054788984170675015,0.005472797412832353,0.009335495415337514
2020-06-16,0.0068960949573859676,0.006887261797950295,0.01924768189870063
2020-06-17,-0.0011852706160285775,-0.0011588792516058488,-0.004153689164510199
2020-06-18,0.00041600711529232726,0.00041546619988608313,0.00038510070324493384
2020-06-19,-0.0002732426873141014,-0.00027407244635979655,-0.005715104573399965
2020-06-22,0.0017610492712998305,0.001797417294628012,0.006415295272893307
2020-06-23,0.0005054563321016392,0.0005050926700047587,0.004603532476432859
2020-06-24,-0.008364395750997566,-0.008352517200509668,-0.025508729402108132
2020-06-25,0.0030742043015785647,0.0030998813577056694,0.010720647348678947
2020-06-26,-0.006227317014271483,-0.006218682421263111,-0.02375143458911355
2020-06-29,0.0034315749847837473,0.0034261156830222017,0.01469757369186464
2020-06-30,0.0059480354728420615,0.005940222839881937,0.012809467195298962
2020-07-01,-0.0003949213783892569,-0.00039429126055601227,0.007004819988407851
2020-07-02,0.0010449334164974733,0.0010433768281312705,0.005507103731598795
2020-07-06,0.004296218902859028,0.004289741978319661,0.015437067944463756
2020-07-07,-0.004464934494007089,-0.004459634772636112,-0.010313855204298839
2020-07-08,0.0032094156505875215,0.0032051187191592945,0.007648858467744546
2020-07-09,-0.00017927984410526232,-0.00017803944289906948,-0.005693045614445835
2020-07-10,0.0011215280542187234,0.0011188375312980448,0.010210502723494663
2020-07-13,-0.005102236948456684,-0.005098230083154132,-0.008658769402027255
2020-07-14,0.006566978603878892,0.006557213304453802,0.012959151297302629
2020-07-15,0.005908997141353289,0.005900215202468528,0.00918702782837344
2020-07-16,-0.00018406420184546857,-0.00018475658416827745,-0.0032933694760686194
2020-07-17,0.002839963329883677,0.0028374529143535554,0.002898818776914336
2020-07-20,0.0023752926754496695,0.002374665882074689,0.008081604743493509
2020-07-21,-0.0012990773536706302,-0.0012392450800138288,0.002127915871626085
2020-07-22,0.003046666918669505,0.0030416534190538247,0.005691899055724869
2020-07-23,-0.00575632844466345,-0.00574888142988883,-0.011931927671168685
2020-07-24,-0.0019221885606380829,-0.0019204498620235544,-0.006440254832891235
2020-07-27,0.004150160037813544,0.004254674346843235,0.007292431816570133
2020-07-28,-0.003385617183934042,-0.0033203442593701116,-0.006342468204663998
2020-07-29,0.004039691946310819,0.004126965372946989,0.012298681890286378
2020-07-30,-0.0015446639051156508,-0.0014819206889604697,-0.0035677044882919118
2020-07-31,-0.0001337412604662802,-1.911297934142908e-06,0.007902156008822603
2020-08-03,0.002223130615174096,0.002404210018614794,0.006951998045748864
2020-08-04,0.00039184040966544487,0.0004515453169413597,0.0038626236074412734
2020-08-05,0.004045258811599117,0.0041333279741380125,0.006211131361955946
2020-08-06,0.0013725897102727647,0.0015277131947664113,0.0066843397954086115
2020-08-07,0.0005361566088302183,0.0006570789971001023,0.0007179109695008012
2020-08-10,-0.002635307830613054,-0.0026033734389465657,0.002988934626810602
2020-08-11,-0.005248321675253131,-0.005245048771565397,-0.008254721767575468
2020-08-12,0.010461986716142402,0.010483786833964004,0.013942490346746439
2020-08-13,0.0017105231292371403,0.0017073866080465905,-0.0018077211608322763
2020-08-14,-0.0004128540956719329,-0.0003537504528969837,2.978545203569105e-05
2020-08-17,0.004788276576964012,0.004783127761907258,0.0031762970093140996
2020-08-18,0.00040936684693870795,0.0004084839048055233,0.002160605429621043
2020-08-19,-0.00147677206821073,-0.001447025014838288,-0.004163763310597979
2020-08-20,0.0007849944544879861,0.0007818275988953349,0.0031136162070781737
2020-08-21,-0.0001593937712291993,-0.00015990593371939532,0.003547345304731886
2020-08-24,0.00030579918904338754,0.00033654928788307004,0.010133234849614592
2020-08-25,0.0023767066773250356,0.002375081616337038,0.0034993464276431574
2020-08-26,0.0055515041009053245,0.005575586154005885,0.01002527266901665
2020-08-27,-0.002275495962356988,-0.002210508839744829,0.002186768725431776
2020-08-28,0.00023731336681098725,0.0002662840725682347,0.006459299204947699
2020-08-31,0.0022340763182726597,0.0022941861549539144,-0.0036223561736881127
2020-09-01,0.0063348436882750825,0.006388131339491565,0.009418680192173845
2020-09-02,0.011918405632870277,0.011910630582212312,0.014463789649124648
2020-09-03,-0.02704695774271193,-0.026965547872394136,-0.03441424403026827
2020-09-04,-0.014380780342058697,-0.014365593488306128,-0.00816468449578478
2020-09-08,-0.018847106065135844,-0.018829419042032502,-0.02732321673380711
2020-09-09,0.01776010294127306,0.01774539913758666,0.01974764827884412
2020-09-10,-0.01382303644138061,-0.013783905763505744,-0.017363720977525032
2020-09-11,0.0008901146380677627,0.0008883155821866051,0.0005092193273708023
2020-09-14,0.012591691138330807,0.012581713585435805,0.013171208607333673
2020-09-15,0.003985993084762107,0.0039819817072890284,0.0050521954519346934
2020-09-16,-0.00390624370759296,-0.0039046705270975313,-0.003968762027310002
2020-09-17,-0.007289853733181029,-0.007285023856032247,-0.008795010686259985
2020-09-18,-0.0037020375789931226,-0.0037005900865276775,-0.011512776702263694
2020-09-21,-0.0065108020750548334,-0.006473513107617568,-0.011129301640449896
2020-09-22,0.008682816070374688,0.00867413533600181,0.01018410154046201
2020-09-23,-0.016949046864736972,-0.016934114451535698,-0.023190888134050125
2020-09-24,0.0018360875489014106,0.001863584850672284,0.002664981764267882
2020-09-25,0.01318129182437544,0.013167615676166866,0.016167604097701016
2020-09-28,0.012530789660181396,0.012519050794640663,0.01660881375940293
2020-09-29,-0.000143947576930481,-0.00014429132849647086,-0.005445657582880958
2020-09-30,0.009004331662313625,0.008995997080926577,0.007582001464812249
2020-10-01,0.007578460513175456,0.007571503583033712,0.006419932786187799
2020-10-02,-0.004242989520447327,-0.004211356700101532,-0.009494398794593906
2020-10-05,0.015172892137552019,0.015161523153150114,0.017733066386504515
2020-10-06,-0.010068938344001355,-0.0100622863609664,-0.014215865581074794
2020-10-07,0.016208177023049553,0.016192312523157115,0.017406543129391938
2020-10-08,0.0069016406884427894,0.006932780518411397,0.008862617198674316
2020-10-09,0.008332544952311727,0.008328209412272303,0.008930095930531845
2020-10-12,0.00952572507640248,0.00951660833771717,0.016087624129604627
2020-10-13,0.0028192248223812832,0.0028157434344924237,-0.006526381173558193
2020-10-14,-0.0071636188197208295,-0.007078975174263702,-0.006283289726677577
2020-10-15,0.0030319150041588916,0.0030295829572835054,-0.0012358265106896527
2020-10-16,-7.619847266471247e-05,-7.545790089835691e-05,-0.0006043475507832019
2020-10-19,-0.011025820861470859,-0.011014919532257195,-0.015203287230199147
2020-10-20,0.003292861781979628,0.0032896416605856516,0.004005682488809281
2020-10-21,-0.0021908946988572486,-0.0021253370109413083,-0.0018929013309282317
2020-10-22,-0.0026429108665588785,-0.0025556866130397315,0.0054853816480975315
2020-10-23,0.007256606977244617,0.007374526875197018,0.003395041754625572
2020-10-26,-0.016559210381211664,-0.016455242283169413,-0.018479935366158107
2020-10-27,-0.003998049136174742,-0.0037885668132316974,-0.003447552059625214
2020-10-28,-0.01885828888776353,-0.018711512018093734,-0.03417851955399909
2020-10-29,0.0017125429583959573,0.0018306872971776134,0.010163277320645037
2020-10-30,-0.007166670130043795,-0.006895771630207825,-0.010424715690027897
2020-11-02,0.011829554546638033,0.01194072415582248,0.011208276120075356
2020-11-03,0.015462324603519706,0.015532205916971575,0.017655987224070024
2020-11-04,0.016110896521362106,0.016213746973219534,0.02234947128117759
2020-11-05,0.013272206445967605,0.013287926792356242,0.01950261009833887
2020-11-06,0.0021935137044741815,0.0022211650458701104,-0.00022862441977100634
2020-11-09,-0.023674382312668385,-0.0234886521289851,0.012565690217154035
2020-11-10,0.0029087389630968463,0.0029015972344439422,-0.001466646210516953
2020-11-11,0.012735895862244107,0.012777766337924712,0.007428862806788228
2020-11-12,-0.010436274387269906,-0.01042383009952752,-0.00970093259572724
2020-11-13,0.01163098247662342,0.011617824140025101,0.013844186020804505
2020-11-16,0.011229145616698633,0.011215771608764191,0.012482686676664079
2020-11-17,-0.0052133474666661295,-0.005208288888500334,-0.005378234544979099
2020-11-18,-0.008420609480415453,-0.008409634679002242,-0.01203486417527444
2020-11-19,0.00972955175134338,0.009743746538589004,0.004210042602859954
2020-11-20,-0.0009730458738339554,-0.0009471723642582308,-0.00684754967645651
2020-11-23,0.009470985254469877,0.009518361903068762,0.005994388426276087
2020-11-24,0.001987971794214616,0.002047985069627778,0.016113854627079816
2020-11-25,0.0012095166585555095,0.0012972396530517294,-0.001541813621014687
2020-11-27,0.0024922164001568436,0.0024877010449713133,0.0027849330777587333
2020-11-30,-0.003879484806623257,-0.003815006164523682,-0.004427104491875999
2020-12-01,0.005768828594786335,0.005761844563309637,0.010937581250257677
2020-12-02,-0.002642017476460423,-0.002638107241580867,0.002103516060226296
2020-12-03,0.0012392366507656405,0.0012382062547946493,-0.000272705359855685
2020-12-04,0.005579005169692897,0.005636302777419999,0.008617421755840793
2020-12-07,0.0008707186010807888,0.0008691544256922423,-0.0020548053665061516
2020-12-08,0.0019550968988815143,0.0019840553243832826,0.002926291467487463
2020-12-09,-0.0077646559644647395,-0.007756648942378597,-0.008969038760209602
2020-12-10,0.00045848477769872,0.00045729683113027164,-0.0003269584699606698
2020-12-11,-0.001192198568320535,-0.001190140062869105,-0.0011724730926673255
2020-12-14,0.002048949507995834,0.002047217579590477,-0.004477158263714753
2020-12-15,0.011805412735798493,0.011792277719424149,0.01351928267608371
2020-12-16,-0.0008122681814488608,-0.0008108462698924734,0.0015694040517126862
2020-12-17,0.010591594554554051,0.0105749644314721,0.0055919284014345205
2020-12-18,-0.00235040331046088,-0.002321130160343743,-0.003992912313974473
2020-12-21,-0.002681975333886255,-0.0026777200528502743,-0.003575274426252384
2020-12-22,0.0005994920186407349,0.0005991814145798191,-0.0016853631179638562
2020-12-23,-0.0017766611577419988,-0.0017761446285522453,0.0008985176567020137
2020-12-24,0.0031620873386311033,0.003160398090427119,0.0038904098734411363
2020-12-28,-0.002501073529098563,-0.0024991199410924203,0.008590700003830554
2020-12-29,-0.005532279779794758,-0.0054950450064331635,-0.001907706118177921
2020-12-30,0.004724120219450567,0.004718559225062258,0.001426706743954398
2020-12-31,0.0013563653417258958,0.0013554964603541553,0.00508117542658959
2021-01-06,0.0,0.0,0.0
2021-01-07,0.0,0.0,0.006466901485885357
2021-01-08,0.0,0.0,0.005697673903205525
2021-01-11,0.000344258192850333,0.0003742581928503075,-0.006740521258105092
2021-01-12,9.124800487669837e-05,9.124526846071568e-05,0.00021089891486236745
2021-01-13,-0.00011861371312993363,-0.00011861015637437688,0.002693091437587114
2021-01-14,0.0004106379140618177,0.00041062559919624597,-0.0035021994367678833
2021-01-15,-0.0004013544427508009,-0.00040134241123301884,-0.007292538691798578
2021-01-19,1.3828260174264528e-05,4.382484162990252e-05,0.007851771105696237
2021-01-20,0.0007426394252494362,0.0007426120848710305,0.013839013097133979
2021-01-21,0.0001357230651339858,0.00013571790362032488,0.0009118153381690863
2021-01-22,-0.00015046524490325286,-0.00015045567857341346,-0.0035398409172407996
2021-01-25,-0.00026634689528337585,-0.00023631502209209287,0.003943782299774989
2021-01-26,-0.0005280503804094838,-0.0005280084035519383,-0.001560687408746264
2021-01-27,-0.0015943501555681916,-0.0015942413577014758,-0.024440685049318955
2021-01-28,0.00048561630709920145,0.00048557316263186934,0.008600241997579916
2021-01-29,-0.0030202293679517656,-0.002930188116329835,-0.020019576876670664
2021-02-01,0.003494877313864553,0.0035546505600236866,0.01664561525715702
2021-02-02,0.002927726319706947,0.002927227026830348,0.014140216066375721
2021-02-03,-0.002199655316458382,-0.0021395490500092373,0.0007862383335788259
2021-02-04,0.0021964650740444736,0.002225985783251172,0.011365743471086986
2021-02-05,0.0008592197811068125,0.0008889753112939491,0.00393583059607705
2021-02-08,0.003917070850822046,0.004036403729950955,0.007221973890623401
2021-02-09,-0.0011159129643359966,-0.0010855408218539697,-0.0006658564794111976
2021-02-10,3.2775982593769015e-05,3.269173964137728e-05,-0.00043572922210732834
2021-02-11,0.003011870070690703,0.00304107251771657,0.0016153757076717845
2021-02-12,0.0033799347920071554,0.0034694182847605504,0.004939589201850225
2021-02-16,-0.0015945715899589041,-0.001564014999672736,-0.0008659020704113729
2021-02-17,-0.001830257918933098,-0.0018292567572648633,0.00022936602340872803
2021-02-18,-0.0027075076925613395,-0.0026765704049537264,-0.004255859037820664
2021-02-19,0.0010647620869073116,0.001094479531777992,-0.0017659490913862763
2021-02-22,-0.0087971318817196,-0.008733419846552959,-0.007691607850319193
2021-02-23,-0.0024391508999875855,-0.002319137149767614,0.001214034308110623
2021-02-24,0.010867291893811526,0.010952029371700256,0.011019343007416138
2021-02-25,-0.020176399845618143,-0.02010429146825421,-0.02409566512161454
2021-02-26,0.0015178416819374707,0.00172664440170478,-0.005152474997699108
2021-03-01,0.019666502894909454,0.019652042663012237,0.024240099608968446
2021-03-02,-0.00551128123809741,-0.005506092167736676,-0.007803333136561341
2021-03-03,-0.01623466939373097,-0.016222509061970092,-0.0132457545276089
2021-03-04,-0.015603351859562853,-0.015591188331020467,-0.012374798212103966
2021-03-05,0.016658094259178524,0.016645455465942316,0.01839651087988492
2021-03-08,-0.005393440121836179,-0.005385853813353325,-0.0049784486516054605
2021-03-09,0.01558099404982416,0.015567610977474944,0.014277267854461151
2021-03-10,0.002522560348648062,0.0025218109483442497,0.006224730408761481
2021-03-11,0.015275209066339723,0.015263535278017493,0.01013897118260565
2021-03-12,0.0007925621555695539,0.0008236696071730609,0.0013468616165204228
2021-03-15,0.012176100931607703,0.012167004303571316,0.005963553968804769
2021-03-16,-0.004086041017414055,-0.004085349902426705,-0.0012612751138160183
2021-03-17,0.0065072061210054155,0.006500261816996478,0.0034101179231544876
2021-03-18,-0.012955702086775656,-0.0129438917030954,-0.0145497196423372
2021-03-19,0.0003287953416220013,0.00032725138582345714,-0.0018503857186513706
2021-03-22,0.006675852301358143,0.0067000708857341,0.007984916517992824
2021-03-23,-0.009573067581694072,-0.00956591773793325,-0.007870719803094395
2021-03-24,-0.003430562241827584,-0.003427286032517629,-0.005083693985145632
2021-03-25,0.007585507228605071,0.007580707531012809,0.005625509791168382
2021-03-26,0.020249471096880134,0.020234047169041425,0.01611520510962028
2021-03-29,-0.004748777210423105,-0.004745633735652954,-0.0005050677201268172
2021-03-30,-0.0011426703728444343,-0.0011413918755260877,-0.0026529869357011515
2021-03-31,0.005192908022914056,0.005217826810349102,0.004053336989545464
2021-04-01,0.009603432590850058,0.009595180094692513,0.01079898770728227
2021-04-05,0.010483108435234367,0.010474783706130975,0.01435300091246905
2021-04-06,0.001081950475012583,0.0010818022748437794,-0.0005904381348362797
2021-04-07,-0.0020907190412432497,-0.002090388591738712,0.0011571532122607309
2021-04-08,0.00605604448257302,0.006051933710510049,0.004746921580444985
2021-04-09,0.007045486872139017,0.0070410689467776955,0.007270308611095455
2021-04-12,0.00021687934949654597,0.00021694728548982134,0.00036440318762598345
2021-04-13,0.0009747202506154018,0.0009745248033876663,0.002963706265906252
2021-04-14,-0.0017536128270353446,-0.0017515843001295606,-0.003415264904159887
2021-04-15,0.012638555946655083,0.012630047413515033,0.01074240138125937
2021-04-16,0.0030133915105676756,0.0030112219855535916,0.003342692028694083
2021-04-19,-0.007193803977374347,-0.007188509101763163,-0.00491311982833631
2021-04-20,-0.0060208450583850714,-0.006015744299391668,-0.0073217139981323065
2021-04-21,0.00811935451725887,0.008112625050031408,0.00946236010829593
2021-04-22,-0.004882079922143623,-0.004877836786008283,-0.009133401844107936
2021-04-23,0.010888498138224234,0.010940747317879085,0.010842672320402036
2021-04-26,0.004227173069039525,0.0042234218902059695,0.002087401351984264
2021-04-27,0.0001538986529667774,0.00015389265696019727,-0.00021523336345175004
2021-04-28,-0.002286503401152662,-0.00228541029135354,-0.00028764262280067676
2021-04-29,0.007088775565472272,0.0070836450953355445,0.006372995324325004
2021-04-30,-0.010992895894127108,-0.01098254189343828,-0.006570694776350083
2021-05-03,0.0022732482742624516,0.0023333855314311425,0.0021568442127644083
2021-05-04,-0.0028206181141131603,-0.0028178090443875536,-0.006169431801958836
2021-05-05,-0.0006655024379245145,-0.000665109076499748,0.00031297818855713366
2021-05-06,0.006699301014869263,0.0066961856155500765,0.007985753323809686
2021-05-07,0.009104506152284086,0.009097869002250292,0.007277860569789407
2021-05-10,-0.011505346053454657,-0.011494856550346877,-0.009902623861568927
2021-05-11,-0.009031586810631098,-0.008996141093793764,-0.008924620863319799
2021-05-12,-0.024178607973427857,-0.024159236818792285,-0.021245312338954436
2021-05-13,0.013633100817856292,0.013749771977559444,0.012012699945362026
2021-05-14,0.01410077812233479,0.014139038918790314,0.015355355231965406
2021-05-17,-0.003455065293847759,-0.003451180390774522,-0.0025446452045313483
2021-05-18,-0.008147954267035296,-0.008049051036329469,-0.008615570162786357
2021-05-19,-0.004667624243485324,-0.004664354665313675,-0.002621857416333695
2021-05-20,0.0064090899960094205,0.006429561511665183,0.010757986781277262
2021-05-21,0.003081083168762655,0.0031973328979315596,-0.0008187903933760676
2021-05-24,0.005273704954943836,0.005297887175092386,0.010194355752125572
2021-05-25,-0.0027917428564387947,-0.0027600102400542337,-0.002218672986138426
2021-05-26,0.0030563883293668326,0.0031078186475699265,0.0019846702362360524
2021-05-27,0.0029504897795213925,0.0030357421393081285,0.0005248848963783637
2021-05-28,0.0027961504208335874,0.0028517210477689847,0.001788669452209124
2021-06-01,-0.00259824977856149,-0.0025348621301474195,-0.0008809713013513409
2021-06-02,-0.002079029281705558,-0.002047091772018117,0.001572716829588261
2021-06-03,-0.0005893834453166713,-0.000556984883604783,-0.003711230760408135
2021-06-04,0.0026433292074654613,0.0027251006552710955,0.009145641655498915
2021-06-07,-0.0005156496602246596,-0.00035436817424627787,-0.0009702075941182553
2021-06-08,0.0017912117070524314,0.0018505962631019113,0.00021336515271785927
2021-06-09,-0.005390221099614845,-0.005314946451412617,-0.0014919931644393758
2021-06-10,-0.0011011699053727897,-0.0008881815959843609,0.004648250980785473
2021-06-11,0.0038173745781113766,0.0038131985095566368,0.0016525140369889613
2021-06-14,-0.0022248501129633613,-0.002191693632071501,0.002238853909886984
2021-06-15,-0.0017242410765268001,-0.001721843048497318,-0.001834142291169738
2021-06-16,-0.003421617680964495,-0.0034170213359664414,-0.005583327260126558
2021-06-17,-0.000735303437760515,-0.0007354899533322801,-0.0003315839208405391
2021-06-18,-0.005021952365964477,-0.005015610654558467,-0.013490338228166143
2021-06-21,0.009610166821789834,0.009598269353302546,0.014316035145871098
2021-06-22,0.005243139042858891,0.005236518810745938,0.0053461357899979856
2021-06-23,0.0005264398516933166,0.0005269062777293332,-0.0012052395544166483
2021-06-24,0.004265879235761272,0.004293807040954167,0.005915503387093013
2021-06-25,0.002746639464790368,0.0027441038497744152,0.003552053484238815
2021-06-28,0.0007936359579285845,0.0007912729818180253,0.0020158852339571265
2021-06-29,0.0015928898717574302,0.0015906227689099772,0.0005383154646547705
2021-06-30,-0.0010370201459967143,-0.0010355187221717799,0.0008417081302438678
2021-07-01,0.004356303066123557,0.004350599745631012,0.005536470299454477
2021-07-02,0.002315696824899849,0.0023445055212598653,0.0076435279410072
2021-07-06,-0.0026701418727785864,-0.002666646468119871,-0.0018214823523001744
2021-07-07,0.002935141008283626,0.002929421573219626,0.00353385610924839
2021-07-08,-0.006753385098291598,-0.006743262419255047,-0.008147715015089707
2021-07-09,0.008375979265165201,0.008364970684145767,0.010674565188096619
2021-07-12,0.0006887592003383958,0.0006874225859900829,0.003582062181022083
2021-07-13,-0.005492692371988239,-0.005484034628780554,-0.0034090862284406054
2021-07-14,0.0015989595352192687,0.001598070712081734,0.001492260953442015
2021-07-15,-0.00025115581237922235,-0.00021970656370762232,-0.0034155007412669525
2021-07-16,-0.006305922612894976,-0.006266683869053935,-0.007843370216515821
2021-07-19,-0.006491745770987878,-0.006483891534702191,-0.014767986923154508
2021-07-20,0.010600613599730746,0.010587526633063282,0.014330404990878343
2021-07-21,0.0027771088038910374,0.0029243232939815123,0.008096174823552627
2021-07-22,-0.0009259929670212275,-0.0008939957703529844,0.0020943007044602613
2021-07-23,0.007340682937875043,0.007421115965746017,0.010287704846807078
2021-07-26,0.0008720358161540265,0.0009307376399410039,0.002455094289028459
2021-07-27,-0.0017610154176911363,-0.0017258742570536167,-0.004557784059542214
2021-07-28,-0.0011095649612349323,-0.0010518276561689577,-0.0004100118954896148
2021-07-29,0.011140657363785111,0.011247989423658344,0.004147376305793982
2021-07-30,-0.004022745498130198,-0.0038992918637792418,-0.004856295259186072
2021-08-02,-0.0024672957039629795,-0.0024344642859458476,-0.002098229444886912
2021-08-03,0.012409532965697023,0.012392434266774721,0.008135738363774125
2021-08-04,-0.00633538432208991,-0.006327882619014069,-0.004919276175308407
2021-08-05,0.006128097652518871,0.006241604259757505,0.006332913972586951
2021-08-06,0.0035400101308147303,0.0035362761469159842,0.0016525119114676468
2021-08-09,-0.0031607403756271912,-0.0031583976914774103,-0.0008132787695328547
2021-08-10,0.009922783772960297,0.009910330724126837,0.0012437879086935055
2021-08-11,0.010366569622525024,0.010354204134824574,0.002484929302334349
2021-08-12,0.0006098330095918314,0.0006091653808744102,0.002996784370488781
2021-08-13,0.0006806235814427186,0.0007658163473034385,0.0018201725953972403
2021-08-16,0.0029287923130574267,0.0029245056606745923,0.0023544158547010863
2021-08-17,-0.015290904572540787,-0.015272432483130483,-0.00655518797309651
2021-08-18,-0.004689814085278687,-0.004684941875644055,-0.01094506458491129
2021-08-19,-0.003713963065513748,-0.003673366402084599,0.0015482596705671536
2021-08-20,0.007644736800779484,0.007634496827363835,0.007957122061817756
2021-08-23,0.00585783601866785,0.005878413135392169,0.00879672556769262
2021-08-24,0.007490251388695857,0.007480824796222807,0.0015872541907668847
2021-08-25,0.0064023384704787745,0.006394843564772934,0.002098419820750763
2021-08-26,-0.006239023099271046,-0.006234466450011689,-0.0059031282343172675
2021-08-27,0.008739357179315066,0.008762166274646876,0.008940904023436058
2021-08-30,-0.00011190141683969923,-3.010373571421532e-05,0.004397467108962827
2021-08-31,-0.0050790802723574835,-0.005072459256455053,-0.0014812880351374735
2021-09-01,-0.0019159043858629765,-0.001912176264227905,0.0005314161853522403
2021-09-02,0.0011229905556362496,0.0011218899684828365,0.0030764616235630093
2021-09-03,-0.002256225312755933,-0.0022553777449199064,-0.00024290343494215438
2021-09-07,-0.009510694533624187,-0.009468381252213387,-0.003575369835015829
2021-09-08,-0.0020051507339280406,-0.0019742853134263605,-0.0012181561751478664
2021-09-09,0.0033305970915222805,0.003355467215555352,-0.004280397855445317
2021-09-10,-0.004725271978441636,-0.004661002709559936,-0.007884654206780861
2021-09-13,-0.00012735060933843911,-6.185644890965847e-05,0.0025594782926408044
2021-09-14,-0.006270187096030666,-0.0062645958820495284,-0.005396438573365359
2021-09-15,0.007699822440983883,0.007689534481990723,0.008352513676311624
2021-09-16,0.0004787008520406033,0.0005486648466377364,-0.001585276449892703
2021-09-17,-0.008142851753259905,-0.008071647371772905,-0.009740946114425997
2021-09-20,-0.013826085968361101,-0.013806720415623586,-0.016674349483708828
2021-09-21,-0.0003710383999586675,-0.00037126172618662245,-0.0009447129788768827
2021-09-22,0.00881424753489446,0.008858834131633575,0.009755012194987867
2021-09-23,0.010206002587320295,0.010191264570358571,0.012149979332359617
2021-09-24,0.0007347866370392975,0.000766954979831036,0.0016473311100926313
2021-09-27,-0.00023857320375109126,-0.00023567569930360577,-0.002861017287015488
2021-09-28,-0.017244149809974907,-0.017220994736870776,-0.02015188381978006
2021-09-29,-0.003339802135411296,-0.0033322638458657128,0.0016832615568034281
2021-09-30,-0.009928383571721544,-0.009915750138161483,-0.01222236149683864
2021-10-01,0.008557855651784019,0.008548696533212885,0.011884327280136997
2021-10-04,-0.006753616425602238,-0.006684286658311889,-0.012896261105424855
2021-10-05,0.009466746915765878,0.009452111997824142,0.010404922601927158
2021-10-06,0.00020926282174049682,0.00020959427601852099,0.00415598007600626
2021-10-07,0.008179116401681119,0.008166130172901243,0.008645708705106392
2021-10-08,-0.0028588333523357212,-0.0028526874304686256,-0.0018236325582344781
2021-10-11,-0.0040476687830152125,-0.004043287034382614,-0.007239747386066919
2021-10-12,-0.0015455463553166737,-0.0015429460300697695,-0.0024614980437045464
2021-10-13,-0.0002705515645385903,-0.00026842133399984647,0.003597630083474357
2021-10-14,0.012131625336471608,0.012114441703651613,0.01682082847824895
2021-10-15,-0.0004422537691396444,-0.0004041290262017938,0.007615542520026386
2021-10-18,0.0052169151298757654,0.005210415961775627,0.002960332510331787
2021-10-19,0.004789917773161623,0.004782194439648668,0.007715093650185967
2021-10-20,0.002105671288630484,0.0021028649932510746,0.003927606348204993
2021-10-21,0.0010844582726041718,0.001114883509931719,0.0026083527292577458
2021-10-22,-0.0006049214394913127,-0.0006032857828762728,-0.0010362100192338186
2021-10-25,0.0012788992509664698,0.0012759818000269707,0.005362773549228761
2021-10-26,-0.001536938834319268,-0.0015089986386117582,0.0009000342437031073
2021-10-27,-0.006707415737919664,-0.006578076608509842,-0.004430217649496471
2021-10-28,0.007385909118812206,0.007406425386612403,0.009648910449910897
2021-10-29,0.0034729475367540896,0.0036187747852145513,0.002029176197748228
2021-11-01,0.0006785171469727569,0.0008555503058849112,0.0017200600493496587
2021-11-02,0.0035971902443650006,0.003656351998812646,0.004043179448625089
2021-11-03,0.006313566296782147,0.006391485254512608,0.006105265031711049
2021-11-04,0.00546415600528416,0.005575545385142933,0.004712578357497721
2021-11-05,0.0021361697669775026,0.0021964738557440633,0.003469567194745782
2021-11-08,0.0006489587416786957,0.0006983666591171556,0.0008537203550846861
2021-11-09,0.0013136767799706295,0.0014343563318597319,-0.0033053010479855427
2021-11-10,-0.005956787273080022,-0.005823695592902189,-0.008044953669156696
2021-11-11,0.0035345650068281387,0.003561032582213297,0.0003237379971499088
2021-11-12,0.002824846283076221,0.002821388467564079,0.007546493606379379
2021-11-15,-0.0003820462936975355,-0.00038064319155373116,0.0003425067893851885
2021-11-16,0.004761717669560239,0.0048104335953134125,0.003957897188071158
2021-11-17,-0.002859163263024489,-0.002853145812975577,-0.0024292040132971593
2021-11-18,4.965174335325173e-05,4.5978370166732674e-05,0.003396398451554594
2021-11-19,-0.003737205408607114,-0.003702745642648164,-0.0017881701531110572
2021-11-22,0.00046230858098317285,0.000489474041732052,-0.002815273861006551
2021-11-23,0.0012866584219637378,0.0013176680068336388,0.001325952030557298
2021-11-24,-0.0013054438945786506,-0.0012420816843334848,0.0026699268984593516
2021-11-26,-0.015539828241272091,-0.015491789659157318,-0.022303137197962064
2021-11-29,0.006493155137523576,0.00648463625201412,0.01226665407884786
2021-11-30,-0.015966552195062045,-0.01594357903756405,-0.01945774783697074
2021-12-01,-0.0027003053759704354,-0.0026949405360836565,-0.011107221187110938
2021-12-02,0.012656070899806915,0.01264008826649654,0.015316378693899901
2021-12-03,-0.0004342620116303264,-0.0004336774085538231,-0.008701426575988713
2021-12-06,0.006236527687428106,0.006233083257302985,0.011843417699721304
2021-12-07,0.011087644278400255,0.011068237325533747,0.02068474258430686
2021-12-08,0.0005896053641143428,0.0005892534709781572,0.0026479531544387758
2021-12-09,-0.0013462394050965942,-0.001309506752679046,-0.006751637248578746
2021-12-10,0.005466577110541326,0.005557860413704319,0.009413624644993401
2021-12-13,-0.0019671897627758783,-0.001939269236482577,-0.00885838546737372
2021-12-14,-0.003953254967915654,-0.003949058722526266,-0.006879993554988806
2021-12-15,0.0057004873601789185,0.005698861037508829,0.015624969192423066
2021-12-16,-0.0008685152785856687,-0.0008726065098993985,-0.00881831121429233
2021-12-17,-0.0032745496981246847,-0.0032449723167699007,-0.01064301806473078
2021-12-20,-0.009922858852689509,-0.00987435890293531,-0.010633355409267131
2021-12-21,0.011461026355042314,0.011484477308016938,0.017758823509654187
2021-12-22,0.0067119527947674396,0.00669993788834633,0.009998795089018797
2021-12-23,0.0047934591439651175,0.0047858859193659065,0.006222071624005343
2021-12-27,0.010186063004001378,0.0101714672061326,0.014152304037381214
2021-12-28,0.00014377631885009734,0.00014582425904086094,-0.0008172525028187216
2021-12-29,0.0028117472948570033,0.00280721380594251,0.0012791776389846632
2021-12-30,-0.0027452571078845356,-0.0027423552826044695,-0.00276441305081343
2021-12-31,0.000700618988356716,0.0006999850774149774,-0.002520379669829431
2022-01-13,0.0,0.0,0.0
2022-01-14,0.0,0.0,0.00614489216241787
2022-01-18,0.0,0.0,-0.017709580758721866
2022-01-19,0.0,0.0,-0.010383589964794715
2022-01-20,0.0,0.0,-0.011067901810805636
2022-01-21,0.0,0.0,-0.019630868636643317
2022-01-24,0.0,0.0,0.004246878239750673
2022-01-25,0.0,0.0,-0.01220891672208435
2022-01-26,0.0,0.0,-0.0025088279326752616
2022-01-27,0.0,0.0,-0.004937995216556246
2022-01-28,0.0004963868094867152,0.0005263868094866897,0.024835270076549953
2022-01-31,-0.0005558025300146374,-0.0005557858647111669,0.018011008304968934
2022-02-01,3.670901051311404e-05,3.670790921006528e-05,0.006757108821756175
2022-02-02,2.1602580664970006e-05,2.160193259204135e-05,0.009714029631795906
2022-02-03,0.00015804465191537886,0.00018804253021720285,-0.023504875515272472
2022-02-04,-2.0631650770042143e-06,5.7952373138769886e-05,0.004702055938194061
2022-02-07,0.0003293097484060592,0.00038929009656962776,-0.00320918755026256
2022-02-08,0.0018486636068104634,0.0018784743587574315,0.008227814651573073
2022-02-09,0.002105637130626503,0.002105401029670606,0.014635993948788784
2022-02-10,-0.0035709954717535464,-0.0035108592954995466,-0.017965675675963855
2022-02-11,-0.0014515175044512718,-0.0014213596297664166,-0.01971838609556764
2022-02-14,-0.0010258471792192747,-0.00096564510630337,-0.003269444929599463
2022-02-15,0.0019181501722673744,0.001917770611601144,0.0161268199792155
2022-02-16,0.0011680601610268848,0.001167714868756109,0.0011209100340507927
2022-02-17,-0.0037350497650897596,-0.0036444957120497223,-0.021361538048794926
2022-02-18,-0.0002803838011944393,-0.0002501890107607929,-0.006474970000900138
2022-02-22,-0.002813679769002153,-0.0027829102223625446,-0.010731759329984492
2022-02-23,-0.004869731073388728,-0.004838441399709126,-0.017738581909533258
2022-02-24,0.004179106657216547,0.004177753884051727,0.015049062778827116
2022-02-25,0.011780074148054931,0.01189709345988077,0.022064049375030814
2022-02-28,0.0010742510830126228,0.0011931493067969257,-0.002558438159106946
2022-03-01,-0.006952418041229813,-0.006860240415560659,-0.015230198095190106
2022-03-02,0.011905624064897369,0.01190021491035953,0.01839610239405065
2022-03-03,0.0006786751366545385,0.000678623875001394,-0.004978467208594517
2022-03-04,0.0029828930410138454,0.00298139110407436,-0.008124740542385211
2022-03-07,-0.011761256570351986,-0.011756207192235135,-0.029479053618148177
2022-03-08,-0.009759326113842892,-0.009754348482999942,-0.0075817941744898976
2022-03-09,0.010100753822961162,0.010096324472773421,0.026810872794151175
2022-03-10,0.0003436179559339614,0.00034297842529529277,-0.004515613552211306
2022-03-11,-0.006672127399588446,-0.006668836986894022,-0.012715116705589002
2022-03-14,-0.0031127341105112727,-0.0031114427693619273,-0.007308392231885175
2022-03-15,0.011574839718902163,0.01156927359769333,0.021990688578889195
2022-03-16,0.00904902589458545,0.009076497419627128,0.022174168695649366
2022-03-17,0.009922527311343021,0.009918403965911926,0.012511025144980925
2022-03-18,0.006756732849036551,0.006753402694727573,0.010952641805038965
2022-03-21,-0.0004093642858510327,-0.00040937198703816513,-0.000292402351469212
2022-03-22,0.0016798758948157744,0.0016790205832692973,0.011701265575344122
2022-03-23,-0.006159556940657618,-0.006156904154101639,-0.012878365243265688
2022-03-24,0.006470810802966742,0.006468408631351341,0.015074388504740632
2022-03-25,0.004939829574419852,0.004937586783344328,0.004883523798580258
2022-03-28,0.0016711259743689144,0.0016704727094110083,0.0071131866865845605
2022-03-29,0.00572300620085997,0.0057200888297501695,0.012370732215050584
2022-03-30,-0.0018322538019034385,-0.0018316129681441584,-0.006174849668612592
2022-03-31,-0.008713288773399164,-0.008709133686300219,-0.015391215415467396
2022-04-01,0.0016400707508477108,0.0016382740993345912,0.0028340044070318537
2022-04-04,-0.0020232492629657095,-0.0020225059361758113,0.008566656759556146
2022-04-05,-0.005358140084942065,-0.005325778196796471,-0.012631314983390207
2022-04-06,0.0015850853660124287,0.0015842661945209002,-0.00999912251835644
2022-04-07,0.0038771119096339124,0.0038756210272470337,0.005038878284455706
2022-04-08,-0.0012482847440580258,-0.0012475787315703313,-0.002674231509648406
2022-04-11,-0.005612129399646726,-0.005609907039494599,-0.017092173752834783
2022-04-12,-0.0020308326891383954,-0.002029921686703018,-0.0037051844141022805
2022-04-13,0.006057306365560677,0.006054651423456736,0.011453672102416768
2022-04-14,-0.0037722290520700863,-0.0037704968416860662,-0.012451878753066081
2022-04-18,-0.0003534704353382878,-0.00035305983527300633,0.00041113991484453827
2022-04-19,0.010318931860527902,0.010314229395074426,0.016142654654740074
2022-04-20,0.005217217366676685,0.005214753803279848,-0.0007414409095630736
2022-04-21,-0.007935526589806896,-0.007931390168970376,-0.014953597862132795
2022-04-22,-0.014283573280381212,-0.01427664062240852,-0.02743919741797829
2022-04-25,0.0007307955305415614,0.0007308440295650254,0.005797616816809237
2022-04-26,-0.010571302298086116,-0.010566366258194293,-0.028960703029004775
2022-04-27,0.0010701966170933996,0.0010697434755468915,0.002811752416221891
2022-04-28,0.011625500251624121,0.011679961091159763,0.025259442325715753
2022-04-29,-0.02521961759271174,-0.025206130582450026,-0.03695583506465938
2022-05-02,-0.004707934283614268,-0.004555371139528863,0.0060196541542922866
2022-05-03,0.01007322177119696,0.01006743007795774,0.004583955015679209
2022-05-04,0.02183321797075677,0.02188239818975002,0.030453080210406158
2022-05-05,-0.024659741409950087,-0.02461595453103449,-0.035542964270966704
2022-05-06,-0.008250744368355711,-0.00821743494137972,-0.005968884754121717
2022-05-09,-0.025789639555056976,-0.025743281532153217,-0.03201735304586473
2022-05-10,-0.0038485414546439722,-0.003845096549874305,0.002310643106746779
2022-05-11,-0.011606021787797793,-0.011569645204470347,-0.015886166883656294
2022-05-12,0.007978496533199042,0.008012752938524104,-0.0010438388378198882
2022-05-13,0.022130582620867756,0.022116107784212025,0.023907721019996053
2022-05-16,-0.0027538487978463477,-0.0027524669564351623,-0.004057595129336677
2022-05-17,0.015448264537431422,0.015437255221552482,0.02057033555154808
2022-05-18,-0.032156557759125626,-0.032106093666602,-0.0403113716459218
2022-05-19,-0.0011966325503338648,-0.0011345884756218672,-0.006124726577660611
2022-05-20,0.004035528929371646,0.004077280739724465,0.0004366095528771652
2022-05-23,0.007848343275158154,0.007840828117187337,0.018709863552091477
2022-05-24,-0.0021706414978884814,-0.0021701480995026667,-0.007633603994165683
2022-05-25,0.004777195973106885,0.004835112854777002,0.008834853633777007
2022-05-26,0.013761995803245552,0.013786097125453312,0.019981491670231888
2022-05-27,0.017717511406016184,0.017728593263892867,0.024549065301910034
2022-05-31,-0.007089363945974703,-0.007083193400049703,-0.005610917384172742
2022-06-01,-0.006678809384575324,-0.006672888143152367,-0.008088612713119558
2022-06-02,0.014198113939207113,0.01428629335400533,0.01904379485621921
2022-06-03,-0.006950469150531435,-0.006918067981732112,-0.01641183099374688
2022-06-06,0.0010371172949481533,0.001065154781326294,0.0030447692563257966
2022-06-07,0.005485496612595009,0.005507105429021886,0.009592245726223414
2022-06-08,-0.012343601507516233,-0.012331600155676248,-0.010872143184489258
2022-06-09,-0.011186562084788632,-0.011090722626271976,-0.023783059889403213
2022-06-10,-0.014414044437774498,-0.014334445587848244,-0.028995451560883678
2022-06-13,-0.01794199514136463,-0.017836851194866332,-0.03796819538522256
2022-06-14,0.00015223798571706304,0.0001507679463954581,-0.003013344738324153
2022-06-15,0.002424633023367928,0.0024225728349558384,0.014256296544701064
2022-06-16,-0.018859773828664217,-0.018837899129898306,-0.03309610344806069
2022-06-17,0.00029313880309911333,0.0002937292666986835,0.0021559293804276347
2022-06-21,0.008160747566628102,0.008150434381160698,0.025173557967893778
2022-06-22,0.000964285880677318,0.0009634851329529681,-0.0018131285791348484
2022-06-23,0.005235148830260661,0.005229705495735315,0.009802696107800157
2022-06-24,0.014226227158214533,0.01424102556913076,0.03179377278044937
2022-06-27,0.00036217388460113575,0.0003605681618588097,-0.0038195747559410798
2022-06-28,-0.00817850612529647,-0.008169439424911995,-0.020432949158319613
2022-06-29,-0.0020901203998759943,-0.0020566570142828144,-0.0008142957228023384
2022-06-30,-0.0005638892800055029,-0.0005633726881100198,-0.008124306247192847
2022-07-01,0.0064166162503918045,0.006438578787517413,0.010576448843111486
2022-07-05,0.0019624456031839266,0.0019592624828825844,0.001888758387074363
2022-07-06,0.000868158339918379,0.0008675780018507773,0.003377318463217982
2022-07-07,0.005520557211898369,0.005513698833963465,0.014977006355389566
2022-07-08,-0.0010571186350559758,-0.0010565277222245317,-0.0008228064661619516
2022-07-11,-0.0034853834321363353,-0.00348170095641831,-0.01142348478148858
2022-07-12,-0.0018696745021758998,-0.001867526166894784,-0.008848764380838037
2022-07-13,0.00020727443687240665,0.00020704509617619493,-0.005251605978023988
2022-07-14,-0.001071016867417618,-0.0010703169637578114,-0.002428638768714908
2022-07-15,0.00661025891412792,0.006602245588594791,0.019105083939800593
2022-07-18,-0.003784904898267216,-0.0037800429513894507,-0.00825689857045786
2022-07-19,0.01318646094419118,0.013170776860046418,0.027019088730410923
2022-07-20,0.00295864024563941,0.0029854262148067967,0.006373310471702087
2022-07-21,0.009308768337649376,0.009298328684290258,0.010183094919505864
2022-07-22,-0.0027447851628292774,-0.0027415614503120134,-0.009278181980042488
2022-07-25,0.00025255311264449354,0.00025237686478996046,0.0012148683152017892
2022-07-26,-0.0016754234616678243,-0.0016738556102241509,-0.01183075663842148
2022-07-27,0.007619111858965688,0.007640144782354863,0.02596626155387205
2022-07-28,0.008984202020820842,0.009004291954373134,0.012542395933048622
2022-07-29,0.003552813826396495,0.0036401825059833026,0.014578678983015791
2022-08-01,-0.0006895281012626597,-0.0005691022279521452,-0.0029613105659767047
2022-08-02,-0.0020413861498908004,-0.002039841333400072,-0.006597214910840199
2022-08-03,0.004333665355607641,0.0043279191646814485,0.01565939754464063
2022-08-04,-0.001059885674180805,-0.001029849465141841,-0.0006753096752751819
2022-08-05,0.001033521803624593,0.0010640944854185541,-0.0016903501671180488
2022-08-08,0.0025907979913519785,0.002619067271389941,-0.0011609416545833584
2022-08-09,-0.005437106809293213,-0.005397762641875525,-0.0039707636884128705
2022-08-10,0.0190821981477316,0.019090974205437705,0.021003936458041217
2022-08-11,-0.0004985342707714002,-0.00042637716910076673,0.0
2022-08-12,0.010649806012139607,0.010638464295653849,0.01692884587025767
2022-08-15,7.973790806969916e-05,0.0002287706688506308,0.004120838742911914
2022-08-16,0.0015814261397002483,0.0015799979227857364,0.00195853342608876
2022-08-17,-0.002981363080468591,-0.0029761066081417376,-0.007097926555515333
2022-08-18,0.003436934420706139,0.0034602119940196907,0.0029066092909375563
2022-08-19,-0.006220558824863276,-0.006188298466343944,-0.013438200216609575
2022-08-22,-0.008276573220834194,-0.008228829670927529,-0.020822355836348394
2022-08-23,-0.0013511666343850592,-0.0013514303992442356,-0.002419219584622545
2022-08-24,0.004598823821341913,0.004592447832456825,0.0032009669038008948
2022-08-25,0.009158666720642472,0.009146908451464597,0.014117583909121878
2022-08-26,-0.014240109028050507,-0.014223473627541505,-0.03384896746874344
2022-08-29,-0.004865748289565763,-0.00485767993741304,-0.00661219016556347
2022-08-30,-0.008634309933620354,-0.008595382016114761,-0.010978028392464423
2022-08-31,-0.002616143942821836,-0.0026113139315543377,-0.007609215770564615
2022-09-01,-0.0029250576962066566,-0.0029205494392093856,0.0031379949255347928
2022-09-02,-0.0017410414988314749,-0.0017406494783284154,-0.010544363180384764
2022-09-06,-0.0033718789082173295,-0.003366788436824031,-0.0037731157439622187
2022-09-07,0.009692851881753395,0.009682742894697949,0.017964905209541637
2022-09-08,0.00313861026332507,0.0031353784913406013,0.006536386800654492
2022-09-09,0.008174909558717802,0.008196400794768577,0.015535204117248735
2022-09-12,0.0005416996804419316,0.0005423389816316959,0.010747729314671162
2022-09-13,-0.01871633243914994,-0.01869585962556164,-0.0434824401281263
2022-09-14,0.00030578136299719283,0.00030387537905718354,0.0038157635467979123
2022-09-15,-0.004767582901480827,-0.004762774251321766,-0.011353312270845684
2022-09-16,-0.003877938879548126,-0.0038742340157007504,-0.007628934124167097
2022-09-19,0.0038337258268430485,0.0038253723458818722,0.007754857696448125
2022-09-20,-0.008651785983458282,-0.008645143844282832,-0.011478539223154116
2022-09-21,-0.005866074516258091,-0.005859281621717893,-0.017443764762905656
2022-09-22,-0.005006993521373904,-0.0050000440340505214,-0.008399775628965322
2022-09-23,-0.010483398213210315,-0.010472401230080641,-0.016754959913737766
2022-09-26,-0.00885084330442365,-0.008839694116650754,-0.009892579822617265
2022-09-27,3.587681448702362e-05,3.343755321827402e-05,-0.002552688629688049
2022-09-28,0.013003652360510376,0.012986401006025439,0.019676188112379256
2022-09-29,-0.008778136634044365,-0.008766236718875442,-0.020888912561054407
2022-09-30,-0.0031233788753215475,-0.003118019670172778,-0.015463495547191508
2022-10-03,0.015637041911171767,0.015618459226594217,0.026401266969970694
2022-10-04,0.016790993709057123,0.01677080394597752,0.030986558600778036
2022-10-05,-0.002512974207739438,-0.00250984151659861,-0.0023281127889306363
2022-10-06,-0.0028828145284983675,-0.0028549560539737895,-0.010315861844761631
2022-10-07,-0.012754364617721836,-0.012739583135188193,-0.027893942489252255
2022-10-10,-0.002584967653960879,-0.0025840000735405377,-0.0076353096836599965
2022-10-11,-0.0015391144425959125,-0.0015342110386229457,-0.006332909972757372
2022-10-12,-0.004221466107928062,-0.004216454351045784,-0.0032986760012650995
2022-10-13,0.010412459936925078,0.010463755837449629,0.02639137865104102
2022-10-14,-0.015788149810517127,-0.0157669912284083,-0.022788745904938623
2022-10-17,0.012645301976224932,0.012631682310912717,0.0256967622969273
2022-10-18,0.007298123238361098,0.007287592184022973,0.011749749001394472
2022-10-19,-0.005591501731466164,-0.005551770151088098,-0.007086385519014526
2022-10-20,-0.0008073200217589838,-0.0008056749417428843,-0.008385403383119883
2022-10-21,0.012793706816891737,0.012778120008828608,0.024301344375728506
2022-10-24,0.004660518926348223,0.004655975402398704,0.012236428921737597
2022-10-25,0.009636384039540813,0.009622909622655218,0.015968613704059775
2022-10-26,0.000429349583612737,0.00046095162972514814,-0.007534192412415375
2022-10-27,-3.3589120437271802e-06,5.577465568373796e-05,-0.005339616270874203
2022-10-28,0.015595963731390716,0.015733528573153688,0.02379044291552379
2022-10-31,0.0008884926466901089,0.0009181604551347089,-0.007223193736808686
2022-11-01,0.002298638225320282,0.0023238410560968426,-0.004375951673780687
2022-11-02,-0.01620955609879582,-0.016159783097869806,-0.025096187507376855
2022-11-03,0.0017508164950765792,0.0018408369811770964,-0.010296956219329911
2022-11-04,0.01067712265711962,0.010696099251576774,0.014393336366689047
2022-11-07,0.007000705984503419,0.006994381633702362,0.009565449767275469
2022-11-08,0.007453892785869387,0.0074748838625369185,0.0053955227819986185
2022-11-09,-0.009709581702328496,-0.00961715997598167,-0.020602300842125332
2022-11-10,0.03839302685221058,0.03847797915106921,0.054954105898362915
2022-11-11,0.0005510055177853079,0.0005821359861561959,0.009678735212036882
2022-11-14,-0.007936088302175626,-0.007889085439257815,-0.00850677916983611
2022-11-15,0.007715177110339422,0.0077614191442654246,0.008529248279308455
2022-11-16,-0.007839159039974786,-0.00779911240887865,-0.007628899041646764
2022-11-17,-0.0017812506649220738,-0.0017449442231388668,-0.0030599493056451266
2022-11-18,0.0013288248424940807,0.0013527199876721685,0.004540541280916743
2022-11-21,0.0006887367415873147,0.0008142260182948391,-0.003636174752601029
2022-11-22,0.007342663897754731,0.007335161457496797,0.013456971219873548
2022-11-23,0.0016227073281032123,0.001678688398021766,0.00630160563869997
2022-11-25,0.00039441851897126234,0.0003934836793946239,-0.0002237221698127012
2022-11-28,-0.010622198160690766,-0.010609543676317501,-0.015957093252224608
2022-11-29,0.0024867625724078746,0.0024838618555100833,-0.0017171568085417865
2022-11-30,0.011049428492658775,0.01103559924224018,0.031500524995195844
2022-12-01,-0.001615247012943799,-0.0016126120250844478,-0.0007359872869332484
2022-12-02,-0.0009537974412312522,-0.0009222584433304926,-0.0011537513527366539
2022-12-05,-0.012476079732841039,-0.012462181965167352,-0.017989231169653896
2022-12-06,-0.0035165727842176864,-0.00351270320025876,-0.014414636741935882
2022-12-07,0.0018469373867275873,0.0018740356510218437,-0.0017013330482271716
2022-12-08,0.0040070054094483165,0.004001597913182886,0.007834024790426941
2022-12-09,-0.0032323184641858127,-0.003229385731098433,-0.007470397617597491
2022-12-12,0.010084628621756853,0.01007112335597693,0.014417237656153548
2022-12-13,0.004262460250254785,0.004256605660327484,0.007569910977531125
2022-12-14,-0.0025204845820844257,-0.0024894694023926967,-0.006393654626225986
2022-12-15,-0.012925103860016773,-0.012910018139141055,-0.02446154581582516
2022-12-16,-0.007214529055261321,-0.007175821820536443,-0.011806230517979022
2022-12-19,-0.006301475458055483,-0.0062939029915669575,-0.00847970249165253
2022-12-20,0.0014670879736606857,0.0014665929954809087,0.001368399428156808
2022-12-21,0.008164293990075011,0.008154100996305313,0.014952622129840387
2022-12-22,-0.00787484942672323,-0.007865551620994782,-0.014266277672469796
2022-12-23,0.003984677434548223,0.003980554933881608,0.005752459039676472
2022-12-27,-2.9328493513003373e-05,-2.991162387400159e-05,-0.003943695489253662
2022-12-28,-0.010139985395540396,-0.01012784885977247,-0.012427905781228321
2022-12-29,0.009352355180777705,0.009340978486141793,0.018000546194413714
2022-12-30,-0.002749647654294418,-0.0027460695314498462,-0.002634285564565686
2023-01-05,0.0,0.0,0.0
2023-01-06,0.00033043311764924255,0.00036043311764921704,0.012777379838934788
2023-01-09,8.04745233717874e-06,8.047211000672405e-06,-0.0005666448269728841
2023-01-10,0.00023450530195856523,0.00023449826939092588,0.00701270984056146
2023-01-11,0.00017810134068785288,0.0001780960008679333,0.012647872045784547
2023-01-12,5.3316007081027905e-05,5.33144088494808e-05,0.0036408048745546484
2023-01-13,0.00037623898553884594,0.00037622770778211745,0.0038795554127668552
2023-01-17,0.0003690603426227401,0.00036904928420611327,-0.0018318796027319006
2023-01-18,3.6190246234246715e-05,3.6189162240241046e-05,-0.01578801608828595
2023-01-19,-0.0004005715491023354,-0.00040055955135520627,-0.007279660983704361
2023-01-20,0.00011614755597677551,0.00011614407578086627,0.018629023168984737
2023-01-23,2.061200581482403e-05,2.06113882772474e-05,0.011998627342807433
2023-01-24,-0.00022773873650472343,-0.00022773191357161604,-0.0010734300935140162
2023-01-25,-0.00029165618144844085,-0.00029164744159171363,0.00037487704968164337
2023-01-26,0.00033449323463075054,0.0003344832081819682,0.010990354669102587
2023-01-27,0.00024890123797649544,0.00024889377964587567,0.0022975721543583294
2023-01-30,-0.0006567974023238277,-0.0006267932514217867,-0.012546832947207709
2023-01-31,0.0011360743556640962,0.0011660631379257769,0.014703494464065603
2023-02-01,0.002309192664688986,0.0023090863629664504,0.010627672454092796
2023-02-02,0.0010118929802318544,0.0010118356800121742,0.014556989778103935
2023-02-03,-0.0011977331624307697,-0.0011677076784799567,-0.010629110241724637
2023-02-06,-0.0006761645561801366,-0.0006761228352881732,-0.006111417860117041
2023-02-07,0.0018351089165862255,0.001864973304575246,0.013078533893259081
2023-02-08,-0.0017491465203556267,-0.0017489798669627632,-0.010934524091624986
2023-02-09,-0.0006179843833311605,-0.0005578667092904777,-0.008669224521749896
2023-02-10,-0.0005033291424120234,-0.0005032275536260844,0.0023338018909184743
2023-02-13,0.002965109883120931,0.003084933208559626,0.011738835434946582
2023-02-14,-0.00046590561166959255,-0.0004657966613660358,-0.00046020854623851637
2023-02-15,0.0014340853276011423,0.0014936775537821578,0.003247367508553145
2023-02-16,-0.0036105142637770093,-0.0035796054446975978,-0.01376883107066651
2023-02-17,-0.0004838595604296225,-0.00045375679972325944,-0.0024982295162851997
2023-02-21,-0.006940440306430262,-0.006938497675031963,-0.020060951744074296
2023-02-22,0.00030693666252368246,0.0003068399599821525,-0.0013780517223562772
2023-02-23,0.0014109645849960106,0.0015006496358527244,0.005319271066065223
2023-02-24,-0.0033001446673840418,-0.003239475496902955,-0.010682312347813583
2023-02-27,0.0008800533253552345,0.0010001441748097584,0.003405843725257096
2023-02-28,0.0004786480554843653,0.0005384847122660297,-0.0036959509210153785
2023-03-01,-0.002017273354733895,-0.001956707388608425,-0.003835863136222417
2023-03-02,0.005523733530670816,0.005521365449431936,0.007777295956620023
2023-03-03,0.007426971337493704,0.007423791164225868,0.016037605797672994
2023-03-06,-0.00037997375426712665,-0.0003798955130750459,0.0006931161126224605
2023-03-07,-0.005679174450482161,-0.005676378356883061,-0.015328883460585585
2023-03-08,0.0035751422720287085,0.0035733343268449236,0.0016320983847801784
2023-03-09,-0.0070892505935186145,-0.007086595198959822,-0.018449811298357877
2023-03-10,-0.012146347553935177,-0.012140892951920113,-0.014429491730756916
2023-03-13,-0.002087908954322204,-0.0020871666751466345,-0.0014252820882890704
2023-03-14,0.012332804721151946,0.012326955247959015,0.016530085938712302
2023-03-15,-0.0076329685070113396,-0.00762927381870071,-0.006254321725367551
2023-03-16,0.009694407853234166,0.009689594227593856,0.01754504060229478
2023-03-17,-0.005025232791339929,-0.005023168308618264,-0.011692639585236586
2023-03-20,0.006237904631256841,0.0062351519222927365,0.00961561958721946
2023-03-21,0.006511441259995365,0.006508407887204415,0.013130809191266968
2023-03-22,-0.009744247381425097,-0.009740108282678683,-0.017046722078008503
2023-03-23,0.00133426075297427,0.0013336702911086462,0.002703132867100999
2023-03-24,0.0008065499829317258,0.0008067875722754803,0.006562317697633935
2023-03-27,0.0023589937119512516,0.0023581566567583145,0.001869811627109863
2023-03-28,-0.0018833353974552214,-0.0018826281594253036,-0.002244634806711665
2023-03-29,0.008768620899733737,0.008764062895968872,0.014534805492768976
2023-03-30,0.003983073219719913,0.00398115318609471,0.005855343550946079
2023-03-31,0.008452383914476558,0.008478969211752174,0.01409458198227087
2023-04-03,-0.0009853833232830178,-0.0009850624969772737,0.0038106022314881027
2023-04-04,-0.005641539858958322,-0.005638468838597865,-0.0055481579771146095
2023-04-05,-0.003080370625208495,-0.0030782235485689036,-0.0026182430785610666
2023-04-06,-0.0012066007137579993,-0.0012057700972968322,0.0039009994131220527
2023-04-10,0.00332283713501913,0.003320736413448655,0.0010262589081022622
2023-04-11,0.0016644150444269368,0.0016641267875379118,0.00026846021956461463
2023-04-12,-0.001322632294631032,-0.0013221108281109561,-0.0040759216449688385
2023-04-13,0.006651682666807268,0.0066487132750672195,0.013282797961150505
2023-04-14,-0.0008573291521958293,-0.0008572635595319733,-0.0024427678638192507
2023-04-17,0.003902956995934348,0.003901520998130348,0.0035882743780331072
2023-04-18,0.0017352965991872527,0.001734437631863095,0.0006521178700162888
2023-04-19,-0.005344654330163512,-0.005312712530883945,-0.00016890611551723111
2023-04-20,-0.0012418861659709846,-0.0012417750379755121,-0.0054570894445473694
2023-04-21,0.0013321296663055815,0.0013315420169703884,0.0007768749876666536
2023-04-24,0.0016356580672005627,0.00163492781783936,0.0010432772949393598
2023-04-25,-0.011577143749057939,-0.011570954869870809,-0.015873931778421668
2023-04-26,-0.003926868377106207,-0.003924904819604724,-0.00423545257711444
2023-04-27,0.012015468105962768,0.012009067481849378,0.019907926264709275
2023-04-28,0.00561655499924929,0.005764152403463729,0.008535106465280329
2023-05-01,0.00275815155716419,0.002786308531692594,-0.0010097822511897503
2023-05-02,-0.010997878483294699,-0.010960082231598056,-0.011238882951136508
2023-05-03,-0.00793348490484358,-0.007870044520926656,-0.006864417437265069
2023-05-04,-0.0056656751730402855,-0.005572093840771064,-0.007082785109090217
2023-05-05,0.011298551188726247,0.01132172118615693,0.01851263100279743
2023-05-08,-0.0017779882390930313,-0.0017778414388358588,0.0002664953680788784
2023-05-09,-0.003391560003673022,-0.0033884903155138035,-0.004385422308878284
2023-05-10,0.005817707292864682,0.005813738014638803,0.004672491975553417
2023-05-11,-0.004861711759356235,-0.004858937698431487,-0.001743958295085224
2023-05-12,0.0017584899337201865,0.0017867670260725,-0.0013104277613936732
2023-05-15,0.0014313828862049238,0.0014921324537418013,0.003450194510494553
2023-05-16,-0.010840195164429689,-0.010831910651773469,-0.006682493503109788
2023-05-17,0.0055420304273532395,0.005538086695088484,0.012138777364691933
2023-05-18,0.007815821526217182,0.007811055847940063,0.009633089917948201
2023-05-19,-0.0007806512118765374,-0.0007796945051857795,-0.0014549662955997134
2023-05-22,0.0016652454092882518,0.0016966301527796546,0.0004062055415268162
2023-05-23,-0.012083646892086075,-0.012073847600209575,-0.011222855785945396
2023-05-24,-0.005602645769140491,-0.005542422125314195,-0.0072449768012032845
2023-05-25,0.0026333065749255535,0.0026308608323415417,0.008659974205849963
2023-05-26,0.008638236803175658,0.008716048852804414,0.012950614142771322
2023-05-30,-0.002474245157069399,-0.002472792713228089,0.0003809475531593165
2023-05-31,-0.0034428988760963897,-0.0034039958898011147,-0.005545075901445595
2023-06-01,0.006873827950883982,0.006900288393601128,0.00950090880049026
2023-06-02,0.009687638746201266,0.00971165802796703,0.014461233260246953
2023-06-05,-0.002975244612205552,-0.0029729446592736686,-0.0019162754404427051
2023-06-06,0.0019880443274378212,0.0019872789030563887,0.0021773465805001724
2023-06-07,0.0008810415736573152,0.0009414449949276538,-0.00345774791994502
2023-06-08,0.002177893930318975,0.0022344442848012402,0.006048777892504464
2023-06-09,-0.00127161705954848,-0.001215582915458202,0.0017940375917500084
2023-06-12,0.0032389241014840753,0.003331193145171163,0.009072232058388252
2023-06-13,0.005743467113019429,0.005805008655988653,0.006592724483602153
2023-06-14,-0.0015233296598329282,-0.0015213224333073816,0.0011908993826885705
2023-06-15,0.0069642445980291345,0.00695654077584984,0.012397742935372325
2023-06-16,0.0006724743116821585,0.0006722297400232335,-0.003406357713433117
2023-06-20,-0.0032708664525019637,-0.0032675228401852774,-0.005188097342600395
2023-06-21,0.0022648034271537387,0.002262023491929943,-0.005123776103645006
2023-06-22,-0.0030124649420064653,-0.0030085772332777427,0.003609692901579642
2023-06-23,-0.003581911000568372,-0.0035473067180166185,-0.007560147406906026
2023-06-26,0.0025659702746072544,0.0025631223932811587,-0.004085625431801465
2023-06-27,0.006517484261017614,0.006510254161622431,0.010963225363546103
2023-06-28,-0.0002163739740517201,-0.00021601839046969662,0.0005045435126187492
2023-06-29,0.005186606973417884,0.005181093574815776,0.00394131384987384
2023-06-30,0.005472645403763465,0.005466669399502244,0.011800572328193093
2023-07-03,0.0019075703772752917,0.001906652051675728,0.0011508634807269047
2023-07-05,-0.00200601229618258,-0.002004144335868707,-0.001487497557271289
2023-07-06,-0.004696444194501659,-0.004691682918622542,-0.007830526958561457
2023-07-07,0.00027391984193503305,0.0002739558809434772,-0.0025247215782113752
2023-07-10,0.008797526755652152,0.008787818758070998,0.0025311119311206554
2023-07-11,0.004515182798572548,0.004510485771533679,0.00636846662835211
2023-07-12,0.0035334579686261414,0.003530628372857114,0.008045997552762918
2023-07-13,0.005348814070916363,0.005343001508867795,0.00793677916637292
2023-07-14,-0.00344658641387785,-0.0034431890374941876,-0.0006227376226835002
2023-07-17,0.002974074594174425,0.0030336323023740785,0.0034721444237921784
2023-07-18,0.004284232227627305,0.004279974850275536,0.007430715158172951
2023-07-19,-0.0009360194832950253,-0.0009346730566242023,0.002223784015379593
2023-07-20,-0.0012466425532916547,-0.0012166421167502106,-0.0066347138160967045
2023-07-21,0.0021125191466633275,0.002110441434802768,0.0
2023-07-24,0.0005795097982976838,0.0005789630010417657,0.004467409289568014
2023-07-25,0.0035165382930579803,0.0035121141534746325,0.002729993969081468
2023-07-26,0.0008696109298049759,0.0008981870507458467,0.00015374415118540874
2023-07-27,-0.007240158840373434,-0.00714301598806899,-0.006629990322230217
2023-07-28,0.0031690786332230214,0.003345324976067099,0.00979036448025683
2023-07-31,0.0022535538868857508,0.0022832545038902197,0.0019040052219059245
2023-08-01,-0.0022385661375269317,-0.0022342426771179147,-0.0028616097156412
2023-08-02,-0.008679646182508494,-0.008550934073199068,-0.013910702781173678
2023-08-03,-0.004573531469366343,-0.004479018713383076,-0.0028660024454671973
2023-08-04,-0.008586143860719875,-0.00851686406075114,-0.004522727226096257
2023-08-07,0.01014809126467564,0.010137910265990424,0.008728489892785296
2023-08-08,-0.0016347381635938296,-0.0016327798250390657,-0.004348534332770382
2023-08-09,-0.0008958977814738089,-0.0008247538732719661,-0.006685141443425802
2023-08-10,-0.00017440666545542882,-0.000173220286117437,0.00035876946632451556
2023-08-11,0.0012808783296269777,0.001370130072572584,-0.000583111764393629
2023-08-14,0.002311678300843001,0.002339927299796596,0.005520062860039143
2023-08-15,-0.009551989568289065,-0.009540299003886865,-0.011648916207172899
2023-08-16,-0.006316470034904764,-0.0062472500514629825,-0.00733809695755383
2023-08-17,-0.007038407803759639,-0.006930965273795553,-0.007619726040616448
2023-08-18,-0.0010260383988197619,-0.0009965677019232455,0.00048118599865909495
2023-08-21,0.0019541400695683997,0.0020332279405010922,0.0065063091912958
2023-08-22,0.0006396736034770534,0.0006711493615132458,-0.0027086347726139604
2023-08-23,0.009525195085658966,0.00951243321008266,0.011137855008936492
2023-08-24,-0.0076875446863428065,-0.0076791518146636095,-0.013859223013909627
2023-08-25,0.005446075508257264,0.005501403341615196,0.007049714555938946
2023-08-28,0.00519175904581437,0.00521461559419234,0.00634146119651513
2023-08-29,0.009544595097649822,0.009530952821016347,0.014454721180120478
2023-08-30,0.004198656622151464,0.004194270612941642,0.004118917872557137
2023-08-31,-0.003291209556055996,-0.003286129757886891,-0.0014634035059158945
2023-09-01,0.003948856168041637,0.0039754096797035565,0.0018650764885848048
2023-09-05,-0.007985793411895648,-0.00797542785629346,-0.004321737613855237
2023-09-06,-0.0013143548653765658,-0.001312071799250858,-0.00672252394009365
2023-09-07,0.001341878149962339,0.0013387072848711767,-0.0030701693208238234
2023-09-08,-0.002580396426904441,-0.0025472447337302473,0.0015060113029727873
2023-09-11,0.00027715672559502913,0.00030785411154288234,0.006576583948365355
2023-09-12,-0.002995172066092122,-0.0029921113579711722,-0.005485455170274212
2023-09-13,-0.0028526909566948255,-0.0028507713677004,0.0011659429869188553
2023-09-14,0.0056540621353367015,0.005645289848141832,0.008622268389973042
2023-09-15,-0.00710507949515804,-0.007096347290094562,-0.012048198717857117
2023-09-18,0.001283897916857013,0.0012832936948949936,0.0005863179581946376
2023-09-19,-0.002742491876130737,-0.002739145805759624,-0.002073700242464227
2023-09-20,-0.0041490449995799095,-0.004143532813137285,-0.00919336180636987
2023-09-21,-0.015254969470973934,-0.015237097119716547,-0.01652842718934655
2023-09-22,-0.00031910324931316847,-0.0003189904702068924,-0.0022485835771975937
2023-09-25,0.003540882263458389,0.0035678358775637076,0.004205286191780955
2023-09-26,-0.010709465323981315,-0.010695530120802266,-0.014691274582096292
2023-09-27,0.0031588939314590725,0.0031543797895745573,0.00039922850002582777
2023-09-28,0.005018478411916494,0.005012176073954766,0.005797235571361581
2023-09-29,-0.004095398847052234,-0.004089690295097204,-0.0024268410510679406
2023-10-02,-0.004888763089671788,-0.004882343761061558,-0.00039758620536511913
2023-10-03,-0.010089510718444772,-0.0100773377775909,-0.013386233602487585
2023-10-04,0.0070249885984898786,0.007012871515835517,0.0072819807960526894
2023-10-05,-0.003209209303999261,-0.0031742455321024377,-0.0003767538409182869
2023-10-06,0.010804309544797164,0.010788951255690016,0.011872889791437746
2023-10-09,0.006091940152693764,0.0060832315617291854,0.006402109308006665
2023-10-10,0.0025727849087866517,0.002570500446861468,0.005204881069301948
2023-10-11,0.0021048691064928793,0.002101126228104544,0.004096306420702467
2023-10-12,-0.006118648263074178,-0.006079967719873736,-0.006096438609385246
2023-10-13,-0.005535747326935514,-0.005499189003543292,-0.004980692946559007
2023-10-16,0.0074582706136785415,0.007482466270342769,0.010521293502573803
2023-10-17,0.003739370045306778,0.003734252160732199,-4.593770614824688e-05
2023-10-18,-0.012849894458769384,-0.01283264695166908,-0.013325159481197946
2023-10-19,-0.006600700698519146,-0.006562382978130943,-0.008786277542716658
2023-10-20,-0.008612480222204066,-0.008601126987678676,-0.01228814027831604
2023-10-23,-0.0008499812127747974,-0.0008511693283622668,-0.0017330258208601013
2023-10-24,0.00998098007950654,0.009994729755260279,0.007539297844937787
2023-10-25,-0.012844858774715862,-0.012765657135227149,-0.014352274963949085
2023-10-26,-0.004284210085459317,-0.004189526691445122,-0.011974642931195878
2023-10-27,-0.005948101627804792,-0.005698230042767594,-0.004532795672202106
2023-10-30,0.013689966175715496,0.013669991376661361,0.011955898365193729
2023-10-31,0.003920987355699568,0.003976220280732967,0.006280381790441103
2023-11-01,0.006082533289047953,0.006077013483166915,0.010664691247419755
2023-11-02,0.02123409070709692,0.021200966888240913,0.019164236800371715
2023-11-03,0.012127400769416985,0.01211113876461467,0.00912348368318261
2023-11-06,-0.0025800668019946293,-0.0024903152418601637,0.0023004516022138155
2023-11-07,0.0010314325895781629,0.0011152635214188855,0.0028459228110255808
2023-11-08,-0.0006153818517775633,-0.00034753936412357245,0.0007324199123486252
2023-11-09,-0.0034232724332777797,-0.003298965391533626,-0.007798728101199526
2023-11-10,0.015011162334266137,0.015017592623349119,0.015604954192212084
2023-11-13,0.0037042489630714215,0.003827432926428287,-0.0009533215038348697
2023-11-14,0.019704250418409064,0.01978764373499109,0.01940078393032696
2023-11-15,-0.0002761768005743459,-0.00012750896544000412,0.00211712476939363
2023-11-16,-0.00418188726565516,-0.004177617412546186,0.0012231032171463596
2023-11-17,0.0015607250605258471,0.0015873586282881824,0.0012437485749885457
2023-11-20,0.004647309648072362,0.004672795483199543,0.007697646973266137
2023-11-21,-0.0003246279760737991,-0.0003228877004419761,-0.002179472264966842
2023-11-22,0.004220815875126904,0.0042458235671047895,0.003860856688096659
2023-11-24,0.002170231011890289,0.0021664489928019393,0.0006152583229561692
2023-11-27,-0.0010377830188639248,-0.0010368210854464488,-0.0018008540764695713
2023-11-28,-0.0036961066488175875,-0.003687987199499254,0.0009900947357734946
2023-11-29,0.004890216111071544,0.0049139446711778945,-0.0007033709637727092
2023-11-30,0.008629447388042832,0.008676893697810772,0.003937389890417808
2023-12-01,0.010936354781434732,0.01095489168469621,0.005915855135181891
2023-12-04,-0.001133487607816397,-0.0011292062550316562,-0.005249354505640125
2023-12-05,-0.006397131348439222,-0.006388502271419183,-0.00019712999514076568
2023-12-06,-0.0009307992295852774,-0.0009306967892493967,-0.004029729599363985
2023-12-07,0.005873137776839066,0.005926317621882005,0.0076305170581814075
2023-12-08,0.0018186108846551807,0.0018150986079259468,0.0042990810778074096
2023-12-11,0.0074846327326756334,0.007472183728709947,0.003889562713336625
2023-12-12,0.0056059789972908725,0.005597603566119824,0.0045670463737028655
2023-12-13,0.012526675877591265,0.01253995933621388,0.013790217632763557
2023-12-14,0.0032494538008012164,0.0032757091129649307,0.0032093987584640438
2023-12-15,-0.0006318406597245474,-0.0006283283945555107,-0.0016465279846737957
2023-12-18,0.004985347258406492,0.0049782912938181045,0.0056250888080024986
2023-12-19,0.006421655505554735,0.006414204688792502,0.006080888558688935
2023-12-20,-0.013672933556545641,-0.01365410553423907,-0.013857292868214133
2023-12-21,0.009832693555673178,0.00981987585589561,0.009481935526338248
2023-12-22,5.334392572708957e-05,5.066091057592814e-05,0.0020097867761843524
2023-12-26,0.00348413675970205,0.0034787178615092174,0.004222440322714904
2023-12-27,0.0012980127752995063,0.001295468708010672,0.0018080853378112938
2023-12-28,5.6700154869249175e-05,5.59692200450268e-05,0.0003777903707902208
2023-12-29,-0.0028772438200951322,-0.0028736426227037315,-0.002895034567458654
2024-01-08,0.0,0.0,0.0
2024-01-09,0.00017568349806884598,0.00020568349806904251,0.002755535221177219
2024-01-10,8.674965741883867e-05,8.674705546418693e-05,0.0056555426872197945
2024-01-11,4.250917488834993e-05,4.2507899985944064e-05,-0.0004406430412424722
2024-01-12,0.0001641520110895467,0.00016414708817813484,0.0006927821246200949
2024-01-16,-0.00015306749536125874,-0.0001530629056274435,-0.0036712991848999454
2024-01-17,1.1054947056221565e-05,1.1054615522532174e-05,-0.005558629120553937
2024-01-18,0.0001289016768886153,0.000128897811218609,0.008892804945121346
2024-01-19,0.0002221716131132201,0.0002221649512028634,0.012466017614288782
2024-01-22,8.567181288055004e-05,8.566924454544989e-05,0.0021144766293070827
2024-01-23,7.392358091951046e-05,7.392136497164081e-05,0.0029164192965691615
2024-01-24,-0.00019756618496291622,-0.00019756026311767982,0.0010933126058942921
2024-01-25,1.9345286587091337e-05,1.9344706617241414e-05,0.005438841424512342
2024-01-26,-2.4183839531843887e-05,-2.4183114516684867e-05,-0.001270453392287485
2024-01-29,0.0006078646040095226,0.000667855456729205,0.007919381068000497
2024-01-30,-0.0006917873847062106,-0.000661789334216567,-0.0007734882337023796
2024-01-31,-0.0009678583271475194,-0.0009677932755051133,-0.016317396592104072
2024-02-01,0.0007370333643872407,0.0007369632155114214,0.013088243385340759
2024-02-02,0.0001638514399380231,0.00022381218179923223,0.010527345896630402
2024-02-05,0.0010202244460990606,0.0010503563738386568,-0.0036411212279221505
2024-02-06,0.000582595041063172,0.0006125147713922363,0.002903296810174316
2024-02-07,0.0014139788933560382,0.0014137909552280892,0.008340343964781116
2024-02-08,0.0005126067153098379,0.0005125733328115167,0.0004418983685636757
2024-02-09,0.0027045373545409035,0.0027343458928079656,0.005779329416906842
2024-02-12,-3.5382485749080317e-06,2.6551365673421756e-05,-0.0004390393376606516
2024-02-13,-0.001697940652839347,-0.0016976502044404596,-0.01377315601908169
2024-02-14,0.006508979417311878,0.006598216948825009,0.009087717382374016
2024-02-15,0.006815920790841368,0.006904412395930537,0.006899796528982094
2024-02-16,-0.00870113746149026,-0.008548498120094838,-0.004979972192162729
2024-02-20,-0.0024438411787011116,-0.0024126994335359475,-0.005505360843228169
2024-02-21,0.00018008246491962865,0.00021027235234694075,0.0009057847460316459
2024-02-22,0.014759499160791556,0.014934130528860834,0.020695473590131908
2024-02-23,-0.0030246520358174767,-0.0029322367468638255,0.0006896938035241273
2024-02-26,-0.0009335871944630147,-0.0008438125443565037,-0.0036624892391067254
2024-02-27,0.001178725590552876,0.0011785228073728504,0.0018575652385470764
2024-02-28,0.00135740917239624,0.0013567570321879607,-0.0013215656359363281
2024-02-29,0.004560306167246342,0.004587671976544971,0.003594930678976649
2024-03-01,0.0064365377424362435,0.006462743487654965,0.009388320968662267
2024-03-04,0.00725021036060558,0.0072445360042980855,-0.0010724808912874195
2024-03-05,-0.0063040285569169185,-0.00629958330766156,-0.009993971737729868
2024-03-06,0.0064107809841325025,0.006407477249687155,0.005067159247770681
2024-03-07,0.006293797696431236,0.006319350511477584,0.009926370346830415
2024-03-08,-0.0032516608081928355,-0.003249450203193449,-0.0060021153687100925
2024-03-11,0.0010529643498671248,0.001054961180090519,-0.0008599654929839495
2024-03-12,0.0069293341869436365,0.006923923455485204,0.010757433934537097
2024-03-13,0.0006214331339742252,0.000620997474871432,-0.001567579929561358
2024-03-14,-0.008888575487460026,-0.008884348798291142,-0.001976722296110678
2024-03-15,-0.004922254475407839,-0.00491879587921451,-0.006866621980632592
2024-03-18,-0.0003111370431795324,-0.0003117886846241147,0.005943123520943949
2024-03-19,0.0025057425522880816,0.002505367487726451,0.0055572273176933695
2024-03-20,0.005404629806947225,0.005402151187027249,0.009249402694907927
2024-03-21,0.009224409630288255,0.009217535134392385,0.0033045469982366793
2024-03-22,-0.005017614306147999,-0.004985257624308015,-0.001895828125220933
2024-03-25,-0.002236752355878724,-0.0022364059643317225,-0.0027627018670889347
2024-03-26,-0.0011542250003440113,-0.0011539271519952488,-0.0018470850305898345
2024-03-27,0.011543458777925286,0.01153697612703275,0.008403901287043603
2024-03-28,0.001487229455579664,0.001486813122007602,-0.0001911530432039399
2024-04-01,-0.004268086438317109,-0.0042659777596376625,-0.0017398673121422625
2024-04-02,-0.008321689854174585,-0.008316968383946688,-0.006357919615775032
2024-04-03,0.003006481892903201,0.0030044189510247676,0.0010984169872829685
2024-04-04,-0.010765706164953648,-0.010758350598642163,-0.012206156048329198
2024-04-05,0.005899525140770301,0.005895731028107809,0.010447018952042697
2024-04-08,0.0014069142881809604,0.00143614683303106,0.0005592485270637937
2024-04-09,-0.0031782933132943336,-0.0031760751030287526,0.0011566969768881386
2024-04-10,-0.010770797995011572,-0.010763708303478614,-0.010012983815937515
2024-04-11,-0.0044358379648808954,-0.00443669510498379,0.007546719431144933
2024-04-12,-0.010006897149393623,-0.01000064883748053,-0.013803096677538984
2024-04-15,-0.007743466181510006,-0.007738081693578813,-0.012528035229721346
2024-04-16,0.0013616779016716318,0.0013595355854121305,-0.0018237698460003005
2024-04-17,-0.002937365749802856,-0.0029346628155471066,-0.005918270721092078
2024-04-18,-0.0026769308475139697,-0.002643618263595715,-0.0020577941117485565
2024-04-19,-0.00957155158153633,-0.009561826472765711,-0.008728310287310914
2024-04-22,0.008094502563918082,0.008089761881732382,0.009209223639820241
2024-04-23,0.00930746045259978,0.009301982057579705,0.011866617014163916
2024-04-24,0.004906904118054056,0.00490348149588149,-0.0004747747414119985
2024-04-25,-0.002108556153188612,-0.0021083069373040164,-0.0037987587828581804
2024-04-26,0.005047354117135638,0.0050431667731207774,0.009473829310949755
2024-04-29,0.00740804455044386,0.007401617831972462,0.0035415053910734517
2024-04-30,-0.016326875922320072,-0.01631569453056858,-0.015841202983064795
2024-05-01,-0.0013953120672404173,-0.00139223693031576,-0.0032472021430119957
2024-05-02,0.0010378604521716905,0.001038285693590657,0.009353443441858289
2024-05-03,0.0063218114195908726,0.006317157962309805,0.012395256153737932
2024-05-06,0.01017133605652032,0.010163534687267939,0.01032693850317501
2024-05-07,0.001951758002709969,0.001949836363209112,0.0011034264304021768
2024-05-08,-0.002366219172733386,-0.0023659013307653076,9.672134683258449e-05
2024-05-09,0.006033606669161085,0.0060294748809832655,0.00576189641039937
2024-05-10,0.0009588748766196087,0.001018015280291218,0.0012880452787931151
2024-05-13,-0.002356609851773217,-0.0023283047393913847,0.00013421871437158117
2024-05-14,0.0050113875666077945,0.005007858394484366,0.004588035509807575
2024-05-15,0.010733287942498615,0.010723861101652465,0.012383318564626933
2024-05-16,-0.0055661332490341,-0.005534518956908263,-0.002057648556520575
2024-05-17,0.0015232326300331778,0.0015219695888173401,0.0014374286500424827
2024-05-20,0.005597543357121593,0.005654042757410771,0.0011521851699716201
2024-05-21,-0.000697387151741502,-0.0006982216320665646,0.002452510759074933
2024-05-22,-0.0027163852581953973,-0.0027132051501447263,-0.0028793330278347185
2024-05-23,-0.008174785830111553,-0.00813528289123644,-0.007304094973100028
2024-05-24,0.005327750489655614,0.005348293067260812,0.006616635547303185
2024-05-28,-0.008236860167916138,-0.008200605982756959,0.0006985875025948829
2024-05-29,-0.008635833075457455,-0.008535191378430396,-0.007002465409604697
2024-05-30,0.002648259111521556,0.0027042020174654624,-0.006633746666733442
2024-05-31,0.004902901572419349,0.005056568414242957,0.009108165895193254
2024-06-03,-0.0041268316030455,-0.004090688200208525,0.0008153583340810844
2024-06-04,-0.0006964272090919099,-0.0006657653004760178,0.0011178083574776565
2024-06-05,0.005021615966111392,0.00521749197763155,0.011885081701314748
2024-06-06,-0.0032993589594378925,-0.0032067586430468698,-1.8686534095535556e-05
2024-06-07,-0.0022716202188938217,-0.0021857588660438854,-0.0012154701067456086
2024-06-10,-4.849711287291392e-05,-4.849278993035444e-05,0.0030894414176954044
2024-06-11,-0.0009294277199004553,-0.0009279748137263066,0.002408336857466331
2024-06-12,0.002422767420323213,0.0024383898818478578,0.008213376461439603
2024-06-13,0.0032896860981761478,0.003329844531736015,0.0020131698731635783
2024-06-14,-0.002636796748646586,-0.0026338555224403315,0.0006085063699716731
2024-06-17,0.004487214135606932,0.004479811628675501,0.007958910221575577
2024-06-18,0.0028764592181891313,0.002871866621752872,0.0025407121528528975
2024-06-20,-0.005190739937571909,-0.0051319805932690254,-0.002716544837253032
2024-06-21,9.611175596346833e-05,9.574415280910742e-05,-0.0013404904271935303
2024-06-24,-0.0020598404125017344,-0.002053859634607913,-0.003250874173535423
2024-06-25,-0.0012084893889231507,-0.0012086311902701485,0.0038509684777763287
2024-06-26,-0.0023922495946521183,-0.0023880450551581056,0.001248036721894108
2024-06-27,0.0009728733583924676,0.0009694410533378495,0.0015764724631710525
2024-06-28,-0.00340075617537805,-0.0033936530765247275,-0.003935092412651997
2024-07-01,-0.0015018152109497196,-0.0014988007475895682,0.002058070220223529
2024-07-02,0.002065240460323192,0.002061356414126303,0.0067297191878714635
2024-07-03,0.0011119578925595786,0.0011097478455577292,0.004462763358313637
2024-07-05,-0.00047980806142222665,-0.0004795384797711133,0.00576649129051976
2024-07-08,0.0028645988258857447,0.0028822507484884685,0.0011536875313662431
2024-07-09,-0.00022057619314053145,-0.0002205114540057007,0.0009724431209321427
2024-07-10,0.0024323847757494743,0.002429369817767535,0.009895287551016096
2024-07-11,0.0010909303880080046,0.0010912466170032165,-0.008622664527645263
2024-07-12,0.002759284983108401,0.002785787003907636,0.006307644912908028
2024-07-15,0.00115095731556214,0.0011505251920969073,0.0027502945306061566
2024-07-16,0.004418929236620128,0.004414278166619656,0.005930227551637524
2024-07-17,-0.005009473036544865,-0.005000316838057572,-0.014021344049971574
2024-07-18,-0.002289722795429938,-0.002258583785103685,-0.007684830624340111
2024-07-19,-0.0025025686032046357,-0.0024998535951352707,-0.006640697294749587
2024-07-22,0.0026145126278027675,0.0027035240453421316,0.010309899385924082
2024-07-23,0.0005978240446018468,0.0006278710649934016,-0.0015686753676523724
2024-07-24,-0.0031969374649322146,-0.0031575123349953937,-0.0226623736576006
2024-07-25,0.00010104777178532309,0.00010109575787620173,-0.005210401360492889
2024-07-26,0.005970402955568277,0.006206232035000925,0.011199677243803441
2024-07-29,0.00012143906886019629,0.00015256762973003823,0.0005877660449544742
2024-07-30,-0.0009987491406050486,-0.0009957344350358666,-0.005066489846381805
2024-07-31,0.006493067669227859,0.0064848242567561165,0.01625464939413712
2024-08-01,-0.005919480213733008,-0.00584933558505818,-0.014160897727911181
2024-08-02,-0.009981520166547297,-0.009851366512522164,-0.018618465583101207
2024-08-05,-0.010426248604744948,-0.010325610568356125,-0.029123731060897717
2024-08-06,0.0063738394962209455,0.006428879655450803,0.009219621998645566
2024-08-07,-0.006569427329438993,-0.006525444007042469,-0.006683908795014903
2024-08-08,0.012437100995336126,0.012488616738863811,0.02311740208643176
2024-08-09,0.0040726363311316405,0.004096901653106055,0.004409783108547671
2024-08-12,-0.002253728971480351,-0.0022237326679021008,0.0005251819392879664
2024-08-13,0.012066216347016434,0.012055122088937109,0.016445457845939426
2024-08-14,0.00357317330529483,0.00357093139688347,0.0031548723144527724
2024-08-15,0.012746949130366225,0.012733414856193948,0.017140221567987446
2024-08-16,-0.0003641544839206867,-0.00033289825968663145,0.0022420117925041616
2024-08-19,0.005194789765993857,0.005190592461679744,0.009561331973907183
2024-08-20,-0.0030364638063687943,-0.003004443486749553,-0.0016259572939691935
2024-08-21,0.007617339334103246,0.007611708063957057,0.0034366969502579447
2024-08-22,-0.003901723587494521,-0.003897840386168361,-0.007848785276715176
2024-08-23,0.007987017426412724,0.008010066109010117,0.010625422141984586
2024-08-26,-0.0014881064758236473,-0.0014858910008976878,-0.0023837106752643278
2024-08-27,0.0025434787826879024,0.002543162797971066,0.0013729062119203217
2024-08-28,-0.0014022567767845162,-0.0014008951600885666,-0.005804990250471653
2024-08-29,0.004622784838774097,0.004619883709075401,8.930257271066999e-05
2024-08-30,0.006867897838635395,0.0068627293378644705,0.009546108600853476
2024-09-03,-0.01468515739052767,-0.014613450007814999,-0.02057890461708045
2024-09-04,0.000676438082675368,0.0006763631588215802,-0.002046808041376913
2024-09-05,-0.0019635031335267783,-0.0019603324766998,-0.002432422016352298
2024-09-06,-0.0075126070049634786,-0.007508034388884588,-0.016830061169659682
2024-09-09,0.007040387656903846,0.007034516595026519,0.01119600514425767
2024-09-10,0.002158272930070204,0.0021837589970645777,0.0043558432423733695
2024-09-11,0.00713218197752874,0.007128709956494728,0.01025921618027037
2024-09-12,0.006902159488415993,0.006897366120400816,0.00842313754247681
2024-09-13,0.008784883650716724,0.008779000860197561,0.005222868726185714
2024-09-16,0.004213928507732945,0.00421123549786695,0.0014766934860208636
2024-09-17,0.0030327690987415057,0.003030589008295559,0.00040874698517123775
2024-09-18,-0.0018144619023914288,-0.0018123397289808718,-0.0029659591584654255
2024-09-19,0.009254951107958265,0.009247421242618792,0.01706447020191537
2024-09-20,0.001851807634085656,0.001849722050203395,-0.0017287267010224205
2024-09-23,0.0014958174208246078,0.00149482255455613,0.0024988464537971655
2024-09-24,0.0019253697335224196,0.0019244303811036811,0.002861468217643326
2024-09-25,0.0003621198748573473,0.0003612339127472275,-0.002205585632772067
