date,strategy,strategy_no_costs,spy
2016-01-04,0.0,0.0,0.0
2016-01-05,0.0007591331862226713,0.0022602718860018634,-0.001696032353380561
2016-01-06,-0.009861531348552055,-0.009861531348551944,-0.012614485248228502
2016-01-07,-0.01840707620752069,-0.01840707620752069,-0.02399165666307046
2016-01-08,-0.013430332921453236,-0.013430332921453236,-0.010976423005055191
2016-01-11,0.00295457057702464,0.00295457057702464,0.0009899369800312474
2016-01-12,0.009681944399518194,0.009681944399518194,0.008068257461905537
2016-01-13,-0.027768703300428688,-0.027768703300428688,-0.024940557490074844
2016-01-14,0.009235063810617117,0.009235063810617117,0.016416903819580053
2016-01-15,-0.0123687737301299,-0.012368773730130012,-0.021465794264166616
2016-01-19,0.0014502679125263374,0.0014502679125265594,0.0013307986811228467
2016-01-20,-0.007054733942504887,-0.007054733942504887,-0.012814743733104872
2016-01-21,0.008194857332898042,0.00819485733289782,0.005601902524081437
2016-01-22,0.018497612330032887,0.018497612330032664,0.020514910830279343
2016-01-25,-0.010832807273120304,-0.010832807273120193,-0.015116452597792374
2016-01-26,0.013849387575147087,0.013849387575147087,0.013643113984610045
2016-01-27,-0.007822900374666819,-0.007822900374666819,-0.010883131118148204
2016-01-28,0.006661364822047489,0.0066613648220472665,0.005208630204326381
2016-01-29,0.023477103060022264,0.023477103060022042,0.024377583756477472
2016-02-01,0.004668441660427458,0.00466844166042768,-0.0003612558403183197
2016-02-02,-0.01301313433531881,-0.01287986937165142,-0.018022003062555303
2016-02-03,0.0038432586055314744,0.003841305296113484,0.005994785334435315
2016-02-04,-0.007582541123136499,-0.007580887264030056,0.0015686784081219152
2016-02-05,-0.021188184488528106,-0.021191776961762443,-0.019050344565891275
2016-02-08,-0.014984368436970708,-0.014985444005145121,-0.013461321808526883
2016-02-09,0.0005669132154297873,0.0005652799256690155,5.39181149210588e-05
2016-02-10,-0.000293108306368417,-0.00029170645311837884,-0.000862545476890908
2016-02-11,-0.006175625873501955,-0.006173429684879217,-0.013008307955313714
2016-02-12,0.020067775964501378,0.020066931868741644,0.02061686373902094
2016-02-16,0.020598640999816453,0.020599736161351467,0.016878659382641548
2016-02-17,0.01722881573660051,0.017230062489951292,0.016334528419140515
2016-02-18,-0.004435857462532833,-0.00443673514233478,-0.0040959136720886136
2016-02-19,0.003632188299026451,0.0036332632469677772,-0.00046831859644203
2016-02-22,0.013153154841821335,0.013155508189959919,0.01447893998139449
2016-02-23,-0.004440445191899345,-0.004441592563314001,-0.012629545081511373
2016-02-24,0.006371576618060981,0.006371434829964828,0.004575787488583227
2016-02-25,0.0126675536987515,0.012666522759926524,0.012112053469631956
2016-02-26,-0.006684843098208271,-0.006684150930842514,-0.002301762918790473
2016-02-29,-0.008751837320941869,-0.00875181046970197,-0.007842802802899618
2016-03-01,0.023403313692358374,0.02340572157015397,0.02350713697563811
2016-03-02,-0.0018923672143603687,-0.0015035405308255756,0.004492702998206477
2016-03-03,-0.0013187221805411875,-0.001318118681692293,0.003919436509997265
2016-03-04,0.0047462771138429005,0.0047556368905867785,0.0032535816508312276
2016-03-07,0.0003632051979742812,0.00036559341084552166,0.000798174328986212
2016-03-08,-0.005934249398710678,-0.005939212498865087,-0.010917683104429088
2016-03-09,0.00025500283628177023,0.00025662327519770933,0.004939559624523415
2016-03-10,0.006788692885965286,0.006790638587560016,0.0008024687425773891
2016-03-11,0.013577611592596739,0.013578800553454728,0.016137166139512216
2016-03-14,-0.0008750512601995997,-0.0008756474479965082,-0.0012824304522421892
2016-03-15,-0.0010687278932404176,-0.0010661683333375027,-0.0016295800634807955
2016-03-16,0.0044033861708230315,0.004405147264304743,0.005787016158250946
2016-03-17,0.004159621003253289,0.00415890265870833,0.006344340839048446
2016-03-18,0.0024111249783003164,0.0024127980950163774,0.003929619049156008
2016-03-21,0.0027729364127264677,0.0027741932795601887,0.0014189751583075783
2016-03-22,-0.0026398790722983456,-0.0026404315276948864,-0.0005373811045408239
2016-03-23,-0.0033354352929697573,-0.003334154485813423,-0.006599496003831251
2016-03-24,0.00016879706683914364,0.00016563695003002366,-0.0004429070120902656
2016-03-28,0.002601882252511567,0.002601829145805201,0.0005906266152029271
2016-03-29,0.007727770049857696,0.007728178652426365,0.009250116039449807
2016-03-30,0.006065962711891748,0.00606829609631343,0.004387741183200289
2016-03-31,-0.0030166046916948464,-0.003017943943795065,-0.0024269460670182097
2016-04-01,0.011567653147062096,0.011568899285463452,0.006811612405701606
2016-04-04,-0.00784230592864743,-0.0077181494034943565,-0.003237644577584353
2016-04-05,-0.005144086879425913,-0.005144774117902817,-0.009987878363535319
2016-04-06,0.01153607552617597,0.0115364991967013,0.010921229555514556
2016-04-07,-0.013006256244742609,-0.013006531923853482,-0.011965876094902295
2016-04-08,-0.00041572333292905217,-0.0004161491060937772,0.002696656660856167
2016-04-11,-0.005427147470355442,-0.005427670704232779,-0.002347182247036672
2016-04-12,0.005274545989457868,0.00527510699347844,0.009312696375750384
2016-04-13,0.007745870174183933,0.0077459646581250485,0.01010118985056141
2016-04-14,-0.0016413839653889317,-0.0016412749907419588,4.807860452626933e-05
2016-04-15,0.0021665647921684794,0.002166521308990088,-0.0011055811803354354
2016-04-18,0.007732890346262344,0.007733462412355729,0.007026646978166573
2016-04-19,-0.0016184809662082023,-0.001618750417376802,0.003154382541953993
2016-04-20,-0.0011806645469394361,-0.0011806741382321961,0.0009526097913528098
2016-04-21,-0.0038279290951603873,-0.0038280677184312495,-0.005378407481038239
2016-04-22,9.159039792083767e-05,9.166365018020706e-05,0.0
2016-04-25,0.0027251450214795803,0.002725577342722163,-0.001722622826713316
2016-04-26,0.003679454373768598,0.0036791129823485758,0.0014859918465575106
2016-04-27,0.0037624981089683374,0.0037629080073031673,0.0020581895397211447
2016-04-28,-0.010785893471709551,-0.010786580051659889,-0.009075855016367651
2016-04-29,-0.005792582010317737,-0.005792946303977198,-0.005398993606777758
2016-05-02,0.011098240822014604,0.01109829737191359,0.007948711667605579
2016-05-03,-0.008236586203136498,-0.008146635032043825,-0.008703395220749033
2016-05-04,-0.006012671327094599,-0.0060121984959701225,-0.005578124875502022
2016-05-05,-0.0022470163984815716,-0.0022481291707729945,-0.00019494317063184496
2016-05-06,0.0047253202651729165,0.00472566553200382,0.0036589354661609175
2016-05-09,0.00637923700276577,0.0063788788327361345,0.0008263948659976705
2016-05-10,0.008706581440324657,0.008705799621241628,0.012433645127915005
2016-05-11,-0.016867286957468308,-0.016867836265953895,-0.009354657246744003
2016-05-12,0.003482170660061179,0.003483325692399175,0.00029065450061227516
2016-05-13,-0.010005798096084373,-0.01000580729156253,-0.008714392279523309
2016-05-16,0.011767647378187363,0.011767820190961453,0.00986537874102833
2016-05-17,-0.012459601888810123,-0.012459966717101145,-0.009333568801133452
2016-05-18,-0.005177094573182051,-0.005176065667599428,0.0002928193693976233
2016-05-19,0.0021746895618139916,0.0021750415995840378,-0.0034649692167176838
2016-05-20,0.004136152575288987,0.004136019217397369,0.006317380850532128
2016-05-23,-0.0005865329333100133,-0.000587201022766215,-0.0013622931008568928
2016-05-24,0.012457166180342982,0.012456623292786295,0.012962077943646344
2016-05-25,0.0053023255122715,0.005303852860449654,0.006783149285816359
2016-05-26,0.0030714565285405726,0.0030720415315756977,0.0002869660238955518
2016-05-27,0.006718581699224568,0.00672469791010788,0.004298857794156508
2016-05-31,-0.0013422391207362772,-0.001342060126253375,-0.0019026541682207743
2016-06-01,0.0028251782553032623,0.0028261067201300616,0.002049252249170852
2016-06-02,0.003593849475815869,0.0036924693938926723,0.003043726472393482
2016-06-03,-0.0024579023543477296,-0.002457998662531935,-0.0029870750654420464
2016-06-06,0.0027787258069018606,0.002778691132976352,0.00508863170935725
2016-06-07,0.0016133947922127856,0.0016132809856157504,0.0015610184225285373
2016-06-08,0.002411288775704845,0.0024114207466530146,0.0032597519890360527
2016-06-09,-0.00205016094867827,-0.0020501735634492757,-0.0013655892089041721
2016-06-10,-0.008022497873836576,-0.008022388225095933,-0.009477548339113961
2016-06-13,-0.008238699073110367,-0.008238588122884916,-0.007711728383551497
2016-06-14,-0.0007013957975958718,-0.000701448341269284,-0.00196662130130576
2016-06-15,0.002093932382860597,0.002094022140155083,-0.0013942716251797993
2016-06-16,0.0028848194844661723,0.002884767495250351,0.0029846349947801887
2016-06-17,-0.0020274135417918115,-0.00202716823673299,-0.0037241532855220028
2016-06-20,0.006242760434314709,0.006242855179704021,0.00644000255297561
2016-06-21,0.001480772520972895,0.0014809491283829246,0.002838254321963829
2016-06-22,-0.00041082513941126386,-0.0004106201392818365,-0.0016308816091090694
2016-06-23,0.00994047703360712,0.009940212384959457,0.013022457413687238
2016-06-24,-0.028360255146995916,-0.028360069325673254,-0.03590884453170007
2016-06-27,-0.01223659185066639,-0.012236446857292194,-0.017909980653237678
2016-06-28,0.013195686420810704,0.013195767000375946,0.018035967210669357
2016-06-29,0.014435265377634066,0.014435232354347072,0.017027639966891384
2016-06-30,0.016266309697074766,0.016266222650741957,0.01364551805723635
2016-07-01,0.004098343624717726,0.004098396306704721,0.0021002757362003077
2016-07-05,-0.004482110556478736,-0.004386044265578981,-0.007193038961438969
2016-07-06,0.006702203390482442,0.006702447811055112,0.00599799182305083
2016-07-07,0.0003878959184620001,0.00038783339843018183,-0.0006203768838818347
2016-07-08,0.015610781488261782,0.015610810147561827,0.01489040289792909
2016-07-11,0.0026752319261391655,0.002675488368145018,0.003527039879044125
2016-07-12,0.0006731504394605903,0.0006727550275742455,0.0072633106417812066
2016-07-13,-0.0027409406422391758,-0.002740795900256887,-0.00013935143270060735
2016-07-14,0.0041329827258627105,0.004132806225767727,0.005583356847290943
2016-07-15,-0.0016487377117487823,-0.0016485303145834518,-0.001341848463770945
2016-07-18,0.001325105156461337,0.0013253227570833026,0.002687386084167631
2016-07-19,-0.0026733460648411533,-0.0026734472425371525,-0.001016758635208448
2016-07-20,0.003961671593201377,0.003961769702288898,0.004163043655225129
2016-07-21,-0.006214260369672653,-0.006213443565314836,-0.0037772648740920234
2016-07-22,0.006877070778192662,0.006877045014099137,0.0044853367153681045
2016-07-25,0.0023918411455081667,0.0023913870963259143,-0.0027159040381125044
2016-07-26,0.0013775982301531542,0.0013779207032698082,0.0004616058179740534
2016-07-27,-0.004833079264442541,-0.004833044949871801,-0.0010612283786834986
2016-07-28,0.0036155021474855165,0.0036151493376896937,0.0011546660301433587
2016-07-29,0.004151505173536352,0.004152100005965886,0.0016146846083799904
2016-08-01,0.0013731516131709753,0.0013732906167942538,-0.0008289925569322509
2016-08-02,-0.007338812911761083,-0.00720177592236193,-0.006407486542837737
2016-08-03,0.0020974594773064403,0.0020975246024748095,0.0029224828482521392
2016-08-04,-0.0010872802893968636,-0.001087131187218482,0.0010642761489254582
2016-08-05,0.007194194323778769,0.007193879020628735,0.008179127429738031
2016-08-08,-0.004384373952110887,-0.004384289496385918,-0.0005959863067186433
2016-08-09,-0.0028231327237117076,-0.002822731351940777,0.0005963417182168751
2016-08-10,0.0031465859660857465,0.0031467004885181726,-0.002475223891997058
2016-08-11,0.007160284548740847,0.007159909999391312,0.004640607085997894
2016-08-12,0.0005212487937722443,0.0005210668363058168,-0.0008686098636662143
2016-08-15,0.0014650328592056283,0.001465098284367139,0.0028834706471354554
2016-08-16,-0.004013743462336294,-0.004010040978235652,-0.005157586969937289
2016-08-17,-0.0011482227344677964,-0.0011461149845367613,0.001881134728282996
2016-08-18,0.003677670974956637,0.003676454800455753,0.0022437977310709734
2016-08-19,0.0009203103136994351,0.0009202958581084886,-0.0014620751538957366
2016-08-22,-0.0006649239200782198,-0.0006648231511310332,-4.568741606691962e-05
2016-08-23,0.006808601763796052,0.006807875038764788,0.002013378642638841
2016-08-24,-0.005561872137671453,-0.005561286507885899,-0.0051148971780110575
2016-08-25,-0.00505661544255942,-0.005055289514881767,-0.0006882237570486893
2016-08-26,-0.004954517279283643,-0.004954179518888879,-0.0018840407559921335
2016-08-29,0.0029539343882332147,0.002954092308844025,0.004924529175110326
2016-08-30,-0.009271294538544028,-0.009270171547002493,-0.0016484058269221613
2016-08-31,-0.004603576344272664,-0.0046031751040314095,-0.0028440845126229686
2016-09-01,0.002332506251519817,0.0023322482700305347,4.593121701135239e-05
2016-09-02,0.003899586268207411,0.003967355001564199,0.004508156670794072
2016-09-06,-0.0009331739324992538,-0.0009333729557483572,0.003022321942910855
2016-09-07,-0.004639303793406491,-0.004639141934463242,-9.158035471046322e-05
2016-09-08,-0.011838556801811784,-0.011839053969631919,-0.0022827489610784957
2016-09-09,-0.023179535639946458,-0.02317905871507442,-0.02393511101512147
2016-09-12,0.013703587765039993,0.013703788003927686,0.01434762401130274
2016-09-13,-0.012999550608099542,-0.012999655443007407,-0.014375607561062376
2016-09-14,0.0005731177882777327,0.0005731590203070791,-0.0003753592525760352
2016-09-15,0.008778178277050408,0.008778108791518413,0.009993006445679464
2016-09-16,-0.003115190059400863,-0.003115268800785831,-0.0038655791783077653
2016-09-19,0.0017485448845815377,0.0017485046156315853,0.00018782807107675659
2016-09-20,0.0010101722977122751,0.001010199506298104,4.6717958743336396e-05
2016-09-21,0.010221689679622337,0.010221540117756334,0.011245609198420103
2016-09-22,0.005575682410132066,0.005575367863595693,0.006301072026692278
2016-09-23,-0.004386006832350797,-0.004385807588892954,-0.005479141229618234
2016-09-26,-0.0074550694460019384,-0.007455005576790574,-0.008102224875268904
2016-09-27,0.009134749981415169,0.009134737049164787,0.006208016119474857
2016-09-28,-0.00012675251721971925,-0.00012712189060037904,0.00496315676662773
2016-09-29,-0.0056790788069553955,-0.005679374488904987,-0.009046925544723305
2016-09-30,0.008002721289244175,0.008002559424391986,0.007546260577323993
2016-10-03,-0.003024455678190985,-0.0030245076943737903,-0.002404227607703091
2016-10-04,-0.007230283974928198,-0.0071129145153596696,-0.005097769630561522
2016-10-05,0.0002778732200594547,0.0002778571271733199,0.004425268558121642
2016-10-06,0.003982341340602158,0.003982738417789289,0.0006955435166293711
2016-10-07,-0.0042800849442882205,-0.0042801152816404064,-0.003429343922579875
2016-10-10,0.0018838900319670948,0.001884846901565096,0.005208704206040471
2016-10-11,-0.011797270509363189,-0.011797957934734482,-0.01263001504307315
2016-10-12,0.0028029898305328427,0.0028029102164981445,0.0013121665482085376
2016-10-13,0.00043821003715360796,0.0004373228066076873,-0.003275615920133923
2016-10-14,-0.002570647982390817,-0.0025703191662397318,0.0005164564394535276
2016-10-17,-0.005628006019997245,-0.005627583674535974,-0.0034722297909202116
2016-10-18,0.003391360463904869,0.0033910704950856907,0.006262469117979563
2016-10-19,0.0023199116671617226,0.0023203012780861343,0.0026667939713751476
2016-10-20,-0.0034290459067006784,-0.003429338809566973,-0.001866385228815437
2016-10-21,-0.001437695488545887,-0.0014380974859794504,0.00046740612906037704
2016-10-24,0.005808150386807265,0.005808763686527163,0.004253036908334229
2016-10-25,-0.008481499075756793,-0.008483275807794177,-0.0033509198212964275
2016-10-26,0.0020360548393250077,0.0020354839508069933,-0.002007667596653828
2016-10-27,-0.006230512259772225,-0.006230501940820754,-0.0026667544968306256
2016-10-28,0.004417319442917567,0.004417647890591958,-0.00295551431699026
2016-10-31,0.0012197769483195398,0.0012201535083291581,4.716140861793505e-05
2016-11-01,-0.006053017964813723,-0.0060524863058075695,-0.0072452815596660836
2016-11-02,-0.004094508726383728,-0.0039989400143126685,-0.0060185317295770036
2016-11-03,-0.006221117057826131,-0.006220220576308333,-0.004577201362954919
2016-11-04,0.0005248114614193611,0.0005245755380416384,-0.0011017653234726144
2016-11-07,0.023620444094231363,0.023621659949168317,0.022056955057440986
2016-11-08,0.003625976226666827,0.0036257767334453295,0.004503640944656606
2016-11-09,0.015774608190683326,0.01577459978240281,0.010602523452654777
2016-11-10,0.0044388766177909655,0.004438490246654325,0.0024953268874918777
2016-11-11,0.0009856311697105102,0.0009847211097653297,-0.0023047733956615968
2016-11-14,0.004879474699200914,0.004879503783990824,0.0007853886179332026
2016-11-15,0.002185793229558586,0.0021853478434512574,0.007802763045137606
2016-11-16,-0.0008840994519607737,-0.0008846510931376228,-0.001878104440582673
2016-11-17,0.007037692894588998,0.007037175907715243,0.005140389296738546
2016-11-18,-0.0025268775220493866,-0.0025251656455751448,-0.002237623088647611
2016-11-21,0.00855329771754798,0.008552558557487266,0.007551547631002187
2016-11-22,0.009127179868811064,0.009127259327976533,0.0019535385709430475
2016-11-23,0.0007200701355360994,0.0007204590262144261,0.0005441746620840071
2016-11-25,0.002691412225353629,0.0026914069260748352,0.00371518210909505
2016-11-28,-0.005414894869288145,-0.00541490654254817,-0.0046951465767332
2016-11-29,0.0014820088704829981,0.0014823042155944766,0.0019504527622593582
2016-11-30,-0.008404650396324653,-0.00840434930035372,-0.002399107003553169
2016-12-01,-0.0033856082205617755,-0.00338596496978516,-0.003675418686641563
2016-12-02,0.002075690301820643,0.0022007016954133096,0.0005010264654594643
2016-12-05,0.004911999662058131,0.00491226906411657,0.006008737423371935
2016-12-06,0.0012029335150114395,0.001203306275421978,0.0031672418501833555
2016-12-07,0.013248472292840319,0.01324826744712393,0.013081016162097558
2016-12-08,-0.0006378223633176638,-0.0006377514256181716,0.0024486308589539707
2016-12-09,0.0028717989606414918,0.0028721729432834575,0.0060402807063209
2016-12-12,-0.003290911574566846,-0.003290604856244439,-0.0011476523492913726
2016-12-13,0.006063890333446897,0.006064170759455756,0.0066738084134938536
2016-12-14,-0.008553160482657862,-0.008553254066525406,-0.008254006407553471
2016-12-15,0.0007747703107570114,0.0007746612584340618,0.004117251735652916
2016-12-16,-0.0015038593128335886,-0.0015040848624410241,-0.001956124392211933
2016-12-19,-0.0006629170944535412,-0.0006626339498463363,0.002177652528619456
2016-12-20,0.005723494292304787,0.005723606251827995,0.0038573693270460563
2016-12-21,-0.0023883223186508262,-0.002388214881500983,-0.0027828182529151535
2016-12-22,-0.007168194097350145,-0.007167623444900961,-0.0017271896375231632
2016-12-23,-0.0005904043175626317,-0.0005904423284897042,0.0014641058803039897
2016-12-27,0.0023076701377089393,0.0023076181926200423,0.002481414183370223
2016-12-28,-0.008758592751025196,-0.008758289403980268,-0.008264775523578405
2016-12-29,0.00032817900704307235,0.0003283822129374059,-0.0002227478600295152
2016-12-30,-0.006782341991696139,-0.006782358694653823,-0.0036550189132423805
2017-01-03,0.0,0.0,0.0
2017-01-04,0.004477875093771511,0.005984591906412096,0.00275084551898952
2017-01-05,-0.0036713721770813557,-0.0036713721770810226,-0.0007945375951906586
2017-01-06,0.0007555993225125679,0.0007555993225123459,0.003577909182319594
2017-01-09,-0.003397071331218693,-0.003397071331218582,-0.003300677060958934
2017-01-10,0.0017758908053762124,0.0017758908053762124,0.0
2017-01-11,-0.001164426822260034,-0.001164426822260034,0.0028256907647170593
2017-01-12,-7.479662783915764e-06,-7.479662783915764e-06,-0.002509949065789052
2017-01-13,0.00034880838204620623,0.00034880838204620623,0.0022956897302053303
2017-01-17,0.003870165101035772,0.0038701651010355498,-0.0035233858801857476
2017-01-18,0.000951284289931964,0.0009512842899321861,0.0022099712104712843
2017-01-19,-0.006852060632966617,-0.006852060632966617,-0.003704931267826006
2017-01-20,0.0026834127811428132,0.0026834127811428132,0.003674519921334385
2017-01-23,-0.004151641292379993,-0.004151641292380104,-0.0026023009893492155
2017-01-24,0.00847788618315004,0.00847788618315004,0.006411821761518777
2017-01-25,0.0040694310921047805,0.0040694310921050025,0.00865547847575554
2017-01-26,-0.001710567151916087,-0.001710567151916087,-0.001045791929342954
2017-01-27,-0.004449342900834874,-0.004449342900834985,-0.0015694006681764572
2017-01-30,-0.0014253683031197895,-0.0014253683031196784,-0.006201825094785729
2017-01-31,0.0013407677817860453,0.0013407677817858232,-8.805307852055577e-05
2017-02-01,-0.0033664362964850314,-0.0033664362964850314,0.00039557113344046435
2017-02-02,0.0006878656578472864,0.0008002650084968366,0.0006594147175433829
2017-02-03,0.007570240466660216,0.007571119763638778,0.006892698686812304
2017-02-06,-0.0015589898424983595,-0.0015588768383197893,-0.0017877462933811872
2017-02-07,0.0019872342545079746,0.0019877849067091446,4.35283709543377e-05
2017-02-08,0.0035417516302602703,0.0035408750753700424,0.0013106047022404255
2017-02-09,0.008623022732662688,0.008623023165820864,0.0059326188579080785
2017-02-10,0.0029875924593929515,0.0029871472496936224,0.003946183698355865
2017-02-13,0.0014522151541740413,0.00145200247622701,0.0054427883821197565
2017-02-14,0.004973610581346044,0.004973277388093278,0.00399493877253243
2017-02-15,0.005671396258179584,0.005671120025534382,0.00522084519485988
2017-02-16,-0.002442239118101708,-0.0024421176735452965,-0.0008516207220197192
2017-02-17,0.004172021727764541,0.004171789997102993,0.0015761941706546878
2017-02-21,0.005582403647677259,0.005581985869527184,0.005955147799732385
2017-02-22,-0.0019905384364218293,-0.001990465573220468,-0.0008878789390097674
2017-02-23,-0.005436784875564871,-0.005436044594813394,0.0006771949125281562
2017-02-24,0.0036471702612792534,0.003647008464128687,0.001268956307289848
2017-02-27,0.00045060844937983013,0.0004510208812416039,0.001562669992039245
2017-02-28,-0.005900218647498456,-0.005899779393208182,-0.0026990730228516613
2017-03-01,0.009034240352844947,0.00903448730886991,0.013997461658209032
2017-03-02,-0.0027768936439297454,-0.002389814803804957,-0.0062974429680603405
2017-03-03,-0.001651083867007963,-0.0016488775149907653,0.0006297170068023661
2017-03-06,-0.004365571953441227,-0.004370252477061243,-0.002978377428373591
2017-03-07,-0.0039994411324979495,-0.0039991394121018375,-0.0029863779617934627
2017-03-08,0.004419300011886174,0.004420620148039456,-0.0018567031119507416
2017-03-09,-0.00041389755415432994,-0.0004111957821715251,0.0012681624911941025
2017-03-10,0.00712094880625691,0.007124401984647921,0.003504121576205277
2017-03-13,0.0013013579702960687,0.00130122498493912,0.000504883341382989
2017-03-14,-0.0015929301253495565,-0.001592890543366643,-0.003826542521268017
2017-03-15,0.007677164646344714,0.007678433385903016,0.008653552360811112
2017-03-16,-0.0025015553076874752,-0.0025036909740805413,-0.0019671064593972387
2017-03-17,0.003589180177094642,0.003588253851856349,-0.0017560240802324545
2017-03-20,-0.003403939604354589,-0.0034026799145819853,-0.0010969834224331398
2017-03-21,-0.012413196908451885,-0.012415670321742955,-0.01283935932503033
2017-03-22,0.0033407216897747283,0.0033416804365893338,0.0023528977341129576
2017-03-23,-0.0014467948231904337,-0.001447270106810783,-0.0010668306117275206
2017-03-24,-0.00031876319126267205,-0.00031735628579654396,-0.0007268422746218306
2017-03-27,-0.000671856837693996,-0.0006717100740620818,-0.0010260180697763133
2017-03-28,0.005007253459802685,0.005004826066475454,0.0072768650983841
2017-03-29,0.004024545855603634,0.004023768246856019,0.000934799992784896
2017-03-30,-0.0009055113270924897,-0.0009078268939801681,0.0031844221163634945
2017-03-31,-0.0017971229352635731,-0.0017983622733199756,-0.0023276304964056083
2017-04-03,-0.006781091531263939,-0.00677848676845072,-0.001739405083699186
2017-04-04,-0.001688555667043623,-0.0015990552315154893,0.00063722725354598
2017-04-05,-0.002841028072930185,-0.0028409379616253227,-0.00297245933100021
2017-04-06,0.001724755272924705,0.001724485449650759,0.0028110008695301225
2017-04-07,0.0016778458008159802,0.0016777325241237317,-0.001019432926068431
2017-04-10,0.001503888824621269,0.0015041083344600192,0.0005956206952661969
2017-04-11,-0.0008118997400786698,-0.0008120917644780512,-0.0011898559314651447
2017-04-12,-0.006522431082298552,-0.006521019589274424,-0.004381821437653977
2017-04-13,-0.004739926703679731,-0.00474016352159945,-0.006494801997070532
2017-04-17,0.0056832976554317405,0.005683300242362632,0.00885960282320064
2017-04-18,-0.0026648975310402667,-0.002664472874114865,-0.002984367244703412
2017-04-19,0.0026763057040186666,0.0026757610420273803,-0.0018384650816789527
2017-04-20,0.007115032453414161,0.007114565707895482,0.008139344597635212
2017-04-21,-0.0017459933810548556,-0.001745877703169918,-0.0031869020707160356
2017-04-24,0.008787589878888946,0.008787403237662694,0.01099776044563705
2017-04-25,0.004399966992538973,0.004399443379020651,0.005818589434265498
2017-04-26,0.00360049727808609,0.0035997861026109135,-0.000628922377870822
2017-04-27,-0.0008399588226452037,-0.0008403312741173119,0.0008390414363321774
2017-04-28,-0.0023973184551904225,-0.0023969070538935044,-0.002179382399111529
2017-05-01,-0.0050416547312526205,-0.005042038460242759,0.0025201358295641185
2017-05-02,0.0064471974125011045,0.006616830476253499,0.00037716273000909517
2017-05-03,0.0017249884559427109,0.0017268007899682303,-0.0012146134935870911
2017-05-04,0.006405584476576687,0.006405360893578793,0.0011741154995335013
2017-05-05,0.005781391941882763,0.005781282695025425,0.003936881598367581
2017-05-08,-0.0006878639225575967,-0.0006881241410724437,-0.00016704575378767572
2017-05-09,0.002767355170791852,0.0027667408836680174,-0.0009177244124360939
2017-05-10,0.0005290510196884757,0.0005290423983648207,0.0017960666612844012
2017-05-11,-0.0048678383386913104,-0.004867404201009173,-0.00204294264254945
2017-05-12,-0.005557048007427179,-0.005557237083862354,-0.0016709172261326621
2017-05-15,0.0029862053269509303,0.002985945522690825,0.0055234185620463006
2017-05-16,-0.002961790440300316,-0.0029618912891402616,-0.0009156479307579346
2017-05-17,-0.008245454585980583,-0.008245407511635494,-0.017743944801854705
2017-05-18,0.005171626524292705,0.005171348827883504,0.004028486722193136
2017-05-19,0.005501318394407928,0.005502104924189677,0.006504049372601628
2017-05-22,0.006941375079015044,0.006941675946993575,0.00507741280822227
2017-05-23,-0.008044983081681,-0.008044803655951505,0.0022130998350069486
2017-05-24,0.0008364622100347496,0.0008374714893770729,0.0023326513650256953
2017-05-25,0.011689024986778707,0.011687989071843097,0.0047793295046363315
2017-05-26,0.0007562215850411835,0.0007560078540234105,-0.00020651590980869106
2017-05-30,-0.0004405034843153466,-0.00044041749334844393,-0.0008690386487688606
2017-05-31,0.0020378957143292187,0.002037682368847493,-0.0002481884040724802
2017-06-01,0.00900431177571015,0.009004818291244554,0.007952131478014213
2017-06-02,0.003569909605306787,0.0039717630497631,0.0033285322605132173
2017-06-05,-0.0019648874649424997,-0.0019650385602247855,-0.0007370751098079165
2017-06-06,-0.009807028508864168,-0.009807350628981748,-0.003197072952353941
2017-06-07,0.0007714210554843337,0.0007712361280340918,0.0018501068745409022
2017-06-08,-0.0021294315291299215,-0.0021292583374317164,0.0004927023723459989
2017-06-09,0.0025109638465266038,0.0025123539261051597,-0.0015180064115530856
2017-06-12,-0.0020583669403259064,-0.002057591047454066,-0.00020526131618348042
2017-06-13,0.004066647060901651,0.004066487942661512,0.004889637945718395
2017-06-14,0.0006459215600100876,0.0006457124689209781,-0.0012672663503431325
2017-06-15,-0.008234410539450066,-0.008233989256897334,-0.0019244196074722497
2017-06-16,-0.009131840739956987,-0.009131453111712262,0.00021838018204922705
2017-06-19,0.00848009767047464,0.008479722818501179,0.00832535924038269
2017-06-20,-0.009774579312506582,-0.009775765040512696,-0.006744076434880397
2017-06-21,-0.0011158206634825918,-0.0011168779421054653,-0.0002469701255956025
2017-06-22,-0.003439505410193777,-0.0034394156666883724,-0.00045305944800644316
2017-06-23,0.00012273453690503366,0.00012304327545731297,0.001194331740263177
2017-06-26,0.0019957792646740913,0.0019959163069533936,0.0006580207993931442
2017-06-27,-0.00816655100099517,-0.008166055292562202,-0.008056213726402639
2017-06-28,0.007679046025413472,0.007678656519362059,0.008950486731214014
2017-06-29,-0.009007125498910251,-0.009006806026007674,-0.008788756428805167
2017-06-30,0.007638859932559416,0.007640180878918601,0.0018644326242092113
2017-07-03,0.002001938166368289,0.0020024699126313106,0.0016958077053925713
2017-07-05,-0.010573844223573214,-0.010300219235397812,0.0023118927611947004
2017-07-06,-0.010739862153399282,-0.010740026207951892,-0.00914453699877471
2017-07-07,0.0058077635398205985,0.005807641707363587,0.006485062479682835
2017-07-10,-0.004570081734100229,-0.004569869715843833,0.0010739886122603792
2017-07-11,-0.00542035756412651,-0.005420299392357331,-0.0007426491027647808
2017-07-12,0.00434249576978929,0.0043422158186414705,0.007514636743868319
2017-07-13,0.004262051842758963,0.004260490743232648,0.0016802325883327196
2017-07-14,0.005302508499563707,0.005303341227828273,0.004664140212380374
2017-07-17,0.002261808388668296,0.002262237917477483,-0.00012220277489904952
2017-07-18,-0.0007252133327555477,-0.0007251479349764667,0.0005296578656774908
2017-07-19,0.003925731180442593,0.003926161655886773,0.005413921746416861
2017-07-20,-0.0010744952870029856,-0.0010735110090592803,0.000445435060221433
2017-07-21,0.005428989479250745,0.005428637140255432,-0.0008904022458564587
2017-07-24,-0.003428382189762269,-0.003427947342154014,-0.00024309875776518108
2017-07-25,0.00717196365992856,0.007170060547716295,0.0024307230038966843
2017-07-26,-0.001505660402168485,-0.0015061002796415979,4.047546507490729e-05
2017-07-27,0.004955985709038213,0.004956335081461871,-0.0009292619935543645
2017-07-28,0.00011665267662519518,0.0001228671442827789,-0.0011730527651607758
2017-07-31,-0.0015099781271561419,-0.0015114835153235973,-0.0005669713323782632
2017-08-01,0.0008265562519860215,0.0008264700351849896,0.0022286611472213114
2017-08-02,-0.004836598085730004,-0.004699063234445022,0.00048497668197966526
2017-08-03,5.7751673101069656e-05,5.6327413222367895e-05,-0.0019397487893374477
2017-08-04,0.003412663842493169,0.0034121747211515174,0.0018220799862256332
2017-08-07,0.005158651511623091,0.005156962528497955,0.0018594565555216658
2017-08-08,-0.0021038637086612244,-0.0021047138413062827,-0.0024611118621885586
2017-08-09,-0.0005974378060786822,-0.0005966279500206895,-4.0430467745489196e-05
2017-08-10,-0.016715383824635,-0.016715386890255313,-0.014115145929636919
2017-08-11,0.004997936098197098,0.004996751883063366,0.0014767562337769657
2017-08-14,0.0074628511076941795,0.007462144354479339,0.009913122207047653
2017-08-15,-0.012029343755193156,-0.01202929703507083,-0.0001214314606141631
2017-08-16,0.007242873239652781,0.007241937227676409,0.001744156034887645
2017-08-17,-0.011747957622850524,-0.011748114455837233,-0.015590818088710212
2017-08-18,-0.003811523112974613,-0.003810735519881092,-0.0015630745732605478
2017-08-21,0.0025635194138142747,0.0025625162438873694,0.0007825795131821689
2017-08-22,0.00982429103698057,0.009823446747935671,0.010457077139737647
2017-08-23,-0.004141189559778158,-0.0041402974095722245,-0.0035854826138762563
2017-08-24,-0.0016160664016502402,-0.0016164084064523854,-0.002330339201413567
2017-08-25,0.0031877238530308993,0.003187216749380495,0.0023357823666285693
2017-08-28,-0.0021537062132596096,-0.002154065624810353,4.0948797307205353e-05
2017-08-29,-0.004217282501722708,-0.004216904206512662,0.0011448642199956005
2017-08-30,0.0041609827143334055,0.004160864128337494,0.004737533676253625
2017-08-31,0.006231652948430755,0.006232105997629356,0.006016116427005613
2017-09-01,0.0048081994821618235,0.004807988687518749,0.001414177905088021
2017-09-05,0.0008477427334425691,0.0009123454727084646,-0.007181982714383972
2017-09-06,0.004866396748536728,0.004866620580881609,0.003413722885612147
2017-09-07,0.00039051431139958126,0.00039057219422788947,-0.0001216108201410604
2017-09-08,-0.0017125600949641218,-0.0017128464463667115,-0.001174621083821048
2017-09-11,0.00602188876575438,0.006022005386272733,0.010665891039904896
2017-09-12,0.004129159827878981,0.004129288817881216,0.003370856505470421
2017-09-13,0.0014426302565249127,0.0014429689407009505,0.0004798929229237192
2017-09-14,-0.0012886253845706408,-0.001288961496750951,-0.0003198220590546752
2017-09-15,0.00331335921047482,0.0033133590275806757,0.0013461314344491715
2017-09-18,-7.509586803589041e-05,-7.534700913502945e-05,0.0021268930704736455
2017-09-19,-0.006131150962859211,-0.006131638794274252,0.0010012624308339824
2017-09-20,0.0012711743335753756,0.00127116847066433,0.00035983329965727506
2017-09-21,-0.004770409346585014,-0.004770256417336083,-0.002679429617243101
2017-09-22,0.00565525262684452,0.005655242010491834,0.00020055962877929545
2017-09-25,0.0052946834693397005,0.005294411656785014,-0.002044581868579809
2017-09-26,0.0020170493531237454,0.002017155452877839,0.000602720339240026
2017-09-27,0.0038109662140570766,0.003811487428232896,0.0038944047357221123
2017-09-28,0.00011187013795987966,0.00011183897131350484,0.0011998310109004873
2017-09-29,0.0033387151053800856,0.0033385839566943964,0.0035148714845603113
2017-10-02,0.003835802981426717,0.003835741571770468,0.004338727464618941
2017-10-03,-0.0035473738031872593,-0.003476107862442457,0.0021399330624551904
2017-10-04,0.0031649378007443385,0.0031651541189319232,0.0011864977648667896
2017-10-05,0.0034597036209684795,0.003459641254045742,0.005925181568549043
2017-10-06,-0.0018630782141241253,-0.0018630159429471327,-0.0011387742844010118
2017-10-09,-0.004333893553667312,-0.004333812028196271,-0.0016510707346215625
2017-10-10,0.0013191744482277112,0.001319240983913561,0.0026382478492343875
2017-10-11,0.0007043902882239994,0.000704215175477918,0.0015709011252587057
2017-10-12,0.00029892008001408676,0.0002987895548480779,-0.0014900806420820034
2017-10-13,0.004571966417484585,0.004571732676231566,0.0012174061360679111
2017-10-16,0.00023631307876015306,0.00023648025888212132,0.0013335274125303442
2017-10-17,0.0051528348809093405,0.0051525753960453,0.0007051498232426567
2017-10-18,-0.0002570907836100256,-0.0002572590665209651,0.0009786579758328529
2017-10-19,-0.004639581578773644,-0.004639390931399423,0.0002735316864954651
2017-10-20,0.0056105536274477785,0.005610298553079929,0.005160831196651783
2017-10-23,0.0003888340649496058,0.00038864294319873594,-0.003889525010949524
2017-10-24,-0.0019120869715057998,-0.0019121058508961841,0.0017569223135767142
2017-10-25,-0.005490118332602711,-0.005490218114725831,-0.004950114204787415
2017-10-26,0.005791053995301443,0.005790765526224373,0.0012928547104611443
2017-10-27,-5.863901290181772e-05,-5.95462876309405e-05,0.00817606874263932
2017-10-30,-0.005442463870712677,-0.005442473624651445,-0.0037248490967894954
2017-10-31,0.004310515417440763,0.004310633161897615,0.001557595743367557
2017-11-01,-0.0016938882131998234,-0.001693845252684012,0.0013223911599951066
2017-11-02,0.0007338110177190771,0.000814812085108807,0.0003880928541741824
2017-11-03,0.0021393394254527465,0.0021393273304595173,0.0033387785311129736
2017-11-06,-0.005224348645075261,-0.005224282655155399,0.0015475540846028313
2017-11-07,-0.004930745545606019,-0.004930405012056771,-0.0006952488643849897
2017-11-08,0.006521332809724667,0.006521348945678129,0.0017008752107221525
2017-11-09,6.721937479525764e-05,6.719039146418915e-05,-0.0036276716075827053
2017-11-10,0.003004463168562399,0.003004170138221296,-0.00030987363355927666
2017-11-13,-0.00033829581037481127,-0.0003387757299848637,0.0009299090549756972
2017-11-14,0.0024082319589395773,0.002407785998274292,-0.0023225450250289326
2017-11-15,-0.007977912510264362,-0.00797759117761776,-0.005005446315905493
2017-11-16,0.01481918659560133,0.014819080926163908,0.008501159758154131
2017-11-17,0.00519171861080836,0.00519196338322514,-0.0029388127245350004
2017-11-20,0.0029262829497984644,0.002926061086233167,0.0017063541384387815
2017-11-21,0.0003633297622132048,0.00036331926541577353,0.006542786811286394
2017-11-22,-0.0012196829646545782,-0.0012198245347916359,-0.0008843135586729112
2017-11-24,0.0003819069872346148,0.00038181622883581845,0.0023095564843853555
2017-11-27,0.0016628929915107893,0.0016625905193083934,-0.0004992418882107108
2017-11-28,0.01548581206054811,0.015486082267946122,0.010145217896162073
2017-11-29,0.010286656457929366,0.0102868422208926,-0.0006089327367835295
2017-11-30,0.0057947065864003555,0.005794594989363855,0.008755041755306836
2017-12-01,-0.001332575379713541,-0.001332123477472913,-0.0020754609749101816
2017-12-04,0.01438099342293353,0.014456435000488765,-0.0012102124848367701
2017-12-05,-0.0023455157743387245,-0.00234547024663756,-0.0035965811494327316
2017-12-06,-0.004980949580477678,-0.004980894835342697,0.00019017663803100326
2017-12-07,0.004735248072433418,0.004735114164864163,0.00315288571772232
2017-12-08,0.009114414379018498,0.009114276961211587,0.005453104620037896
2017-12-11,-0.0031731715500596946,-0.0031729513317373392,0.003013006009587871
2017-12-12,-0.0024748315434207635,-0.0024746862312925444,0.0017650595286711201
2017-12-13,0.0034386615016619437,0.0034387479400201926,-0.00011245229639667009
2017-12-14,-0.00436193476751523,-0.004361653437560342,-0.004086357582188782
2017-12-15,0.00861589007050223,0.008616001724397027,0.008327217860012448
2017-12-18,0.008581627450836127,0.008581346757600361,0.006341542921576515
2017-12-19,0.0011017437635292282,0.0011018636698014728,-0.0038405102333698427
2017-12-20,0.0017072284685284433,0.001706951310641136,-0.0005242161035560189
2017-12-21,0.0029696862003238955,0.0029695730781023055,0.00205998786453776
2017-12-22,0.000549542343951881,0.000549377811515539,-0.0002616412957743286
2017-12-26,0.0035139283234599805,0.0035137482015445975,-0.0011965177880248756
2017-12-27,-0.0004418169395533633,-0.00044186861410067113,0.0004869407346761445
2017-12-28,0.0008480225411342524,0.000848145903702191,0.002057165756028212
2017-12-29,-0.0041952399558286,-0.004195429439666998,-0.003770438603515225
2018-01-02,0.0,0.0,0.0
2018-01-03,0.003971648754195867,0.005477606227326959,0.004108092076632097
2018-01-04,0.004107170061991461,0.004107170061991461,0.004214713307501228
2018-01-05,0.007828375107990393,0.007828375107990171,0.006663891916109943
2018-01-08,0.002886568254076405,0.002886568254076849,0.0018287585586245214
2018-01-09,0.002790479676165303,0.002790479676165303,0.002263566978269349
2018-01-10,-0.005356811391758809,-0.005356811391758587,-0.0015299230506967687
2018-01-11,0.007909343184401063,0.007909343184401063,0.00729616287367052
2018-01-12,0.00888131856165919,0.00888131856165919,0.006519203886003355
2018-01-16,-0.0022818917875100375,-0.0022818917875102596,-0.003418673849963194
2018-01-17,0.01327174762662553,0.013271747626625974,0.009531758310115324
2018-01-18,-0.00015593889913412262,-0.0001559388991344557,-0.0016808410972969368
2018-01-19,0.011878248710810446,0.011878248710810224,0.004549713333354077
2018-01-22,0.0052781682733733515,0.0052781682733731294,0.008130557691373275
2018-01-23,0.002840310385160638,0.0028403103851610823,0.0021227699435746317
2018-01-24,0.0043550989808003315,0.0043550989807998874,-0.00038822709932162525
2018-01-25,0.0009578287866975899,0.0009578287866975899,0.00042381920542133855
2018-01-26,0.00695017406228482,0.00695017406228482,0.011577761894707495
2018-01-29,-0.007975916515559733,-0.007975916515559622,-0.006630127841302125
2018-01-30,-0.007499502439559436,-0.007499502439559436,-0.010256882954202573
2018-01-31,-0.008107409731049953,-0.008107409731049842,0.0004970713419818473
2018-02-01,-0.008523433899397692,-0.008523433899397581,-0.0011355632741827382
2018-02-02,-0.01781435246748264,-0.017667371343042415,-0.02176990483455743
2018-02-05,-0.03583775450251092,-0.035838360246496115,-0.04182224417093183
2018-02-06,0.01960968595298218,0.01960933614901572,0.01970183311049012
2018-02-07,-0.003738642446663887,-0.003740150703096301,-0.005424497381336324
2018-02-08,-0.03123209677896921,-0.031232571317575508,-0.0375092703984079
2018-02-09,0.01673380815870895,0.016734098967369215,0.015021660237433787
2018-02-12,0.005624357466660346,0.00562359091266651,0.014684543672399908
2018-02-13,-0.0024383166391264144,-0.00243858912707251,0.00248740145184545
2018-02-14,0.008363492107123616,0.008357767453963216,0.013496201843272049
2018-02-15,0.01147561437659661,0.011475546928222835,0.012760258571196115
2018-02-16,-0.001134843249904094,-0.0011366542166164617,0.0002928584342496432
2018-02-20,-0.013812118401845153,-0.01381223318612268,-0.006261214234073664
2018-02-21,-0.00533908019958762,-0.0053394624230552745,-0.004974211832767805
2018-02-22,0.0036744706773457203,0.0036737784588953826,0.001296176823578854
2018-02-23,0.014904712176269319,0.01490539922590206,0.015939238904999042
2018-02-26,0.005345036093245659,0.005343742262066131,0.01161231789491679
2018-02-27,-0.01571676352602369,-0.015715081416025622,-0.012486532226350877
2018-02-28,-0.006056639530835239,-0.0060563514132565555,-0.010129819402294626
2018-03-01,-0.013837420047395632,-0.013837371669509047,-0.014540916580615404
2018-03-02,0.004843983619387204,0.005232339333846259,0.005154848195324746
2018-03-05,0.009836184103094947,0.009834820059009264,0.011558126675881963
2018-03-06,0.0026980836220262816,0.002696118347372156,0.002534971240559347
2018-03-07,-0.0030998840345614065,-0.003099533058972481,-0.0003665775519043901
2018-03-08,0.0036282563748890606,0.003626889881661599,0.004839052341124805
2018-03-09,0.01233546196326163,0.01233491146335397,0.017402475797139383
2018-03-12,-0.0009602260699792531,-0.0009613260844313354,-0.0012549941877011417
2018-03-13,-0.0019460410249327875,-0.0019460374036963657,-0.006463089957696511
2018-03-14,-0.004189775019135644,-0.004190012885035288,-0.0051315817477212144
2018-03-15,0.00036590730576735453,0.00036723485379708265,-0.0010893697775582467
2018-03-16,0.007995675956534942,0.007993894648134159,0.0010845385680275932
2018-03-19,-0.01205061599343693,-0.012051756101611133,-0.013530684374158608
2018-03-20,0.004209225022864693,0.004209917772288296,0.0017006838729141105
2018-03-21,-0.004049895832452521,-0.004048846774671655,-0.0019192203215481207
2018-03-22,-0.020341987802166894,-0.020343512039177947,-0.024997006281226364
2018-03-23,-0.017280447629333118,-0.017283652407678263,-0.021314665920538767
2018-03-26,0.024759433519762952,0.024757595870404714,0.027359041341031398
2018-03-27,-0.0166878599701763,-0.01669389049477299,-0.017011694099533403
2018-03-28,0.002097158299951829,0.002095067041957943,-0.0029548072322920227
2018-03-29,0.017266000399490666,0.017268920869135895,0.01277765629043004
2018-04-02,-0.027539766118243603,-0.027541810883572326,-0.021584575176795462
2018-04-03,0.011170830272742238,0.011224331391200382,0.012816721761802263
2018-04-04,0.01679073465070058,0.01679094332254638,0.010699054971383015
2018-04-05,0.004335838310374873,0.0043359569107441764,0.007892464780515418
2018-04-06,-0.021099463980598476,-0.021099764210254945,-0.022285970943954014
2018-04-09,-0.0005747559578668238,-0.0005750200252008231,0.004928401332611632
2018-04-10,0.018308293218280536,0.018308711987771176,0.01590038551104045
2018-04-11,-0.008146509588892625,-0.008146537477336735,-0.0052424378802266025
2018-04-12,0.004716509336475605,0.0047166477103486315,0.008227174474605414
2018-04-13,-0.004964143449911251,-0.0049643552521231316,-0.00293297847576357
2018-04-16,0.006379211604127688,0.006379070274005638,0.008221875239717624
2018-04-17,0.009831814440197428,0.009832072789905943,0.010698321637781838
2018-04-18,0.0015846962949233045,0.0015847791336038863,0.0007403267123571311
2018-04-19,-0.014085296303147588,-0.014085528919469015,-0.005547636737814443
2018-04-20,-0.01207036560336161,-0.01207026841244363,-0.00847946939613764
2018-04-23,0.004487080952118694,0.004487093197266034,-0.00014991035972367062
2018-04-24,-0.009317562649111988,-0.00931729948203408,-0.013467718640062798
2018-04-25,0.0038246677913793548,0.003824359876105632,0.002471797644137075
2018-04-26,0.022765759265747754,0.02276720941135424,0.010165758222081767
2018-04-27,0.007199457541813503,0.007199607836898769,0.0009390542700380422
2018-04-30,-0.009482970905887567,-0.009483045971859783,-0.0076910025732381815
2018-05-01,-0.00207502552142802,-0.002074526611511973,0.001776924260432411
2018-05-02,-0.010088003072251994,-0.009997989313284661,-0.006717451541688013
2018-05-03,0.0006296338352120845,0.0006298655820613508,-0.002203610149055568
2018-05-04,0.011782429932917449,0.011782113992424792,0.012946682930007558
2018-05-07,0.00041125035312350455,0.0004110015095608599,0.0033832361756540585
2018-05-08,-0.003906975023082904,-0.0039070968863589295,0.0
2018-05-09,0.0051264434485598365,0.005126147766461253,0.00966569159316566
2018-05-10,0.006053405988434735,0.006053442940557208,0.009350416423010266
2018-05-11,0.006088441501585828,0.006088789045068044,0.00305124763912068
2018-05-14,0.0032117506317750344,0.0032113243969125183,0.00047671839649621184
2018-05-15,-0.004132221025253235,-0.004132328983282196,-0.006887094461925702
2018-05-16,0.005981063585765112,0.005980909427392378,0.004205045516890715
2018-05-17,0.0027190132841707904,0.002719041774020603,-0.0008449713716942586
2018-05-18,0.002547141996497304,0.0025467335967248594,-0.0024996065056120953
2018-05-21,0.006121915773514619,0.0061218954788648805,0.007518314157885175
2018-05-22,-0.010722312567119419,-0.010721848550477753,-0.0027803393517307207
2018-05-23,0.011360031806535664,0.011360296115825008,0.002751868159878823
2018-05-24,0.0007576086052611952,0.0007575998785052107,-0.00204882529974193
2018-05-25,-0.0003170488307492336,-0.0003166832943768405,-0.002382692292155264
2018-05-29,-0.0036909690228905667,-0.003690845645757279,-0.011501339232849128
2018-05-30,0.015662577535520583,0.015662212200973302,0.013344620071841451
2018-05-31,-0.012032255869783182,-0.012032234883182169,-0.00612563929830956
2018-06-01,0.010569319910395336,0.010569112661064084,0.00981801516332137
2018-06-04,0.011513707306259002,0.011617816150740978,0.004750878734008923
2018-06-05,0.00297841727937187,0.0029785156377326594,0.0007276426493036947
2018-06-06,0.004896137230673503,0.00489638593666375,0.008360670536741166
2018-06-07,-0.0006196790366321814,-0.0006195405257883868,-0.00010798129408629009
2018-06-08,0.007410721336927217,0.007410876051320292,0.002956291509401243
2018-06-11,0.004813935046724893,0.004813906092556275,0.0013299003048887759
2018-06-12,0.0030653474074278098,0.003065175658163888,0.0012926847153256205
2018-06-13,-0.0035432009190722313,-0.003543443348164921,-0.0031914827424862624
2018-06-14,0.0029899703308751135,0.002989929869841035,0.0025180163948210765
2018-06-15,0.005960757912152115,0.005960935803592804,-0.001275458821172304
2018-06-18,-0.0033441791393804543,-0.0033439925511397073,-0.0020571180198599714
2018-06-19,-0.003392238265255476,-0.003392119100209756,-0.003832913579683961
2018-06-20,0.0019289158670985351,0.0019287049067984174,0.001706315984209228
2018-06-21,-0.005433755194732881,-0.005433040100676911,-0.006269102629588574
2018-06-22,-9.146659105196964e-05,-9.057131659673257e-05,0.00182352292280763
2018-06-25,-0.012068716655770917,-0.012068127007105578,-0.013612948154032356
2018-06-26,0.002475479537259462,0.002475320376668977,0.0022140063314155523
2018-06-27,-0.010757798409732011,-0.010757658497067668,-0.008284055286406411
2018-06-28,0.007693652773140824,0.007693316612300105,0.005717028481935893
2018-06-29,-0.00014244948189567896,-0.00014267232467835012,0.0014398674525986088
2018-07-02,-0.0007623961481291186,-0.0007625900583980716,0.0021377807903133483
2018-07-03,-0.0015905460060322563,-0.0015256781967558641,-0.0035309002066936657
2018-07-05,0.010655739562450472,0.010655913483354817,0.00815788258577732
2018-07-06,0.01263180074890835,0.012631681464547073,0.008458210097118446
2018-07-09,0.005894431253900434,0.0058948302468648794,0.009004465912484605
2018-07-10,0.005123466528162535,0.005123530801593779,0.0035983287998042623
2018-07-11,-0.006780109377415688,-0.006779576996440717,-0.007314261685950507
2018-07-12,0.006225701921675153,0.006225764060488137,0.009065713442555579
2018-07-13,0.004590784959285887,0.004590713427369053,0.0007876908721797804
2018-07-16,-0.0020408736992690857,-0.002040776496789465,-0.0008943453865113415
2018-07-17,0.00965384995872709,0.00965404202280884,0.004045320003391861
2018-07-18,-0.0009663631572736087,-0.0009662955196646505,0.002103646120768632
2018-07-19,0.006239606417010046,0.006239502919526574,-0.003771360588163075
2018-07-20,0.0014305644313001853,0.0014306887235395749,-0.0011429969807824625
2018-07-23,-0.0027292715150271096,-0.002729676409722326,0.001859649926955198
2018-07-24,-0.0033371745340087244,-0.003337500697978002,0.0050319713835722535
2018-07-25,0.009220587835561789,0.00922094178227617,0.008522239603585557
2018-07-26,0.002965205856201525,0.0029648100594250604,-0.002359018545113667
2018-07-27,-0.011803896476290987,-0.011803449231230334,-0.006776530766738675
2018-07-30,-0.004024514072447083,-0.004024984560001887,-0.005222945006732482
2018-07-31,0.00460537472366207,0.0046054818986294155,0.004929266458104209
2018-08-01,-0.008191709609544628,-0.008192019430675934,-0.0016711394970367888
2018-08-02,0.012483204097251566,0.012545494844435012,0.005447984189256516
2018-08-03,0.001735294935879761,0.001735181524793905,0.0042845294653020005
2018-08-06,0.0056243698601043945,0.0056242428019852575,0.0036673428416968967
2018-08-07,0.003235737123120197,0.0032358764009334795,0.003302320638059353
2018-08-08,-0.000612651421140531,-0.000612658837920832,-0.00042052121762747863
2018-08-09,-0.001956246594268074,-0.0019563530842753307,-0.0013654078284350835
2018-08-10,-0.004791272673495772,-0.004791200713683663,-0.006700615806956356
2018-08-13,-0.00330632502952255,-0.003306450044086473,-0.0037432694368122466
2018-08-14,0.013564579348155803,0.013564563248908534,0.006380547457365715
2018-08-15,-0.0071403015006080706,-0.007140360243573118,-0.007467328876730517
2018-08-16,0.006614632681849475,0.0066142522978471785,0.008091643033774742
2018-08-17,0.0058242988476560065,0.00582436143827314,0.003520174601925552
2018-08-20,0.006819261729260839,0.006819620423193173,0.0021400789883696536
2018-08-21,0.0037660284036054037,0.0037659725112859643,0.002345189066315756
2018-08-22,0.00289806862267028,0.0028979775425601595,-0.0005937800140681793
2018-08-23,0.0036405483313339815,0.0036403426629794122,-0.0013278484670969926
2018-08-24,0.004626768596533104,0.004626793506121052,0.006018446897929186
2018-08-27,0.002872015057653332,0.002872005834146041,0.007894984483689083
2018-08-28,-0.000803907004014337,-0.0008038419827064436,0.00048340803859647785
2018-08-29,0.005508992503949761,0.00550889823649614,0.005380828247327996
2018-08-30,-0.0072985513783403455,-0.007298517835208296,-0.004048134246127377
2018-08-31,0.006691465594628632,0.006691483768640261,3.4042176352055975e-05
2018-09-04,0.007160663795875655,0.00716034125372822,-0.0017219874859982776
2018-09-05,-0.0028134394802510343,-0.0026104843356437035,-0.002691256153824928
2018-09-06,8.485695963922346e-05,8.529406246093885e-05,-0.003010309113196885
2018-09-07,-0.003236352162425127,-0.003235592327871184,-0.0019435428851407588
2018-09-10,0.00589660862260688,0.005896749278033742,0.001738874157978687
2018-09-11,0.001243003401730558,0.0012428577299381516,0.0032975621679642853
2018-09-12,0.002502460748964097,0.0025025333841319775,0.00024147750281433566
2018-09-13,0.000278380401963485,0.00028080396443885824,0.005915188835533103
2018-09-14,0.0013082486217332878,0.0013081097361602456,0.0001719204788774853
2018-09-17,-0.0051137729479788785,-0.00511448969208661,-0.0052943474731736995
2018-09-18,0.0038860870052443985,0.003886773442414171,0.00542570869345238
2018-09-19,-5.563706509736921e-05,-5.8218848202673534e-05,0.0010660419838810498
2018-09-20,0.006880865876771836,0.006880769131098141,0.00810397001981955
2018-09-21,0.0021339300820166773,0.0021336671507596883,-0.0009140483798296684
2018-09-24,-0.003329319986161372,-0.003329138956915778,-0.003321905325580632
2018-09-25,0.0011191401246537502,0.0011208397733128983,-0.0009277444403889001
2018-09-26,0.001460236072451604,0.001460189529235656,-0.002992148434981412
2018-09-27,0.0020235518690525645,0.002022738584881667,0.0027940597809654744
2018-09-28,0.0025520012767981104,0.0025535028701877405,0.00010306826290351623
2018-10-01,-0.0014152468774061289,-0.0014149734501631706,0.0034742612062759193
2018-10-02,-0.011432593794169055,-0.011319368933146445,-0.0005827181502434664
2018-10-03,-0.003647638607088055,-0.0036452195956799827,0.0005489616448886014
2018-10-04,-0.01723739034063476,-0.017237400444042317,-0.007815787813559183
2018-10-05,-0.004478874990849091,-0.0044783204906886365,-0.005597030889530452
2018-10-08,-0.0017775707189990886,-0.0017782839403402972,0.0
2018-10-09,-0.0021916546597388065,-0.002191297946347759,-0.0014590171604822455
2018-10-10,-0.03869426149459576,-0.0386932243780318,-0.031663474692038784
2018-10-11,-0.018296701311492747,-0.018296669557096856,-0.022026339969826503
2018-10-12,0.01843579432092035,0.01843628973503675,0.013888099858530678
2018-10-15,-0.00199903204812224,-0.0019992014350543874,-0.005616912716155498
2018-10-16,0.01912139101520749,0.019121102182065197,0.021865855314946447
2018-10-17,-0.0069322073206125046,-0.006931883465030819,0.00017818658803969711
2018-10-18,-0.014911368405107206,-0.014911892978478614,-0.014440967886746203
2018-10-19,-0.010061432383301372,-0.010061153850337012,-0.0005427313849886151
2018-10-22,0.00287877445234086,0.0028803825468475264,-0.004488588264746518
2018-10-23,-0.005673867866562765,-0.00567414038820524,-0.005090636825545891
2018-10-24,-0.029886053948723013,-0.029889208602165374,-0.0302984910440115
2018-10-25,0.0033455599951817128,0.003348873305320188,0.017940211525071526
2018-10-26,-0.013560947234284693,-0.013561917456537675,-0.01758709727625163
2018-10-29,-0.0004593174871926342,-0.00045949635974662506,-0.005540635399224891
2018-10-30,0.02072426023322871,0.020725343266446705,0.014818867257449186
2018-10-31,0.003898983639992304,0.0038990212886298448,0.010680849563283523
2018-11-01,0.019511605655585962,0.019512197141731136,0.010641631660504913
2018-11-02,-0.0019719946457195103,-0.0017559983348360841,-0.0059228925402705634
2018-11-05,0.0022883966940265843,0.0022906983276287374,0.005516643266578525
2018-11-06,0.004863775341884313,0.004864135859027119,0.006327870044667838
2018-11-07,0.021055419452857826,0.02105812290739384,0.021409228814528225
2018-11-08,-2.194597796134623e-05,-2.329598864014848e-05,-0.0018150877516831532
2018-11-09,-0.008228601251034529,-0.008231270726058781,-0.009767828065918138
2018-11-12,-0.02156582008810204,-0.0215680182906135,-0.018685488133020844
2018-11-13,0.0015427451094351952,0.0015432208856680507,-0.0018709756843833247
2018-11-14,-0.0016548943821542705,-0.0016538678157413944,-0.00683685848543103
2018-11-15,0.005159839043633374,0.005158479558799556,0.010436673058951795
2018-11-16,-0.0031752996601835948,-0.003176024851198833,0.0026007865418542497
2018-11-19,-0.024789936628049847,-0.024795560618193102,-0.016914887527615607
2018-11-20,-0.019436167276416727,-0.019435582150883812,-0.018505862442727894
2018-11-21,0.00623814727666594,0.006238185500035076,0.0034076602222188335
2018-11-23,0.0003150384397549999,0.0003156136019581979,-0.006678799042735495
2018-11-26,0.014864439290320552,0.014865988066824709,0.016144262427891798
2018-11-27,0.0037371142171238603,0.003737824056894379,0.0033645384755796037
2018-11-28,0.023419500199014953,0.023422348031311824,0.02302525762189922
2018-11-29,-0.0032626071807877466,-0.0032623007223056,-0.0021851896556832617
2018-11-30,0.005531941594429046,0.005531354606548078,0.006095219537697094
2018-12-03,0.017687667358740278,0.017688717171172152,0.013241315865513359
2018-12-04,-0.03405804321542916,-0.033855547534452524,-0.032402384973374554
2018-12-06,0.0007407627981883547,0.000738834298656732,-0.0015170253752517793
2018-12-07,-0.03207724274062329,-0.032076745110212634,-0.023235866825162543
2018-12-10,0.007412315121329671,0.007410937266574491,0.001897015380304623
2018-12-11,0.0017033156923207393,0.001701749269686914,0.0002274374791173539
2018-12-12,0.010170341601473343,0.01016989077688879,0.005035240235142346
2018-12-13,-0.006748548437633173,-0.00674805914362997,-0.0003391754660617696
2018-12-14,-0.016597625626458612,-0.016596938713192344,-0.018464405343252444
2018-12-17,-0.024614530633028653,-0.024613499820270057,-0.019618786185908732
2018-12-18,0.00400437803287379,0.004004996143714967,-0.001096364794337723
2018-12-19,-0.01743174585390772,-0.017432053162619088,-0.014975824238063984
2018-12-20,-0.017481577345204502,-0.017482775298382047,-0.016277993963117243
2018-12-21,-0.01658539584030605,-0.016586113435021144,-0.020489440550005233
2018-12-24,-0.020772732045570952,-0.020771641671080254,-0.026422846529909227
2018-12-26,0.050164078880106544,0.05016349335167902,0.050524996530377564
2018-12-27,0.008061028081820076,0.008060186564165406,0.007677315346365177
2018-12-28,-0.001535673663227044,-0.0015353137069061829,-0.001290218430713086
2018-12-31,0.00984288219040308,0.009843323167347373,0.00875904821779816
2019-01-02,0.0,0.0,0.0
2019-01-03,-0.018983198541636215,-0.017511673339448586,-0.017668112031938854
2019-01-04,0.030174665375942933,0.03017466537594271,0.03349559021641402
2019-01-07,0.015983860402149608,0.015983860402149608,0.007884684958124
2019-01-08,0.010778939701651113,0.010778939701651113,0.00939526667311985
2019-01-09,0.008225643549081063,0.008225643549081063,0.004673487204997828
2019-01-10,0.00266862665186407,0.002668626651863848,0.003527636366311926
2019-01-11,0.0016068761487386674,0.0016068761487386674,0.00038620038073133856
2019-01-14,-0.006741091009688782,-0.006741091009688782,-0.006100957264578044
2019-01-15,0.008456089706272651,0.008456089706272873,0.011460977902915781
2019-01-16,-0.004363870602711595,-0.004363870602711706,0.002419974861054719
2019-01-17,0.01207416275058626,0.012074162750586037,0.007586703308684051
2019-01-18,0.017643349421658794,0.017643349421658794,0.013310017539516661
2019-01-22,-0.01319373380865596,-0.01319373380865596,-0.013510722895772376
2019-01-23,0.0017524232690837582,0.0017524232690837582,0.002092363896330829
2019-01-24,0.0026278765528375825,0.0026278765528373604,0.0005315899726903162
2019-01-25,0.008701548563236017,0.008701548563236239,0.008461538012364933
2019-01-28,-0.008862637780035931,-0.00886263778003582,-0.007600298931966898
2019-01-29,-0.0006255415169844625,-0.0006255415169845735,-0.0013271787299771187
2019-01-30,0.015759400822670466,0.01575940082267069,0.015830981782868125
2019-01-31,0.009809919832512115,0.009809919832511671,0.008782701483493582
2019-02-01,-0.000554832641356362,-0.000554832641356473,0.0004811846721017865
2019-02-04,0.009924887344472166,0.01013127476532083,0.007035429145981764
2019-02-05,0.008116026789141584,0.008116679415434369,0.004191829484902154
2019-02-06,0.0007381387543927698,0.0007369312340719247,-0.001318167075939236
2019-02-07,-0.010981117518403583,-0.010981762006318396,-0.009532570629879666
2019-02-08,0.004095396278615215,0.004093985675218903,0.0012215223657656704
2019-02-11,0.004630390093716574,0.0046293241444064215,0.0005545083055178424
2019-02-12,0.013816441818791159,0.013816064073571166,0.012859346049142628
2019-02-13,0.003724487485785577,0.0037237786875679024,0.0032470560493027545
2019-02-14,0.0003963987990904805,0.0003957283247204568,-0.002218387005808675
2019-02-15,0.011448836486462444,0.011446131010832472,0.010897479720999526
2019-02-19,0.00029036633857204563,0.0002910780774358912,0.0017303959406560487
2019-02-20,1.952332886645536e-05,1.92679056747469e-05,0.002015605433666412
2019-02-21,-0.0035687694818885562,-0.0035692353892474715,-0.003556143472617901
2019-02-22,0.009482020490036325,0.00948176129005951,0.006200419709908589
2019-02-25,-7.56863128789087e-05,-7.496384250282873e-05,0.0013607634928238799
2019-02-26,-0.0016064813777331155,-0.001605956746692283,-0.0007149991316381943
2019-02-27,0.001335469963285707,0.0013345275289895486,-0.0004296859815176024
2019-02-28,-0.00434167601178026,-0.004341397973208649,-0.0018628546525067957
2019-03-01,0.0072762664823105005,0.007276446945796433,0.006244175192537504
2019-03-04,-0.007651676909830374,-0.0069377591870208866,-0.003637790507828975
2019-03-05,-0.000130190754684123,-0.00013055366580938532,-0.0013601710223045682
2019-03-06,-0.007902495589533043,-0.007901943864909167,-0.006056761177112069
2019-03-07,-0.008155342343640681,-0.008154881901574429,-0.008365353786963237
2019-03-08,-0.0034626280997800407,-0.0034612518829155725,-0.0020000467570850944
2019-03-11,0.013262783091180452,0.013260844874132927,0.014501129122705736
2019-03-12,0.001996817221338043,0.0019968422875564773,0.003771068442985248
2019-03-13,0.007436588437406355,0.0074373928599640315,0.006619284127661107
2019-03-14,-0.004435294805659407,-0.004434378700254427,-0.0006398103142017941
2019-03-15,0.0059895885585936615,0.005986040369740486,0.0049405249852108035
2019-03-18,0.006245324686968479,0.006244545039349347,0.00362593298254299
2019-03-19,0.002224620419222889,0.0022206032562614997,0.00024776986021057823
2019-03-20,-0.003322590323740715,-0.0033255134056543456,-0.0030095164307165634
2019-03-21,0.009774800613942425,0.009771336921667206,0.011294508899890365
2019-03-22,-0.02047169830841744,-0.020467426675274125,-0.019246316050036683
2019-03-25,0.003289492811247463,0.0032873777408686244,-0.0007521175061521168
2019-03-26,0.006813948409918114,0.006811583070497784,0.007454172903694989
2019-03-27,-0.004190571098518725,-0.004193434316257516,-0.005229316973724307
2019-03-28,0.007657145148914246,0.007654759352920593,0.003790579290930518
2019-03-29,0.008702117451173219,0.008699772891425761,0.006305500243529272
2019-04-01,0.00754189052187737,0.00753958685814915,0.011859216336003175
2019-04-02,0.001337489531247238,0.001523437013319917,0.0004898291947015299
2019-04-03,0.004242941595251182,0.0042428856152192385,0.0015736631394083211
2019-04-04,0.0033579195557236208,0.0033578244806911073,0.0026532044585343417
2019-04-05,0.0070881566154206155,0.007088491220687665,0.004840290566821892
2019-04-08,0.0003809491521464814,0.0003790391514184588,0.0007624566442752112
2019-04-09,-0.00781054304227613,-0.00780906833436823,-0.005124445600397487
2019-04-10,0.00489415751600264,0.004895274641200542,0.0034106662602624294
2019-04-11,0.0012924111823562345,0.001292260804240053,-0.00027754766910748074
2019-04-12,0.0004646095318152632,0.0004636377988656015,0.006765655435348794
2019-04-15,0.001401560590872597,0.0014030441791084147,-0.0006545463335607682
2019-04-16,-0.0006650231760102487,-0.0006659486198412612,0.0006549750450750569
2019-04-17,-0.007323698373894794,-0.007323754351260203,-0.00244686270122052
2019-04-18,0.00019677594614186944,0.00019744893530493357,0.001969161333717384
2019-04-22,-0.0024683131902909494,-0.002467274111998763,0.0008621923376881391
2019-04-23,0.012336242630861971,0.012336927285005572,0.00899173212483273
2019-04-24,-0.0009481984466745974,-0.0009476128749866808,-0.0022194137729674157
2019-04-25,-0.003759586991116448,-0.0037584196217522736,-0.0006160044647799401
2019-04-26,0.004928697102573931,0.004928705632416985,0.004656982273155474
2019-04-29,-0.0019868465379973,-0.0019862392730310985,0.0015677604397061895
2019-04-30,0.0031970839918580296,0.003197286168101776,0.0005102597667125952
2019-05-01,-0.015204264860148808,-0.015204535950327003,-0.007516818751677756
2019-05-02,0.007106686683606034,0.0073333811827178685,-0.002158827740901481
2019-05-03,0.007767479388905096,0.007766097898595836,0.009788011772836391
2019-05-06,-0.0013937335296189124,-0.0013926611271171119,-0.0041152921002790555
2019-05-07,-0.017992352985809257,-0.017991250488724964,-0.016699422259710328
2019-05-08,-0.00027521133788277474,-0.00027486865699910545,-0.0013895915090530453
2019-05-09,-0.0017006526811329525,-0.0017004714579180735,-0.0030258063912580457
2019-05-10,0.000924790598415326,0.0009257452930135912,0.005023435294273959
2019-05-13,-0.02696360290557287,-0.026964070196847878,-0.025130438913886
2019-05-14,0.007108912951773849,0.00710829288865944,0.009043990377985756
2019-05-15,0.005187172033558118,0.005186060237841961,0.005857706251938488
2019-05-16,0.008884907420432908,0.008883464993252987,0.00926112114205302
2019-05-17,-0.006127026543613745,-0.006125724579058134,-0.0064650923123060755
2019-05-20,-0.0039936949189438575,-0.003993485014472498,-0.006612044848290477
2019-05-21,0.011448846891568554,0.01144844990257221,0.009015295130750056
2019-05-22,-0.0035713174487016497,-0.0035744273729446663,-0.0030713987003510024
2019-05-23,-0.011860294031677765,-0.01185909865156265,-0.012218544341037751
2019-05-24,0.0012486769303994283,0.0012475070834905289,0.0022685396821870984
2019-05-28,-0.00764945436993969,-0.0076509660113187605,-0.009300754974060688
2019-05-29,-0.008276339360893226,-0.008277102398600356,-0.006710609208876783
2019-05-30,0.0073333263372248325,0.007333863709623856,0.002731034573894453
2019-05-31,-0.010092006988433821,-0.010090400743839045,-0.013475212527762293
2019-06-03,-0.001123461220493338,-0.0011242918089600096,-0.0025427302245732974
2019-06-04,0.02498159999553007,0.025123095250786154,0.02170662172652471
2019-06-05,0.007307869971735492,0.007307093762217054,0.008662168159436323
2019-06-06,0.006564597852899867,0.006564070771631458,0.00650257891489181
2019-06-07,0.013602063120040198,0.0136022462551868,0.010006980084850126
2019-06-10,0.0041400646220972614,0.004140799723417299,0.004589016733120399
2019-06-11,-0.0017126978253243497,-0.0017119254501065662,-0.00024213548652840533
2019-06-12,-1.2428616764204037e-05,-1.3274095768900374e-05,-0.0017653653908005218
2019-06-13,0.004622413956719251,0.004623233178799646,0.004126352575871239
2019-06-14,-0.004705500490386538,-0.0047061250010108635,-0.0011048924737504517
2019-06-17,-0.0008110380901180658,-0.0008107542374036214,0.00038008343943851663
2019-06-18,0.008825487246520325,0.008826250952436387,0.010470856123007355
2019-06-19,0.004129175245890515,0.004128786742878532,0.0022572927089736794
2019-06-20,0.007996442325393538,0.007996932583908434,0.009554547138143743
2019-06-21,-0.0016951856369009644,-0.0016954042709499406,-0.001453849848026545
2019-06-24,-0.003955468172147869,-0.003955294947513677,-0.001224196728944471
2019-06-25,-0.008292240414355723,-0.008293042844910059,-0.009808116418850155
2019-06-26,-0.0036329368677909812,-0.003631475635646142,-0.0009974257349592008
2019-06-27,0.004311008937188943,0.0043111830779372085,0.0035457439582313732
2019-06-28,0.003696474418594997,0.0036969125625212484,0.005146039249199541
2019-07-01,0.006379395133997434,0.0063798601182605275,0.009078316467369119
2019-07-02,0.0011029149043166875,0.0011611511904741079,0.0026044901841684176
2019-07-03,0.009923256259056323,0.00992325920870174,0.007995266805708834
2019-07-05,-0.0006241203226379222,-0.0006240878005258077,-0.0011380785478316557
2019-07-08,-0.0016813036590894725,-0.0016812234974209472,-0.005495021988261906
2019-07-09,0.0010006137785081304,0.0010003753558820438,0.0012469272028761136
2019-07-10,0.0018398971053708024,0.0018400999052350375,0.0047779823567981605
2019-07-11,0.005616383605516306,0.005616445355908883,0.0023444404048491574
2019-07-12,0.009983105726758978,0.009983193727809203,0.004476859202404482
2019-07-15,0.0023933304598304783,0.0023933002978093754,0.0003323576736584677
2019-07-16,7.903155667032813e-05,7.911435161322977e-05,-0.003225243129726163
2019-07-17,-0.005260448612428137,-0.005260324383249304,-0.006804793285358657
2019-07-18,0.0013976121868037872,0.0013978310992477372,0.0036607117556224367
2019-07-19,-0.0072929136124942895,-0.007292903991151567,-0.00555477695624218
2019-07-22,-0.0014813821396163496,-0.001481830524224681,0.002456367633961287
2019-07-23,0.007084937602450658,0.007084782217532393,0.007149722298366301
2019-07-24,0.00806705307169131,0.008066546932176788,0.004699554551389928
2019-07-25,-0.009571506224004267,-0.009573019812972206,-0.0047767145870600825
2019-07-26,0.007552876140599185,0.007553043595323716,0.006700070828448812
2019-07-29,-0.003319971569557545,-0.003319933204093184,-0.0018213624248689664
2019-07-30,-0.0019880627719114363,-0.001987834646199671,-0.0024544575993770135
2019-07-31,-0.01621690425184552,-0.016216731134705786,-0.010940236080142607
2019-08-01,-0.017510091049354082,-0.017509859590494115,-0.008708191510037322
2019-08-02,-0.007569055355209797,-0.007461595942998223,-0.0075295046763190765
2019-08-05,-0.031937545631253283,-0.031938338898239715,-0.0300728324647197
2019-08-06,0.016523450650600235,0.016523525341138434,0.014022759876988422
2019-08-07,0.003379910170157263,0.0033790193732230467,0.0005907884565257149
2019-08-08,0.021544020807027886,0.02154410581695032,0.01961982182795774
2019-08-09,-0.011335051749297609,-0.011335512219892374,-0.006811496999133082
2019-08-12,-0.015191521094087945,-0.015191952334814629,-0.012173514556663267
2019-08-13,0.016403846012704282,0.016403607765795192,0.01555183081030842
2019-08-14,-0.02957306621277367,-0.02957368750745626,-0.02956769216104338
2019-08-15,-0.0021647376505304905,-0.0021659933795161734,0.0026419587350297036
2019-08-16,0.014804334194312707,0.014804699630981855,0.014754960498849723
2019-08-19,0.014406626478710383,0.014406519045213395,0.012048018932232507
2019-08-20,-0.006026955840141679,-0.00602776530580218,-0.007662771299021043
2019-08-21,0.016145551627497978,0.01614548100013602,0.008135547369639617
2019-08-22,-0.00033517603985877553,-0.0003349597434948448,-0.000308076683866787
2019-08-23,-0.02758294149667495,-0.02758360986056929,-0.025687536225232677
2019-08-26,0.010354037531215887,0.010353447479344968,0.011058363306560626
2019-08-27,-0.0041905795639233245,-0.004191120299637197,-0.003923345866815642
2019-08-28,0.010849587400652672,0.010850215475778135,0.007041576436231711
2019-08-29,0.01241427489756064,0.012414836071920066,0.01277284209928764
2019-08-30,-0.005278045964198452,-0.0052765873462278234,-0.0004440171297499518
2019-09-03,-0.007162206819130823,-0.007163148272553599,-0.005847316314925632
2019-09-04,0.00886326135044957,0.008999704442132828,0.011350154419905722
2019-09-05,0.020396443779352014,0.020399652288237702,0.012855659613108639
2019-09-06,0.0024432474755549105,0.0024440650067893976,0.0007720619606459422
2019-09-09,-0.0002446882923868854,-0.0002439974578392068,0.0005032834498757133
2019-09-10,0.004143036309066428,0.004144900459653655,-0.00023452778500909766
2019-09-11,0.0032844942260197296,0.0032845342418343915,0.007110791161183849
2019-09-12,-0.0017806698620771444,-0.001780400693781825,0.0034641047158139315
2019-09-13,-0.0005876044748842624,-0.0005873721770741636,-0.000663978065331583
2019-09-16,-0.004796375259532026,-0.004795701829684917,-0.0030889191888863188
2019-09-17,0.0030549137899773537,0.0030537512364534614,0.0025321419814712254
2019-09-18,-0.00526294293285412,-0.005263052369962495,0.0005982475501746798
2019-09-19,-3.859191106936333e-05,-3.8559341846378103e-05,-6.684482951879733e-05
2019-09-20,-0.006089989925141981,-0.006089743513418844,-0.004724467225724727
2019-09-23,0.0020690070561473206,0.002070044683732508,-0.0002348570357266766
2019-09-24,-0.007896862670766835,-0.007897111233406973,-0.007846882029623359
2019-09-25,0.004913420135326696,0.004913437792327224,0.0059148069896086675
2019-09-26,-0.0026591424639808015,-0.002658832817172163,-0.002083156733802438
2019-09-27,-0.0017453347502193184,-0.0017433089480415331,-0.0053872900428653114
2019-09-30,0.00749446055776648,0.007493872313767191,0.004637664876704806
2019-10-01,-0.01024206766954372,-0.010241471669001245,-0.011894434591577019
2019-10-02,-0.01670637655994034,-0.016629738711009368,-0.01766489955944428
2019-10-03,0.008901214630688159,0.008901351001850744,0.008192454357178969
2019-10-04,0.012108709402127937,0.012108782210857205,0.013532454582607212
2019-10-07,-0.005253077178916099,-0.0052530397389789485,-0.004314807710553037
2019-10-08,-0.013674178989361185,-0.013674178774401913,-0.015524138327867032
2019-10-09,0.010236733735320636,0.010236735414858256,0.009495940372685974
2019-10-10,0.005905503004727919,0.00590545027143019,0.006763675599713137
2019-10-11,0.01869581367719375,0.018695197881030357,0.01036685523197134
2019-10-14,-0.002118193124247769,-0.0021180105554978734,-0.0011137952950345253
2019-10-15,0.008837167532526946,0.008837398810783714,0.009900058065358097
2019-10-16,-6.860795588381485e-05,-6.867720308190162e-05,-0.0016057166174799908
2019-10-17,0.003863872874768859,0.003863837836101558,0.0029489439355911973
2019-10-18,-0.0017400757571668368,-0.0017401565079320225,-0.004376713351534001
2019-10-21,0.004400842593844434,0.004400699199697655,0.006778773509141356
2019-10-22,0.0006049175194517975,0.0006044884258706862,-0.0032667834145982955
2019-10-23,-0.001694394303588198,-0.0016941367038142419,0.0029097652425407183
2019-10-24,0.007897754457794504,0.007897434934140302,0.001634215547294593
2019-10-25,0.003336091565432131,0.0033362070629416873,0.004094818051380011
2019-10-28,0.0031750779183314926,0.0031752036257055583,0.005636699066540407
2019-10-29,-0.0007818286139412711,-0.0007813569234643714,-0.0002968023302039047
2019-10-30,0.004758487102241915,0.004758811074918823,0.0030672376218150443
2019-10-31,-0.00541855791782353,-0.005418406915342233,-0.0026633998053989805
2019-11-01,0.0063829530587904415,0.006382411697948953,0.009263899490793648
2019-11-04,0.002921911266450916,0.0030796894410969333,0.0040176411762884445
2019-11-05,0.0030958145635291423,0.0030956618773938516,-0.001106199302856381
2019-11-06,-0.0021271128580740983,-0.002126082364512061,0.00022805405408377055
2019-11-07,0.005554876689353616,0.005554573574356514,0.0035166791302667644
2019-11-08,0.000560970545477657,0.0005609275987512596,0.0024661819303306576
2019-11-11,-0.0014523642375766643,-0.0014520809890483655,-0.0019098805806062602
2019-11-12,0.003137604588046461,0.003137416104425972,0.002108017060587164
2019-11-13,0.001683855471041662,0.0016844139284608595,0.0003239639566083863
2019-11-14,0.0017255866271990161,0.0017253869136621969,0.0014555106830382858
2019-11-15,0.0063885774314689225,0.00638783839071877,0.007236250002723876
2019-11-18,0.0030233620889901225,0.0030222382912956647,0.0007377572590392401
2019-11-19,-0.0020862365198334176,-0.0020872197838947004,-0.00028861579325079045
2019-11-20,-0.0026993336211810215,-0.002699104903138183,-0.0037183797427075005
2019-11-21,-0.004035850484080283,-0.00403533971618264,-0.0016091827279246518
2019-11-22,0.0037511576244204647,0.003750370876851372,0.0022238970115446843
2019-11-25,0.007946814072143482,0.007946026314119337,0.007750423688599017
2019-11-26,0.0043570070261576,0.00435757936609571,0.002265506026693842
2019-11-27,0.0045479729997539575,0.004548496357322129,0.004457626772822243
2019-11-29,-0.004831707144256958,-0.004831929063222162,-0.0037088235168342143
2019-12-02,-0.007141540372983979,-0.007140370699568743,-0.008494734760325362
2019-12-03,-0.00792567138821787,-0.00775086647863843,-0.006706539880194207
2019-12-04,0.008487332883779564,0.008486795886721188,0.006170201638297401
2019-12-05,0.0002906282022951956,0.0002909497470999778,0.001798049889062181
2019-12-06,0.009504105570488752,0.009503650635670935,0.009133879137866785
2019-12-09,-0.0006689349995742111,-0.0006684339966703812,-0.0031442171972496658
2019-12-10,-0.00032116468768705886,-0.00032256646386497057,-0.0011148484053314922
2019-12-11,0.004227945392408117,0.004229343390784734,0.002838801900595378
2019-12-12,0.009129697133555048,0.009129957738805539,0.008618984421294051
2019-12-13,-0.002303916387793481,-0.0023028745225168734,0.0005990921621346068
2019-12-16,0.0062288203251534835,0.006230106013421111,0.006869650739520283
2019-12-17,-0.0007490685093756166,-0.0007503056603301861,0.00021957549301032664
2019-12-18,-0.001357640753380851,-0.00135773482473045,6.237530216646192e-05
2019-12-19,0.005186668941009387,0.005186592375281407,0.004098572159027203
2019-12-20,0.004767649252812145,0.004768614124624149,0.0043846487997947214
2019-12-23,0.0006146126673887142,0.0006142636705821491,0.0015277235945234668
2019-12-24,0.0018639457349651778,0.0018640854734024437,3.124135703691522e-05
2019-12-26,0.0017096954472786141,0.0017095299365730288,0.0053232982403201845
2019-12-27,-5.1442734682605185e-05,-5.095486975881247e-05,-0.0002477682410791937
2019-12-30,-0.0047618440652444916,-0.0047622383446203065,-0.00551337796692597
2019-12-31,0.0017700377699703118,0.0017697095991247025,0.002429526027089457
2020-01-02,0.0,0.0,0.0
2020-01-03,0.005111770718817965,0.006619438374896314,0.00238855810737304
2020-01-06,0.002091554358025327,0.002091554358025327,0.0038152832439215523
2020-01-07,-0.001288088586398617,-0.001288088586398728,-0.0028118528818330546
2020-01-08,0.005423945508756356,0.005423945508756356,0.005329755550281812
2020-01-09,0.00846691205138006,0.008466912051380282,0.0067804661417889545
2020-01-10,-0.0013293983905520168,-0.0013293983905520168,-0.002877492195425324
2020-01-13,0.005336997911357999,0.005336997911357999,0.006877169885747048
2020-01-14,0.0008817182986660121,0.0008817182986657901,-0.0015249969630035665
2020-01-15,-0.003142183012796451,-0.003142183012796451,0.002260495972536969
2020-01-16,0.008201090507225839,0.008201090507226061,0.008317891007862288
2020-01-17,0.004021470294892193,0.004021470294892193,0.0031127864007414185
2020-01-21,-0.003337134794178298,-0.003337134794178298,-0.00195827324949005
2020-01-22,-0.0010151471768505838,-0.0010151471768505838,0.00012065673735683902
2020-01-23,-1.0654091874284788e-06,-1.065409187539501e-06,0.0011469617264452392
2020-01-24,-0.011033177344961675,-0.011033177344961786,-0.008893010688934666
2020-01-27,-0.014093702679530806,-0.014093702679530806,-0.016029751322992225
2020-01-28,0.006207811285451337,0.006207811285451337,0.010479243979687025
2020-01-29,-0.0048404336318296215,-0.0048404336318295105,-0.0008260108082667195
2020-01-30,0.00039007432435367306,0.000390074324353451,0.0032456332437516
2020-01-31,-0.018625755650254594,-0.018625755650254594,-0.018158023632194653
2020-02-03,0.006747227440229375,0.006747227440229597,0.007428663290228954
2020-02-04,0.016897731312607744,0.017033726947174754,0.015241192111092428
2020-02-05,0.01763051584348574,0.01763149875170611,0.01154786328116475
2020-02-06,0.0013719038029009756,0.0013726444429345008,0.0033647741920910246
2020-02-07,-0.007684017864372228,-0.0076842311053357815,-0.00532990929597188
2020-02-10,0.006087633575703633,0.0060875304564818045,0.007465808778101879
2020-02-11,0.003860524237687235,0.0038603175837061965,0.0017329068991756014
2020-02-12,0.010061839106152215,0.010061471568735714,0.0064429103959131595
2020-02-13,-0.000605344204101077,-0.0006058167597294828,-0.0010671099562912234
2020-02-14,0.0007849266806925215,0.0007848867447874941,0.001602076116987483
2020-02-18,0.0002444090718440872,0.0002444208949528015,-0.002576977522802948
2020-02-19,0.00792039594056626,0.007919571344880083,0.004781235715548782
2020-02-20,-0.000735194898810354,-0.0007351771369261684,-0.004108035419256861
2020-02-21,-0.011529502644335499,-0.011528354713535638,-0.010298507299150494
2020-02-24,-0.03428086906874217,-0.03428019246110803,-0.033165192706187896
2020-02-25,-0.02969634669811727,-0.029696192775188646,-0.03030250035341009
2020-02-26,-0.0037937369463494353,-0.0037940144051071822,-0.0036777114305662773
2020-02-27,-0.03457393685431853,-0.034573762029220245,-0.04491196842596934
2020-02-28,-0.00794494241961563,-0.007944990647348993,-0.004201612889578987
2020-03-02,0.038266392969337426,0.03826522365879126,0.04330670169869144
2020-03-03,-0.023453851007618987,-0.0230149475409952,-0.028632444942784607
2020-03-04,0.04499919510023376,0.04500426277910674,0.04203305440523253
2020-03-05,-0.029398066046810833,-0.029399340827960807,-0.033241739261780534
2020-03-06,-0.013357981011206443,-0.013357435744711488,-0.016531288938967048
2020-03-09,-0.05817215525703623,-0.05817237228943839,-0.07809450006566832
2020-03-10,0.050124534863316805,0.05012502167969557,0.051744830302423495
2020-03-11,-0.05027200919070507,-0.050267984199913074,-0.04874798973163064
2020-03-12,-0.09159994173380859,-0.09159978025852211,-0.095677395598736
2020-03-13,0.07790958347844756,0.07791776944444839,0.08548639013424397
2020-03-16,-0.11250285892782597,-0.1124937818321683,-0.1094236335014227
2020-03-17,0.05860569028238882,0.05861038616593528,0.053991772334476495
2020-03-18,-0.05188601030991924,-0.051882454433018754,-0.05063299458072379
2020-03-19,0.009130403044753654,0.009114625426100087,0.002125239940806045
2020-03-20,-0.05059719920953709,-0.05060256396416096,-0.04309433305065269
2020-03-23,-0.02307243845290774,-0.023075500605098997,-0.025568138523694217
2020-03-24,0.08628963013117064,0.08628411343191988,0.09060325945836323
2020-03-25,0.015690433742200804,0.01568523601238314,0.01497006419427338
2020-03-26,0.061621523801015377,0.06163324576464535,0.058389801015809706
2020-03-27,-0.03206425971709426,-0.032063811278210785,-0.029785584237364437
2020-03-30,0.02640017721800092,0.026402211290321942,0.03247584880882304
2020-03-31,-0.01767263528675267,-0.017672967806851347,-0.014905529724725253
2020-04-01,-0.03913892217140669,-0.03913692191569185,-0.045004900814416104
2020-04-02,0.01574807488470764,0.016002881709208827,0.023075440836357375
2020-04-03,-0.016253969009049074,-0.016250346896609424,-0.014454213187073739
2020-04-06,0.08026381672324279,0.0802672975927865,0.0671662975485614
2020-04-07,0.004686585338206983,0.004690260362272269,0.0010195491269802126
2020-04-08,0.0335933221782323,0.03359285230059417,0.03356793814381742
2020-04-09,0.013396134838663087,0.013399340659302705,0.015217755403604372
2020-04-13,-0.011198728356765608,-0.011201727871712142,-0.00913018179105407
2020-04-14,0.035915824205025926,0.03591467303335949,0.02949265553853886
2020-04-15,-0.02287519625939438,-0.022879829703474464,-0.021248006061267977
2020-04-16,0.015850189655394864,0.015848818100884232,0.004824532504223766
2020-04-17,0.02665266946584599,0.02665502455614499,0.02701541437451538
2020-04-20,-0.0165663550878401,-0.016567577908249587,-0.01761792701018139
2020-04-21,-0.029676251224894257,-0.029676606260102156,-0.030363410362569065
2020-04-22,0.02045252774674733,0.020451981344011605,0.02219467451727386
2020-04-23,-0.001722524355069588,-0.0017233070651478943,-7.202978745535216e-05
2020-04-24,0.0203661126678214,0.020365385013458637,0.01393921622956995
2020-04-27,0.018946659664329735,0.018951370867239303,0.014418117628747007
2020-04-28,0.003658290661853414,0.0036641233696632636,-0.004598357707802592
2020-04-29,0.017510283236462643,0.017516212953717858,0.026178474524117146
2020-04-30,-0.017909253676111736,-0.01791729094012673,-0.009310530711402754
2020-05-01,-0.025274864890897253,-0.025273111981050755,-0.026473717709630806
2020-05-04,0.00659123261631267,0.006693191475155125,0.0027585248316792654
2020-05-05,0.010652063789454269,0.010651948366014574,0.009239093535952758
2020-05-06,0.0005063429706968492,0.00050622702716141,-0.0067785306887658825
2020-05-07,0.007214723573838899,0.007214592455943691,0.012066759479465672
2020-05-08,0.016816997107505616,0.016816986145175683,0.01654585573021472
2020-05-11,0.001695188144620774,0.0016950336643593023,0.00020560472548591946
2020-05-12,-0.02284356636437268,-0.022843659523899884,-0.019931801630628243
2020-05-13,-0.01826752209475835,-0.018267256083670524,-0.017685689496996226
2020-05-14,0.010075096437734743,0.010074278124252878,0.011967268280660637
2020-05-15,0.008097511775802424,0.008097163007516395,0.004596910866530468
2020-05-18,0.03218335697906172,0.03218367548529355,0.030459762478702856
2020-05-19,-0.00875215717918798,-0.008752480039651567,-0.010271667061036216
2020-05-20,0.013473190378012756,0.01347338539942955,0.016988668849524435
2020-05-21,-0.0018169328311868904,-0.0018165383321157025,-0.006904290715352257
2020-05-22,0.0015169378628738794,0.0015168595419694508,0.0018991757640549611
2020-05-26,0.015242339442612884,0.015242546166767568,0.012320564624969776
2020-05-27,0.01978420258746394,0.01978446101401099,0.014879188592889836
2020-05-28,-0.0037635243549305475,-0.003763562671124321,-0.0018452723826944961
2020-05-29,0.00748723198889456,0.007486653915981245,0.004455959895920403
2020-06-01,0.0014369953110546785,0.001436723736314427,0.004041693629930343
2020-06-02,0.011292597279367822,0.011482950149474869,0.00827995513085944
2020-06-03,0.0121557389535214,0.012155374654254425,0.013308505317488839
2020-06-04,-0.009074351081054033,-0.009074546590032484,-0.0026265506498133195
2020-06-05,0.021700303993663628,0.021697713082738934,0.025629317200602797
2020-06-08,0.008137563797038672,0.008137894801055312,0.012087458431206954
2020-06-09,-0.01385168256748548,-0.013850456541002365,-0.007456434446094562
2020-06-10,-0.006706378492883025,-0.006704832193120125,-0.005580172331298816
2020-06-11,-0.05234661697032639,-0.052344871441874496,-0.05764920517903449
2020-06-12,0.007750287302723757,0.007748930187602143,0.011976033946470288
2020-06-15,0.007295624895079733,0.007294836843941388,0.009335495415337514
2020-06-16,0.02349967988339907,0.02349868551988199,0.01924768189870063
2020-06-17,-0.0035428015754694897,-0.0035422568220964123,-0.004153689164510199
2020-06-18,-0.004206704706858355,-0.00420741424974902,0.0003851007032451559
2020-06-19,-0.002222605058785798,-0.0022215363723658843,-0.005715104573400076
2020-06-22,0.004788445252672302,0.004788603163654148,0.006415295272893307
2020-06-23,0.003803746134710906,0.003802285385418269,0.004603532476432859
2020-06-24,-0.02383537000496805,-0.023834134888129355,-0.025508729402108243
2020-06-25,0.006605073265714356,0.00660463207827422,0.010720647348679169
2020-06-26,-0.014834387492074108,-0.014834665898931676,-0.02375143458911355
2020-06-29,0.01687203050860453,0.016871789662201264,0.01469757369186464
2020-06-30,0.014167101588475006,0.014165953260739217,0.012809467195298962
2020-07-01,0.0024929497764913933,0.002493377980500089,0.007004819988407851
2020-07-02,0.00599018309776822,0.006135843559177845,0.005507103731598795
2020-07-06,0.011960165101384534,0.011959556702156426,0.015437067944463756
2020-07-07,-0.008060373612236216,-0.008060648770431666,-0.010313855204298839
2020-07-08,0.00380643141685999,0.003805934280506129,0.007648858467744546
2020-07-09,-0.002911595409165524,-0.002912769196272702,-0.005693045614445835
2020-07-10,0.003819835728798626,0.0038204612409664662,0.010210502723494663
2020-07-13,-0.007845064302383853,-0.00784437468303012,-0.008658769402027255
2020-07-14,0.01673998831743817,0.01674026140327345,0.012959151297302629
2020-07-15,0.0169910171287857,0.016991797517281304,0.00918702782837344
2020-07-16,-0.000556304235451055,-0.0005553259174618796,-0.0032933694760686194
2020-07-17,0.005211550971607304,0.005211842797353539,0.002898818776914336
2020-07-20,0.0029608893175303574,0.0029596242694718278,0.008081604743493509
2020-07-21,0.004118540539645998,0.004119402697168706,0.002127915871626085
2020-07-22,0.010119698696064772,0.010119733060207192,0.005691899055724869
2020-07-23,-0.007432446856215913,-0.007428500483002254,-0.011931927671168796
2020-07-24,-0.001073334085221922,-0.001073867749934121,-0.006440254832891346
2020-07-27,0.009780455295090862,0.009779680269314195,0.007292431816570133
2020-07-28,-0.01197038907903003,-0.011969983513873794,-0.006342468204663998
2020-07-29,0.013653454776274554,0.013652836650276834,0.012298681890286378
2020-07-30,0.001713814995338847,0.0017124707946152284,-0.003567704488292023
2020-07-31,0.002565478128957688,0.0025651241010591352,0.007902156008822603
2020-08-03,0.0008197585435929522,0.0008191942630300098,0.006951998045748864
2020-08-04,0.005753545994720444,0.005866332460650492,0.0038626236074412734
2020-08-05,0.007239915487662341,0.007239522967417811,0.006211131361955946
2020-08-06,-0.0008360390957601327,-0.0008369409128445859,0.0066843397954086115
2020-08-07,0.006410138726623105,0.006410002815827376,0.0007179109695008012
2020-08-10,0.005862010710554477,0.0058634719162513615,0.002988934626810602
2020-08-11,-0.005486846331369866,-0.005488319458750168,-0.008254721767575357
2020-08-12,0.015624482642085713,0.015623841279974515,0.013942490346746439
2020-08-13,0.000784608392607522,0.0007858537464016102,-0.0018077211608321653
2020-08-14,-0.00031577126724102733,-0.00031584920781424497,2.9785452035469007e-05
2020-08-17,0.00793219403756229,0.00793235370495049,0.0031762970093140996
2020-08-18,-0.0025471995679011705,-0.0025481328132128667,0.002160605429621043
2020-08-19,-0.0037503437029426934,-0.0037506044124411275,-0.004163763310597868
2020-08-20,-0.0041027809476622545,-0.00410104221616614,0.0031136162070781737
2020-08-21,0.003908155398214541,0.003907434713088076,0.003547345304731886
2020-08-24,0.008283595455389703,0.00828354398322273,0.010133234849614592
2020-08-25,0.0013171079249882922,0.0013179150619380131,0.0034993464276429354
2020-08-26,0.004816704063190791,0.00481936018976814,0.01002527266901665
2020-08-27,-0.0009997272055717321,-0.0009999834953235975,0.002186768725431776
2020-08-28,0.00888249934224139,0.008883581684796305,0.006459299204947699
2020-08-31,0.0005500133022231513,0.0005489248074432851,-0.0036223561736882237
2020-09-01,0.006277367226309893,0.006278497242333758,0.009418680192173845
2020-09-02,0.01684270304820168,0.016982637569817882,0.01446378964912487
2020-09-03,-0.031431025621674324,-0.0314296622203446,-0.03441424403026849
2020-09-04,-0.010268118254124659,-0.010267734678204521,-0.008164684495784669
2020-09-08,-0.019221305749954842,-0.019220833595669173,-0.02732321673380722
2020-09-09,0.021041986945875113,0.021040641801929105,0.01974764827884412
2020-09-10,-0.01580657237986849,-0.015807507789797892,-0.017363720977525143
2020-09-11,0.001659995089559274,0.0016593879792465849,0.0005092193273708023
2020-09-14,0.014660650357530836,0.01466047917334734,0.013171208607333451
2020-09-15,0.005356298973826945,0.005354381338036784,0.0050521954519346934
2020-09-16,-0.0034515390005395163,-0.0034509597608273213,-0.003968762027310002
2020-09-17,-0.008764390747878825,-0.008762810761144713,-0.008795010686260207
2020-09-18,-0.00930397356899415,-0.009302279190308238,-0.011512776702263583
2020-09-21,-0.012109441182643788,-0.012109626215792924,-0.011129301640450007
2020-09-22,0.008855511551162154,0.008854067160763535,0.010184101540462231
2020-09-23,-0.016743278717584076,-0.016742550475472906,-0.023190888134050236
2020-09-24,0.0010196853442385745,0.0010189548730688003,0.002664981764268104
2020-09-25,0.013149555473066732,0.01314928889691358,0.016167604097700794
2020-09-28,0.016736481103644785,0.01673620155469302,0.01660881375940293
2020-09-29,-0.00414942696765741,-0.004149868584498284,-0.005445657582880847
2020-09-30,0.00824485709666245,0.00824537568639605,0.007582001464812471
2020-10-01,0.006631655363639188,0.006630654880060982,0.006419932786187577
2020-10-02,-0.0060439134379211,-0.005936465006477265,-0.009494398794593795
2020-10-05,0.017379418985441042,0.017380542486755024,0.017733066386504515
2020-10-06,-0.013573266978338605,-0.01357252706707035,-0.014215865581074905
2020-10-07,0.021045043189069412,0.021044860771279872,0.017406543129391938
2020-10-08,0.007994153516447389,0.007993874296640113,0.008862617198674094
2020-10-09,0.008749018414660803,0.008750853985165286,0.008930095930532067
2020-10-12,0.010899199480735033,0.010899144741143951,0.016087624129604627
2020-10-13,0.0020729457155710396,0.002073400935256542,-0.006526381173558193
2020-10-14,-0.005305286765417305,-0.005305404085225951,-0.006283289726677688
2020-10-15,0.0032198949023065637,0.0032199511507176037,-0.0012358265106896527
2020-10-16,0.0009382581989376693,0.0009379202979704626,-0.0006043475507832019
2020-10-19,-0.013560458679821918,-0.013559507434707685,-0.015203287230199147
2020-10-20,0.001626280468910446,0.0016269242828395036,0.004005682488809281
2020-10-21,-0.0025037308322664042,-0.002501178551070349,-0.0018929013309282317
2020-10-22,0.005564702063469262,0.005563255658195931,0.0054853816480977535
2020-10-23,0.008250575260674742,0.008250798208184085,0.003395041754625794
2020-10-26,-0.01867074465003926,-0.018671204010375697,-0.018479935366158107
2020-10-27,-0.005419052179547412,-0.005420080839288244,-0.003447552059625214
2020-10-28,-0.0278936504888454,-0.02789319240857191,-0.03417851955399909
2020-10-29,0.003567895396591414,0.003570070024657479,0.010163277320645037
2020-10-30,-0.011945123184113449,-0.011945144563206167,-0.010424715690027786
2020-11-02,0.01574074144140436,0.0157409324960347,0.011208276120075356
2020-11-03,0.021255736564051775,0.021442072249121535,0.017655987224070024
2020-11-04,0.03011212455128054,0.030114197058306313,0.02234947128117759
2020-11-05,0.013790296439277094,0.01378794496219471,0.01950261009833887
2020-11-06,0.0052331826868763365,0.005232590944661997,-0.00022862441977100634
2020-11-09,-0.004156760549576699,-0.004150204089365395,0.012565690217153813
2020-11-10,0.0002736347580942766,0.00027468936491548135,-0.001466646210516842
2020-11-11,0.005715146880702404,0.005711859679936149,0.00742886280678845
2020-11-12,-0.008396070408633438,-0.008396017770527231,-0.009700932595727352
2020-11-13,0.015266533866164611,0.015268474366091578,0.013844186020804727
2020-11-16,0.011071157329723968,0.01107303569655449,0.012482686676664079
2020-11-17,-0.003934439047878935,-0.00393448673027863,-0.005378234544978988
2020-11-18,-0.011110319005552594,-0.011111388235335862,-0.012034864175274329
2020-11-19,0.005696524593668206,0.005696657537724192,0.0042100426028597315
2020-11-20,-0.005536675973839111,-0.005537919310221295,-0.006847549676456399
2020-11-23,0.008194861258519426,0.008195086818834074,0.005994388426275865
2020-11-24,0.008513628057834843,0.00851407457770259,0.016113854627079816
2020-11-25,-0.0035198593449776716,-0.003520048899507744,-0.001541813621014687
2020-11-27,0.005283028601658968,0.005282676998561442,0.0027849330777589554
2020-11-30,0.001600594030854774,0.001600519182368254,-0.004427104491875999
2020-12-01,0.008540223886996268,0.008541428394884365,0.010937581250257455
2020-12-02,-0.0035578946153757007,-0.003302272288381647,0.002103516060226296
2020-12-03,0.0021564500481723314,0.0021546635038418582,-0.000272705359855685
2020-12-04,0.007376957378101512,0.007376577154406094,0.008617421755840793
2020-12-07,-0.0008838440894994859,-0.0008824297448372098,-0.0020548053665060406
2020-12-08,0.0033732309867338106,0.0033740109687985242,0.002926291467487241
2020-12-09,-0.0016141257984135793,-0.0016151420964178875,-0.008969038760209602
2020-12-10,0.0004660996770085024,0.0004656511664600238,-0.0003269584699605588
2020-12-11,-0.003498051750622677,-0.0034990465834817686,-0.0011724730926675475
2020-12-14,0.002099427683601496,0.002099380283673735,-0.00447715826371442
2020-12-15,0.01152106222489957,0.011520248624966367,0.01351928267608371
2020-12-16,0.003928269982281352,0.003928619203667161,0.0015694040517124641
2020-12-17,0.008609576403082908,0.008608784408504988,0.005591928401434743
2020-12-18,5.196950227803754e-05,5.1394176823427173e-05,-0.003992912313974473
2020-12-21,-0.005796268261077486,-0.0057973803577482386,-0.003575274426252273
2020-12-22,-0.00017177392527056856,-0.00017268132004333303,-0.0016853631179640782
2020-12-23,-0.0008652678439203809,-0.0008647123063324491,0.0008985176567017916
2020-12-24,0.001253439291437175,0.0012523222892717456,0.0038904098734411363
2020-12-28,0.004734114699185277,0.004734160991265668,0.008590700003830554
2020-12-29,-0.004959520243352777,-0.0049592154390584176,-0.0019077061181778099
2020-12-30,0.001481766507928528,0.0014804032865649575,0.001426706743954398
2020-12-31,0.006171552138625858,0.0061722321061929986,0.00508117542658959
2021-01-04,0.0,0.0,0.0
2021-01-05,0.005684271318178613,0.007192797725155797,0.007263840493520357
2021-01-06,0.011619406277355804,0.011619406277355582,0.005978739282975543
2021-01-07,0.013572593763010898,0.013572593763010898,0.014857398591648252
2021-01-08,0.009147289138907722,0.009147289138907944,0.005697673903205525
2021-01-11,0.0018303318223038545,0.0018303318223036324,-0.006740521258104981
2021-01-12,0.002609883908720967,0.002609883908720967,0.0002108989148625895
2021-01-13,-0.0070467339260543715,-0.0070467339260543715,0.002693091437587114
2021-01-14,-0.006340623223512143,-0.006340623223512254,-0.0035021994367678833
2021-01-15,-0.0013411844387852812,-0.001341184438785059,-0.007292538691798689
2021-01-19,-0.0008352241553358786,-0.0008352241553359896,0.007851771105696459
2021-01-20,0.0072973859237575045,0.0072973859237575045,0.013839013097133979
2021-01-21,0.00013011773219129275,0.00013011773219129275,0.0009118153381688643
2021-01-22,-0.004230467297775875,-0.004230467297775986,-0.0035398409172407996
2021-01-25,0.000898031128657939,0.000898031128657939,0.003943782299774989
2021-01-26,-0.0036542595860431515,-0.0036542595860432625,-0.0015606874087463751
2021-01-27,-0.029046240668770706,-0.029046240668770595,-0.024440685049319066
2021-01-28,0.008186333626201359,0.008186333626201359,0.008600241997579916
2021-01-29,-0.016826243330334445,-0.016826243330334556,-0.020019576876670553
2021-02-01,0.010475061279743514,0.010475061279743736,0.01664561525715702
2021-02-02,0.015572036719003979,0.015669466304394586,0.014140216066375721
2021-02-03,-0.003242363796773229,-0.003243137395977813,0.0007862383335790479
2021-02-04,0.014717488866748285,0.014718648654181488,0.011365743471086764
2021-02-05,0.005193743439442455,0.005192981703181054,0.003935830596076828
2021-02-08,0.010260085596008661,0.010260784175519344,0.007221973890623401
2021-02-09,-0.0008413241555008666,-0.0008409627762429039,-0.0006658564794110866
2021-02-10,0.0009664441276042712,0.0009669415546793569,-0.00043572922210732834
2021-02-11,0.0008986242234449993,0.0008989925376334806,0.0016153757076717845
2021-02-12,0.003200944972687525,0.0032011094208139745,0.004939589201850225
2021-02-16,-0.0020269580583510693,-0.0020267658536050615,-0.0008659020704113729
2021-02-17,-0.0021007322863221267,-0.0021002588166508795,0.00022936602340872803
2021-02-18,-0.0014082407743816194,-0.0014075209075206097,-0.004255859037820553
2021-02-19,-0.002381977624166698,-0.0023805919508884665,-0.0017659490913861653
2021-02-22,-0.007147401896019034,-0.007147438784780968,-0.007691607850319415
2021-02-23,-0.0023731031096432265,-0.0023732072440153518,0.0012140343081108451
2021-02-24,0.005380027115591934,0.00538012124536813,0.011019343007416138
2021-02-25,-0.025825075410176868,-0.02582387750028592,-0.02409566512161443
2021-02-26,-0.0012135137998097179,-0.0012132706204242005,-0.005152474997699108
2021-03-01,0.01913103299256691,0.019131431116781172,0.024240099608968668
2021-03-02,-0.008996539160654238,-0.008674816527613038,-0.007803333136561452
2021-03-03,-0.017567475203508653,-0.01756803068982471,-0.0132457545276089
2021-03-04,-0.014482547949878577,-0.014482266450679737,-0.012374798212103966
2021-03-05,0.02197505792536103,0.02197678036831574,0.01839651087988492
2021-03-08,0.00021632756899436778,0.00021950274800253133,-0.0049784486516053494
2021-03-09,0.012407637860012422,0.012407910977991543,0.014277267854460929
2021-03-10,0.005106220980435783,0.005104994415380704,0.006224730408761703
2021-03-11,0.010226587332645698,0.010227025471017948,0.010138971182605427
2021-03-12,0.0011891510420329876,0.0011900553624606403,0.0013468616165202008
2021-03-15,0.009754255519166755,0.009755513930860937,0.005963553968804769
2021-03-16,-0.0029853017114672697,-0.0029863495949881136,-0.0012612751138161293
2021-03-17,0.0002266451297214811,0.00022741812862614452,0.0034101179231544876
2021-03-18,-0.007983729035571874,-0.007985134328983734,-0.014549719642337311
2021-03-19,0.0064950710182625215,0.00649173152037652,-0.0018503857186512596
2021-03-22,0.008409869470329179,0.008410092557701088,0.007984916517992824
2021-03-23,-0.008865120837466711,-0.008867566074245659,-0.007870719803094284
2021-03-24,-0.006679202145533858,-0.006679989200211844,-0.005083693985145743
2021-03-25,0.00891362318577138,0.008915337257889178,0.005625509791168382
2021-03-26,0.024132745765295782,0.024132813932375097,0.01611520510962028
2021-03-29,-0.002807681402400841,-0.0028103457706364354,-0.0005050677201268172
2021-03-30,-0.003218926153709889,-0.003219379755439733,-0.0026529869357009295
2021-03-31,0.003627147862192537,0.0036270422222595133,0.004053336989545242
2021-04-01,0.006831256529265417,0.0068320100360208524,0.01079898770728227
2021-04-05,0.014911460592111903,0.015138781426755621,0.014353000912468827
2021-04-06,0.00033447857905444245,0.0003328293427364848,-0.0005904381348361687
2021-04-07,-0.0044773295512778866,-0.004476118878492086,0.0011571532122607309
2021-04-08,0.0029503736836986594,0.0029512843514254428,0.004746921580444985
2021-04-09,0.008960977686637728,0.008959867905926178,0.007270308611095455
2021-04-12,0.00012191939793693152,0.00012132827552369108,0.00036440318762598345
2021-04-13,-1.5984882911990184e-05,-1.4926942345727667e-05,0.002963706265906252
2021-04-14,-0.0018175362860938238,-0.0018182802694982625,-0.003415264904160109
2021-04-15,0.014181387975669146,0.014182101212746767,0.010742401381259592
2021-04-16,0.006487141169984945,0.0064866078337273425,0.003342692028694305
2021-04-19,-0.0062391845693462455,-0.006239753949863425,-0.004913119828336532
2021-04-20,-0.0017336856966505554,-0.0017337633207822334,-0.0073217139981323065
2021-04-21,0.008830404949637938,0.00883055273468103,0.009462360108296153
2021-04-22,-0.0060553570287406044,-0.006056439610665709,-0.009133401844107936
2021-04-23,0.008646912166789145,0.00864681553047908,0.010842672320402036
2021-04-26,-0.0009603567833045279,-0.0009596097140728288,0.002087401351984264
2021-04-27,-0.0013014106031274952,-0.0013011587298860094,-0.00021523336345175004
2021-04-28,-0.003819887961760249,-0.003819871263083363,-0.00028764262280056574
2021-04-29,0.007758256467438329,0.00775960862279601,0.006372995324324782
2021-04-30,-0.004458074377292398,-0.004459129308028609,-0.006570694776350083
2021-05-03,0.005095320240013024,0.005094758768665386,0.0021568442127644083
2021-05-04,-0.00229768322439472,-0.0022302352632977973,-0.006169431801958725
2021-05-05,0.001612207102797747,0.0016122964847913313,0.00031297818855713366
2021-05-06,0.0069138838672895275,0.00691402414511888,0.007985753323809686
2021-05-07,0.010234109708187944,0.010234432686228034,0.007277860569789407
2021-05-10,-0.006358228238298458,-0.006358677491551057,-0.009902623861569038
2021-05-11,-0.009680217876941066,-0.009679739863854842,-0.008924620863319688
2021-05-12,-0.022346779639002556,-0.022347151157023792,-0.021245312338954547
2021-05-13,0.013389405661204945,0.01338912324455821,0.012012699945362248
2021-05-14,0.011621590070193477,0.011621955398489314,0.015355355231965184
2021-05-17,-0.002579877249992868,-0.0025798823638909507,-0.0025446452045313483
2021-05-18,-0.005922045558362843,-0.005921930712212031,-0.008615570162786246
2021-05-19,-0.0023482838539148343,-0.00234798497702704,-0.002621857416333584
2021-05-20,0.008701895265687432,0.008702354820669944,0.01075798678127704
2021-05-21,-0.001211464122051198,-0.001211481368213474,-0.0008187903933760676
2021-05-24,0.0037264894041051377,0.0037267877218092327,0.010194355752125794
2021-05-25,0.0013863988693332274,0.0013863656839194771,-0.0022186729861383148
2021-05-26,0.0015251499729000972,0.0015251578065571536,0.0019846702362358304
2021-05-27,-0.0014538418511258477,-0.0014539194635112551,0.0005248848963783637
2021-05-28,0.0015382644787722555,0.0015384161294282883,0.001788669452209124
2021-06-01,-0.005099394327486628,-0.0050995819758743455,-0.0008809713013512299
2021-06-02,-0.00013482417970500649,-5.2844890507275366e-05,0.001572716829588039
2021-06-03,-0.0018285858947468814,-0.0018288446698639937,-0.003711230760408135
2021-06-04,0.007993906894317115,0.00799385115053286,0.009145641655499137
2021-06-07,0.007184934947540356,0.007185029722922787,-0.0009702075941184773
2021-06-08,0.0012812160346706847,0.0012814450243845421,0.00021336515271785927
2021-06-09,-0.0020129162249699073,-0.0020129303848900326,-0.0014919931644392648
2021-06-10,0.009552143036999139,0.009552005436646027,0.004648250980785473
2021-06-11,-0.0006437712037367094,-0.0006435939318421013,0.0016525140369889613
2021-06-14,0.0021549095394510775,0.0021549463249495027,0.0022388539098872062
2021-06-15,-0.002880236926870783,-0.002880288081609339,-0.001834142291169627
2021-06-16,-0.006759698361485822,-0.0067597005858313075,-0.005583327260126558
2021-06-17,0.004721114677520566,0.004721084251240404,-0.00033158392084065014
2021-06-18,-0.010255749259604152,-0.010255441183840808,-0.013490338228166254
2021-06-21,0.010810038855198378,0.010809994677832169,0.014316035145870876
2021-06-22,0.006970009052197579,0.006970102456119065,0.0053461357899979856
2021-06-23,-0.0023591421374205,-0.002359209544331997,-0.0012052395544164263
2021-06-24,0.005389172017314037,0.005388885601608218,0.005915503387092791
2021-06-25,0.007172191262673211,0.007171958636127407,0.003552053484238815
2021-06-28,0.00435361860131378,0.004353660855441754,0.0020158852339571265
2021-06-29,0.004000879899307197,0.004000941932013724,0.0005383154646545485
2021-06-30,0.00019138959739573025,0.00019144598155951265,0.0008417081302440899
2021-07-01,0.0036778052481167833,0.0036777291028351478,0.005536470299454255
2021-07-02,0.006538282787652117,0.006622712184629398,0.0076435279410072
2021-07-06,-0.002112240627249462,-0.002112638019351021,-0.0018214823523000634
2021-07-07,0.005002916980768823,0.005002853266070861,0.00353385610924839
2021-07-08,-0.006828946830546245,-0.006829251999730168,-0.008147715015089818
2021-07-09,0.009133739718500511,0.009134033523993779,0.010674565188096619
2021-07-12,-0.00018335928070645213,-0.0001830508150785226,0.003582062181022083
2021-07-13,-0.0032251072802468306,-0.0032252512557974233,-0.0034090862284404944
2021-07-14,0.0023445987425876336,0.0023445291641654986,0.001492260953441793
2021-07-15,-0.002420550179827119,-0.002420270893531251,-0.0034155007412670635
2021-07-16,-0.0022059126779314653,-0.002206097259105144,-0.007843370216515821
2021-07-19,-0.00872418951370535,-0.008724389735527138,-0.014767986923154508
2021-07-20,0.011297978458220781,0.011298028258966308,0.014330404990878565
2021-07-21,0.0032769201957014715,0.0032770030796043237,0.008096174823552404
2021-07-22,0.006580407507182695,0.006579520575824338,0.0020943007044604833
2021-07-23,0.013258423266636177,0.013258481663246613,0.010287704846807078
2021-07-26,-0.0018171243357396616,-0.0018170731468242218,0.002455094289028237
2021-07-27,-0.0024219411177753836,-0.0024217406418851617,-0.004557784059542214
2021-07-28,-0.001068248100952629,-0.0010687590168929617,-0.00041001189548972583
2021-07-29,0.0084529190525382,0.008453030281297291,0.004147376305794204
2021-07-30,-0.0044210627719648565,-0.004420885344825098,-0.004856295259186072
2021-08-02,0.001372665353549296,0.0013724718612115883,-0.002098229444887023
2021-08-03,0.009563304269068595,0.009632129471320416,0.008135738363774347
2021-08-04,-0.0017937639526774962,-0.001793983077945871,-0.004919276175308518
2021-08-05,0.0007781690771524463,0.0007782317270705885,0.006332913972587173
2021-08-06,-0.0007649518474872607,-0.0007650283971366578,0.0016525119114676468
2021-08-09,-0.0033977434605199086,-0.003397750997719662,-0.0008132787695330768
2021-08-10,0.0008937263750081748,0.0008938334379111623,0.0012437879086935055
2021-08-11,0.0016665628127359167,0.0016666724540903566,0.002484929302334349
2021-08-12,-3.581763654558756e-07,-4.811740176302592e-07,0.002996784370488559
2021-08-13,0.00405859109746709,0.004058525578845895,0.0018201725953972403
2021-08-16,0.0050379659291686085,0.005038024473021707,0.0023544158547013083
2021-08-17,-0.006251295798626266,-0.006251233382633448,-0.006555187973096399
2021-08-18,-0.010734707670171706,-0.010734674717939874,-0.010945064584911401
2021-08-19,0.005432665440608053,0.005432448156355685,0.0015482596705671536
2021-08-20,0.007626476942429239,0.0076264945624839875,0.007957122061817978
2021-08-23,0.002809008159664339,0.002809076578709213,0.00879672556769262
2021-08-24,-0.000991376082125961,-0.0009910448285342932,0.0015872541907666626
2021-08-25,0.003201190170631918,0.0032010465841314506,0.002098419820750985
2021-08-26,-0.007015432529019483,-0.0070152083858144865,-0.0059031282343174896
2021-08-27,0.006272195218628873,0.006272344983238476,0.00894090402343628
2021-08-30,0.006020664144917642,0.0060205522245471155,0.004397467108962605
2021-08-31,-0.003698947287129717,-0.0036987678568550786,-0.0014812880351373625
2021-09-01,9.507599681346512e-05,9.51604202206191e-05,0.0005314161853522403
2021-09-02,0.0036654083924165803,0.0038347956922140103,0.0030764616235630093
2021-09-03,0.0010380795019850897,0.0010392249517012786,-0.00024290343494204336
2021-09-07,-0.010869426529102166,-0.010869649094195855,-0.0035753698350161622
2021-09-08,-0.0013815078861344476,-0.0013830296798152952,-0.0012181561751476444
2021-09-09,-0.003812681020910258,-0.003809556819245774,-0.004280397855445428
2021-09-10,-0.0023374014314087033,-0.0023366468845580357,-0.007884654206780861
2021-09-13,-0.0016179950254798792,-0.0016155441207522658,0.0025594782926405824
2021-09-14,-0.0031864494002045163,-0.003186591201764344,-0.005396438573365359
2021-09-15,0.007147874313902625,0.007149776138386521,0.008352513676311624
2021-09-16,0.002417284143133136,0.0024183395052781442,-0.001585276449892814
2021-09-17,-0.007054924735980239,-0.0070546565288110985,-0.009740946114425886
2021-09-20,-0.012993570914767494,-0.012996202100794663,-0.01667434948370894
2021-09-21,0.0002557092159425345,0.0002555774351378215,-0.0009447129788767716
2021-09-22,0.003913490520699003,0.003915883836224099,0.009755012194987867
2021-09-23,0.008419166670215361,0.008420089639810113,0.012149979332359617
2021-09-24,-0.0020041726602234577,-0.0020042350291504807,0.0016473311100926313
2021-09-27,-0.005120070288605283,-0.005119218243932688,-0.002861017287015377
2021-09-28,-0.022398774028513202,-0.02240159575606382,-0.02015188381978017
2021-09-29,0.001847689060060942,0.0018438786557908315,0.0016832615568036502
2021-09-30,-0.013707254787544865,-0.013706080264932918,-0.012222361496838974
2021-10-01,0.0032674328552690923,0.003267212367034533,0.011884327280136997
2021-10-04,-0.013974100234825815,-0.013910639144807169,-0.012896261105424633
2021-10-05,0.009231677429272667,0.009231630323613516,0.010404922601927158
2021-10-06,0.0038272201154769814,0.00382710549906351,0.00415598007600626
2021-10-07,0.01201373804067063,0.012013679655472842,0.008645708705106392
2021-10-08,-0.004753202589429684,-0.0047531758103018795,-0.001823632558234256
2021-10-11,-0.0045214529359597355,-0.004521593110847433,-0.00723974738606703
2021-10-12,0.0006201569677219965,0.0006201535695840033,-0.0024614980437046574
2021-10-13,0.004886955243455837,0.004887098262738476,0.003597630083474357
2021-10-14,0.01787208948010366,0.01787190952936668,0.01682082847824895
2021-10-15,0.004112967386059596,0.004112707756427358,0.007615542520026386
2021-10-18,0.0024384832633954634,0.0024384199172622356,0.0029603325103315647
2021-10-19,0.0054396269863155045,0.005439677271261267,0.007715093650185745
2021-10-20,0.00587957419163887,0.005879429576496342,0.003927606348205215
2021-10-21,0.0100175961475919,0.010017630666778521,0.0026083527292575237
2021-10-22,0.0030305443105562713,0.003030485151242601,-0.0010362100192337076
2021-10-25,0.004143766647575209,0.004144014070474267,0.005362773549228761
2021-10-26,-0.0021283477099792725,-0.002128299956931423,0.0009000342437031073
2021-10-27,-0.006916589245179239,-0.006916682737988067,-0.004430217649496471
2021-10-28,0.008959009849414779,0.008959450968958116,0.009648910449911119
2021-10-29,0.009341719004973159,0.009342033744795142,0.002029176197748228
2021-11-01,-0.0016882067319287097,-0.001688099250427122,0.0017200600493494367
2021-11-02,0.001021991489534635,0.0012101442319114586,0.004043179448625089
2021-11-03,0.010747944268323595,0.010747902385956465,0.006105265031711049
2021-11-04,0.011638569359598394,0.011638394467380353,0.004712578357497943
2021-11-05,0.0012517098550310912,0.0012521483890417517,0.0034695671947455597
2021-11-08,-9.580082809967916e-05,-9.74797294648333e-05,0.0008537203550846861
2021-11-09,0.003984425262949065,0.00398446163900279,-0.0033053010479855427
2021-11-10,-0.00911443266615497,-0.0091145792999342,-0.008044953669156585
2021-11-11,0.0034262575891852443,0.0034263426251053275,0.0003237379971499088
2021-11-12,0.009291379242505116,0.0092914019878787,0.007546493606379379
2021-11-15,0.0003103923159337718,0.0003107381518050456,0.00034250678938541057
2021-11-16,0.007717747245589157,0.007717230255231078,0.003957897188071158
2021-11-17,-0.004180657251456998,-0.004179394363586608,-0.0024292040132970483
2021-11-18,0.001241363639595594,0.0012427164315835793,0.003396398451554594
2021-11-19,0.000447324092846646,0.0004486750399432804,-0.0017881701531110572
2021-11-22,-0.004694945419299046,-0.004693684580285518,-0.002815273861006551
2021-11-23,-0.0014118036048559324,-0.0014105845533438632,0.001325952030557298
2021-11-24,-0.00010879302784161382,-0.00010780786457864622,0.0026699268984593516
2021-11-26,-0.01697973721670276,-0.0169800732857881,-0.022303137197962175
2021-11-29,0.012984478619114448,0.01298492376431648,0.01226665407884786
2021-11-30,-0.022893096815097214,-0.022890654545693834,-0.01945774783697074
2021-12-01,-0.011231398479166654,-0.011231344353743511,-0.011107221187110827
2021-12-02,0.012744236957695776,0.012876773520092755,0.01531637869389968
2021-12-03,-0.0030423367356043896,-0.0030423795630348804,-0.008701426575988491
2021-12-06,0.008873341933295364,0.00887281169139098,0.011843417699721082
2021-12-07,0.021451447509816868,0.021453097276514566,0.02068474258430708
2021-12-08,0.003028222217856147,0.0030281293878953175,0.0026479531544385537
2021-12-09,-0.005821774476683972,-0.0058220402068208665,-0.006751637248578635
2021-12-10,0.011075165018481936,0.011074618825934524,0.00941362464499318
2021-12-13,-0.003332637241654557,-0.0033323586628095647,-0.008858385467373608
2021-12-14,-0.005482056694418702,-0.0054825123173150025,-0.006879993554988806
2021-12-15,0.020605234411046336,0.020606421451650148,0.015624969192423288
2021-12-16,-0.01136745113891835,-0.01137013148789523,-0.008818311214292551
2021-12-17,-0.008788817969027862,-0.00878786511749352,-0.01064301806473067
2021-12-20,-0.00937389885930262,-0.00937377258010852,-0.010633355409267242
2021-12-21,0.013730143332342237,0.01373068879903605,0.017758823509654187
2021-12-22,0.008926791541309154,0.008926905672017149,0.009998795089018797
2021-12-23,0.005714239935127097,0.0057142710978308475,0.006222071624005343
2021-12-27,0.016224375101809407,0.016224324334479734,0.014152304037380992
2021-12-28,0.0006558373092622194,0.0006554008731038952,-0.0008172525028188327
2021-12-29,0.007743304389991268,0.007743695698275266,0.0012791776389848852
2021-12-30,-0.004916305805723664,-0.004917188972312969,-0.002764413050813319
2021-12-31,0.00012133943075842701,0.00012130414946875945,-0.002520379669829431
2022-01-03,0.0,0.0,0.0
2022-01-04,-0.0056584264427227415,-0.00416691408238723,-0.004977391438572232
2022-01-05,-0.020625845498076556,-0.020625845498076445,-0.01920201479298711
2022-01-06,0.0016829313917143818,0.0016829313917141597,-0.0009395128389212415
2022-01-07,-0.012953938545934518,-0.012953938545934296,-0.003953361232545971
2022-01-10,-0.002250734060694426,-0.002250734060694315,-0.0012445144398554042
2022-01-11,0.007377139374676656,0.0073771393746764335,0.009108359337260952
2022-01-12,0.0010579467203750692,0.0010579467203748472,0.0027035177708931712
2022-01-13,-0.01001169300756688,-0.01001169300756699,-0.01377859103890422
2022-01-14,-0.001971842234074983,-0.001971842234075094,0.0004090452475156159
2022-01-18,-0.02154389014046587,-0.021543890140465982,-0.017709580758721977
2022-01-19,-0.0076964649743973546,-0.0076964649743973546,-0.010383589964794715
2022-01-20,-0.01532517512537046,-0.01532517512537046,-0.011067901810805636
2022-01-21,-0.0109421501197704,-0.010942150119770178,-0.019630868636643317
2022-01-24,0.015743005063817428,0.015743005063817428,0.004246878239750673
2022-01-25,-0.024044989527640892,-0.02404498952764078,-0.01220891672208435
2022-01-26,-0.010408940018489687,-0.010408940018489798,-0.0025088279326753726
2022-01-27,-0.008365106953874824,-0.008365106953874824,-0.004937995216556357
2022-01-28,0.024111669940781066,0.024111669940781066,0.024835270076550175
2022-01-31,0.01785461454468762,0.01785461454468784,0.018011008304968934
2022-02-01,0.005057203043151048,0.005057203043151048,0.006757108821755953
2022-02-02,0.0121105325688311,0.012186205904711755,0.009714029631795906
2022-02-03,-0.022015299044258585,-0.02201561328167334,-0.02350487551527236
2022-02-04,-0.0052928471127574594,-0.005292302144857097,0.004702055938193839
2022-02-07,-0.004489762699025457,-0.004489777580035659,-0.003209187550262338
2022-02-08,0.008558183975789335,0.008558241521753107,0.008227814651572851
2022-02-09,0.015855495463886093,0.015856302738284977,0.014635993948788784
2022-02-10,-0.02037236826751787,-0.02037273675186535,-0.017965675675963855
2022-02-11,-0.01914739527079301,-0.019148446372711958,-0.01971838609556764
2022-02-14,-0.004880711718965203,-0.004880638982187269,-0.003269444929599463
2022-02-15,0.017575023376502186,0.017575876304351867,0.0161268199792155
2022-02-16,0.0010485746104074156,0.0010485404028615086,0.0011209100340507927
2022-02-17,-0.015159190707064951,-0.015159631584463096,-0.021361538048794926
2022-02-18,-0.0033029414372057753,-0.0033030195892130854,-0.006474970000900249
2022-02-22,-0.017086733571302304,-0.01708656902269501,-0.01073175932998438
2022-02-23,-0.018040980735328005,-0.01804139653637049,-0.017738581909533258
2022-02-24,0.015788847798311245,0.015790237703192878,0.015049062778827116
2022-02-25,0.02424261749657508,0.024242658990441646,0.022064049375030814
2022-02-28,-0.0029920913443050035,-0.00299238541843716,-0.002558438159107057
2022-03-01,-0.009875332736979825,-0.009876098499036146,-0.015230198095190106
2022-03-02,0.017992960152694693,0.01847086925164665,0.01839610239405065
2022-03-03,-0.00632981002597377,-0.006337215080994385,-0.004978467208594628
2022-03-04,-0.007886433806255644,-0.007892450329902934,-0.0081247405423851
2022-03-07,-0.033856133729191495,-0.03386172012033284,-0.029479053618148177
2022-03-08,-0.009349437775538094,-0.009346696753692596,-0.007581794174490009
2022-03-09,0.027765681188202995,0.027773651360202933,0.026810872794151175
2022-03-10,-0.006033945546871533,-0.00603634180380308,-0.004515613552211306
2022-03-11,-0.017150502343246,-0.01715127025130536,-0.012715116705589002
2022-03-14,-0.006299229153595487,-0.0062989406720704855,-0.007308392231885175
2022-03-15,0.025909271857116334,0.025909186663209738,0.021990688578889417
2022-03-16,0.024953016607308864,0.024961138514670633,0.022174168695649366
2022-03-17,0.011600594799373587,0.011599915963927065,0.012511025144981147
2022-03-18,0.014518460843223835,0.014524888637740263,0.010952641805038965
2022-03-21,-0.005967635217005607,-0.005966535602839107,-0.000292402351469101
2022-03-22,0.008416474258764017,0.00842203583617418,0.011701265575344122
2022-03-23,-0.019957733605331818,-0.019959909871831383,-0.012878365243265688
2022-03-24,0.01582609151260561,0.015828315966718742,0.015074388504740854
2022-03-25,0.0006598872510203968,0.0006549179265535887,0.004883523798580258
2022-03-28,0.0067059755370193486,0.00670522084755909,0.0071131866865845605
2022-03-29,0.01761260407510057,0.017615522885765067,0.012370732215050584
2022-03-30,-0.011148450260061282,-0.011153067980394171,-0.006174849668612592
2022-03-31,-0.01684539182674938,-0.016845333395265505,-0.015391215415467396
2022-04-01,0.0009850405211409008,0.000987966463438683,0.0028340044070318537
2022-04-04,0.009353911569430995,0.009558506773846176,0.008566656759556146
2022-04-05,-0.013232105479333178,-0.013231583629078503,-0.012631314983390096
2022-04-06,-0.0036435744164430295,-0.003645978555232965,-0.009999122518356551
2022-04-07,0.012638585616815412,0.012638670697126875,0.005038878284455484
2022-04-08,0.0009542786885821108,0.0009547389548905105,-0.002674231509648295
2022-04-11,-0.013715206750339215,-0.013713080841386671,-0.017092173752834783
2022-04-12,-0.0020731523806640784,-0.0020719768406007866,-0.0037051844141023915
2022-04-13,0.01519637787307282,0.015196815554393783,0.011453672102416768
2022-04-14,-0.011692517319174422,-0.011692054452991929,-0.012451878753066081
2022-04-18,-0.004731387437605261,-0.004730931300390373,0.00041113991484453827
2022-04-19,0.020568898168156213,0.020571720329359167,0.016142654654739852
2022-04-20,0.0063326475243850044,0.006333436099447365,-0.0007414409095629626
2022-04-21,-0.014728644207967823,-0.014729286746044234,-0.014953597862132795
2022-04-22,-0.030319917763489523,-0.030321013421285348,-0.02743919741797829
2022-04-25,0.01146759273105169,0.0114687750318192,0.005797616816809015
2022-04-26,-0.023443057684766733,-0.02344343666041726,-0.028960703029004775
2022-04-27,-0.001086345388739307,-0.0010862689710252615,0.002811752416221891
2022-04-28,0.017536043053571815,0.01753725523804195,0.025259442325715753
2022-04-29,-0.03576241830048221,-0.0357629542844613,-0.03695583506465949
2022-05-02,0.007138825094333834,0.007141295158507033,0.0060196541542922866
2022-05-03,0.004586223295813152,0.004686411963242598,0.004583955015679431
2022-05-04,0.029975966285660904,0.0299758349921857,0.030453080210405936
2022-05-05,-0.04031700885388245,-0.04031901650346792,-0.035542964270966704
2022-05-06,-0.01140057408495776,-0.011401376368967986,-0.005968884754121717
2022-05-09,-0.027626426145150762,-0.027627885436470545,-0.032017353045864616
2022-05-10,0.0015422824282862457,0.0015421059156082162,0.0023106431067470012
2022-05-11,-0.018440505780804695,-0.018440754347064936,-0.015886166883656405
2022-05-12,0.014355464539569152,0.014355521488268908,-0.0010438388378198882
2022-05-13,0.026876540937783577,0.02687847315313463,0.023907721019996053
2022-05-16,-0.002481583313644342,-0.002482330665373067,-0.004057595129336677
2022-05-17,0.015570932950252026,0.015572409558217926,0.020570335551547858
2022-05-18,-0.04991118587770216,-0.049910948825879764,-0.04031137164592191
2022-05-19,-0.0013608388775667724,-0.0013595176659828567,-0.0061247265776605
2022-05-20,-0.00017273654370164593,-0.00017282104891258587,0.0004366095528771652
2022-05-23,0.010701195099533267,0.010700774877246078,0.018709863552091477
2022-05-24,-0.007769306995669911,-0.007770643441033398,-0.007633603994165794
2022-05-25,0.014387387776820804,0.014387630283029917,0.008834853633777229
2022-05-26,0.02570300702991668,0.025703191150882043,0.019981491670231888
2022-05-27,0.02884162818519398,0.02884258062561451,0.024549065301910034
2022-05-31,-0.011557821337669805,-0.011557324814830405,-0.005610917384172742
2022-06-01,-0.012725989256009762,-0.012726357882543171,-0.008088612713119558
2022-06-02,0.023398802229648963,0.02358958560735136,0.01904379485621921
2022-06-03,-0.015128685347897353,-0.015127798382987834,-0.01641183099374688
2022-06-06,0.003598450895273775,0.0035980882390098667,0.0030447692563257966
2022-06-07,0.007372804586019299,0.007372150173553971,0.009592245726223414
2022-06-08,-0.010500275388517832,-0.010500537854489345,-0.010872143184489369
2022-06-09,-0.02119061993671989,-0.021190614184668277,-0.023783059889403213
2022-06-10,-0.02686366058706402,-0.02686405672263048,-0.028995451560883678
2022-06-13,-0.03881868109343378,-0.03881952204334005,-0.03796819538522256
2022-06-14,-0.0033770216494137806,-0.0033769848691278526,-0.003013344738324264
2022-06-15,0.01450444958126762,0.014504998820209059,0.014256296544701064
2022-06-16,-0.034017318010875264,-0.03402019357882735,-0.03309610344806069
2022-06-17,0.0058033036902715995,0.00580418219300749,0.0021559293804278568
2022-06-21,0.019041018584414315,0.01904104115339811,0.025173557967893778
2022-06-22,0.0008843332091270639,0.0008833989944971865,-0.0018131285791349594
2022-06-23,0.02229032470095338,0.02229064790800539,0.009802696107800157
2022-06-24,0.029831308936448364,0.02983148190264817,0.03179377278044915
2022-06-27,-0.004383078437500076,-0.0043843652099377906,-0.0038195747559410798
2022-06-28,-0.02492457668375425,-0.024924516188924217,-0.020432949158319502
2022-06-29,0.0013096561658751948,0.0013086441166845209,-0.0008142957228024494
2022-06-30,-0.0069841834681078074,-0.006984848788319842,-0.008124306247192736
2022-07-01,0.008145716151749749,0.008146454648744639,0.010576448843111264
2022-07-05,0.008695807839304015,0.008814347604988448,0.001888758387074363
2022-07-06,0.00476524692634217,0.004765079338540534,0.00337731846321776
2022-07-07,0.019243660547966668,0.019245742629802276,0.014977006355389788
2022-07-08,-0.00023715226390863542,-0.0002371533937474135,-0.0008228064661620627
2022-07-11,-0.010387653165519484,-0.010388866486929604,-0.01142348478148858
2022-07-12,-0.006732515979158249,-0.006732044319254782,-0.008848764380838037
2022-07-13,-0.0008232851516061235,-0.0008226032160645325,-0.005251605978023877
2022-07-14,-0.0005424107138600753,-0.0005418348522675531,-0.002428638768715019
2022-07-15,0.01854047363970901,0.018540790237035365,0.019105083939800593
2022-07-18,-0.007177471679423064,-0.007176389004913797,-0.00825689857045786
2022-07-19,0.029400384039490968,0.02940194628413373,0.027019088730410923
2022-07-20,0.009420554806313097,0.009422753473598222,0.006373310471702309
2022-07-21,0.01301952581816379,0.013020605904504157,0.010183094919505864
2022-07-22,-0.012690057912839614,-0.012691963822062502,-0.009278181980042599
2022-07-25,-0.004591500856401032,-0.004591650356679633,0.0012148683152017892
2022-07-26,-0.017918957407148328,-0.017919701945694033,-0.011830756638421591
2022-07-27,0.021784498166445676,0.021786426574105677,0.02596626155387205
2022-07-28,0.014575806506707867,0.014576365374245448,0.012542395933048622
2022-07-29,0.009549737370427414,0.009550967153799439,0.014578678983015791
2022-08-01,0.003767955824231839,0.0037680683965037876,-0.0029613105659768157
2022-08-02,-0.007193871061586754,-0.0070337897186254494,-0.00659721491084031
2022-08-03,0.01528127271914026,0.015280139533654591,0.01565939754464063
2022-08-04,-0.0005212001898040608,-0.0005218061839656896,-0.0006753096752750709
2022-08-05,0.0007458941203546399,0.0007456570346655589,-0.0016903501671180488
2022-08-08,0.003064061461807599,0.003064747537167678,-0.0011609416545834694
2022-08-09,-0.01781983500388018,-0.017817872085204578,-0.0039707636884128705
2022-08-10,0.020287099919845897,0.02028591711847616,0.02100393645804144
2022-08-11,0.00047483155993455206,0.00047440361734985004,0.0
2022-08-12,0.016749935267828864,0.01674954553019714,0.01692884587025767
2022-08-15,0.005698635991776779,0.00569922103258147,0.004120838742911914
2022-08-16,0.0038070271155858926,0.0038064769065373483,0.00195853342608876
2022-08-17,-0.009094765142260264,-0.009093890570956553,-0.0070979265555152216
2022-08-18,0.0015570818461352331,0.0015570334678303155,0.0029066092909375563
2022-08-19,-0.013169894135593996,-0.013168360791058653,-0.013438200216609575
2022-08-22,-0.022397440909311395,-0.022396197909779425,-0.020822355836348505
2022-08-23,-0.005002856594031435,-0.00500346725119194,-0.002419219584622545
2022-08-24,0.0020882112740714387,0.0020883656718269084,0.0032009669038008948
2022-08-25,0.01498120722734897,0.014980217012495078,0.014117583909121878
2022-08-26,-0.03943100757008877,-0.03942966396178038,-0.03384896746874344
2022-08-29,-0.005970019615875399,-0.0059700090620966595,-0.006612190165563581
2022-08-30,-0.0061910436386650725,-0.006191539119916212,-0.010978028392464423
2022-08-31,-0.008251355704951169,-0.008250800441040318,-0.007609215770564726
2022-09-01,0.0062549541706680145,0.006255205215259574,0.0031379949255347928
2022-09-02,-0.010649502338327066,-0.010525671653368818,-0.010544363180384764
2022-09-06,-0.004848302994616582,-0.004848942448803739,-0.0037731157439623297
2022-09-07,0.024291390509013633,0.024291202593476946,0.017964905209541637
2022-09-08,0.011783194071429248,0.011785443917353255,0.006536386800654492
2022-09-09,0.013758700396847123,0.013759757434299802,0.015535204117248513
2022-09-12,0.005602660225854317,0.005602159294600728,0.010747729314671384
2022-09-13,-0.04684092977846288,-0.04684178928162852,-0.0434824401281263
2022-09-14,-0.0014288761925217441,-0.0014272187575745665,0.0038157635467981343
2022-09-15,-0.009274445110479035,-0.009275981012503043,-0.011353312270845572
2022-09-16,-0.006059659425538877,-0.0060598540392706735,-0.007628934124167208
2022-09-19,0.0044568297091205356,0.004455823251669377,0.007754857696448125
2022-09-20,-0.013515610754387675,-0.0135157360702155,-0.011478539223154227
2022-09-21,-0.013097544624699808,-0.013098040106865438,-0.017443764762905545
2022-09-22,-0.014411485388319711,-0.014413039389457039,-0.008399775628965434
2022-09-23,-0.009834945245802307,-0.009835142894826898,-0.016754959913737766
2022-09-26,-0.011553580156734022,-0.011553926485608157,-0.009892579822617376
2022-09-27,-0.0008798005962389333,-0.0008786343060885882,-0.002552688629687938
2022-09-28,0.02078631396198105,0.020786021836253,0.019676188112379256
2022-09-29,-0.017725664151863607,-0.017725748576970846,-0.020888912561054407
2022-09-30,-0.015024364514378497,-0.01502498850635614,-0.015463495547191619
2022-10-03,0.02859931550950434,0.028600817088571207,0.026401266969970916
2022-10-04,0.029152982240109315,0.02926611514662758,0.030986558600778036
2022-10-05,0.0037757824349990976,0.0037749138503127,-0.0023281127889307474
2022-10-06,-0.006707506004242858,-0.006707123831552031,-0.01031586184476152
2022-10-07,-0.03302149459981962,-0.03302162271856002,-0.027893942489252477
2022-10-10,-0.008160895104601718,-0.008159021253178134,-0.0076353096836598855
2022-10-11,-0.003649490020535273,-0.003648967296513539,-0.006332909972757483
2022-10-12,-0.0020854546520299166,-0.0020847831280204066,-0.0032986760012650995
2022-10-13,0.019174193324290156,0.019175497652531792,0.02639137865104102
2022-10-14,-0.024888789611222983,-0.02488990174772099,-0.022788745904938512
2022-10-17,0.02475459021698967,0.02475494890165053,0.0256967622969273
2022-10-18,0.009625624716629089,0.009625593949803335,0.011749749001394472
2022-10-19,-0.013508550389854768,-0.013508736839610402,-0.007086385519014526
2022-10-20,-0.008358520461645758,-0.008356688765965181,-0.008385403383119883
2022-10-21,0.02587234438209851,0.02587549893565355,0.024301344375728506
2022-10-24,0.014355911231359375,0.014354256628332118,0.012236428921737819
2022-10-25,0.020910480306441714,0.020910805989401426,0.015968613704059775
2022-10-26,0.0005886998656232656,0.0005885027012859645,-0.007534192412415375
2022-10-27,-0.00966683789053202,-0.009668156906255665,-0.005339616270874203
2022-10-28,0.02301542507523968,0.02301364599442679,0.02379044291552379
2022-10-31,-0.006964355785199161,-0.006965535800669831,-0.007223193736808575
2022-11-01,0.0062469674261727,0.006247880826362628,-0.004375951673780798
2022-11-02,-0.0299856275036936,-0.029833972865598524,-0.025096187507376855
2022-11-03,-0.006748126245714303,-0.006748012014431537,-0.010296956219329911
2022-11-04,0.0167079010620379,0.016708287595580407,0.014393336366689047
2022-11-07,0.009883499541707419,0.009883777266693095,0.009565449767275691
2022-11-08,0.007854247290388416,0.007853908291262757,0.0053955227819986185
2022-11-09,-0.01594568429744614,-0.015944608123260928,-0.020602300842125332
2022-11-10,0.058647169809246114,0.058650038455537734,0.05495410589836269
2022-11-11,0.014041515705775165,0.014043100510344741,0.009678735212036882
2022-11-14,-0.010044053118996255,-0.010044820521005082,-0.00850677916983611
2022-11-15,0.01417060723467678,0.014172662622095045,0.008529248279308455
2022-11-16,-0.015316669352966161,-0.015317781451543389,-0.007628899041646875
2022-11-17,-0.0008684781166491407,-0.0008692632226338093,-0.0030599493056449045
2022-11-18,0.006424648191957205,0.006424586237265828,0.004540541280916521
2022-11-21,-0.005716071795870414,-0.005717172306983542,-0.003636174752600918
2022-11-22,0.01669595205600438,0.016695761176521717,0.013456971219873326
2022-11-23,0.005744527357087081,0.005744943190051144,0.006301605638700192
2022-11-25,-0.0005358186890105365,-0.0005365229307676689,-0.0002237221698127012
2022-11-28,-0.010845163061953378,-0.010845477628706024,-0.015957093252224608
2022-11-29,-0.0020925119902446276,-0.002092608048049449,-0.0017171568085417865
2022-11-30,0.03004263476627167,0.030044441625436624,0.03150052499519562
2022-12-01,0.003852891459191099,0.0038492914211931684,-0.0007359872869332484
2022-12-02,-0.0011212162908657008,-0.00103686875879061,-0.0011537513527365428
2022-12-05,-0.016662423389471437,-0.01666240018143128,-0.017989231169653896
2022-12-06,-0.014156724239837049,-0.014156691807431288,-0.014414636741935993
2022-12-07,0.0025552953282921287,0.0025552387450622494,-0.0017013330482271716
2022-12-08,0.011782706678337584,0.011782483396171495,0.007834024790427163
2022-12-09,-0.012409181330187646,-0.012409013727792462,-0.007470397617597602
2022-12-12,0.011842320879185575,0.011842353206375833,0.01441723765615377
2022-12-13,0.008062513981378583,0.008061581666023221,0.007569910977531125
2022-12-14,-0.004931659510606479,-0.004931691883432121,-0.006393654626225986
2022-12-15,-0.024075694557217253,-0.024075619484062116,-0.024461545815825048
2022-12-16,-0.007897973795295776,-0.00789784398722393,-0.011806230517979022
2022-12-19,-0.010331304180584033,-0.010331431486180875,-0.008479702491652419
2022-12-20,0.001370621594850796,0.0013704849237763383,0.0013683994281565859
2022-12-21,0.01823313756362488,0.018232696264268933,0.014952622129840387
2022-12-22,-0.01235031997106617,-0.012350066948076499,-0.014266277672469907
2022-12-23,0.0034379787146234797,0.003438074797930568,0.005752459039676472
2022-12-27,-0.002838746213104537,-0.0028386428347304538,-0.003943695489253662
2022-12-28,-0.011896834136953638,-0.011896716769868254,-0.01242790578122821
2022-12-29,0.017991567966961997,0.017991504321656082,0.018000546194413936
2022-12-30,-0.0035200035772314786,-0.0035198855956158903,-0.002634285564565686
2023-01-03,0.0,0.0,0.0
2023-01-04,0.00013707446872412987,0.0016372800804269616,1.3673057224661278e-05
2023-01-05,-0.012021518285359578,-0.012021518285359356,-0.01141344421288959
2023-01-06,0.022873057266602936,0.022873057266602714,0.022931794376160664
2023-01-09,0.00022524479043806167,0.00022524479043828372,-0.0005666448269729951
2023-01-10,0.009265531710495045,0.009265531710495045,0.00701270984056146
2023-01-11,0.012382726511861009,0.012382726511861009,0.012647872045784547
2023-01-12,-0.0002103038177260208,-0.00021030381772590978,0.0036408048745546484
2023-01-13,0.005463674809332186,0.005463674809332408,0.0038795554127668552
2023-01-17,-0.002523316008817944,-0.002523316008817833,-0.0018318796027319006
2023-01-18,-0.009039446928612693,-0.009039446928612915,-0.01578801608828595
2023-01-19,-0.01450506227585191,-0.014505062275851688,-0.007279660983704361
2023-01-20,0.018785716787474982,0.01878571678747476,0.018629023168984737
2023-01-23,0.01688934582368562,0.01688934582368562,0.011998627342807433
2023-01-24,-0.0029628449553519287,-0.0029628449553518177,-0.0010734300935140162
2023-01-25,0.002202362579561301,0.002202362579561301,0.00037487704968164337
2023-01-26,0.008962258960943048,0.008962258960942604,0.010990354669102587
2023-01-27,-0.004705790225521866,-0.004705790225521533,0.0022975721543583294
2023-01-30,-0.010061568223874051,-0.010061568223874162,-0.012546832947207598
2023-01-31,0.017399298473242508,0.017399298473242508,0.014703494464065603
2023-02-01,0.02194767952712895,0.02194767952712895,0.010627672454092796
2023-02-02,0.019398111961741016,0.019531959143737065,0.014556989778103935
2023-02-03,-0.014863191048005264,-0.01486217499947784,-0.010629110241724748
2023-02-06,-0.00866262772211901,-0.008661723840422075,-0.006111417860116819
2023-02-07,0.009038857545088819,0.009037929974511805,0.013078533893259081
2023-02-08,-0.010822792012432747,-0.010821359050645296,-0.010934524091624875
2023-02-09,-0.0024713340903956826,-0.0024709353118067545,-0.008669224521750118
2023-02-10,-2.9566622405163834e-05,-2.846060014294327e-05,0.0023338018909189184
2023-02-13,0.015312925516061782,0.01531248332498647,0.011738835434946582
2023-02-14,0.000766984476205268,0.0007664115064081045,-0.0004602085462386274
2023-02-15,0.005328146723673877,0.005327356484027712,0.003247367508553145
2023-02-16,-0.01512550102355159,-0.01512464190059426,-0.01376883107066662
2023-02-17,-0.0010830997195329095,-0.0010820539171567667,-0.0024982295162850887
2023-02-21,-0.024674686895103992,-0.024673848909652074,-0.020060951744074185
2023-02-22,-0.0006372248598378594,-0.0006374506350963483,-0.0013780517223561661
2023-02-23,0.0010603815275678219,0.0010595701236151278,0.005319271066065223
2023-02-24,-0.016542236932963417,-0.01654195655066193,-0.010682312347813694
2023-02-27,0.0007891482078374867,0.000788695300065978,0.003405843725257096
2023-02-28,-0.0004383071581498532,-0.00043938602471982335,-0.0036959509210152675
2023-03-01,-0.0069492359983659435,-0.00694944015470822,-0.003835863136222417
2023-03-02,0.010480351600496318,0.010740467546412447,0.007777295956619801
2023-03-03,0.014143827318437552,0.014143055759601841,0.016037605797672994
2023-03-06,-0.0021175035959986044,-0.002117724934000642,0.0006931161126224605
2023-03-07,-0.01424702275330425,-0.014247758958679801,-0.015328883460585474
2023-03-08,0.004945918915459702,0.004947170966451253,0.0016320983847801784
2023-03-09,-0.015831267829967133,-0.015833704614805932,-0.018449811298357988
2023-03-10,-0.015146610789499748,-0.015149720652440024,-0.014429491730757027
2023-03-13,0.00215732280016967,0.0021516029157664374,-0.0014252820882890704
2023-03-14,0.013231489570277644,0.013229601050027684,0.016530085938712302
2023-03-15,-0.009097699512892743,-0.009108840807032559,-0.006254321725367551
2023-03-16,0.016890922950665077,0.01689291258109682,0.01754504060229478
2023-03-17,-0.011322777852380117,-0.011324154058355518,-0.011692639585236808
2023-03-20,0.012430207249398917,0.01243178060082406,0.00961561958721946
2023-03-21,0.009899901066544592,0.009903567486464926,0.013130809191266968
2023-03-22,-0.01982426760975453,-0.01982632699588638,-0.01704672207800839
2023-03-23,0.0015789348565942163,0.0015771852229202743,0.002703132867100999
2023-03-24,0.0013935865188485774,0.0013924357976873303,0.006562317697633935
2023-03-27,0.0038803188301210767,0.0038829695110307316,0.001869811627109863
2023-03-28,-3.5070111211288335e-05,-3.283631068495829e-05,-0.002244634806711554
2023-03-29,0.011924656002553657,0.011925140782152122,0.014534805492768754
2023-03-30,0.006793455140853055,0.006792343523840838,0.0058553435509463014
2023-03-31,0.014775189000284072,0.01477381455564486,0.014094581982270649
2023-04-03,0.006130004085831864,0.006136279469331374,0.0038106022314881027
2023-04-04,-0.008828546703688489,-0.008716815429780977,-0.0055481579771146095
2023-04-05,-0.006791840175755404,-0.006792015577227417,-0.0026182430785608446
2023-04-06,-0.0006126039673821637,-0.0006130646683490948,0.0039009994131220527
2023-04-10,0.0065251404450115125,0.006525309256861123,0.0010262589081027063
2023-04-11,0.0032864773271217285,0.0032868900345544017,0.00026846021956461463
2023-04-12,-0.0065369990361562325,-0.0065361329147271,-0.0040759216449689495
2023-04-13,0.01304654321207388,0.013046742563287639,0.013282797961150505
2023-04-14,-0.0030523191805271743,-0.0030523673897322467,-0.0024427678638193617
2023-04-17,9.664785559460043e-05,9.691124441491006e-05,0.0035882743780333293
2023-04-18,0.0005720465218139736,0.000571732959993243,0.0006521178700160668
2023-04-19,-0.004088357633031947,-0.004088671145861311,-0.0001689061155171201
2023-04-20,0.001312148069812391,0.0013124838866920285,-0.0054570894445475915
2023-04-21,0.0018252277801695804,0.0018261889482453775,0.0007768749876666536
2023-04-24,0.004579944946985659,0.004579450509570648,0.0010432772949393598
2023-04-25,-0.01969779068365618,-0.019696934892486473,-0.015873931778421668
2023-04-26,-0.00727552959564759,-0.007274847770872506,-0.00423545257711444
2023-04-27,0.014239282061936143,0.014239990349860676,0.019907926264709053
2023-04-28,0.008252449426039865,0.008251519371996308,0.008535106465280329
2023-05-01,0.0017452644800490802,0.0017466028985579918,-0.0010097822511899723
2023-05-02,-0.008483196102003765,-0.008412201301428612,-0.011238882951136397
2023-05-03,-0.007861465753974284,-0.0078615576978317,-0.006864417437264958
2023-05-04,-0.010695856137402093,-0.01069568598773285,-0.007082785109090217
2023-05-05,0.014032695607075762,0.014033181952005647,0.018512631002797653
2023-05-08,-0.004558263369936699,-0.004558741292383872,0.0002664953680788784
2023-05-09,-0.005442666957122921,-0.005442675708842826,-0.004385422308878506
2023-05-10,0.0018168375338947218,0.0018164808988208048,0.004672491975553639
2023-05-11,-0.0010114102844210882,-0.0010114554167859335,-0.001743958295085224
2023-05-12,0.0011722172498394023,0.0011723847883622351,-0.0013104277613934512
2023-05-15,0.0070029760000369645,0.007003786143491064,0.003450194510494331
2023-05-16,-0.012111068172735107,-0.012111441615651919,-0.00668249350311001
2023-05-17,0.010719258375607055,0.010719678951018885,0.012138777364691933
2023-05-18,0.008892093645799015,0.00889228159425337,0.009633089917948201
2023-05-19,-0.004758593181861892,-0.004758678947856976,-0.0014549662955996023
2023-05-22,-0.0029020091768230394,-0.0029016795054460642,0.0004062055415268162
2023-05-23,-0.01367497761547809,-0.013674206639654352,-0.011222855785945396
2023-05-24,-0.007506039331913739,-0.007506534278317822,-0.0072449768012031734
2023-05-25,0.006511385587686158,0.006511689501859319,0.008659974205849963
2023-05-26,0.011945796146794363,0.011946334853663254,0.012950614142771322
2023-05-30,-0.005442913363373991,-0.005442775391186205,0.00038094755315953854
2023-05-31,-0.009539101927284799,-0.00953940521632246,-0.005545075901445484
2023-06-01,0.009561766576245079,0.00956189898902493,0.009500908800490038
2023-06-02,0.01654793156017975,0.016666561987093154,0.014461233260247175
2023-06-05,-0.003203902409847692,-0.0032044216648918766,-0.0019162754404428162
2023-06-06,0.001230305891649408,0.001230868528385498,0.0021773465805001724
2023-06-07,-0.0022116050840907953,-0.0022112382173377076,-0.00345774791994502
2023-06-08,0.005429756394426111,0.005429070136425684,0.006048777892504242
2023-06-09,-0.0002646292004566675,-0.0002650278219364921,0.0017940375917502305
2023-06-12,0.014735807576061744,0.014735351815650333,0.009072232058388252
2023-06-13,0.009370777581075407,0.009371320985011922,0.006592724483602375
2023-06-14,-0.00398573145400849,-0.003984816048792084,0.0011908993826883485
2023-06-15,0.016107313585028038,0.016108037769968053,0.012397742935372547
2023-06-16,-0.0029692247061728905,-0.0029686932831753943,-0.003406357713433228
2023-06-20,-0.007985255856561846,-0.007985764218597757,-0.005188097342600395
2023-06-21,-0.0007470336612783735,-0.0007464641720498211,-0.005123776103645006
2023-06-22,0.0024555601710802843,0.0024551661023464177,0.003609692901579864
2023-06-23,-0.007269494008994348,-0.007269487385635043,-0.007560147406905915
2023-06-26,0.0038354205537096675,0.0038359563256120666,-0.004085625431801576
2023-06-27,0.012981505432514195,0.012980354289642282,0.010963225363546325
2023-06-28,-0.0037394759585233084,-0.0037396408868322073,0.0005045435126189712
2023-06-29,0.006735393021493952,0.006735569529622287,0.00394131384987384
2023-06-30,0.00936125402184107,0.00936096089928129,0.011800572328192871
2023-07-03,-0.002891649726281087,-0.0028911744303393716,0.0011508634807269047
2023-07-05,-0.0052699941366962655,-0.005214323268114551,-0.001487497557271178
2023-07-06,-0.009581176397119195,-0.009581245966043928,-0.007830526958561568
2023-07-07,-0.00311711181417218,-0.003117243682173809,-0.0025247215782113752
2023-07-10,0.015382982143893553,0.015382895985953438,0.0025311119311206554
2023-07-11,0.005552564079397415,0.0055524013615788625,0.006368466628352332
2023-07-12,0.0057400102223483795,0.0057397930611102765,0.008045997552762696
2023-07-13,0.0038613576667470006,0.003861447219228431,0.00793677916637292
2023-07-14,0.00013261488427174228,0.0001328576969099604,-0.0006227376226836112
2023-07-17,0.0050853052066754945,0.0050851950674233315,0.0034721444237921784
2023-07-18,0.002986644974606545,0.0029869108986386728,0.007430715158172951
2023-07-19,0.002859545876266356,0.002860037512007585,0.002223784015379371
2023-07-20,-0.008727465597369588,-0.008727005460183013,-0.0066347138160964825
2023-07-21,0.004217714762034586,0.004217835995156127,0.0
2023-07-24,0.001972768964475735,0.0019725374555952246,0.004467409289567792
2023-07-25,0.004232616032149528,0.004232421586535029,0.002729993969081468
2023-07-26,-0.003002543384870937,-0.003002683554949148,0.00015374415118540874
2023-07-27,-0.002360004989724218,-0.0023602338060516592,-0.006629990322230328
2023-07-28,0.00670551059886515,0.006705121830227423,0.009790364480256608
2023-07-31,0.0027769831166475356,0.0027769859732131863,0.0019040052219059245
2023-08-01,-0.004825684045694945,-0.004825809413767312,-0.0028616097156412
2023-08-02,-0.010416619302135555,-0.010350734964014063,-0.013910702781173567
2023-08-03,-0.0037143222325843883,-0.003714188119963824,-0.0028660024454673083
2023-08-04,-0.010858287193564409,-0.010857992715455511,-0.004522727226096146
2023-08-07,0.006363450400391324,0.006362946370897404,0.008728489892785074
2023-08-08,-0.004629711165835437,-0.004629752715043511,-0.00434853433277016
2023-08-09,-0.0002915800338532115,-0.00029145604087210675,-0.006685141443425802
2023-08-10,-0.004821895762062156,-0.004821863617351152,0.0003587694663247376
2023-08-11,-0.0009790067104199496,-0.0009788286559423431,-0.000583111764393851
2023-08-14,0.005681442191794783,0.005681420944111837,0.005520062860039143
2023-08-15,-0.009650450328287818,-0.009650628942711403,-0.01164891620717301
2023-08-16,-0.008193534354521415,-0.008193223015517392,-0.007338096957553941
2023-08-17,-0.009534226363947074,-0.009533863021503053,-0.007619726040616448
2023-08-18,0.001585953173925958,0.0015855038893242135,0.000481185998659317
2023-08-21,0.0027090420805522264,0.002708957970096737,0.006506309191295578
2023-08-22,-0.0040335015056212065,-0.004033451788576392,-0.0027086347726137383
2023-08-23,0.007188919543234196,0.007188924720096468,0.01113785500893627
2023-08-24,-0.01392242731721316,-0.013922380531831147,-0.013859223013909516
2023-08-25,0.006252202894226455,0.006252082348802146,0.007049714555938946
2023-08-28,0.00817465339133383,0.008174552423704906,0.00634146119651513
2023-08-29,0.01398417890622583,0.013984152426978369,0.014454721180120478
2023-08-30,0.004495650927454742,0.00449583541379317,0.004118917872557359
2023-08-31,-0.004174337559031849,-0.004174768382244176,-0.0014634035059161166
2023-09-01,0.004015463703407773,0.00401527157160575,0.0018650764885848048
2023-09-05,-0.005695662149746594,-0.005572653025249341,-0.004321737613855237
2023-09-06,-0.0048862398872914214,-0.004885886803530526,-0.00672252394009365
2023-09-07,-0.004072487297377081,-0.004071460663254478,-0.0030701693208237124
2023-09-08,-0.0022428639154472574,-0.0022429545606454937,0.0015060113029727873
2023-09-11,0.0020098685770513214,0.0020101468958741986,0.006576583948365133
2023-09-12,-0.006428646683477313,-0.006429809561866007,-0.005485455170274212
2023-09-13,0.00034452976671972557,0.00034327995421201685,0.0011659429869188553
2023-09-14,0.010627594907257398,0.010627671736029187,0.00862226838997282
2023-09-15,-0.013263363104131343,-0.013263503586430025,-0.012048198717857006
2023-09-18,-0.005750960349834466,-0.005751913554613464,0.0005863179581948597
2023-09-19,-0.0005977686826056372,-0.0005992822766436312,-0.002073700242464227
2023-09-20,-0.004710564034438924,-0.004710917173346707,-0.009193361806369982
2023-09-21,-0.015817198830298862,-0.015816852020795524,-0.01652842718934655
2023-09-22,-0.0016364442793228573,-0.0016375049461493374,-0.0022485835771974827
2023-09-25,0.005030817681611621,0.005030370635512593,0.004205286191780955
2023-09-26,-0.012607800432101968,-0.012607789552242621,-0.014691274582096292
2023-09-27,0.00011972418880490387,0.00011910714628293739,0.00039922850002582777
2023-09-28,0.008420914281432212,0.008420297257240472,0.005797235571361581
2023-09-29,-0.001717385777975089,-0.0017160962539648494,-0.0024268410510679406
2023-10-02,-0.002109370329444027,-0.002109440039485211,-0.00039758620536511913
2023-10-03,-0.014343652053478984,-0.014274874483989342,-0.013386233602487807
2023-10-04,0.00881507922631486,0.008815061150389658,0.0072819807960526894
2023-10-05,-0.005635556544679843,-0.005636078995059801,-0.0003767538409181759
2023-10-06,0.010541995913692759,0.010542118045193005,0.011872889791437968
2023-10-09,0.005001222447908571,0.005000684493372098,0.006402109308006665
2023-10-10,0.005692337643415923,0.005692655385218348,0.005204881069301948
2023-10-11,0.0013378679638273994,0.0013376184019597837,0.004096306420702245
2023-10-12,-0.006265199564010393,-0.00626594375840317,-0.006096438609385357
2023-10-13,-0.0026571785321365393,-0.0026573221875724196,-0.004980692946559007
2023-10-16,0.009678907181628782,0.009679061895330632,0.010521293502573803
2023-10-17,0.0030579312383647306,0.0030578794140434518,-4.593770614802484e-05
2023-10-18,-0.010574670469466363,-0.010575090536197429,-0.013325159481197946
2023-10-19,-0.012087535485007295,-0.01208766732161537,-0.00878627754271688
2023-10-20,-0.010076408671006343,-0.01007616094855035,-0.012288140278315929
2023-10-23,-0.005863666497349818,-0.0058637326213032415,-0.0017330258208599902
2023-10-24,0.0028612071070692746,0.002861252613612031,0.007539297844937787
2023-10-25,-0.014071393781679986,-0.014071772985432829,-0.014352274963949307
2023-10-26,-0.010093369348784687,-0.010094888278658232,-0.011974642931195656
2023-10-27,-0.008936281205101149,-0.008936697205256472,-0.004532795672202217
2023-10-30,0.010058510484902694,0.010058271589595158,0.011955898365193729
2023-10-31,0.008341048092249448,0.008341417575662646,0.006280381790440881
2023-11-01,-0.0007825846448401563,-0.0007832184343476989,0.010664691247419977
2023-11-02,0.020581623494738688,0.02077118870094896,0.019164236800371715
2023-11-03,0.013891092724804155,0.013891816884920027,0.009123483683182831
2023-11-06,-0.00085758794962143,-0.0008588184102863439,0.0023004516022135935
2023-11-07,0.005173195425202337,0.005173160100953034,0.002845922811025803
2023-11-08,-0.0002693716056223483,-0.00027127917325231454,0.0007324199123486252
2023-11-09,-0.008754801021094605,-0.008755409780976775,-0.007798728101199526
2023-11-10,0.015035551790213209,0.015035042865348514,0.015604954192212084
2023-11-13,-0.00012764797695230534,-0.00012806217085525873,-0.0009533215038348697
2023-11-14,0.024589173259127017,0.024591954940490268,0.019400783930326737
2023-11-15,0.005345718462703042,0.005346487668762334,0.00211712476939363
2023-11-16,-0.005797965426170393,-0.00579951094900355,0.0012231032171465817
2023-11-17,0.0016795268900848814,0.0016803999746031195,0.0012437485749883237
2023-11-20,0.006374642748683046,0.006375936972793372,0.007697646973265915
2023-11-21,-0.0016827364797594724,-0.0016824646614646,-0.002179472264966731
2023-11-22,0.0044168801913759825,0.004416702086259328,0.003860856688096659
2023-11-24,0.0037484142436319257,0.003748149710705917,0.0006152583229561692
2023-11-27,-0.002197635190912095,-0.0021959573932089915,-0.0018008540764695713
2023-11-28,-0.0013958388585201265,-0.0013968463455548141,0.0009900947357737166
2023-11-29,0.0003110782835611392,0.00031341509497062603,-0.0007033709637728203
2023-11-30,0.005590205250215918,0.005591461147507193,0.003937389890417808
2023-12-01,0.016584155691229396,0.016585978028299753,0.005915855135182113
2023-12-04,0.0007633444202710393,0.0008546327664997744,-0.005249354505640347
2023-12-05,-0.005384165611991509,-0.005383677244779839,-0.00019712999514076568
2023-12-06,0.002902840288387054,0.0029025554930024455,-0.004029729599363874
2023-12-07,0.004849238437592884,0.004848963057734412,0.0076305170581814075
2023-12-08,0.0013942667710509227,0.0013942384112755057,0.0042990810778074096
2023-12-11,0.010317712534577694,0.01031735017299229,0.003889562713336847
2023-12-12,0.005894228132016677,0.005894291287256825,0.0045670463737026434
2023-12-13,0.02035093041288194,0.020351397122487125,0.013790217632763557
2023-12-14,0.009051955300848569,0.009051299564288628,0.0032093987584638217
2023-12-15,-0.004932314314740838,-0.00493189706612418,-0.0016465279846737957
2023-12-18,0.001238557390414119,0.001238541694316364,0.0056250888080024986
2023-12-19,0.008145861533884746,0.008145981979803762,0.006080888558689157
2023-12-20,-0.014020256670454034,-0.014019723246737614,-0.013857292868214244
2023-12-21,0.013787137869666122,0.01378679983735176,0.009481935526338248
2023-12-22,0.0008362860319606202,0.0008367823529598084,0.0020097867761843524
2023-12-26,0.004931444470784863,0.004931328505523469,0.004222440322714904
2023-12-27,0.002013284377299085,0.002013163461131562,0.0018080853378115158
2023-12-28,-0.00045297939803834453,-0.000453183542937885,0.0003777903707899988
2023-12-29,-0.0024039173648130463,-0.00240393905233105,-0.002895034567458321
2024-01-02,0.0,0.0,0.0
2024-01-03,-0.01273837702084546,-0.011257484586376876,-0.004978670540609742
2024-01-04,-0.0017104596709178743,-0.0017104596709178743,-0.003221006521007097
2024-01-05,-0.0007009149077398247,-0.0007009149077398247,0.0013695625547327506
2024-01-08,0.013930253549316873,0.013930253549317095,0.014276142326451469
2024-01-09,-0.003589720879938807,-0.003589720879939029,-0.0015173092049582948
2024-01-10,0.005086156727067026,0.005086156727067248,0.0056555426872197945
2024-01-11,0.0019549154148548187,0.0019549154148545966,-0.0004406430412424722
2024-01-12,-0.003608049966916438,-0.003608049966916438,0.0006927821246200949
2024-01-16,-0.003225814017449924,-0.003225814017449702,-0.0036712991848998344
2024-01-17,-0.006479401469905111,-0.006479401469905222,-0.005558629120554048
2024-01-18,0.009329592576778456,0.009329592576778456,0.008892804945121346
2024-01-19,0.007255798124978785,0.007255798124978785,0.012466017614288782
2024-01-22,0.00811988889850035,0.00811988889850035,0.0021144766293070827
2024-01-23,0.0011454270652451193,0.0011454270652451193,0.0029164192965691615
2024-01-24,-0.006810663912588333,-0.006810663912588333,0.0010933126058942921
2024-01-25,0.0044341469759863195,0.0044341469759865415,0.00543884142451212
2024-01-26,-0.0004067938028236018,-0.0004067938028238238,-0.001270453392287485
2024-01-29,0.009399200398094942,0.009399200398094942,0.007919381068000275
2024-01-30,0.0023754871640517816,0.0023754871640520037,-0.0007734882337022686
2024-01-31,-0.013435636344203639,-0.013435636344203639,-0.016317396592104072
2024-02-01,0.015128681222323026,0.015128681222323248,0.013088243385340759
2024-02-02,0.008407945794686622,0.008495113642928098,0.010527345896630402
2024-02-05,-0.0011347365469481785,-0.0011342649266949945,-0.0036411212279222616
2024-02-06,0.003802590602768552,0.0038032307261970377,0.002903296810174316
2024-02-07,0.0058459045293988154,0.0058453310669337455,0.008340343964781116
2024-02-08,0.0090785593253353,0.009077876626120807,0.0004418983685636757
2024-02-09,0.002297199959357732,0.0022967891750422798,0.00577932941690662
2024-02-12,0.002369295809591776,0.002369630309611237,-0.0004390393376605406
2024-02-13,-0.014759089224952282,-0.014759359519175397,-0.01377315601908169
2024-02-14,0.009767321583569633,0.009766934850810927,0.009087717382374016
2024-02-15,0.007739869854376247,0.0077404589680465374,0.006899796528982094
2024-02-16,-0.004601785166399752,-0.004601967742176694,-0.004979972192162729
2024-02-20,-0.002696553737172702,-0.002696702984103516,-0.00550536084322828
2024-02-21,0.001962644295035565,0.001963239397934524,0.0009057847460316459
2024-02-22,0.018534458407950982,0.018534736869800117,0.02069547359013213
2024-02-23,0.003154168458109563,0.0031537639570764497,0.0006896938035239053
2024-02-26,0.00030829815842725594,0.00030793074899393424,-0.0036624892391067254
2024-02-27,0.0033403771713689245,0.003340379847040831,0.0018575652385470764
2024-02-28,-0.0013371470148575426,-0.0013374217025811097,-0.0013215656359363281
2024-02-29,0.0005633291865774215,0.0005631106597401292,0.003594930678976649
2024-03-01,0.007015256886445886,0.007015084703658747,0.009388320968662489
2024-03-04,-0.0018217789365201353,-0.001170774540293129,-0.0010724808912875305
2024-03-05,-0.008097776553059544,-0.008095787972145274,-0.009993971737729868
2024-03-06,0.007131947878783462,0.007134652966404698,0.005067159247770903
2024-03-07,0.01212731098772779,0.012131158348441806,0.009926370346830415
2024-03-08,-0.0070313431428232764,-0.007032379846877546,-0.006002115368710315
2024-03-11,-0.0009788352373656384,-0.0009759981029490161,-0.0008599654929838385
2024-03-12,0.008369635800799635,0.008370707465687133,0.010757433934537097
2024-03-13,-0.0004957583407949606,-0.0004975776506681573,-0.001567579929561358
2024-03-14,-0.004936842063122726,-0.004937475203365516,-0.001976722296110456
2024-03-15,-0.007132443755257012,-0.007132668576179002,-0.006866621980632481
2024-03-18,0.0038112905772711425,0.0038164975575494253,0.005943123520943949
2024-03-19,0.008693460201402825,0.008692696353164608,0.0055572273176931475
2024-03-20,0.0066737844437421145,0.006671771298299101,0.009249402694908149
2024-03-21,0.008063428330293831,0.008063800841673574,0.0033045469982364573
2024-03-22,-0.007406359111561289,-0.0074023302634372845,-0.001895828125220933
2024-03-25,-0.007890612463288704,-0.007887469014666415,-0.0027627018670888237
2024-03-26,-0.0011611251686686197,-0.001163478843860366,-0.0018470850305898345
2024-03-27,0.011286629835241646,0.011284451841608423,0.00840390128704338
2024-03-28,0.002408376823311631,0.0024077986616990454,-0.00019115304320382887
2024-04-01,-0.004531743089477236,-0.004528931596295416,-0.0017398673121422625
2024-04-02,-0.012234798628332433,-0.012086383577443627,-0.00635791961577481
2024-04-03,-0.004093305336230868,-0.004093249066625337,0.0010984169872829685
2024-04-04,-0.015693452775637273,-0.0156949529615259,-0.01220615604832942
2024-04-05,0.00857922668856359,0.00857866498144344,0.010447018952042919
2024-04-08,0.0008082450081452475,0.00080773244101362,0.0005592485270637937
2024-04-09,0.0038067061300142147,0.003804797427437334,0.0011566969768881386
2024-04-10,-0.012824836054468824,-0.012826431657268489,-0.010012983815937515
2024-04-11,0.001386732013818337,0.0013878850886266392,0.007546719431144933
2024-04-12,-0.014926881864229302,-0.014927805468425537,-0.013803096677538873
2024-04-15,-0.00954111951159875,-0.009540095395083048,-0.012528035229721457
2024-04-16,0.0002925429885582975,0.00029210165753679185,-0.0018237698460004115
2024-04-17,-0.0054932938373906115,-0.005492527549792792,-0.005918270721091967
2024-04-18,0.001708419357900004,0.0017072676266938203,-0.0020577941117486676
2024-04-19,-0.005336499673261774,-0.005336850386117864,-0.008728310287310914
2024-04-22,0.006217244863213178,0.00621711528136748,0.009209223639820463
2024-04-23,0.009801471898548852,0.009802050686505526,0.011866617014163916
2024-04-24,0.002819427621264081,0.0028202877008809413,-0.00047477474141222054
2024-04-25,-0.004445312298953952,-0.004447892574409917,-0.0037987587828579583
2024-04-26,0.008198129517941632,0.008198842986738342,0.009473829310949755
2024-04-29,0.0030872644884523126,0.0030857676052338245,0.0035415053910734517
2024-04-30,-0.016804969171325568,-0.016804240369973744,-0.015841202983064906
2024-05-01,-0.01048934512963573,-0.010488112469934752,-0.0032472021430118847
2024-05-02,0.00687724817700186,0.00705197064039198,0.009353443441858067
2024-05-03,0.008370780777010367,0.008370858200491105,0.012395256153738154
2024-05-06,0.007289389139945257,0.007288107909737329,0.010326938503174787
2024-05-07,0.003130841361914438,0.0031308064663666535,0.0011034264304021768
2024-05-08,-0.0034546384980896905,-0.003454144972047546,9.672134683258449e-05
2024-05-09,0.009195566913475783,0.009195841242815694,0.00576189641039937
2024-05-10,0.0032312039899582423,0.003232238691902145,0.0012880452787931151
2024-05-13,-0.0015618381304146611,-0.0015604728603861862,0.00013421871437180322
2024-05-14,0.0046058449406951585,0.004605117464369313,0.004588035509807131
2024-05-15,0.01045130119783444,0.010449940466972674,0.012383318564627155
2024-05-16,-0.00038915010266882266,-0.00038810460475890984,-0.002057648556520686
2024-05-17,-0.00020100388656374424,-0.00020165252926074295,0.0014374286500424827
2024-05-20,-0.0007200015056890718,-0.0007204957203302831,0.0011521851699716201
2024-05-21,-0.0016546701077817527,-0.0016551343330312163,0.002452510759075155
2024-05-22,-0.005796132779675389,-0.005796699821917328,-0.0028793330278347185
2024-05-23,-0.008318350416988807,-0.008319326364890745,-0.007304094973100028
2024-05-24,0.008024131767855991,0.008022988932858022,0.006616635547303185
2024-05-28,-0.003461519752901987,-0.0034618047607770652,0.0006985875025946608
2024-05-29,-0.00892208496897362,-0.008922483629115519,-0.007002465409604586
2024-05-30,0.0016744599822200446,0.0016750603444251055,-0.006633746666733775
2024-05-31,0.01249791313476889,0.01249930202922167,0.009108165895193476
2024-06-03,0.000306345098444627,0.0003061322105697428,0.0008153583340810844
2024-06-04,0.0015616120815034051,0.0016658455139546557,0.0011178083574776565
2024-06-05,0.009388451000801101,0.009388022212720948,0.01188508170131497
2024-06-06,-0.002501691319765964,-0.002501135164633239,-1.868653409564658e-05
2024-06-07,-0.0023810402690519483,-0.0023810485088959776,-0.0012154701067457196
2024-06-10,0.0027534083451419278,0.0027530142190141937,0.0030894414176951823
2024-06-11,0.0014182567044211947,0.0014181571337488208,0.002408336857466331
2024-06-12,0.0075537024510419215,0.007553602437630369,0.008213376461439603
2024-06-13,0.0026646717389979813,0.0026644465639811266,0.0020131698731635783
2024-06-14,-0.002020117427924184,-0.002019894909768616,0.0006085063699716731
2024-06-17,0.010986920974814351,0.010987026041223258,0.007958910221575355
2024-06-18,0.0013308412598267427,0.0013304916172942605,0.0025407121528528975
2024-06-20,-0.0031608330736013768,-0.0031605744806365577,-0.002716544837253032
2024-06-21,0.001795582857638367,0.0017959498114410444,-0.0013404904271935303
2024-06-24,-0.0009896466539747184,-0.0009897189707629428,-0.003250874173535423
2024-06-25,-0.006612601066530943,-0.006613326184003898,0.0038509684777765507
2024-06-26,-0.0014173150520393474,-0.0014172470752518151,0.001248036721894108
2024-06-27,0.0016226672945787168,0.0016230195294655303,0.0015764724631708305
2024-06-28,-0.005164463911994099,-0.005164214980575177,-0.003935092412651886
2024-07-01,-0.009671758121050589,-0.009672111498231217,0.002058070220223307
2024-07-02,0.002790790365088336,0.0028741741756572736,0.0067297191878716855
2024-07-03,-0.002149830229332239,-0.0021499538478482183,0.004462763358313415
2024-07-05,0.004977419068679767,0.004977122757094721,0.00576649129051976
2024-07-08,0.003789560017314564,0.00378962819405948,0.001153687531366021
2024-07-09,-0.002890425390697393,-0.002890953199266799,0.0009724431209321427
2024-07-10,0.006696122341372401,0.006695462495573734,0.009895287551016096
2024-07-11,0.004854720772341059,0.004855618563158748,-0.008622664527645374
2024-07-12,0.008688337223869969,0.008688263266121599,0.006307644912908028
2024-07-15,-0.0049022974775753125,-0.004903041256334784,0.0027502945306059345
2024-07-16,0.0160506551639108,0.016050810004178073,0.005930227551637524
2024-07-17,-0.009308141628552757,-0.009307340303719602,-0.014021344049971574
2024-07-18,-0.013605671759173377,-0.013605733999738301,-0.007684830624340111
2024-07-19,-0.005085733010505411,-0.005085707132948758,-0.006640697294749587
2024-07-22,0.009920642784346567,0.009920659361187134,0.010309899385924082
2024-07-23,-0.005047527320463319,-0.005047793841676751,-0.0015686753676522613
2024-07-24,-0.017114576874875276,-0.01711440500845196,-0.022662373657600487
2024-07-25,-0.004994800054825443,-0.004994198593401,-0.005210401360493111
2024-07-26,0.016380818801714048,0.01638106084160662,0.011199677243803441
2024-07-29,0.003183966126222959,0.003184264765288658,0.0005877660449546962
2024-07-30,0.004558805549750078,0.00455908352118084,-0.005066489846381694
2024-07-31,0.008263036349830832,0.008262569090384808,0.0162546493941369
2024-08-01,-0.012951570557355185,-0.01295172125910904,-0.01416089772791096
2024-08-02,-0.014704337418845692,-0.01458041860896786,-0.018618465583101207
2024-08-05,-0.024274515098972937,-0.024274146119547813,-0.029123731060897606
2024-08-06,0.011907490629457396,0.011907953950931027,0.009219621998645566
2024-08-07,-0.008396483475419214,-0.008396982566299505,-0.0066839087950150144
2024-08-08,0.02372887149502989,0.02373087209286462,0.02311740208643176
2024-08-09,0.0014767577165974988,0.0014771880868367226,0.004409783108547893
2024-08-12,-0.0030025012053412903,-0.0030015158944937115,0.0005251819392879664
2024-08-13,0.015971194055552695,0.015972159366041794,0.016445457845939204
2024-08-14,0.0018807802244664718,0.0018806057498212958,0.0031548723144527724
2024-08-15,0.020226659155963445,0.02022894530771957,0.017140221567987446
2024-08-16,0.003340500325052842,0.0033407045397879642,0.0022420117925041616
2024-08-19,0.005084839618095804,0.005084669291277155,0.009561331973907405
2024-08-20,-0.0018745935267319158,-0.0018748228965738134,-0.0016259572939691935
2024-08-21,0.011610536767695523,0.011610703274060663,0.0034366969502579447
2024-08-22,-0.009248242803801099,-0.009248927861473466,-0.007848785276715065
2024-08-23,0.010387908355428133,0.010388287262464102,0.010625422141984808
2024-08-26,-0.0029022404957557146,-0.002903388241201843,-0.0023837106752643278
2024-08-27,0.0016193016596879328,0.0016195372569827171,0.0013729062119203217
2024-08-28,-0.005192125512510248,-0.00519340033785376,-0.005804990250471764
2024-08-29,-0.00021203966511973427,-0.00021261291660623627,8.930257271066999e-05
2024-08-30,0.005669168845121142,0.005669468233218344,0.009546108600853476
2024-09-03,-0.013285907866894542,-0.01328825398784017,-0.02057890461708045
2024-09-04,-0.002663499075136966,-0.002494978741582332,-0.002046808041376691
2024-09-05,-0.004330081207964742,-0.004329425183987934,-0.002432422016352409
2024-09-06,-0.00981618119026939,-0.009816902813811645,-0.016830061169659682
2024-09-09,0.009737386931734093,0.009738895507809042,0.01119600514425767
2024-09-10,0.004186969011632957,0.004186609655457696,0.0043558432423733695
2024-09-11,0.005299130674893959,0.005300978805468759,0.01025921618027037
2024-09-12,0.006208586610326305,0.006208320202010675,0.00842313754247681
2024-09-13,0.007622813084567248,0.007623464215518627,0.005222868726185714
2024-09-16,0.004608628113231816,0.004607772986349845,0.0014766934860208636
2024-09-17,-0.0010111632515760194,-0.00101120573547131,0.0004087469851710157
2024-09-18,-0.0018864234057530682,-0.0018859256195610241,-0.0029659591584655365
2024-09-19,0.00948882787653571,0.009489472868893678,0.017064470201915594
2024-09-20,-0.0045243793821568845,-0.004525912677442845,-0.0017287267010226426
2024-09-23,0.004284980381451309,0.004284950490325956,0.0024988464537973876
2024-09-24,0.005590660185027074,0.005591191550832875,0.002861468217643548
2024-09-25,-0.0033738979055720764,-0.003373991462321535,-0.002205585632772178
