date,strategy,strategy_no_costs,spy
2016-01-04,0.0,0.0,0.0
2016-01-05,0.0020024386188046694,0.003505442276732662,-0.001696032353380561
2016-01-06,-0.010737678943606332,-0.010737678943606221,-0.012614485248228502
2016-01-07,-0.016741395187373942,-0.016741395187374053,-0.02399165666307046
2016-01-08,-0.014021771615596479,-0.01402177161559659,-0.010976423005055191
2016-01-11,-0.0004506682610672108,-0.00045066826106687774,0.0009899369800312474
2016-01-12,0.009472459367157793,0.009472459367157793,0.008068257461905537
2016-01-13,-0.030718270713612328,-0.03071827071361255,-0.024940557490074844
2016-01-14,0.007731212889753536,0.007731212889753536,0.016416903819580053
2016-01-15,-0.012569449346042205,-0.012569449346042316,-0.021465794264166616
2016-01-19,-0.001375949679207289,-0.001375949679207178,0.0013307986811228467
2016-01-20,-0.003968367238373238,-0.003968367238373127,-0.012814743733104872
2016-01-21,0.007703428248974964,0.007703428248975186,0.005601902524081437
2016-01-22,0.019618075390707812,0.01961807539070759,0.020514910830279343
2016-01-25,-0.014680820842120745,-0.014680820842120745,-0.015116452597792374
2016-01-26,0.012840291659946823,0.012840291659947045,0.013643113984610045
2016-01-27,-0.008634518527940394,-0.008634518527940394,-0.010883131118148204
2016-01-28,0.006972522662611169,0.006972522662610947,0.005208630204326381
2016-01-29,0.029355589246422342,0.029355589246422564,0.024377583756477472
2016-02-01,0.006470637772141297,0.006470637772141075,-0.0003612558403183197
2016-02-02,-0.012036047981946907,-0.011950511934438524,-0.018022003062555303
2016-02-03,0.0010087189274681219,0.0010097005138116621,0.005994785334435315
2016-02-04,-0.006816484708543458,-0.006814964077067498,0.0015686784081219152
2016-02-05,-0.02384728427305327,-0.023847567139346548,-0.019050344565891275
2016-02-08,-0.020051831301528766,-0.020051649019502404,-0.013461321808526883
2016-02-09,-0.0006320660988180515,-0.000632620649619331,5.39181149210588e-05
2016-02-10,0.0017478233330352477,0.0017480398634750483,-0.000862545476890908
2016-02-11,-0.013681954976305977,-0.013683641415170755,-0.013008307955313714
2016-02-12,0.021333652864490515,0.02133416273239086,0.02061686373902094
2016-02-16,0.023061628936383194,0.023062694304300413,0.016878659382641548
2016-02-17,0.015533945454171194,0.015534851641998637,0.016334528419140515
2016-02-18,-0.007831232941348465,-0.007832016877349579,-0.0040959136720886136
2016-02-19,0.004540374145044934,0.004540491731010787,-0.00046831859644203
2016-02-22,0.012802055524363976,0.012802356929610959,0.01447893998139449
2016-02-23,-0.0053615871391833325,-0.0053625443646402315,-0.012629545081511373
2016-02-24,0.007786064450564956,0.0077868014154669485,0.004575787488583227
2016-02-25,0.01444497276163248,0.014443959330226575,0.012112053469631956
2016-02-26,-0.003218628084653008,-0.0032183740595467247,-0.002301762918790473
2016-02-29,-0.007845444746290009,-0.00784622977397742,-0.007842802802899618
2016-03-01,0.023748726935499676,0.02374944935786738,0.02350713697563811
2016-03-02,-0.0028809503031627104,-0.0025090030420541476,0.004492702998206477
2016-03-03,-0.0011004371147241843,-0.0011001647567180362,0.003919436509997265
2016-03-04,0.001982205990739061,0.0019814867828895633,0.0032535816508312276
2016-03-07,0.0012632344188903133,0.0012603388496212897,0.000798174328986212
2016-03-08,-0.004571756269063587,-0.004571084421459148,-0.010917683104429088
2016-03-09,-0.0034187031522173728,-0.0034189606873934464,0.004939559624523415
2016-03-10,0.0026247049145149415,0.002626525508246491,0.0008024687425773891
2016-03-11,0.016566837309091698,0.016577362210791202,0.016137166139512216
2016-03-14,-0.0016593331337660944,-0.0016587314255581687,-0.0012824304522421892
2016-03-15,-0.004858744303477436,-0.004858230097518401,-0.0016295800634807955
2016-03-16,0.0016605950365997657,0.0016606286169427165,0.005787016158250946
2016-03-17,0.00058398380922009,0.0005848164833661684,0.006344340839048446
2016-03-18,0.0073937738228242456,0.007393281965125453,0.003929619049156008
2016-03-21,0.000733516056644623,0.0007336551961283355,0.0014189751583075783
2016-03-22,0.0002724960748439198,0.0002728718941074071,-0.0005373811045408239
2016-03-23,-0.006148836018187276,-0.006146557240103823,-0.006599496003831251
2016-03-24,-0.0006021770105143487,-0.0006018427661845793,-0.0004429070120902656
2016-03-28,0.0014580434634245965,0.0014578846726078787,0.0005906266152029271
2016-03-29,0.011344491713058735,0.011343749110294565,0.009250116039449807
2016-03-30,0.008014939859952719,0.008014283369821573,0.004387741183200289
2016-03-31,0.0020946980487492883,0.0020929883448557174,-0.0024269460670182097
2016-04-01,0.010697309418883139,0.010696975224438576,0.006811612405701606
2016-04-04,-0.006752075843415306,-0.006592405641297039,-0.003237644577584353
2016-04-05,-0.006492555773759401,-0.006493136010296441,-0.009987878363535319
2016-04-06,0.012037570873921766,0.012036798706042351,0.010921229555514556
2016-04-07,-0.012207532215974704,-0.012206928856011934,-0.011965876094902295
2016-04-08,-0.004395734451820177,-0.004397659763160755,0.002696656660856167
2016-04-11,-0.00486483794385828,-0.0048637464467377045,-0.002347182247036672
2016-04-12,0.00416156808369883,0.004163465070969652,0.009312696375750384
2016-04-13,0.011864144039778202,0.011865195672303486,0.01010118985056141
2016-04-14,-0.001621718171372688,-0.0016228755500187209,4.807860452626933e-05
2016-04-15,0.002247922006132441,0.0022468971938047755,-0.0011055811803354354
2016-04-18,0.004414910663981253,0.004412573220021088,0.007026646978166573
2016-04-19,-0.0018841060029363144,-0.0018836458954578639,0.003154382541953993
2016-04-20,0.0003497051742720192,0.00034861612581593704,0.0009526097913528098
2016-04-21,-0.0031193176386159482,-0.003118029138752032,-0.005378407481038239
2016-04-22,-0.0005625734813310412,-0.0005640108942276401,0.0
2016-04-25,0.0005957342396307741,0.0005942385702188968,-0.001722622826713316
2016-04-26,0.006196540175791521,0.006196828290608414,0.0014859918465575106
2016-04-27,0.001814413353543598,0.001814996103054467,0.0020581895397211447
2016-04-28,-0.01613277773842181,-0.01613388087026668,-0.009075855016367651
2016-04-29,-0.004233204333419893,-0.004231341505322117,-0.005398993606777758
2016-05-02,0.012568289026281931,0.012568048674424404,0.007948711667605579
2016-05-03,-0.010618826277581817,-0.010574214315370312,-0.008703395220749033
2016-05-04,-0.004902126932798345,-0.00490212517452171,-0.005578124875502022
2016-05-05,0.0006960455433020485,0.0006961302988284235,-0.00019494317063184496
2016-05-06,0.0023502945039528544,0.0023501316631959757,0.0036589354661609175
2016-05-09,0.010222843123089076,0.010223028880683716,0.0008263948659976705
2016-05-10,0.008349991842803384,0.008349889503536101,0.012433645127915005
2016-05-11,-0.02117241579481466,-0.021172245439554094,-0.009354657246744003
2016-05-12,0.0030302112534297265,0.003030147892462809,0.00029065450061227516
2016-05-13,-0.00914466045882234,-0.009144590245199868,-0.008714392279523309
2016-05-16,0.010652280682643456,0.01065235533274711,0.00986537874102833
2016-05-17,-0.011384525405688128,-0.011384490127482216,-0.009333568801133452
2016-05-18,-0.00242304429344542,-0.0024230043969900583,0.0002928193693976233
2016-05-19,0.004999589808068361,0.004999609036649311,-0.0034649692167176838
2016-05-20,0.007717110734266397,0.0077171196787464424,0.006317380850532128
2016-05-23,-0.00028683210463475994,-0.00028697035399571913,-0.0013622931008568928
2016-05-24,0.013222665669097244,0.013222829069956754,0.012962077943646344
2016-05-25,0.0024663124962118754,0.002466145954909793,0.006783149285816359
2016-05-26,0.0024800784526299857,0.0024802378638379974,0.0002869660238955518
2016-05-27,0.010105350869805463,0.01010515622766528,0.004298857794156508
2016-05-31,-0.0029349959758496746,-0.002934987520660015,-0.0019026541682207743
2016-06-01,0.005131936155805317,0.005131931179758631,0.002049252249170852
2016-06-02,0.007990197866764692,0.008111735229612282,0.003043726472393482
2016-06-03,-0.006235222916768257,-0.006235295810610109,-0.0029870750654420464
2016-06-06,0.0020464010531962007,0.002046479497674003,0.00508863170935725
2016-06-07,0.0030241290829402523,0.0030240860681363113,0.0015610184225285373
2016-06-08,0.00503854535224324,0.005038830954895879,0.0032597519890360527
2016-06-09,-0.001656051786201873,-0.0016563083515164223,-0.0013655892089041721
2016-06-10,-0.009590216680403607,-0.00959029068060191,-0.009477548339113961
2016-06-13,-0.007599335068193103,-0.007599230817391778,-0.007711728383551497
2016-06-14,0.0005473508357085599,0.0005474394707953856,-0.00196662130130576
2016-06-15,0.0026841682685259105,0.002684483364465029,-0.0013942716251797993
2016-06-16,0.0024178496986804188,0.002417717569499933,0.0029846349947801887
2016-06-17,-0.0026359470633774418,-0.002635246756437004,-0.0037241532855220028
2016-06-20,0.009487194702924251,0.009487072583500344,0.00644000255297561
2016-06-21,4.4930051492642065e-06,4.762137635561103e-06,0.002838254321963829
2016-06-22,0.0009115916347801623,0.0009116003214630908,-0.0016308816091090694
2016-06-23,0.010341552439102397,0.010341105639425807,0.013022457413687238
2016-06-24,-0.02375800595333799,-0.023757982319211557,-0.03590884453170007
2016-06-27,-0.014417141533812017,-0.014417598059197068,-0.017909980653237678
2016-06-28,0.015795355479492512,0.015795601492946565,0.018035967210669357
2016-06-29,0.01658664802102794,0.016586806438491974,0.017027639966891384
2016-06-30,0.016222995503370585,0.016222961377781342,0.01364551805723635
2016-07-01,0.004263959186156185,0.0042640806209748305,0.0021002757362003077
2016-07-05,-0.004491603170560743,-0.0044275546939051,-0.007193038961438969
2016-07-06,0.007747869922932082,0.007748237928629775,0.00599799182305083
2016-07-07,0.0016188576358640017,0.0016190304964416313,-0.0006203768838818347
2016-07-08,0.01771740320742632,0.017717541376553347,0.01489040289792909
2016-07-11,0.0025141356618305633,0.002514281096989812,0.003527039879044125
2016-07-12,0.0002045399657983893,0.00020455161695354107,0.0072633106417812066
2016-07-13,-0.004413630020074666,-0.0044138012782396485,-0.00013935143270060735
2016-07-14,0.0027645705331968973,0.002764580897825608,0.005583356847290943
2016-07-15,-0.0012498641256482035,-0.001249404289740963,-0.001341848463770945
2016-07-18,0.0030148965671703554,0.003015068637067575,0.002687386084167631
2016-07-19,-0.00022871997442708292,-0.00022914261567197336,-0.001016758635208448
2016-07-20,0.006552979205074028,0.006553426053078848,0.004163043655225129
2016-07-21,-0.006866367095257786,-0.0068666241273782624,-0.0037772648740920234
2016-07-22,0.006961194048893171,0.006961096557442259,0.0044853367153681045
2016-07-25,0.002226690069336623,0.0022265556973446454,-0.0027159040381125044
2016-07-26,0.0029755768828478857,0.0029756715857935934,0.0004616058179740534
2016-07-27,-0.0033254998309831807,-0.003325066002393462,-0.0010612283786834986
2016-07-28,0.0050676533737414875,0.005067490795846563,0.0011546660301433587
2016-07-29,0.006065473701446722,0.006065488064766145,0.0016146846083799904
2016-08-01,-0.00020004730358824663,-0.00020004633239201208,-0.0008289925569322509
2016-08-02,-0.009511289161472036,-0.009438169946785702,-0.006407486542837737
2016-08-03,0.0027613368548868866,0.0027614108651699,0.0029224828482521392
2016-08-04,-0.0016512570173556895,-0.001651401276827169,0.0010642761489254582
2016-08-05,0.007590486671352981,0.007590443769979638,0.008179127429738031
2016-08-08,-0.0049884719322312865,-0.004988479123050671,-0.0005959863067186433
2016-08-09,-0.0031348699417649284,-0.0031348265308500656,0.0005963417182168751
2016-08-10,0.0017762774182303875,0.0017763674148540964,-0.002475223891997058
2016-08-11,0.009453145198097479,0.009453124950175473,0.004640607085997894
2016-08-12,0.0003163183370862299,0.00031632739669484877,-0.0008686098636662143
2016-08-15,0.0022291693256171197,0.0022291647583148055,0.0028834706471354554
2016-08-16,-0.008466121321640818,-0.008466115323906287,-0.005157586969937289
2016-08-17,-0.0037975968631145385,-0.00379732480119499,0.001881134728282996
2016-08-18,0.006062675095653169,0.0060626982682632224,0.0022437977310709734
2016-08-19,0.0017360395997438882,0.001736007520323879,-0.0014620751538957366
2016-08-22,0.0014843747599708745,0.0014843381702194236,-4.568741606691962e-05
2016-08-23,0.008065977557132786,0.008065383133793125,0.002013378642638841
2016-08-24,-0.0061753302466072135,-0.006174979471156861,-0.0051148971780110575
2016-08-25,-0.005670925411124683,-0.005671131131287144,-0.0006882237570486893
2016-08-26,-0.006118694530933166,-0.006118466683592838,-0.0018840407559921335
2016-08-29,0.0032578038782047347,0.0032577836866873877,0.004924529175110326
2016-08-30,-0.008730263763534696,-0.008730366975007176,-0.0016484058269221613
2016-08-31,-0.006624764096062941,-0.006624758746208048,-0.0028440845126229686
2016-09-01,0.0013375753219315722,0.001337531101477163,4.593121701135239e-05
2016-09-02,0.0002900657809645768,0.00036369127186919314,0.004508156670794072
2016-09-06,-0.0025422516199864464,-0.0025423309815206796,0.003022321942910855
2016-09-07,-0.0050256014177481045,-0.005025437876259531,-9.158035471046322e-05
2016-09-08,-0.012402826054133342,-0.012403426994594291,-0.0022827489610784957
2016-09-09,-0.023604528879425768,-0.023604167968480083,-0.02393511101512147
2016-09-12,0.0130391682611255,0.01303957517648846,0.01434762401130274
2016-09-13,-0.011820003919601585,-0.011820250142879463,-0.014375607561062376
2016-09-14,-7.801049507583091e-05,-7.776813546533923e-05,-0.0003753592525760352
2016-09-15,0.0073071173841912085,0.007307098631607056,0.009993006445679464
2016-09-16,-0.0028128367612447747,-0.0028127865064404567,-0.0038655791783077653
2016-09-19,0.0030775260289792605,0.003077582545350399,0.00018782807107675659
2016-09-20,0.0006046639545389532,0.0006048041631880885,4.6717958743336396e-05
2016-09-21,0.009648450652871787,0.009648478166937036,0.011245609198420103
2016-09-22,0.007405679700078549,0.007405556921686873,0.006301072026692278
2016-09-23,-0.004882385573293346,-0.004882212756440407,-0.005479141229618234
2016-09-26,-0.007055627031613554,-0.0070555196719616076,-0.008102224875268904
2016-09-27,0.009453097787045728,0.00945302800906278,0.006208016119474857
2016-09-28,-0.002158519657617264,-0.0021584151579775446,0.00496315676662773
2016-09-29,-0.010224427030883998,-0.010224548082833351,-0.009046925544723305
2016-09-30,0.009471225809688955,0.009470887311908704,0.007546260577323993
2016-10-03,-0.008756695768666667,-0.008756933861007399,-0.002404227607703091
2016-10-04,-0.006478827080385052,-0.006346475524416473,-0.005097769630561522
2016-10-05,0.00019752705128461834,0.00019757428510924768,0.004425268558121642
2016-10-06,0.004320458392459203,0.004320537389558288,0.0006955435166293711
2016-10-07,-0.003293670175319452,-0.0032938914109433837,-0.003429343922579875
2016-10-10,0.002828123547291561,0.002828947336394938,0.005208704206040471
2016-10-11,-0.013727971012401863,-0.013727334285048909,-0.01263001504307315
2016-10-12,0.0030157037660982766,0.003016410048972684,0.0013121665482085376
2016-10-13,-0.002391501326365786,-0.0023919830227556726,-0.003275615920133923
2016-10-14,-0.003512605559805815,-0.003512203681065529,0.0005164564394535276
2016-10-17,-0.005612297456916382,-0.005612443393116395,-0.0034722297909202116
2016-10-18,0.0036354375258167426,0.003635437631561711,0.006262469117979563
2016-10-19,0.0037118282758437093,0.003712825902467909,0.0026667939713751476
2016-10-20,-0.004404747341744231,-0.004405477441723038,-0.001866385228815437
2016-10-21,-0.003267281362229202,-0.0032680060800991395,0.00046740612906037704
2016-10-24,0.006065848185861977,0.0060650096282963695,0.004253036908334229
2016-10-25,-0.012777272803802808,-0.012777117926958459,-0.0033509198212964275
2016-10-26,-0.0016487001211369368,-0.0016490739130451404,-0.002007667596653828
2016-10-27,-0.007438253085229607,-0.007438841794146889,-0.0026667544968306256
2016-10-28,0.012453851203561017,0.012454031938350152,-0.00295551431699026
2016-10-31,0.00023813465388311528,0.00023757462706242016,4.716140861793505e-05
2016-11-01,-0.005341664836956306,-0.00534156277671094,-0.0072452815596660836
2016-11-02,-0.00804541711762563,-0.00792515185399345,-0.0060185317295770036
2016-11-03,-0.009029123928622873,-0.009028121547361656,-0.004577201362954919
2016-11-04,0.00438223612105304,0.004382160320856476,-0.0011017653234726144
2016-11-07,0.018052176433904776,0.0180529437930963,0.022056955057440986
2016-11-08,0.0024455996233521127,0.0024462185278868454,0.004503640944656606
2016-11-09,0.02047359041272756,0.020474247990748706,0.010602523452654777
2016-11-10,0.009692724892053084,0.009692434385264015,0.0024953268874918777
2016-11-11,0.0069297253659983404,0.006930524988939091,-0.0023047733956615968
2016-11-14,0.009111084258053737,0.009110386492306999,0.0007853886179332026
2016-11-15,0.004023854535253779,0.004026763111280696,0.007802763045137606
2016-11-16,-0.0012984671014826255,-0.0012985256914326282,-0.001878104440582673
2016-11-17,0.01178474221377801,0.011786025845732295,0.005140389296738546
2016-11-18,-0.006903438560629027,-0.006904941713085533,-0.002237623088647611
2016-11-21,0.00922082392163559,0.009221583262024824,0.007551547631002187
2016-11-22,0.009224082508909603,0.009221351693837976,0.0019535385709430475
2016-11-23,0.004065296001942498,0.004066235813721564,0.0005441746620840071
2016-11-25,0.0017583368733145033,0.0017586997298046914,0.00371518210909505
2016-11-28,-0.008875713579392874,-0.008876145155914394,-0.0046951465767332
2016-11-29,-0.0009224979684994139,-0.0009231070476447556,0.0019504527622593582
2016-11-30,-0.011909682276713296,-0.01191107791108914,-0.002399107003553169
2016-12-01,-0.002446886166845963,-0.0024473766931417673,-0.003675418686641563
2016-12-02,0.0006445758798072632,0.00077220467388317,0.0005010264654594643
2016-12-05,0.00885196222386564,0.008852146439523478,0.006008737423371935
2016-12-06,0.0037821810172062875,0.0037824672297293027,0.0031672418501833555
2016-12-07,0.01172858081228223,0.011728706420306434,0.013081016162097558
2016-12-08,0.002754001613487045,0.0027551758863137987,0.0024486308589539707
2016-12-09,-0.000911908172372744,-0.0009112941951320286,0.0060402807063209
2016-12-12,-0.0027484566957617362,-0.002748179494367009,-0.0011476523492913726
2016-12-13,0.0035746109633487677,0.0035745404501805744,0.0066738084134938536
2016-12-14,-0.006168960494940867,-0.006169149284564468,-0.008254006407553471
2016-12-15,0.0006039625812919169,0.0006036271434244345,0.004117251735652916
2016-12-16,-0.004318057842407241,-0.004318186221664466,-0.001956124392211933
2016-12-19,-0.0017212143822030734,-0.0017207327337007694,0.002177652528619456
2016-12-20,0.006280138049889361,0.0062804392435422685,0.0038573693270460563
2016-12-21,-0.0021304925037219924,-0.002130435929885044,-0.0027828182529151535
2016-12-22,-0.012991439057277954,-0.012991060714179548,-0.0017271896375231632
2016-12-23,0.0014131289280885362,0.0014130867132602365,0.0014641058803039897
2016-12-27,0.0028243214629697366,0.0028241027614481773,0.002481414183370223
2016-12-28,-0.010101363082004933,-0.010101087498834649,-0.008264775523578405
2016-12-29,0.0011850892876936747,0.001185217509806602,-0.0002227478600295152
2016-12-30,-0.006956222242067045,-0.006956109009474187,-0.0036550189132423805
2017-01-03,0.0,0.0,0.0
2017-01-04,0.006465986198735951,0.007975685178033931,0.00275084551898952
2017-01-05,-0.0032188809537818663,-0.0032188809537817553,-0.0007945375951906586
2017-01-06,0.0012198639096923092,0.0012198639096923092,0.003577909182319594
2017-01-09,-0.0011203214365749226,-0.0011203214365749226,-0.003300677060958934
2017-01-10,0.006696973866419098,0.006696973866419098,0.0
2017-01-11,-0.0016489092482047107,-0.0016489092482045997,0.0028256907647170593
2017-01-12,-0.0015456595703684517,-0.0015456595703685627,-0.002509949065789052
2017-01-13,0.008164152748658227,0.008164152748658227,0.0022956897302053303
2017-01-17,-0.0003940024234085904,-0.0003940024234087014,-0.0035233858801857476
2017-01-18,0.0012808538600348474,0.0012808538600350694,0.0022099712104712843
2017-01-19,-0.0077734217325915456,-0.007773421732591768,-0.003704931267826006
2017-01-20,0.001848912436264838,0.00184891243626506,0.003674519921334385
2017-01-23,-0.003930583661949205,-0.003930583661949205,-0.0026023009893492155
2017-01-24,0.008652394480440861,0.00865239448044064,0.006411821761518777
2017-01-25,0.005337475250976498,0.00533747525097672,0.00865547847575554
2017-01-26,-0.003931022634318215,-0.003931022634318437,-0.001045791929342954
2017-01-27,-0.003798325942234504,-0.003798325942234282,-0.0015694006681764572
2017-01-30,-0.0023629914413811903,-0.0023629914413811903,-0.006201825094785729
2017-01-31,0.003690002107588297,0.003690002107588519,-8.805307852055577e-05
2017-02-01,-0.002299856992069138,-0.002299856992069249,0.00039557113344046435
2017-02-02,0.00032416419208169955,0.0003979210250752985,0.0006594147175433829
2017-02-03,0.0053566053093359045,0.005356405617567672,0.006892698686812304
2017-02-06,-0.0022177251826741573,-0.002217722355461804,-0.0017877462933811872
2017-02-07,0.0021055260373721296,0.002105670720442543,4.35283709543377e-05
2017-02-08,0.005121663021640188,0.005121964330658146,0.0013106047022404255
2017-02-09,0.009257513702707554,0.009257690652439754,0.0059326188579080785
2017-02-10,0.00313615995027261,0.003136093927317507,0.003946183698355865
2017-02-13,-8.390975321470595e-05,-8.3854744656775e-05,0.0054427883821197565
2017-02-14,0.0070623710077653,0.007062373470412053,0.00399493877253243
2017-02-15,0.004857375972910027,0.004857507924677318,0.00522084519485988
2017-02-16,-0.0022602431134427503,-0.0022604823739128532,-0.0008516207220197192
2017-02-17,0.007053854243486812,0.00705398828906767,0.0015761941706546878
2017-02-21,0.006063949534742985,0.006063894348818044,0.005955147799732385
2017-02-22,-0.0036251399585922606,-0.0036250347963930896,-0.0008878789390097674
2017-02-23,-0.006137081217890139,-0.006137154382090837,0.0006771949125281562
2017-02-24,0.006221983235665363,0.006221946588452987,0.001268956307289848
2017-02-27,0.0026555005390831443,0.0026555805069825578,0.001562669992039245
2017-02-28,-0.008435876856594748,-0.008436465690491057,-0.0026990730228516613
2017-03-01,0.009422381282036207,0.009422183475782386,0.013997461658209032
2017-03-02,-0.0031877143915816086,-0.0028286065005975747,-0.0062974429680603405
2017-03-03,-0.001568596614710871,-0.001569352777023969,0.0006297170068023661
2017-03-06,-0.005969054146645947,-0.005971935866834754,-0.002978377428373591
2017-03-07,-0.0037191407132446397,-0.003718325807165024,-0.0029863779617934627
2017-03-08,0.003964630891899912,0.00396424164381326,-0.0018567031119507416
2017-03-09,-0.0017876745892256851,-0.0017865319294539939,0.0012681624911941025
2017-03-10,0.0068101398080990805,0.006809048146929841,0.003504121576205277
2017-03-13,0.0011788802899401762,0.001178346655642537,0.000504883341382989
2017-03-14,-0.0020254999108296756,-0.002026284128682554,-0.003826542521268017
2017-03-15,0.008586445812140742,0.008587159463745442,0.008653552360811112
2017-03-16,-0.0016383741357940407,-0.0016384407386725863,-0.0019671064593972387
2017-03-17,0.0043720930361090815,0.0043715493574394415,-0.0017560240802324545
2017-03-20,-0.0035136737291433517,-0.003513514750246416,-0.0010969834224331398
2017-03-21,-0.013548689947445847,-0.013550497733553213,-0.01283935932503033
2017-03-22,0.003527189778128159,0.003528121083611113,0.0023528977341129576
2017-03-23,-0.0007140275328200163,-0.0007140405596917088,-0.0010668306117275206
2017-03-24,0.0011661533006042113,0.0011667794710976676,-0.0007268422746218306
2017-03-27,0.0005822714602254919,0.0005820471193529464,-0.0010260180697763133
2017-03-28,0.005687347044764035,0.005686358906223932,0.0072768650983841
2017-03-29,0.0052192405776909645,0.005219461710072704,0.000934799992784896
2017-03-30,-0.003994811562251233,-0.003995279849565492,0.0031844221163634945
2017-03-31,-0.0004243984689239477,-0.00042291423036311393,-0.0023276304964056083
2017-04-03,-0.007173669768965496,-0.007175423888014509,-0.001739405083699186
2017-04-04,-0.0035013104577181764,-0.0033903614179422448,0.00063722725354598
2017-04-05,-0.004263992793737792,-0.004265021833166349,-0.00297245933100021
2017-04-06,0.0038492490469035356,0.003850529740212494,0.0028110008695301225
2017-04-07,-0.0002930374352538845,-0.0002927694811278858,-0.001019432926068431
2017-04-10,0.0016975157633536408,0.001696825685330916,0.0005956206952661969
2017-04-11,0.0003805602159192567,0.0003798533982102281,-0.0011898559314651447
2017-04-12,-0.007498415899072963,-0.0074975217142752015,-0.004381821437653977
2017-04-13,-0.005210983290320548,-0.0052111205836242736,-0.006494801997070532
2017-04-17,0.00676870150454878,0.006769607953774903,0.00885960282320064
2017-04-18,-0.0020389901872361893,-0.0020398151377055695,-0.002984367244703412
2017-04-19,0.0031163384033414676,0.0031158514443585528,-0.0018384650816789527
2017-04-20,0.008312459737456424,0.008312605442873044,0.008139344597635212
2017-04-21,-0.001601686264880664,-0.0016020403346107548,-0.0031869020707160356
2017-04-24,0.008037687297847373,0.008037574977375561,0.01099776044563705
2017-04-25,0.004294932503931204,0.0042952231886213,0.005818589434265498
2017-04-26,0.004256916750457362,0.004256074354429984,-0.000628922377870822
2017-04-27,0.00164856973304639,0.0016490769999182309,0.0008390414363321774
2017-04-28,-0.0016063816228316652,-0.0016061822515011093,-0.002179382399111529
2017-05-01,-0.0036530552007850714,-0.003652725546890334,0.0025201358295641185
2017-05-02,0.005765673251153514,0.005930857521178723,0.00037716273000909517
2017-05-03,-0.000874740503955751,-0.0008735183035630811,-0.0012146134935870911
2017-05-04,0.00815841072936574,0.008158248081435282,0.0011741154995335013
2017-05-05,0.005530576024630474,0.005530393142826107,0.003936881598367581
2017-05-08,-0.0018198751624947107,-0.0018199881753618863,-0.00016704575378767572
2017-05-09,0.002571662855408441,0.0025708556072971955,-0.0009177244124360939
2017-05-10,0.0009977574408484013,0.000997684197515225,0.0017960666612844012
2017-05-11,-0.004848001004813418,-0.004847466531039402,-0.00204294264254945
2017-05-12,-0.00567445023287505,-0.005674258076538208,-0.0016709172261326621
2017-05-15,0.003318044746837945,0.003318182616349752,0.0055234185620463006
2017-05-16,-0.002342095322243387,-0.002342179417498924,-0.0009156479307579346
2017-05-17,-0.01002937250623126,-0.01002873676895677,-0.017743944801854705
2017-05-18,0.0023129200659934845,0.0023130796841008827,0.004028486722193136
2017-05-19,0.004249773928915568,0.004250084073193827,0.006504049372601628
2017-05-22,0.0073005382844295585,0.007300902926580033,0.00507741280822227
2017-05-23,-0.006210014489295257,-0.006209623144906695,0.0022130998350069486
2017-05-24,0.001998569727538424,0.0019996415849501403,0.0023326513650256953
2017-05-25,0.011952262612553666,0.011951469502054612,0.0047793295046363315
2017-05-26,0.004686681618170541,0.004685895402793294,-0.00020651590980869106
2017-05-30,-0.0003848015339269484,-0.00038469411917096963,-0.0008690386487688606
2017-05-31,0.0021382745767235534,0.0021378535495633066,-0.0002481884040724802
2017-06-01,0.00973128947762203,0.009731266362871471,0.007952131478014213
2017-06-02,0.005783307852364583,0.006193940335665671,0.0033285322605132173
2017-06-05,-0.0027232838794530867,-0.002723282755414891,-0.0007370751098079165
2017-06-06,-0.010363088304246926,-0.010363308964256523,-0.003197072952353941
2017-06-07,0.00014769148433524393,0.00014737900068895193,0.0018501068745409022
2017-06-08,0.0006977263651604115,0.0006982236444945666,0.0004927023723459989
2017-06-09,-9.235150519082413e-05,-9.024469880447583e-05,-0.0015180064115530856
2017-06-12,-0.0022171157504116135,-0.0022157473585959764,-0.00020526131618348042
2017-06-13,0.005465155637889296,0.005464736508090207,0.004889637945718395
2017-06-14,0.0013850362852687592,0.0013850622336848417,-0.0012672663503431325
2017-06-15,-0.00562686189020789,-0.005626548985595448,-0.0019244196074722497
2017-06-16,-0.006089403128059945,-0.0060892333960861356,0.00021838018204922705
2017-06-19,0.009435885806457378,0.009435468777825085,0.00832535924038269
2017-06-20,-0.010249344748157418,-0.010249709559210007,-0.006744076434880397
2017-06-21,0.0007801886663261204,0.0007792414381500024,-0.0002469701255956025
2017-06-22,-0.0003284099820284325,-0.0003286921524002784,-0.00045305944800644316
2017-06-23,0.0011655330319586543,0.0011654975621742114,0.001194331740263177
2017-06-26,0.0016651428116702949,0.0016654410426537591,0.0006580207993931442
2017-06-27,-0.008705223766585224,-0.008704834685716145,-0.008056213726402639
2017-06-28,0.0089921806200286,0.008991883577526227,0.008950486731214014
2017-06-29,-0.00784382554122287,-0.00784381878581153,-0.008788756428805167
2017-06-30,0.006674531531733363,0.006675518373421285,0.0018644326242092113
2017-07-03,0.0006778607899011746,0.0006781913712934351,0.0016958077053925713
2017-07-05,-0.008348901470555448,-0.008126804109974683,0.0023118927611947004
2017-07-06,-0.012251232450897986,-0.012248299622524383,-0.00914453699877471
2017-07-07,0.00699353168086847,0.006992307694742905,0.006485062479682835
2017-07-10,-0.0053597952217983025,-0.005359544269875727,0.0010739886122603792
2017-07-11,-0.0034016825022303854,-0.003402595077946824,-0.0007426491027647808
2017-07-12,0.006114947013378558,0.006115616570195437,0.007514636743868319
2017-07-13,0.0033034811975254375,0.003303164562693084,0.0016802325883327196
2017-07-14,0.003919160193054383,0.0039208121985996325,0.004664140212380374
2017-07-17,0.0017443758110406993,0.0017437126436981032,-0.00012220277489904952
2017-07-18,-0.001314319167275868,-0.0013133171486598982,0.0005296578656774908
2017-07-19,0.004996980394803785,0.0049975396584247544,0.005413921746416861
2017-07-20,-0.00044427039461281126,-0.00044452757987645253,0.000445435060221433
2017-07-21,0.003351248041340682,0.0033512522139766965,-0.0008904022458564587
2017-07-24,-0.0036492601161661753,-0.003649252669785663,-0.00024309875776518108
2017-07-25,0.0036168493271044877,0.003617047642985982,0.0024307230038966843
2017-07-26,-0.003736793713124964,-0.003735542151196758,4.047546507490729e-05
2017-07-27,0.0031499144078221963,0.0031510458956622855,-0.0009292619935543645
2017-07-28,-0.006674559461684826,-0.00667416012675226,-0.0011730527651607758
2017-07-31,-0.0026064733744715074,-0.002607033735917086,-0.0005669713323782632
2017-08-01,0.0024558970235586397,0.002455323943791221,0.0022286611472213114
2017-08-02,-0.0036198150769204407,-0.0034957650727579503,0.00048497668197966526
2017-08-03,0.00040080915867157785,0.0004003348322676459,-0.0019397487893374477
2017-08-04,0.006352857788216593,0.006356531184412262,0.0018220799862256332
2017-08-07,0.004714103816664261,0.0047134472874801325,0.0018594565555216658
2017-08-08,-0.0023418553373671935,-0.0023408616306348495,-0.0024611118621885586
2017-08-09,-0.003568429911052551,-0.0035691112872404673,-4.0430467745489196e-05
2017-08-10,-0.017557787908218048,-0.01755819711829587,-0.014115145929636919
2017-08-11,0.004863156695799065,0.004862276117610476,0.0014767562337769657
2017-08-14,0.008118169627647998,0.008120068994332375,0.009913122207047653
2017-08-15,-0.011543820407648453,-0.011543083112416364,-0.0001214314606141631
2017-08-16,0.0076074032839290595,0.007607607078018219,0.001744156034887645
2017-08-17,-0.010966872983895426,-0.010966472645676295,-0.015590818088710212
2017-08-18,-0.0029946203751261002,-0.002994276341642954,-0.0015630745732605478
2017-08-21,0.0029707375131804437,0.0029712174519378465,0.0007825795131821689
2017-08-22,0.010171346844168427,0.010172480525172167,0.010457077139737647
2017-08-23,-0.004399214449381406,-0.004398781981563182,-0.0035854826138762563
2017-08-24,-0.0006294667634177964,-0.0006291974884441442,-0.002330339201413567
2017-08-25,0.006077734181583416,0.00607598134236631,0.0023357823666285693
2017-08-28,-0.0015248764192916653,-0.0015241385022187748,4.0948797307205353e-05
2017-08-29,-0.0037902962929282635,-0.0037898928378244934,0.0011448642199956005
2017-08-30,0.004239599017381801,0.004238953773702869,0.004737533676253625
2017-08-31,0.00768344866055326,0.007684386999907922,0.006016116427005613
2017-09-01,0.005605806527077206,0.005605446370304801,0.001414177905088021
2017-09-05,-0.00046365299233008805,-0.0003934255341055959,-0.007181982714383972
2017-09-06,0.0037026864198554943,0.0037026849554060437,0.003413722885612147
2017-09-07,-0.0007934947868137865,-0.0007934441642862833,-0.0001216108201410604
2017-09-08,0.00031683074437793834,0.0003167424010734887,-0.001174621083821048
2017-09-11,0.005212163003309955,0.005212278879991761,0.010665891039904896
2017-09-12,0.004133924163877589,0.004134166294067043,0.003370856505470421
2017-09-13,0.0012478834813656192,0.0012481591077639909,0.0004798929229237192
2017-09-14,-0.0034869737223622854,-0.003487145720605933,-0.0003198220590546752
2017-09-15,0.0030509194185799338,0.0030508040372541068,0.0013461314344491715
2017-09-18,-0.0008021858548419303,-0.000802346885980243,0.0021268930704736455
2017-09-19,-0.006087944710720161,-0.006088436072785086,0.0010012624308339824
2017-09-20,0.0027531419895074905,0.0027533326669288982,0.00035983329965727506
2017-09-21,-0.004100734596980904,-0.004100621983177732,-0.002679429617243101
2017-09-22,0.005300467847911605,0.0053003236321365055,0.00020055962877929545
2017-09-25,0.0035699486850273576,0.003569691546037035,-0.002044581868579809
2017-09-26,0.003940754816147196,0.003940789176252624,0.000602720339240026
2017-09-27,0.007058251537735982,0.00705855633565311,0.0038944047357221123
2017-09-28,-0.00699948693099417,-0.006998980567480717,0.0011998310109004873
2017-09-29,0.004059956575924284,0.00405964222177424,0.0035148714845603113
2017-10-02,0.0050210943367154925,0.005021106298218392,0.004338727464618941
2017-10-03,-0.002229499264852941,-0.002157856082237064,0.0021399330624551904
2017-10-04,0.0033510905358369314,0.003351503672496481,0.0011864977648667896
2017-10-05,0.005500858642915052,0.0055007499086148215,0.005925181568549043
2017-10-06,-0.0001821257791907449,-0.00018219746952807814,-0.0011387742844010118
2017-10-09,-0.003876432740615221,-0.0038764681096566944,-0.0016510707346215625
2017-10-10,0.0023686893894516725,0.002368179550265914,0.0026382478492343875
2017-10-11,0.00013865961149317485,0.00013900817583811786,0.0015709011252587057
2017-10-12,-0.0009322500315456228,-0.000932364661239804,-0.0014900806420820034
2017-10-13,0.003214767258373996,0.003214238120357482,0.0012174061360679111
2017-10-16,-0.0012458555331729126,-0.0012460843061571358,0.0013335274125303442
2017-10-17,0.004918454886688517,0.004918277617129041,0.0007051498232426567
2017-10-18,0.000914265478088927,0.0009141390864042531,0.0009786579758328529
2017-10-19,-0.0041977178648549,-0.004197480463284942,0.0002735316864954651
2017-10-20,0.006181580543090925,0.006181277535219243,0.005160831196651783
2017-10-23,0.0008077980272824803,0.000807612108958633,-0.003889525010949524
2017-10-24,-0.0002519437734452845,-0.00025220255043090223,0.0017569223135767142
2017-10-25,-0.00528748243512811,-0.005287504767223727,-0.004950114204787415
2017-10-26,0.007349898422039258,0.007349435893198919,0.0012928547104611443
2017-10-27,0.0023540114690348,0.002353226565259492,0.00817606874263932
2017-10-30,-0.005977316658354548,-0.005976891974736387,-0.0037248490967894954
2017-10-31,0.003674469208507558,0.0036743558646510355,0.001557595743367557
2017-11-01,-0.002926892180654228,-0.002926788973242389,0.0013223911599951066
2017-11-02,0.0016690179355896007,0.0017489779392922955,0.0003880928541741824
2017-11-03,0.005397786640182867,0.00539753655330566,0.0033387785311129736
2017-11-06,-0.0046389618288316115,-0.004639165382535171,0.0015475540846028313
2017-11-07,-0.006390399457788076,-0.006390211164550741,-0.0006952488643849897
2017-11-08,0.0036790022481367757,0.0036790269248079266,0.0017008752107221525
2017-11-09,-0.0014623233428140425,-0.001461829899571887,-0.0036276716075827053
2017-11-10,0.003790524326392486,0.0037903018559295454,-0.00030987363355927666
2017-11-13,2.000826215287077e-05,1.9663173012496316e-05,0.0009299090549756972
2017-11-14,0.0029880281053726865,0.002987896298913606,-0.0023225450250289326
2017-11-15,-0.005400332052981738,-0.005400076101111373,-0.005005446315905493
2017-11-16,0.015872931085648245,0.01587280690612558,0.008501159758154131
2017-11-17,0.004099647256572414,0.004100086124751323,-0.0029388127245350004
2017-11-20,0.005033399861771093,0.005033106547065014,0.0017063541384387815
2017-11-21,0.0016004472173873907,0.0016003274819131885,0.006542786811286394
2017-11-22,0.0018286747254265823,0.0018283724045882188,-0.0008843135586729112
2017-11-24,0.001531249041346161,0.0015310924190106157,0.0023095564843853555
2017-11-27,-2.2040219090246893e-05,-2.2252529440769386e-05,-0.0004992418882107108
2017-11-28,0.015481858949554672,0.015482104909946282,0.010145217896162073
2017-11-29,0.00899674166286668,0.008997300141825537,-0.0006089327367835295
2017-11-30,0.0066053024994598974,0.00660522248036699,0.008755041755306836
2017-12-01,-0.004734951687235811,-0.0047345315650920705,-0.0020754609749101816
2017-12-04,0.009954018389906505,0.01006776217310823,-0.0012102124848367701
2017-12-05,-0.0018804487718624419,-0.001880323837022857,-0.0035965811494327316
2017-12-06,-0.0030227563889304587,-0.0030226584721654293,0.00019017663803100326
2017-12-07,0.006451120278445632,0.006450832471024404,0.00315288571772232
2017-12-08,0.009807457314422452,0.009807207156346642,0.005453104620037896
2017-12-11,-0.0058341183959935705,-0.005833893896814546,0.003013006009587871
2017-12-12,-0.004878885479844497,-0.004878732739725389,0.0017650595286711201
2017-12-13,0.00529763679837103,0.005297814849264171,-0.00011245229639667009
2017-12-14,-0.0056701281231066325,-0.005669754329148513,-0.004086357582188782
2017-12-15,0.00993491071951036,0.009935230232827275,0.008327217860012448
2017-12-18,0.009910861776891933,0.00991051790161368,0.006341542921576515
2017-12-19,0.0010309007871054376,0.0010311523041681703,-0.0038405102333698427
2017-12-20,-0.0004326820315461166,-0.0004329723862934731,-0.0005242161035560189
2017-12-21,0.0018227521457729878,0.001822552760354812,0.00205998786453776
2017-12-22,0.0002453275691107759,0.0002451499229620957,-0.0002616412957743286
2017-12-26,0.002547265552607314,0.0025469280595655786,-0.0011965177880248756
2017-12-27,0.00016468636314193041,0.00016470626757447704,0.0004869407346761445
2017-12-28,0.002086833414310707,0.002086880854438533,0.002057165756028212
2017-12-29,-0.005336529339686091,-0.00533664484466323,-0.003770438603515225
2018-01-02,0.0,0.0,0.0
2018-01-03,0.004309761933836809,0.0058162265767376375,0.004108092076632097
2018-01-04,0.0024093270979794745,0.0024093270979792525,0.004214713307501228
2018-01-05,0.0071744261621664585,0.0071744261621664585,0.006663891916109943
2018-01-08,0.006338737527919802,0.006338737527919802,0.0018287585586245214
2018-01-09,0.000589158128741385,0.000589158128741385,0.002263566978269349
2018-01-10,-0.004421168064691727,-0.004421168064691727,-0.0015299230506967687
2018-01-11,0.010373602959781847,0.010373602959781847,0.00729616287367052
2018-01-12,0.007118249437575441,0.007118249437575441,0.006519203886003355
2018-01-16,-0.004675779682996706,-0.004675779682996706,-0.003418673849963194
2018-01-17,0.012847053239469997,0.012847053239470219,0.009531758310115324
2018-01-18,0.00030341417791768244,0.00030341417791768244,-0.0016808410972969368
2018-01-19,0.01195164407846172,0.01195164407846172,0.004549713333354077
2018-01-22,0.0024910591364866175,0.0024910591364868395,0.008130557691373275
2018-01-23,0.004116485382655188,0.004116485382654966,0.0021227699435746317
2018-01-24,0.003576690652832726,0.0035766906528325038,-0.00038822709932162525
2018-01-25,0.003346639175592747,0.003346639175592747,0.00042381920542133855
2018-01-26,0.006466082182842614,0.006466082182842614,0.011577761894707495
2018-01-29,-0.006175618992500631,-0.00617561899250052,-0.006630127841302125
2018-01-30,-0.006501374862301623,-0.006501374862301623,-0.010256882954202573
2018-01-31,-0.009243927675175567,-0.009243927675175567,0.0004970713419818473
2018-02-01,-0.005580722555116657,-0.005580722555116768,-0.0011355632741827382
2018-02-02,-0.015938188191673364,-0.015856463133503862,-0.02176990483455743
2018-02-05,-0.032977166955842185,-0.03297705419919028,-0.04182224417093183
2018-02-06,0.017625932260200594,0.01762600577088369,0.01970183311049012
2018-02-07,0.00033798604212309513,0.0003376274026263282,-0.005424497381336324
2018-02-08,-0.03172640600789678,-0.031725676484506415,-0.0375092703984079
2018-02-09,0.016241513812232267,0.016241664597624883,0.015021660237433787
2018-02-12,0.007167151105984093,0.007166872964120552,0.014684543672399908
2018-02-13,0.001057073838512279,0.0010569700554472483,0.00248740145184545
2018-02-14,0.01410210389120059,0.014102000228816136,0.013496201843272049
2018-02-15,0.01238006283034676,0.01237972056413117,0.012760258571196115
2018-02-16,-0.00035530478298728685,-0.0003554134423290334,0.0002928584342496432
2018-02-20,-0.01185566988002884,-0.011855926818102991,-0.006261214234073664
2018-02-21,-0.00317865614483015,-0.003178982795813412,-0.004974211832767805
2018-02-22,0.004284886704297053,0.004284716823280688,0.001296176823578854
2018-02-23,0.010925906642304417,0.010926010214923787,0.015939238904999042
2018-02-26,0.005683508036509632,0.005683109601521297,0.01161231789491679
2018-02-27,-0.015829158338974914,-0.015828912210001156,-0.012486532226350877
2018-02-28,-0.0008706678307471849,-0.0008695362930328798,-0.010129819402294626
2018-03-01,-0.010791782400210281,-0.010790917254352661,-0.014540916580615404
2018-03-02,0.005677089651336953,0.006196144283645122,0.005154848195324746
2018-03-05,0.008010225718787511,0.008009043477707367,0.011558126675881963
2018-03-06,0.00651449210255417,0.0065117380113195455,0.002534971240559347
2018-03-07,-0.0016314130118161296,-0.0016295290206302937,-0.0003665775519043901
2018-03-08,0.0024994479632050037,0.002500164355792478,0.004839052341124805
2018-03-09,0.012868175794697345,0.01286780419459399,0.017402475797139383
2018-03-12,-0.001171265181707959,-0.0011726406467733597,-0.0012549941877011417
2018-03-13,-0.0017557133937905478,-0.0017565142724249583,-0.006463089957696511
2018-03-14,-0.003024991184819026,-0.0030243220444932106,-0.0051315817477212144
2018-03-15,-0.0006679713272413901,-0.000667700863728915,-0.0010893697775582467
2018-03-16,0.007193129548919153,0.007192864915249064,0.0010845385680275932
2018-03-19,-0.011588293444870335,-0.01159126974971092,-0.013530684374158608
2018-03-20,0.004671586207947165,0.004674578169505672,0.0017006838729141105
2018-03-21,-0.0025978157365613708,-0.002595358433372774,-0.0019192203215481207
2018-03-22,-0.019201477897380137,-0.01920312977371119,-0.024997006281226364
2018-03-23,-0.015646819589457572,-0.015650425859252026,-0.021314665920538767
2018-03-26,0.0240849569065007,0.02408649715081146,0.027359041341031398
2018-03-27,-0.016049689298120673,-0.01605720309051184,-0.017011694099533403
2018-03-28,0.0035191629100055355,0.0035151000821547207,-0.0029548072322920227
2018-03-29,0.01732996326436842,0.017332120282339103,0.01277765629043004
2018-04-02,-0.025733623903025138,-0.025734467797910332,-0.021584575176795462
2018-04-03,0.012688770289540185,0.012758484808826909,0.012816721761802263
2018-04-04,0.014389237249746722,0.014389645462372647,0.010699054971383015
2018-04-05,0.004947313708296264,0.004947382366512487,0.007892464780515418
2018-04-06,-0.021615319835592173,-0.021615574076349064,-0.022285970943954014
2018-04-09,-0.0006674389142257153,-0.0006676778056976529,0.004928401332611632
2018-04-10,0.01776612486545126,0.017766472076815143,0.01590038551104045
2018-04-11,-0.006407508187613042,-0.006407503114813751,-0.0052424378802266025
2018-04-12,0.005701664221652081,0.005701647966009915,0.008227174474605414
2018-04-13,-0.006575412885577503,-0.0065755970767755745,-0.00293297847576357
2018-04-16,0.008062407976797248,0.008062146897442446,0.008221875239717624
2018-04-17,0.010779874947818735,0.010779969898372155,0.010698321637781838
2018-04-18,0.0015032491245927648,0.001503324602049716,0.0007403267123571311
2018-04-19,-0.011679824795418958,-0.011680177425631766,-0.005547636737814443
2018-04-20,-0.011946666135442596,-0.011946689854011705,-0.00847946939613764
2018-04-23,0.003620156689897458,0.0036201558898119046,-0.00014991035972367062
2018-04-24,-0.00962445442684945,-0.009624077840963197,-0.013467718640062798
2018-04-25,0.0034838245677957236,0.0034836764638748186,0.002471797644137075
2018-04-26,0.02000778051387453,0.020008945530586075,0.010165758222081767
2018-04-27,0.00378263010548352,0.0037829475619559627,0.0009390542700380422
2018-04-30,-0.008436837488635884,-0.00843690533251662,-0.0076910025732381815
2018-05-01,0.0006475693987924025,0.0006479447275797856,0.001776924260432411
2018-05-02,-0.007981134361465303,-0.007896023543887298,-0.006717451541688013
2018-05-03,0.0034535760418901162,0.0034537592363699243,-0.002203610149055568
2018-05-04,0.011233584037231958,0.011233384090642007,0.012946682930007558
2018-05-07,0.004060764575356313,0.0040604108529807,0.0033832361756540585
2018-05-08,-0.002371565070444004,-0.002371874427416376,0.0
2018-05-09,0.010498555273477983,0.010497814722623344,0.00966569159316566
2018-05-10,0.005073510639501011,0.005073492000971402,0.009350416423010266
2018-05-11,0.006303428221631879,0.006303671916792153,0.00305124763912068
2018-05-14,0.0015482920233238495,0.0015481389678537738,0.00047671839649621184
2018-05-15,-0.005267581765341478,-0.0052676041327277545,-0.006887094461925702
2018-05-16,0.005564808019151712,0.005564726866172487,0.004205045516890715
2018-05-17,0.004478433074058374,0.0044783216823391925,-0.0008449713716942586
2018-05-18,0.0026424479419502322,0.002642052962632757,-0.0024996065056120953
2018-05-21,0.006595121706672646,0.0065949714471083,0.007518314157885175
2018-05-22,-0.01037891140320113,-0.010378774121267864,-0.0027803393517307207
2018-05-23,0.009933492175097536,0.009934011361850681,0.002751868159878823
2018-05-24,0.0025823476338480145,0.0025821143641626687,-0.00204882529974193
2018-05-25,0.0006307457440268838,0.0006310091987600241,-0.002382692292155264
2018-05-29,-0.002910498764408187,-0.002910323054505004,-0.011501339232849128
2018-05-30,0.01596306387066937,0.015962760149908828,0.013344620071841451
2018-05-31,-0.009376229919468293,-0.009376443696080483,-0.00612563929830956
2018-06-01,0.014606337178475037,0.014605758481329723,0.00981801516332137
2018-06-04,0.012461973778546742,0.012621472313238291,0.004750878734008923
2018-06-05,0.005301951890820167,0.005301814735799049,0.0007276426493036947
2018-06-06,0.005895454657820931,0.005895603282245698,0.008360670536741166
2018-06-07,-0.0033971044991274457,-0.0033964903388000733,-0.00010798129408629009
2018-06-08,0.008532176738172303,0.008532048561242123,0.002956291509401243
2018-06-11,0.004226283245231333,0.004226313795479886,0.0013299003048887759
2018-06-12,0.005065320239648674,0.005064881170771196,0.0012926847153256205
2018-06-13,-0.0033376436633170137,-0.0033378414033010673,-0.0031914827424862624
2018-06-14,0.0029597416524225206,0.002959729513675846,0.0025180163948210765
2018-06-15,0.006723833127934009,0.006724109896167674,-0.001275458821172304
2018-06-18,-0.000753203048622253,-0.0007534676977439814,-0.0020571180198599714
2018-06-19,-0.003935337614772494,-0.003934923295097259,-0.003832913579683961
2018-06-20,0.003580799594994355,0.003580447944246723,0.001706315984209228
2018-06-21,-0.005155198672918138,-0.005154283609421051,-0.006269102629588574
2018-06-22,-0.0017560721422109626,-0.0017549014284360398,0.00182352292280763
2018-06-25,-0.015605234080622754,-0.015604000394314532,-0.013612948154032356
2018-06-26,0.0035878716994450777,0.0035873554098846405,0.0022140063314155523
2018-06-27,-0.012716549007221745,-0.012716063377467668,-0.008284055286406411
2018-06-28,0.008489244564350518,0.008488815900519864,0.005717028481935893
2018-06-29,7.844966380776697e-05,7.834749257917828e-05,0.0014398674525986088
2018-07-02,0.0013699452041193716,0.0013693612785021791,0.0021377807903133483
2018-07-03,-0.0010159631016772863,-0.0009529421792101589,-0.0035309002066936657
2018-07-05,0.009540154490342845,0.009540372653604745,0.00815788258577732
2018-07-06,0.011981382989658451,0.011981293040754792,0.008458210097118446
2018-07-09,0.0054924967445741935,0.005492913507672448,0.009004465912484605
2018-07-10,0.003968884080349566,0.003968976552436221,0.0035983287998042623
2018-07-11,-0.005783197459685363,-0.005782865343068155,-0.007314261685950507
2018-07-12,0.007622267714342712,0.007622297848016046,0.009065713442555579
2018-07-13,0.0024256030911720128,0.00242561381021833,0.0007876908721797804
2018-07-16,-0.0014330979368955,-0.0014330379264969606,-0.0008943453865113415
2018-07-17,0.010724521200003112,0.010724636536809218,0.004045320003391861
2018-07-18,-0.0004515015363751873,-0.00045138022091306684,0.002103646120768632
2018-07-19,0.0062326290609162616,0.0062326053816821325,-0.003771360588163075
2018-07-20,0.0006748193305246009,0.0006749321888939175,-0.0011429969807824625
2018-07-23,-0.003375826499617318,-0.0033761604773732135,0.001859649926955198
2018-07-24,-0.007040175189087394,-0.007040278461215688,0.0050319713835722535
2018-07-25,0.009325685968590403,0.009325949151246515,0.008522239603585557
2018-07-26,0.003088958088673488,0.0030886438978805497,-0.002359018545113667
2018-07-27,-0.016762311897975946,-0.016761856644372575,-0.006776530766738675
2018-07-30,-0.00605649980086731,-0.0060567905882908946,-0.005222945006732482
2018-07-31,0.006263421027163041,0.006263526699822108,0.004929266458104209
2018-08-01,-0.005614817655998361,-0.005615161871704966,-0.0016711394970367888
2018-08-02,0.022651042786458797,0.022723868245521972,0.005447984189256516
2018-08-03,0.0006977835811998734,0.0006976417819495317,0.0042845294653020005
2018-08-06,0.004589045538709868,0.0045890681251030685,0.0036673428416968967
2018-08-07,0.003349936051339819,0.0033499424806353595,0.003302320638059353
2018-08-08,-0.0017580183393719473,-0.0017575081584907393,-0.00042052121762747863
2018-08-09,-0.00039218184400491296,-0.0003920547368345684,-0.0013654078284350835
2018-08-10,-0.003457707071672922,-0.0034577375423960888,-0.006700615806956356
2018-08-13,-0.004052227726793922,-0.004052429421739112,-0.0037432694368122466
2018-08-14,0.013665693188735784,0.013665659912370343,0.006380547457365715
2018-08-15,-0.007956619791615438,-0.007956790576720163,-0.007467328876730517
2018-08-16,0.006974459574995429,0.006973970799476259,0.008091643033774742
2018-08-17,0.005841396341192073,0.005841367999992242,0.003520174601925552
2018-08-20,0.006579903034633849,0.006580185203028277,0.0021400789883696536
2018-08-21,0.003771693475932647,0.0037716412714345893,0.002345189066315756
2018-08-22,0.007010905084107177,0.007011795398256471,-0.0005937800140681793
2018-08-23,0.008513313665642563,0.008514210477887918,-0.0013278484670969926
2018-08-24,0.004135766324389056,0.004135736114112554,0.006018446897929186
2018-08-27,0.0012304360104182788,0.0012299748490560702,0.007894984483689083
2018-08-28,0.0008941161593589708,0.0008943009551010128,0.00048340803859647785
2018-08-29,0.004447459624345562,0.004447274235330756,0.005380828247327996
2018-08-30,-0.005380268322215609,-0.0053801068416222675,-0.004048134246127377
2018-08-31,0.010101784263833347,0.010102161098777929,3.4042176352055975e-05
2018-09-04,0.00836318102942668,0.008363095268222764,-0.0017219874859982776
2018-09-05,-0.005502666902657216,-0.005319010206937258,-0.002691256153824928
2018-09-06,0.0012646962919264926,0.0012649502569863635,-0.003010309113196885
2018-09-07,-0.002402434422703048,-0.0024019523711108492,-0.0019435428851407588
2018-09-10,0.006853185026526987,0.006853019809277994,0.001738874157978687
2018-09-11,0.002462825847084682,0.002462536190134479,0.0032975621679642853
2018-09-12,0.0022862557522782545,0.002286338457148318,0.00024147750281433566
2018-09-13,0.0004110040675977533,0.00041298983877657847,0.005915188835533103
2018-09-14,0.0002732047265510129,0.00027337175345154563,0.0001719204788774853
2018-09-17,-0.008607034274270231,-0.008607130443774591,-0.0052943474731736995
2018-09-18,0.00534082775267386,0.005341073535148455,0.00542570869345238
2018-09-19,-0.0027340871919742105,-0.002735634447181501,0.0010660419838810498
2018-09-20,0.005073039106260557,0.005073295279119039,0.00810397001981955
2018-09-21,0.0007808336722461284,0.0007808759169423141,-0.0009140483798296684
2018-09-24,-0.0024089559495358293,-0.002409042767392622,-0.003321905325580632
2018-09-25,0.00393103661473404,0.003931990209000924,-0.0009277444403889001
2018-09-26,3.4875912455767377e-06,3.70130642401989e-06,-0.002992148434981412
2018-09-27,0.0033089077734589356,0.003308154309880962,0.0027940597809654744
2018-09-28,0.0029636619512474205,0.002964757638076465,0.00010306826290351623
2018-10-01,-0.00522240876139457,-0.005221578497848212,0.0034742612062759193
2018-10-02,-0.01276106996323123,-0.012650850491563115,-0.0005827181502434664
2018-10-03,-0.0025720858699612714,-0.0025702899828333736,0.0005489616448886014
2018-10-04,-0.01784128262985163,-0.01784122709409075,-0.007815787813559183
2018-10-05,-0.004541817079403709,-0.004541228892049998,-0.005597030889530452
2018-10-08,-0.003600647765725107,-0.0036012177103501575,0.0
2018-10-09,-0.0029785337637607823,-0.002978354168992725,-0.0014590171604822455
2018-10-10,-0.039395705193866926,-0.03939496384564678,-0.031663474692038784
2018-10-11,-0.015354394375634906,-0.015354186820495386,-0.022026339969826503
2018-10-12,0.018634198151305847,0.018634688473920358,0.013888099858530678
2018-10-15,-0.0022714387955974358,-0.0022716937893203504,-0.005616912716155498
2018-10-16,0.021411144910364888,0.021411171882338653,0.021865855314946447
2018-10-17,-0.0056748817491837356,-0.005674622640409632,0.00017818658803969711
2018-10-18,-0.015341934485665454,-0.015342538131135508,-0.014440967886746203
2018-10-19,-0.011629389972557136,-0.011629242700055276,-0.0005427313849886151
2018-10-22,0.004324193901372286,0.004325425131639138,-0.004488588264746518
2018-10-23,-0.0051053409563602825,-0.005105574456197193,-0.005090636825545891
2018-10-24,-0.0310562957910111,-0.031058859084541424,-0.0302984910440115
2018-10-25,0.0074773321234564705,0.007479841480864113,0.017940211525071526
2018-10-26,-0.013591586534551947,-0.013592321398577578,-0.01758709727625163
2018-10-29,-0.00045629152012172103,-0.0004566185937013856,-0.005540635399224891
2018-10-30,0.023474943664476333,0.023475892086938677,0.014818867257449186
2018-10-31,0.00743485167094593,0.007435127906204375,0.010680849563283523
2018-11-01,0.018224930168690756,0.018225455302482763,0.010641631660504913
2018-11-02,-0.002566949697868748,-0.002431209486262409,-0.0059228925402705634
2018-11-05,0.0017836346054167507,0.0017840092977727817,0.005516643266578525
2018-11-06,0.004164026904442508,0.004164709263186239,0.006327870044667838
2018-11-07,0.020998213177913838,0.020999636152072343,0.021409228814528225
2018-11-08,-1.9596204047123145e-05,-2.0907522564117542e-05,-0.0018150877516831532
2018-11-09,-0.007548193767852096,-0.007548859648662143,-0.009767828065918138
2018-11-12,-0.021433036156603857,-0.021435542763142967,-0.018685488133020844
2018-11-13,0.0012835640756867495,0.0012842594417021846,-0.0018709756843833247
2018-11-14,-0.004262733338171731,-0.004261628611553769,-0.00683685848543103
2018-11-15,0.0038446251997499292,0.0038445809778646645,0.010436673058951795
2018-11-16,-0.003993734117819336,-0.0039949861788348695,0.0026007865418542497
2018-11-19,-0.02888510283994772,-0.028886675021378316,-0.016914887527615607
2018-11-20,-0.017914401256306722,-0.017914315038628614,-0.018505862442727894
2018-11-21,0.006661139631999546,0.006660012453418185,0.0034076602222188335
2018-11-23,0.00125705177628066,0.0012578690859543773,-0.006678799042735495
2018-11-26,0.01526805142599974,0.015267896215424681,0.016144262427891798
2018-11-27,0.0012459882989348525,0.0012468713405560106,0.0033645384755796037
2018-11-28,0.023447241336184588,0.023448948399716896,0.02302525762189922
2018-11-29,-0.0019373856276571066,-0.0019378256941966487,-0.0021851896556832617
2018-11-30,0.0067618180213231405,0.006761793226356394,0.006095219537697094
2018-12-03,0.01810520320637532,0.01810593409664163,0.013241315865513359
2018-12-04,-0.03631393948111805,-0.036081927850540096,-0.032402384973374554
2018-12-06,0.0009999265825149095,0.0009980943920586682,-0.0015170253752517793
2018-12-07,-0.03438546415921717,-0.034385208771673836,-0.023235866825162543
2018-12-10,0.006366644488720485,0.006366297398634924,0.001897015380304623
2018-12-11,0.0028282389530851493,0.002826718733642819,0.0002274374791173539
2018-12-12,0.012279248684991195,0.012279402247317384,0.005035240235142346
2018-12-13,-0.006788655913002484,-0.0067873581195421195,-0.0003391754660617696
2018-12-14,-0.015909118989543725,-0.01590877956606296,-0.018464405343252444
2018-12-17,-0.025381705622539608,-0.025380982362290028,-0.019618786185908732
2018-12-18,0.00539514194733659,0.005396615701112495,-0.001096364794337723
2018-12-19,-0.01652757774630509,-0.016526525231308486,-0.014975824238063984
2018-12-20,-0.01919123266849798,-0.019193448536267366,-0.016277993963117243
2018-12-21,-0.016234608579819176,-0.016236197314523637,-0.020489440550005233
2018-12-24,-0.020917365086945194,-0.02091686342104848,-0.026422846529909227
2018-12-26,0.052977240642296586,0.05297698520967864,0.050524996530377564
2018-12-27,0.008672083284135157,0.008671667431988217,0.007677315346365177
2018-12-28,-0.0012347588868643067,-0.0012343768928263499,-0.001290218430713086
2018-12-31,0.009425815531302506,0.009426702338538373,0.00875904821779816
2019-01-02,0.0,0.0,0.0
2019-01-03,-0.01864726547314577,-0.017175236371355318,-0.017668112031938854
2019-01-04,0.030002974995401388,0.030002974995401166,0.03349559021641402
2019-01-07,0.019106262281501918,0.019106262281501918,0.007884684958124
2019-01-08,0.012417969980233812,0.012417969980233812,0.00939526667311985
2019-01-09,0.00897439017198276,0.00897439017198276,0.004673487204997828
2019-01-10,0.00033657020717536845,0.00033657020717536845,0.003527636366311926
2019-01-11,0.0019314695082610633,0.0019314695082610633,0.00038620038073133856
2019-01-14,-0.00526080186919331,-0.00526080186919331,-0.006100957264578044
2019-01-15,0.00943328140474442,0.009433281404744198,0.011460977902915781
2019-01-16,-0.0037632889394852986,-0.0037632889394851876,0.002419974861054719
2019-01-17,0.012391015256770554,0.012391015256770554,0.007586703308684051
2019-01-18,0.017174035456423375,0.017174035456423598,0.013310017539516661
2019-01-22,-0.013018602810209057,-0.013018602810209057,-0.013510722895772376
2019-01-23,0.0020231070590350786,0.0020231070590348565,0.002092363896330829
2019-01-24,0.002762620135526639,0.002762620135526639,0.0005315899726903162
2019-01-25,0.009938228955259865,0.009938228955260087,0.008461538012364933
2019-01-28,-0.009117802638177741,-0.009117802638177852,-0.007600298931966898
2019-01-29,-0.002044696392729417,-0.002044696392729417,-0.0013271787299771187
2019-01-30,0.013006515256036133,0.013006515256036133,0.015830981782868125
2019-01-31,0.010011071808005978,0.010011071808005978,0.008782701483493582
2019-02-01,0.0012743064357798595,0.0012743064357798595,0.0004811846721017865
2019-02-04,0.011157503945500524,0.011336645048259042,0.007035429145981764
2019-02-05,0.008384073142665649,0.008384645391005696,0.004191829484902154
2019-02-06,-0.0006564988207043987,-0.000657331704529085,-0.001318167075939236
2019-02-07,-0.009613762932995207,-0.009614368787201677,-0.009532570629879666
2019-02-08,0.0031565741968346828,0.003155558702181205,0.0012215223657656704
2019-02-11,0.008287273589866473,0.008286137230114399,0.0005545083055178424
2019-02-12,0.014730501133289886,0.01473018594536546,0.012859346049142628
2019-02-13,0.003370599630514226,0.0033700176082451794,0.0032470560493027545
2019-02-14,0.0003520197795512381,0.00035151860645799005,-0.002218387005808675
2019-02-15,0.009845192947092185,0.009843393311238735,0.010897479720999526
2019-02-19,6.864256031202665e-05,6.923881777254337e-05,0.0017303959406560487
2019-02-20,-0.0003513512279124109,-0.0003515571550917196,0.002015605433666412
2019-02-21,-0.004013115415469337,-0.004013249078125614,-0.003556143472617901
2019-02-22,0.008533275540105523,0.00853323303966591,0.006200419709908589
2019-02-25,0.0019464951701553268,0.001946742769785459,0.0013607634928238799
2019-02-26,-0.001618036674909451,-0.0016177427390624555,-0.0007149991316381943
2019-02-27,0.0006155047048079787,0.0006148311609208701,-0.0004296859815176024
2019-02-28,-0.004893621583847763,-0.004893321943078455,-0.0018628546525067957
2019-03-01,0.007706120917912118,0.007706078863850552,0.006244175192537504
2019-03-04,-0.009461885072280074,-0.008721032944334017,-0.003637790507828975
2019-03-05,-0.0004482992422922827,-0.0004498096577438826,-0.0013601710223045682
2019-03-06,-0.008614713856142986,-0.008613896570182855,-0.006056761177112069
2019-03-07,-0.00674806351873436,-0.006748106125572306,-0.008365353786963237
2019-03-08,-0.003895175744786372,-0.0038934635944670726,-0.0020000467570850944
2019-03-11,0.014452160877195919,0.014452208884783824,0.014501129122705736
2019-03-12,0.0018673220097804588,0.001867732394703614,0.003771068442985248
2019-03-13,0.007319068273740736,0.00732013605817694,0.006619284127661107
2019-03-14,-0.0036737134024787954,-0.0036726513629206092,-0.0006398103142017941
2019-03-15,0.005712509563762902,0.00571053905086738,0.0049405249852108035
2019-03-18,0.005942072999470582,0.005941091404622512,0.00362593298254299
2019-03-19,0.002323195350237617,0.0023193569626493993,0.00024776986021057823
2019-03-20,-0.003012096087851357,-0.0030139131566343513,-0.0030095164307165634
2019-03-21,0.012203637575823656,0.012202826209239515,0.011294508899890365
2019-03-22,-0.02339027554161477,-0.023388312926791,-0.019246316050036683
2019-03-25,0.004078019415297618,0.00407481164971113,-0.0007521175061521168
2019-03-26,0.007215965478570396,0.0072156849859730254,0.007454172903694989
2019-03-27,-0.0038326412711869873,-0.003835857585007263,-0.005229316973724307
2019-03-28,0.010130869849311885,0.010126573853462384,0.003790579290930518
2019-03-29,0.007948395805609021,0.00794733074665599,0.006305500243529272
2019-04-01,0.007963482998688765,0.007963021200576792,0.011859216336003175
2019-04-02,0.0009060353926386711,0.0010647186145853471,0.0004898291947015299
2019-04-03,0.005332565095817365,0.005332388771753127,0.0015736631394083211
2019-04-04,0.0012294399906302989,0.0012296690618587292,0.0026532044585343417
2019-04-05,0.007212537215892878,0.007212810887973431,0.004840290566821892
2019-04-08,0.0003323463027413709,0.0003307741642004647,0.0007624566442752112
2019-04-09,-0.007204001045317487,-0.007202912739427858,-0.005124445600397487
2019-04-10,0.005763536714375794,0.005764346733354353,0.0034106662602624294
2019-04-11,0.001426904115491734,0.0014267659458377935,-0.00027754766910748074
2019-04-12,0.0014608945594234424,0.0014599461201465491,0.006765655435348794
2019-04-15,0.0013464490010248742,0.001347609075696088,-0.0006545463335607682
2019-04-16,-0.0015265888557025598,-0.0015272189560749938,0.0006549750450750569
2019-04-17,-0.005808629676886445,-0.005808806279384404,-0.00244686270122052
2019-04-18,0.0005856190901094571,0.0005861032331546667,0.001969161333717384
2019-04-22,-0.0028967513368644005,-0.00289594146405614,0.0008621923376881391
2019-04-23,0.011936799840058798,0.011937393425927478,0.00899173212483273
2019-04-24,0.0008852729380757207,0.0008855765216126965,-0.0022194137729674157
2019-04-25,-0.0034676458351966533,-0.0034668173631875465,-0.0006160044647799401
2019-04-26,0.004386210882722619,0.004386302877939174,0.004656982273155474
2019-04-29,-0.0009654279586613912,-0.0009650276569718175,0.0015677604397061895
2019-04-30,0.001745434146201097,0.0017458420802887176,0.0005102597667125952
2019-05-01,-0.01582007729044166,-0.015820169740325296,-0.007516818751677756
2019-05-02,0.0063768846490774855,0.006586075920073764,-0.002158827740901481
2019-05-03,0.009082521074730732,0.009081121571492767,0.009788011772836391
2019-05-06,-0.0013706104725957902,-0.001369623072935977,-0.0041152921002790555
2019-05-07,-0.019215621601898603,-0.019214635774118527,-0.016699422259710328
2019-05-08,0.0010870779469887015,0.001087141577311046,-0.0013895915090530453
2019-05-09,-0.0013016994581983576,-0.0013016412576019043,-0.0030258063912580457
2019-05-10,0.001004611684274126,0.0010052693919790912,0.005023435294273959
2019-05-13,-0.028888732648934656,-0.028888802302915906,-0.025130438913886
2019-05-14,0.00887750214730576,0.008876645132420258,0.009043990377985756
2019-05-15,0.004816718702639777,0.004815795751064167,0.005857706251938488
2019-05-16,0.008987844971863446,0.008986621812933082,0.00926112114205302
2019-05-17,-0.006760586317137052,-0.0067594327162402434,-0.0064650923123060755
2019-05-20,-0.0043079004814369215,-0.00430761117642775,-0.006612044848290477
2019-05-21,0.012657366043898666,0.012656877523806509,0.009015295130750056
2019-05-22,-0.0064409781781857856,-0.006442973375963668,-0.0030713987003510024
2019-05-23,-0.012397831619649358,-0.012396811607883307,-0.012218544341037751
2019-05-24,0.0022059128716374055,0.0022048267507948083,0.0022685396821870984
2019-05-28,-0.0073341681555051386,-0.007335453855562335,-0.009300754974060688
2019-05-29,-0.009428528514785928,-0.009428964852123856,-0.006710609208876783
2019-05-30,0.007216124765092591,0.007216525806101659,0.002731034573894453
2019-05-31,-0.00797243675458248,-0.007971361348017014,-0.013475212527762293
2019-06-03,-0.0022475326960113007,-0.002248054210248873,-0.0025427302245732974
2019-06-04,0.02547870016159326,0.025653960975091872,0.02170662172652471
2019-06-05,0.007250943715429337,0.007251141626618773,0.008662168159436323
2019-06-06,0.005088583449937234,0.005087476891408871,0.00650257891489181
2019-06-07,0.012893988336851292,0.012895120220375755,0.010006980084850126
2019-06-10,0.004185888761624623,0.004187852124578395,0.004589016733120399
2019-06-11,-0.00033661618560354434,-0.0003367857835192556,-0.00024213548652840533
2019-06-12,0.001078223287397817,0.001077672712405997,-0.0017653653908005218
2019-06-13,0.0055154913321466825,0.005515849800136419,0.004126352575871239
2019-06-14,-0.0046872065193867,-0.004688323641158676,-0.0011048924737504517
2019-06-17,0.0012035633577616167,0.0012044085437115104,0.00038008343943851663
2019-06-18,0.009949437370942116,0.00995215113483261,0.010470856123007355
2019-06-19,0.003889122065676043,0.0038883063532029194,0.0022572927089736794
2019-06-20,0.007500232612272173,0.007500694239949146,0.009554547138143743
2019-06-21,-0.002742960307632436,-0.0027435244199938147,-0.001453849848026545
2019-06-24,-0.0058855746287750366,-0.005885276989643584,-0.001224196728944471
2019-06-25,-0.007864929180629754,-0.00786581943019371,-0.009808116418850155
2019-06-26,-0.0028238860146561073,-0.0028212769133296733,-0.0009974257349592008
2019-06-27,0.005641253968094784,0.0056418921407972444,0.0035457439582313732
2019-06-28,0.0042929534933584534,0.00429337940273955,0.005146039249199541
2019-07-01,0.006110606172423649,0.00611069187918134,0.009078316467369119
2019-07-02,0.0013702075009889292,0.0014325032701718587,0.0026044901841684176
2019-07-03,0.010740688034856394,0.010740695145209145,0.007995266805708834
2019-07-05,-0.0013362391839609744,-0.0013363050445569513,-0.0011380785478316557
2019-07-08,-0.0038387023519179664,-0.0038385629919863717,-0.005495021988261906
2019-07-09,0.0005380886981574129,0.0005380006075443866,0.0012469272028761136
2019-07-10,0.0014490921635448295,0.001449262585016875,0.0047779823567981605
2019-07-11,0.0036630069439911317,0.0036630802300490206,0.0023444404048491574
2019-07-12,0.010848495443865014,0.010848505754982973,0.004476859202404482
2019-07-15,0.0019671956548061864,0.0019670403947804616,0.0003323576736584677
2019-07-16,-0.0010569941339816369,-0.0010572306932143949,-0.003225243129726163
2019-07-17,-0.00476437387807771,-0.004764151208083378,-0.006804793285358657
2019-07-18,-7.007052708118966e-05,-6.991448939641653e-05,0.0036607117556224367
2019-07-19,-0.006755797142265485,-0.006755687374943364,-0.00555477695624218
2019-07-22,-0.0025033966594283363,-0.002503887280466799,0.002456367633961287
2019-07-23,0.0069201232235347465,0.006920021046576741,0.007149722298366301
2019-07-24,0.008731445421087836,0.008731030122805628,0.004699554551389928
2019-07-25,-0.00877517453631671,-0.008776274288440411,-0.0047767145870600825
2019-07-26,0.00538781311170955,0.005387985516234428,0.006700070828448812
2019-07-29,-0.0044251694138278674,-0.004425206647541979,-0.0018213624248689664
2019-07-30,-0.0003418035425848398,-0.0003418494703547603,-0.0024544575993770135
2019-07-31,-0.013775590038205499,-0.01377553673259635,-0.010940236080142607
2019-08-01,-0.016324964202441117,-0.016324620287892944,-0.008708191510037322
2019-08-02,-0.00941937862965636,-0.009298193686869238,-0.0075295046763190765
2019-08-05,-0.029782342496982972,-0.029783018264771033,-0.0300728324647197
2019-08-06,0.01635649806654671,0.016356540976439682,0.014022759876988422
2019-08-07,0.003915855305160143,0.003914997358335226,0.0005907884565257149
2019-08-08,0.021255776060395526,0.021255801811593367,0.01961982182795774
2019-08-09,-0.010606531151045817,-0.010606954945490021,-0.006811496999133082
2019-08-12,-0.01505330500310298,-0.015053801578938653,-0.012173514556663267
2019-08-13,0.013719966643811254,0.013719997648306004,0.01555183081030842
2019-08-14,-0.029463373499367562,-0.029464017600649095,-0.02956769216104338
2019-08-15,-0.0016957501471817071,-0.0016972429995463223,0.0026419587350297036
2019-08-16,0.015345685046812996,0.015346000247140612,0.014754960498849723
2019-08-19,0.013716455659052329,0.013716479670286663,0.012048018932232507
2019-08-20,-0.005183363354548609,-0.005184079904875127,-0.007662771299021043
2019-08-21,0.015287512916015045,0.015287587586188423,0.008135547369639617
2019-08-22,0.0029055117930405494,0.002905980424627419,-0.000308076683866787
2019-08-23,-0.02654657717169251,-0.026547308128988756,-0.025687536225232677
2019-08-26,0.009833791224204136,0.009833281338399003,0.011058363306560626
2019-08-27,-0.003882513376680219,-0.0038829390027070865,-0.003923345866815642
2019-08-28,0.009800936917118364,0.009801519253439528,0.007041576436231711
2019-08-29,0.011343961434390648,0.01134466300730086,0.01277284209928764
2019-08-30,-0.0037061268820592908,-0.0037047037396721327,-0.0004440171297499518
2019-09-03,-0.008554871317603241,-0.00855566571366817,-0.005847316314925632
2019-09-04,0.009153923182017687,0.009275735878868874,0.011350154419905722
2019-09-05,0.02134488280874325,0.021345985272069212,0.012855659613108639
2019-09-06,0.0016036583518295178,0.0016029994902564404,0.0007720619606459422
2019-09-09,-0.0015841272600425338,-0.001584912556991891,0.0005032834498757133
2019-09-10,0.0030203897651550626,0.0030207044765724334,-0.00023452778500909766
2019-09-11,0.0034122289474882717,0.003413384980619494,0.007110791161183849
2019-09-12,-0.0018584809943305025,-0.0018590053179096122,0.0034641047158139315
2019-09-13,-0.0009803082179120626,-0.0009785676303768476,-0.000663978065331583
2019-09-16,-0.004570602238220034,-0.004570259822774703,-0.0030889191888863188
2019-09-17,0.003981217256659786,0.00398238989185562,0.0025321419814712254
2019-09-18,-0.005383857931170022,-0.005384191995957965,0.0005982475501746798
2019-09-19,0.0006573041406596758,0.0006571782708257867,-6.684482951879733e-05
2019-09-20,-0.006493835982081864,-0.006494205907045414,-0.004724467225724727
2019-09-23,0.002940373555216036,0.002940838239194221,-0.0002348570357266766
2019-09-24,-0.00857414475944518,-0.008573758303586754,-0.007846882029623359
2019-09-25,0.004761285781872182,0.004761799620378815,0.0059148069896086675
2019-09-26,-0.002169898944743287,-0.0021700040009913213,-0.002083156733802438
2019-09-27,-0.0031522043795098043,-0.0031524960347660835,-0.0053872900428653114
2019-09-30,0.00828138784793886,0.008282220990807998,0.004637664876704806
2019-10-01,-0.010036198419864362,-0.010036501997167657,-0.011894434591577019
2019-10-02,-0.017083220881193517,-0.01700675390145856,-0.01766489955944428
2019-10-03,0.009335320245449807,0.009335482863264355,0.008192454357178969
2019-10-04,0.01239163013291833,0.012391799488500554,0.013532454582607212
2019-10-07,-0.004902167568757054,-0.004902106169319964,-0.004314807710553037
2019-10-08,-0.013494413466557553,-0.013494599917217909,-0.015524138327867032
2019-10-09,0.009097832384689752,0.009097932271717735,0.009495940372685974
2019-10-10,0.005973093325453371,0.005972921913163898,0.006763675599713137
2019-10-11,0.019625529597611546,0.0196249728138711,0.01036685523197134
2019-10-14,-0.0018878675398653622,-0.00188767366476017,-0.0011137952950345253
2019-10-15,0.009351839049951849,0.009352013529633219,0.009900058065358097
2019-10-16,-0.0014650250095652462,-0.0014652573812168335,-0.0016057166174799908
2019-10-17,0.005572219036973358,0.005572184252271795,0.0029489439355911973
2019-10-18,-0.002527602624446512,-0.002527904322753516,-0.004376713351534001
2019-10-21,0.003676432324511758,0.0036761589550278195,0.006778773509141356
2019-10-22,0.00019130466348871167,0.00019065846313126578,-0.0032667834145982955
2019-10-23,-0.003007788038170034,-0.003007694547865314,0.0029097652425407183
2019-10-24,0.009445302575437076,0.00944537301479298,0.001634215547294593
2019-10-25,0.004398705053919816,0.0043987258981545985,0.004094818051380011
2019-10-28,0.0028745730124719593,0.0028747729869211813,0.005636699066540407
2019-10-29,0.0001818035566163445,0.00018215536407950594,-0.0002968023302039047
2019-10-30,0.005960651711325093,0.005960867624942301,0.0030672376218150443
2019-10-31,-0.004083002707937267,-0.0040828449867880146,-0.0026633998053989805
2019-11-01,0.005773678486633793,0.005773407432952293,0.009263899490793648
2019-11-04,0.0018286896392429863,0.0019703139251010526,0.0040176411762884445
2019-11-05,0.004084168064032445,0.004083879798655543,-0.001106199302856381
2019-11-06,-0.0012272137835810382,-0.0012267735469254637,0.00022805405408377055
2019-11-07,0.004344544175907128,0.004343554770090963,0.0035166791302667644
2019-11-08,0.0012916740340260802,0.0012911883984680905,0.0024661819303306576
2019-11-11,-2.4803052075306198e-05,-2.4991887755843045e-05,-0.0019098805806062602
2019-11-12,0.003354146913076228,0.003353616043323182,0.002108017060587164
2019-11-13,0.0024256613024371543,0.002426195543802301,0.0003239639566083863
2019-11-14,0.001991468644098049,0.0019915789121012217,0.0014555106830382858
2019-11-15,0.006634206747844873,0.006633707587083482,0.007236250002723876
2019-11-18,0.0034395126156867573,0.003439395962497427,0.0007377572590392401
2019-11-19,-0.0017647738759745124,-0.0017645426194115021,-0.00028861579325079045
2019-11-20,-0.0022947650933867747,-0.002294837117828963,-0.0037183797427075005
2019-11-21,-0.004920391080668329,-0.00492014250427486,-0.0016091827279246518
2019-11-22,0.0015169646567518846,0.0015169273207176204,0.0022238970115446843
2019-11-25,0.009318244010641186,0.009317597619881601,0.007750423688599017
2019-11-26,0.00414368638001994,0.004144417641382958,0.002265506026693842
2019-11-27,0.005156303964409137,0.005156020105810066,0.004457626772822243
2019-11-29,-0.005574744169579815,-0.005574364936530185,-0.0037088235168342143
2019-12-02,-0.007723779856964819,-0.007723177348568089,-0.008494734760325362
2019-12-03,-0.008287109306497342,-0.00817306107668836,-0.006706539880194207
2019-12-04,0.009048544438943429,0.009049376984735291,0.006170201638297401
2019-12-05,0.0012372298361311707,0.001237544504576249,0.001798049889062181
2019-12-06,0.00941756336090771,0.009417944891520591,0.009133879137866785
2019-12-09,-0.000629295826396814,-0.0006284776249791957,-0.0031442171972496658
2019-12-10,-0.0020186364667941215,-0.0020191591553010424,-0.0011148484053314922
2019-12-11,0.0040853280767103595,0.004086555186616048,0.002838801900595378
2019-12-12,0.007244413805141514,0.007245443120247996,0.008618984421294051
2019-12-13,-0.0024178202614526523,-0.002418239469874184,0.0005990921621346068
2019-12-16,0.005961078672673148,0.005961136795730404,0.006869650739520283
2019-12-17,-0.0003203544719844187,-0.00032055630903593535,0.00021957549301032664
2019-12-18,-0.0015507104669643113,-0.0015508547794366168,6.237530216646192e-05
2019-12-19,0.00403745641357367,0.004037479388251164,0.004098572159027203
2019-12-20,0.005411867447838947,0.00541202187797718,0.0043846487997947214
2019-12-23,0.0001993917726432759,0.0001991147805249227,0.0015277235945234668
2019-12-24,0.0016900787795794958,0.0016902887040057823,3.124135703691522e-05
2019-12-26,0.0022794991605195047,0.002278924990258391,0.0053232982403201845
2019-12-27,-0.00011869300079392353,-0.00011831863044953206,-0.0002477682410791937
2019-12-30,-0.0045030748459967684,-0.004503136141627673,-0.00551337796692597
2019-12-31,0.0020829420447847635,0.0020828885604846636,0.002429526027089457
2020-01-02,0.0,0.0,0.0
2020-01-03,0.005115538983873291,0.006623212292349301,0.00238855810737304
2020-01-06,0.002841024962801031,0.002841024962801031,0.0038152832439215523
2020-01-07,-0.0011966068991355883,-0.0011966068991356993,-0.0028118528818330546
2020-01-08,0.004388495885094379,0.004388495885094157,0.005329755550281812
2020-01-09,0.008376393379177394,0.008376393379177616,0.0067804661417889545
2020-01-10,-0.0011622959605779304,-0.0011622959605780414,-0.002877492195425324
2020-01-13,0.0062625247171717024,0.0062625247171719245,0.006877169885747048
2020-01-14,8.718367324234144e-05,8.718367324234144e-05,-0.0015249969630035665
2020-01-15,-0.0020552314637584113,-0.0020552314637585223,0.002260495972536969
2020-01-16,0.008534569139005743,0.008534569139005743,0.008317891007862288
2020-01-17,0.0027193063934030093,0.0027193063934032313,0.0031127864007414185
2020-01-21,-0.0025943708657582,-0.002594370865758089,-0.00195827324949005
2020-01-22,-2.7567491667324084e-05,-2.756749166754613e-05,0.00012065673735683902
2020-01-23,0.0005973785113093655,0.0005973785113095875,0.0011469617264452392
2020-01-24,-0.011090900873417131,-0.011090900873416909,-0.008893010688934666
2020-01-27,-0.013876702528518803,-0.013876702528518803,-0.016029751322992225
2020-01-28,0.006684002627043828,0.006684002627043606,0.010479243979687025
2020-01-29,-0.003312881108694543,-0.003312881108694321,-0.0008260108082667195
2020-01-30,-0.000570037839065507,-0.000570037839065618,0.0032456332437516
2020-01-31,-0.016908532281845412,-0.0169085322818453,-0.018158023632194653
2020-02-03,0.006033940233455493,0.0060339402334552705,0.007428663290228954
2020-02-04,0.017121784362649883,0.017294506614652594,0.015241192111092428
2020-02-05,0.015610037355075823,0.015608962718731911,0.01154786328116475
2020-02-06,0.0013322927083583291,0.0013331347140284056,0.0033647741920910246
2020-02-07,-0.008185933876485696,-0.008187555601489538,-0.00532990929597188
2020-02-10,0.0061788070984041266,0.0061781813380912265,0.007465808778101879
2020-02-11,0.003455553017418289,0.003455664574451456,0.0017329068991756014
2020-02-12,0.010965761060472978,0.010966397933736216,0.0064429103959131595
2020-02-13,-0.0013447829621870966,-0.0013443622344566641,-0.0010671099562912234
2020-02-14,0.00270753511995947,0.0027087877608780175,0.001602076116987483
2020-02-18,0.0004896015962692069,0.0004893792470055391,-0.002576977522802948
2020-02-19,0.007059965701408988,0.007059402512137547,0.004781235715548782
2020-02-20,0.0033539087254093047,0.0033543046237130003,-0.004108035419256861
2020-02-21,-0.011270608153786665,-0.011269524602376624,-0.010298507299150494
2020-02-24,-0.03319567679478286,-0.03319555484509229,-0.033165192706187896
2020-02-25,-0.028505141988213634,-0.028504547215107312,-0.03030250035341009
2020-02-26,-0.004600331975615157,-0.004599454242600887,-0.0036777114305662773
2020-02-27,-0.03548233994149652,-0.0354825651093551,-0.04491196842596934
2020-02-28,-0.008444358071546199,-0.008442988276834984,-0.004201612889578987
2020-03-02,0.03734974793855028,0.037349904556504,0.04330670169869144
2020-03-03,-0.02329721424272546,-0.02296715897312751,-0.028632444942784607
2020-03-04,0.04388255628500404,0.04388793378184053,0.04203305440523253
2020-03-05,-0.030102558529880308,-0.03010311347425454,-0.033241739261780534
2020-03-06,-0.012569559806813957,-0.012568473918691647,-0.016531288938967048
2020-03-09,-0.05896916398739693,-0.05896980454083789,-0.07809450006566832
2020-03-10,0.04790957630468773,0.04791189768266135,0.051744830302423495
2020-03-11,-0.05223685509418485,-0.052234506072390885,-0.04874798973163064
2020-03-12,-0.09524606089811061,-0.09524676774926444,-0.095677395598736
2020-03-13,0.07488612176071197,0.07489287167237269,0.08548639013424397
2020-03-16,-0.11604518510701989,-0.11603840588452308,-0.1094236335014227
2020-03-17,0.05716055994082758,0.05716541955459875,0.053991772334476495
2020-03-18,-0.05443410716067254,-0.054432106186817375,-0.05063299458072379
2020-03-19,0.01814216517850409,0.01812798026455531,0.002125239940806045
2020-03-20,-0.0492445732699166,-0.04924950425549024,-0.04309433305065269
2020-03-23,-0.01981026694386845,-0.019813108202818674,-0.025568138523694217
2020-03-24,0.08948808989324686,0.08949092827939653,0.09060325945836323
2020-03-25,0.013794143621941757,0.013792173547160447,0.01497006419427338
2020-03-26,0.06193641382387938,0.061946347166342175,0.058389801015809706
2020-03-27,-0.03436964861559322,-0.03436994165900287,-0.029785584237364437
2020-03-30,0.02639005354932311,0.026389734439702606,0.03247584880882304
2020-03-31,-0.01878442042835693,-0.018784374019440775,-0.014905529724725253
2020-04-01,-0.039720760058466587,-0.039718281951411916,-0.045004900814416104
2020-04-02,0.013773160716915589,0.01401148365265481,0.023075440836357375
2020-04-03,-0.018566141678838632,-0.01856586535035809,-0.014454213187073739
2020-04-06,0.08326042263608824,0.08326451974898053,0.0671662975485614
2020-04-07,0.003816367739575721,0.0038184859012779793,0.0010195491269802126
2020-04-08,0.03346566015991459,0.03346619030330733,0.03356793814381742
2020-04-09,0.014130570850896307,0.014132832458082278,0.015217755403604372
2020-04-13,-0.009897319004131933,-0.009898927361983945,-0.00913018179105407
2020-04-14,0.035711972880474674,0.03571166226284217,0.02949265553853886
2020-04-15,-0.02476627320080438,-0.024769573937207356,-0.021248006061267977
2020-04-16,0.01415762774998397,0.01415711288364463,0.004824532504223766
2020-04-17,0.02797510700150374,0.02797820541744911,0.02701541437451538
2020-04-20,-0.015769889845397844,-0.015770603449436926,-0.01761792701018139
2020-04-21,-0.029942162491154778,-0.029942111500174673,-0.030363410362569065
2020-04-22,0.020899509291648632,0.020898337577747172,0.02219467451727386
2020-04-23,-0.000835143384514736,-0.0008331826721748037,-7.202978745535216e-05
2020-04-24,0.020226966473427366,0.020226727404269784,0.01393921622956995
2020-04-27,0.02062897876517633,0.02063160232194705,0.014418117628747007
2020-04-28,0.0018674190631577936,0.0018693229710124992,-0.004598357707802592
2020-04-29,0.021590700825292908,0.021591343869437285,0.026178474524117146
2020-04-30,-0.018471413037727813,-0.01847571535426018,-0.009310530711402754
2020-05-01,-0.026336845662942365,-0.02633532814017714,-0.026473717709630806
2020-05-04,0.00755389520917138,0.007658186231494835,0.0027585248316792654
2020-05-05,0.012855733621059073,0.012855672673035778,0.009239093535952758
2020-05-06,0.0009249595859699422,0.0009247139869719145,-0.0067785306887658825
2020-05-07,0.009340143316627358,0.00933993027551372,0.012066759479465672
2020-05-08,0.017608934569645962,0.017608784750998474,0.01654585573021472
2020-05-11,0.0015109086498157343,0.0015107157971436802,0.00020560472548591946
2020-05-12,-0.02374938721226416,-0.023749325144216127,-0.019931801630628243
2020-05-13,-0.018691251251889973,-0.018690926893352833,-0.017685689496996226
2020-05-14,0.010983385936986334,0.010982716823567884,0.011967268280660637
2020-05-15,0.0074636266015701835,0.0074631097802224655,0.004596910866530468
2020-05-18,0.03226788921117518,0.03226812596390127,0.030459762478702856
2020-05-19,-0.007894526012152459,-0.007894780389389733,-0.010271667061036216
2020-05-20,0.01503884030311231,0.015038892765916412,0.016988668849524435
2020-05-21,-0.0004033023449974138,-0.0004029998214285513,-0.006904290715352257
2020-05-22,0.004001879940735087,0.0040017485035817035,0.0018991757640549611
2020-05-26,0.014662785984165927,0.014663151459048063,0.012320564624969776
2020-05-27,0.021049609365276334,0.021049878361221852,0.014879188592889836
2020-05-28,-0.004786068115482656,-0.004786153746083821,-0.0018452723826944961
2020-05-29,0.012106549651711429,0.012105625412900167,0.004455959895920403
2020-06-01,0.0021522415249659588,0.002152135147008405,0.004041693629930343
2020-06-02,0.013271657183035801,0.013447686770450273,0.00827995513085944
2020-06-03,0.012277807348135772,0.01227716183989469,0.013308505317488839
2020-06-04,-0.009608064933062321,-0.009607642345295653,-0.0026265506498133195
2020-06-05,0.021304036175607388,0.02130341631816024,0.025629317200602797
2020-06-08,0.006692082591119863,0.006693108404278503,0.012087458431206954
2020-06-09,-0.01341380449988061,-0.013414176167586334,-0.007456434446094562
2020-06-10,-0.005526004578957133,-0.0055262469125353375,-0.005580172331298816
2020-06-11,-0.052995436489774894,-0.052995022612646214,-0.05764920517903449
2020-06-12,0.008463271218905,0.00846277409782581,0.011976033946470288
2020-06-15,0.009343528536277512,0.00934276812901369,0.009335495415337514
2020-06-16,0.02317165754075723,0.023172162576402977,0.01924768189870063
2020-06-17,-0.0026814997779414096,-0.0026819947663208055,-0.004153689164510199
2020-06-18,-0.003677956118003145,-0.0036782255014101706,0.0003851007032451559
2020-06-19,-0.002422053825428816,-0.002421615735869298,-0.005715104573400076
2020-06-22,0.004577207856482524,0.004576778815724714,0.006415295272893307
2020-06-23,0.003666693953783051,0.0036664028368784685,0.004603532476432859
2020-06-24,-0.024031788554402467,-0.02403144604181373,-0.025508729402108243
2020-06-25,0.00687748633210461,0.006877524295546333,0.010720647348679169
2020-06-26,-0.014589636204855316,-0.01458969601539395,-0.02375143458911355
2020-06-29,0.016023110217549652,0.016023360207948256,0.01469757369186464
2020-06-30,0.014831492241308863,0.014830914801191586,0.012809467195298962
2020-07-01,0.002431960464655658,0.0024318418723181523,0.007004819988407851
2020-07-02,0.004772905175300934,0.0049103318302607946,0.005507103731598795
2020-07-06,0.012270961704182515,0.012270501712516202,0.015437067944463756
2020-07-07,-0.008809688627644308,-0.008808520327081348,-0.010313855204298839
2020-07-08,0.005338332319517747,0.005337371926130707,0.007648858467744546
2020-07-09,-0.0026316338365147685,-0.002632129672854311,-0.005693045614445835
2020-07-10,0.003216852088059996,0.0032170582849617713,0.010210502723494663
2020-07-13,-0.0102743899173936,-0.010274955863278423,-0.008658769402027255
2020-07-14,0.016811922098000753,0.016812215613984494,0.012959151297302629
2020-07-15,0.01657600548457494,0.01657681357427543,0.00918702782837344
2020-07-16,-0.0008997689773706519,-0.0009003559783196113,-0.0032933694760686194
2020-07-17,0.0054238749066595204,0.005424124072737513,0.002898818776914336
2020-07-20,0.0046982748815354025,0.0046984172371222765,0.008081604743493509
2020-07-21,0.0033018588414508443,0.003300459042572257,0.002127915871626085
2020-07-22,0.010269205443417029,0.010268794829211725,0.005691899055724869
2020-07-23,-0.007475792252712887,-0.007475855000892984,-0.011931927671168796
2020-07-24,-0.0029333320529498774,-0.002934269169687309,-0.006440254832891346
2020-07-27,0.01207092707687396,0.012070600354176175,0.007292431816570133
2020-07-28,-0.012359456630526622,-0.01235973145605751,-0.006342468204663998
2020-07-29,0.014067452959834137,0.014066894969011257,0.012298681890286378
2020-07-30,0.000820837423840759,0.0008200157898561322,-0.003567704488292023
2020-07-31,0.0015755418235086083,0.0015741617438411737,0.007902156008822603
2020-08-03,0.002239183204439721,0.0022399283852594376,0.006951998045748864
2020-08-04,0.005562309557199052,0.005643196885080082,0.0038626236074412734
2020-08-05,0.007118775552357182,0.007118962222880887,0.006211131361955946
2020-08-06,-0.0010876715936282144,-0.0010879166412648411,0.0066843397954086115
2020-08-07,0.005480956881267485,0.00548115474069788,0.0007179109695008012
2020-08-10,0.006079811785301814,0.00608061094351342,0.002988934626810602
2020-08-11,-0.005919857604851253,-0.005919588435242207,-0.008254721767575357
2020-08-12,0.015041408055181504,0.015040833597650849,0.013942490346746439
2020-08-13,-8.312735150139972e-05,-8.319044334192949e-05,-0.0018077211608321653
2020-08-14,-0.0004622842171133623,-0.00046205079223848866,2.9785452035469007e-05
2020-08-17,0.007998608095432624,0.007998413793315562,0.0031762970093140996
2020-08-18,-0.0026623917292072363,-0.0026628965431132468,0.002160605429621043
2020-08-19,-0.0035089418000330275,-0.003509408113864465,-0.004163763310597868
2020-08-20,-0.0036477276265320935,-0.0036481219384455477,0.0031136162070781737
2020-08-21,0.0041405662446616365,0.004140527866484334,0.003547345304731886
2020-08-24,0.00792768892148854,0.007928106109086341,0.010133234849614592
2020-08-25,0.0009764584037024182,0.0009762204973549071,0.0034993464276429354
2020-08-26,0.0032341580654120516,0.003233698584522049,0.01002527266901665
2020-08-27,-0.003285360283619587,-0.003284780095279216,0.002186768725431776
2020-08-28,0.00782469450121992,0.007825326145586287,0.006459299204947699
2020-08-31,-0.0005269670499840062,-0.0005272958074240552,-0.0036223561736882237
2020-09-01,0.006780738922849583,0.006780323786081288,0.009418680192173845
2020-09-02,0.016832026089800722,0.01696849853942939,0.01446378964912487
2020-09-03,-0.03341526417693519,-0.03341549479531625,-0.03441424403026849
2020-09-04,-0.011286081497129952,-0.011286917955971476,-0.008164684495784669
2020-09-08,-0.019322884058260992,-0.019323818281182237,-0.02732321673380722
2020-09-09,0.019425978798241816,0.01942571234893009,0.01974764827884412
2020-09-10,-0.01521992291315133,-0.015220848454472247,-0.017363720977525143
2020-09-11,0.002461342319484583,0.0024611238482816766,0.0005092193273708023
2020-09-14,0.014641685717545316,0.01464138726127806,0.013171208607333451
2020-09-15,0.00576408043533605,0.005764084989401397,0.0050521954519346934
2020-09-16,-0.0038543424731165565,-0.003855491185186244,-0.003968762027310002
2020-09-17,-0.008335657634079507,-0.008336328548063543,-0.008795010686260207
2020-09-18,-0.011025829991041292,-0.011025658458341137,-0.011512776702263583
2020-09-21,-0.011311923861537787,-0.011312052685854779,-0.011129301640450007
2020-09-22,0.010665862268941284,0.01066631646987748,0.010184101540462231
2020-09-23,-0.01655012417472479,-0.016550201697327793,-0.023190888134050236
2020-09-24,0.0009082347024362836,0.0009081472899048482,0.002664981764268104
2020-09-25,0.012723735817742998,0.012724129205370582,0.016167604097700794
2020-09-28,0.016620888061798178,0.016620606586527087,0.01660881375940293
2020-09-29,-0.00210547716950249,-0.0021045416936732453,-0.005445657582880847
2020-09-30,0.007337115404294936,0.007336715994284093,0.007582001464812471
2020-10-01,0.00961040247094802,0.009610772668542822,0.006419932786187577
2020-10-02,-0.0065506070976313335,-0.0064910521868323245,-0.009494398794593795
2020-10-05,0.018004603349331294,0.01800484305771577,0.017733066386504515
2020-10-06,-0.012771409359505714,-0.012771457560537103,-0.014215865581074905
2020-10-07,0.019826177973761183,0.01982631401681889,0.017406543129391938
2020-10-08,0.00856920418447027,0.008569160144650034,0.008862617198674094
2020-10-09,0.008850440660943981,0.008850559770583022,0.008930095930532067
2020-10-12,0.010704245712955585,0.01070452354545015,0.016087624129604627
2020-10-13,0.002841674590168708,0.002841706529475907,-0.006526381173558193
2020-10-14,-0.004952820267653979,-0.004952892555661559,-0.006283289726677688
2020-10-15,4.7334869010651204e-05,4.7444616506409076e-05,-0.0012358265106896527
2020-10-16,0.0006606525013290732,0.0006606998134848219,-0.0006043475507832019
2020-10-19,-0.013930933305510207,-0.013930921390926443,-0.015203287230199147
2020-10-20,0.0008905820005895571,0.0008905692103917673,0.004005682488809281
2020-10-21,-0.003134803259005614,-0.003134732503875859,-0.0018929013309282317
2020-10-22,0.005266360624968547,0.005265947584552455,0.0054853816480977535
2020-10-23,0.008527861024222316,0.008528027941572036,0.003395041754625794
2020-10-26,-0.019250869499562007,-0.019250846934830368,-0.018479935366158107
2020-10-27,-0.00487037623580211,-0.004870224059771888,-0.003447552059625214
2020-10-28,-0.02923118554586779,-0.02923103163940788,-0.03417851955399909
2020-10-29,0.004541711381161662,0.004542242036930988,0.010163277320645037
2020-10-30,-0.013663645714964034,-0.013664119497134197,-0.010424715690027786
2020-11-02,0.01485568471056431,0.014855404889669188,0.011208276120075356
2020-11-03,0.021575125016427554,0.021765853666436685,0.017655987224070024
2020-11-04,0.029337998876444393,0.029336108692846308,0.02234947128117759
2020-11-05,0.015208698344589822,0.015207983176706463,0.01950261009833887
2020-11-06,0.003990529400173415,0.003989328519304447,-0.00022862441977100634
2020-11-09,-0.005244514164664316,-0.005239360694852313,0.012565690217153813
2020-11-10,-0.00047999243164476013,-0.0004796329488824247,-0.001466646210516842
2020-11-11,0.006817116867422479,0.006812955658387132,0.00742886280678845
2020-11-12,-0.009414313199059943,-0.009414320900305584,-0.009700932595727352
2020-11-13,0.015941146498647196,0.01594273289840098,0.013844186020804727
2020-11-16,0.010137313267564396,0.010135523314193318,0.012482686676664079
2020-11-17,-0.0028062570522273678,-0.0028062045740844255,-0.005378234544978988
2020-11-18,-0.011089661171482024,-0.011088916803988935,-0.012034864175274329
2020-11-19,0.005428011887990136,0.005426742295317144,0.0042100426028597315
2020-11-20,-0.003968209614205964,-0.003968113148989372,-0.006847549676456399
2020-11-23,0.009503564401617037,0.00950253191362127,0.005994388426275865
2020-11-24,0.00865981131585758,0.008661113607612014,0.016113854627079816
2020-11-25,-0.005052078116053016,-0.005052444472395945,-0.001541813621014687
2020-11-27,0.004937780961005167,0.004937423251208051,0.0027849330777589554
2020-11-30,0.0011225530326017807,0.0011230005177569335,-0.004427104491875999
2020-12-01,0.01045507841114346,0.010455978241491026,0.010937581250257455
2020-12-02,-0.004057319225216793,-0.003832526953267079,0.002103516060226296
2020-12-03,0.003826809297703182,0.0038270681419745323,-0.000272705359855685
2020-12-04,0.009310463058877838,0.009309864348542307,0.008617421755840793
2020-12-07,-0.0021374392568430656,-0.0021389165214943384,-0.0020548053665060406
2020-12-08,0.00405373917145635,0.004055500157144065,0.002926291467487241
2020-12-09,-0.003177375769270796,-0.003179994657779295,-0.008969038760209602
2020-12-10,1.4320186949356994e-05,1.3631305745498423e-05,-0.0003269584699605588
2020-12-11,-0.003985034173619173,-0.003984177513536302,-0.0011724730926675475
2020-12-14,0.002131235546701804,0.0021320664320583216,-0.00447715826371442
2020-12-15,0.012033837706012296,0.012034214641377217,0.01351928267608371
2020-12-16,0.004109783712028081,0.0041096330281436,0.0015694040517124641
2020-12-17,0.009798466980101894,0.009798410067068053,0.005591928401434743
2020-12-18,0.00019192733161643716,0.00019579209802977893,-0.003992912313974473
2020-12-21,-0.005408476430172837,-0.0054088674020285055,-0.003575274426252273
2020-12-22,-3.302178232633679e-06,-8.453642051930998e-07,-0.0016853631179640782
2020-12-23,-0.000706792996931882,-0.0007084492196596237,0.0008985176567017916
2020-12-24,0.0006509762899820082,0.0006507032636025034,0.0038904098734411363
2020-12-28,0.00401618005921156,0.004017254484694366,0.008590700003830554
2020-12-29,-0.006092597748959316,-0.006093760700464412,-0.0019077061181778099
2020-12-30,0.0015012317645284323,0.001502007980660025,0.001426706743954398
2020-12-31,0.00540889592917182,0.005409150582225353,0.00508117542658959
2021-01-04,0.0,0.0,0.0
2021-01-05,0.0074690992655424004,0.00898030291444063,0.007263840493520357
2021-01-06,0.01396777422070361,0.01396777422070361,0.005978739282975543
2021-01-07,0.013616968182152522,0.013616968182152522,0.014857398591648252
2021-01-08,0.007552386478223649,0.007552386478223649,0.005697673903205525
2021-01-11,-0.0009600412948016501,-0.0009600412948015391,-0.006740521258104981
2021-01-12,0.00664989519664716,0.006649895196647604,0.0002108989148625895
2021-01-13,-0.008334774950396029,-0.008334774950396362,0.002693091437587114
2021-01-14,-0.005254954114693344,-0.005254954114693233,-0.0035021994367678833
2021-01-15,-0.0010635417701038152,-0.0010635417701035932,-0.007292538691798689
2021-01-19,-0.0033371017421904847,-0.003337101742190818,0.007851771105696459
2021-01-20,0.01011037381795643,0.010110373817956209,0.013839013097133979
2021-01-21,-0.0016306128803351694,-0.0016306128803350584,0.0009118153381688643
2021-01-22,-0.0038082114674070633,-0.0038082114674071743,-0.0035398409172407996
2021-01-25,0.00022127174990216325,0.00022127174990216325,0.003943782299774989
2021-01-26,-0.005695278848047436,-0.005695278848047325,-0.0015606874087463751
2021-01-27,-0.024873162566710127,-0.02487316256671024,-0.024440685049319066
2021-01-28,0.004968336313457611,0.004968336313457611,0.008600241997579916
2021-01-29,-0.02053988364601611,-0.02053988364601611,-0.020019576876670553
2021-02-01,0.0098128882084636,0.0098128882084636,0.01664561525715702
2021-02-02,0.01892075233892987,0.019062330751761447,0.014140216066375721
2021-02-03,-0.003380262028841785,-0.0033808315503773834,0.0007862383335790479
2021-02-04,0.013456182075911816,0.013455033040875586,0.011365743471086764
2021-02-05,0.005528427623992416,0.0055280599760192395,0.003935830596076828
2021-02-08,0.011615013906209226,0.011616500574870736,0.007221973890623401
2021-02-09,0.0011706939450277787,0.0011703162681995227,-0.0006658564794110866
2021-02-10,0.0003994981242170237,0.00040071767134186587,-0.00043572922210732834
2021-02-11,0.0032228945546350918,0.0032226317152210804,0.0016153757076717845
2021-02-12,0.0020163692641712583,0.002016639602615111,0.004939589201850225
2021-02-16,-0.0041240058121871925,-0.00412546051018714,-0.0008659020704113729
2021-02-17,-0.0009579088961328974,-0.0009590058679407321,0.00022936602340872803
2021-02-18,-0.0008356149586296047,-0.0008362640543919664,-0.004255859037820553
2021-02-19,-0.0009222622609587061,-0.0009220392516532394,-0.0017659490913861653
2021-02-22,-0.012879029792469465,-0.012881052009533711,-0.007691607850319415
2021-02-23,-0.0037161172751521976,-0.003715708220551117,0.0012140343081108451
2021-02-24,0.0050765835848940455,0.005077812745611254,0.011019343007416138
2021-02-25,-0.02823435823161058,-0.0282352989883351,-0.02409566512161443
2021-02-26,0.0013942487627387479,0.0013956607345171346,-0.005152474997699108
2021-03-01,0.01947723935619816,0.019477418084432596,0.024240099608968668
2021-03-02,-0.012029761949639117,-0.011646145872192148,-0.007803333136561452
2021-03-03,-0.019065130143287368,-0.019064363328320955,-0.0132457545276089
2021-03-04,-0.019073826694414597,-0.019071255792596498,-0.012374798212103966
2021-03-05,0.021537604375472252,0.021539143189126975,0.01839651087988492
2021-03-08,-0.00041700665508837,-0.00041972563126158047,-0.0049784486516053494
2021-03-09,0.014044561977327286,0.014045451931912423,0.014277267854460929
2021-03-10,0.006458910885934754,0.00645927205521013,0.006224730408761703
2021-03-11,0.012118725700769106,0.012121328470200865,0.010138971182605427
2021-03-12,0.001165288464713754,0.0011650043967081913,0.0013468616165202008
2021-03-15,0.015707193909626938,0.015705038496498958,0.005963553968804769
2021-03-16,-0.004291709420891077,-0.0042907195670925935,-0.0012612751138161293
2021-03-17,0.0019317741460884719,0.0019305338559585383,0.0034101179231544876
2021-03-18,-0.006973232161337717,-0.006979760609269414,-0.014549719642337311
2021-03-19,0.00931841570644698,0.00931780985338615,-0.0018503857186512596
2021-03-22,0.009763374100255628,0.009766775586694587,0.007984916517992824
2021-03-23,-0.009598575852388658,-0.009599396837558505,-0.007870719803094284
2021-03-24,-0.009557879787947754,-0.009558155719752381,-0.005083693985145743
2021-03-25,0.010755727729235831,0.010755321317913014,0.005625509791168382
2021-03-26,0.024778987112525908,0.024780917256714385,0.01611520510962028
2021-03-29,-0.004339739806751952,-0.0043357006728905745,-0.0005050677201268172
2021-03-30,-0.0010861017882851653,-0.0010893155110208719,-0.0026529869357009295
2021-03-31,0.0022770367002129532,0.0022794173559632647,0.004053336989545242
2021-04-01,0.007779279858205701,0.007779743305648568,0.01079898770728227
2021-04-05,0.013403058274632507,0.013735816729409489,0.014353000912468827
2021-04-06,0.0030609336726694636,0.003059559593278083,-0.0005904381348361687
2021-04-07,-0.006008891816121742,-0.006008710008579832,0.0011571532122607309
2021-04-08,0.003878864542393723,0.003877676741543601,0.004746921580444985
2021-04-09,0.009739582101502275,0.009740139513230384,0.007270308611095455
2021-04-12,-0.0006547635827651721,-0.0006542485933934694,0.00036440318762598345
2021-04-13,-0.0010707282001121143,-0.0010683362937450314,0.002963706265906252
2021-04-14,-0.0012984929458508265,-0.0012978494111985928,-0.003415264904160109
2021-04-15,0.014072064318168653,0.014073573300767528,0.010742401381259592
2021-04-16,0.005771730324218183,0.005770537284452315,0.003342692028694305
2021-04-19,-0.005745687450915304,-0.005746277681786038,-0.004913119828336532
2021-04-20,-0.0020232894239951005,-0.002022256295508562,-0.0073217139981323065
2021-04-21,0.00881601316584879,0.008818823824086053,0.009462360108296153
2021-04-22,-0.00405264652385684,-0.004052601802125411,-0.009133401844107936
2021-04-23,0.009118326855963588,0.009119071911865895,0.010842672320402036
2021-04-26,0.0005941646275318124,0.0005928180854557485,0.002087401351984264
2021-04-27,-0.0009826643783447109,-0.0009829922827545579,-0.00021523336345175004
2021-04-28,-0.0030796454448762667,-0.0030787167577707164,-0.00028764262280056574
2021-04-29,0.007694427779485924,0.007692029296580749,0.006372995324324782
2021-04-30,-0.006249551947116294,-0.006248024740021174,-0.006570694776350083
2021-05-03,0.004596716930918898,0.004594565752118918,0.0021568442127644083
2021-05-04,-0.0023922732239430866,-0.002328876246523226,-0.006169431801958725
2021-05-05,0.0013393749847931957,0.0013395708673862305,0.00031297818855713366
2021-05-06,0.005754248247054283,0.005754596519092603,0.007985753323809686
2021-05-07,0.011609316876799447,0.011609640909235663,0.007277860569789407
2021-05-10,-0.005546108368004954,-0.005546585175850716,-0.009902623861569038
2021-05-11,-0.011308799767737576,-0.01130853392416542,-0.008924620863319688
2021-05-12,-0.023497005345392008,-0.023497246975462405,-0.021245312338954547
2021-05-13,0.014075844707260643,0.01407544160769092,0.012012699945362248
2021-05-14,0.01196260551561279,0.011962889062681281,0.015355355231965184
2021-05-17,-0.0021431136041162313,-0.002143158869515771,-0.0025446452045313483
2021-05-18,-0.006244644885245232,-0.006244607204270558,-0.008615570162786246
2021-05-19,-0.0028259975714899355,-0.0028257474366704116,-0.002621857416333584
2021-05-20,0.008457999728787469,0.008458322612938218,0.01075798678127704
2021-05-21,-0.0004379112936218066,-0.00043810400427635177,-0.0008187903933760676
2021-05-24,0.003886431081052466,0.003886713456504598,0.010194355752125794
2021-05-25,0.0015246282697798375,0.0015245967240298253,-0.0022186729861383148
2021-05-26,0.002526133461227875,0.0025261998915064865,0.0019846702362358304
2021-05-27,-0.002058556196136818,-0.0020584757861971115,0.0005248848963783637
2021-05-28,0.002324678766400634,0.002324765393072914,0.001788669452209124
2021-06-01,-0.005841925630141298,-0.005841815545874374,-0.0008809713013512299
2021-06-02,-0.0009262327490451305,-0.0007798460071718472,0.001572716829588039
2021-06-03,-0.005698010746269522,-0.005698325983094721,-0.003711230760408135
2021-06-04,0.009461204223537356,0.009461151894046838,0.009145641655499137
2021-06-07,0.00844334161707172,0.008443807292456196,-0.0009702075941184773
2021-06-08,0.0020526398142162172,0.0020528284117138362,0.00021336515271785927
2021-06-09,-0.002967040222248918,-0.0029669929438721487,-0.0014919931644392648
2021-06-10,0.008441079154160924,0.008440932058233264,0.004648250980785473
2021-06-11,0.0001458062603141297,0.00014578475282234216,0.0016525140369889613
2021-06-14,0.001197232018933514,0.0011972519493570477,0.0022388539098872062
2021-06-15,-0.0043924309698187836,-0.004392691248505942,-0.001834142291169627
2021-06-16,-0.006409093054638659,-0.006409211038410523,-0.005583327260126558
2021-06-17,0.004891999248648249,0.004891844576673687,-0.00033158392084065014
2021-06-18,-0.008277669541620347,-0.008277211156824005,-0.013490338228166254
2021-06-21,0.010827551791447787,0.01082760264080096,0.014316035145870876
2021-06-22,0.007542267700152205,0.007542415383222867,0.0053461357899979856
2021-06-23,-0.0017896614436738734,-0.001789834459994477,-0.0012052395544164263
2021-06-24,0.0035345862580213883,0.0035343066849464755,0.005915503387092791
2021-06-25,0.009672389683030636,0.009672279516516724,0.003552053484238815
2021-06-28,0.005379486428876756,0.0053794460321683335,0.0020158852339571265
2021-06-29,0.005227955053761946,0.005227978942253575,0.0005383154646545485
2021-06-30,-0.0006896612261694246,-0.0006897305513235974,0.0008417081302440899
2021-07-01,0.0050130912252084325,0.005013206917547697,0.005536470299454255
2021-07-02,0.007465375162372112,0.0076560482338015046,0.0076435279410072
2021-07-06,-0.000772060090658444,-0.0007740224862129441,-0.0018214823523000634
2021-07-07,0.006649693678434598,0.006649591682620581,0.00353385610924839
2021-07-08,-0.008138074619616131,-0.00813914648525993,-0.008147715015089818
2021-07-09,0.008955408275146182,0.008956461886425737,0.010674565188096619
2021-07-12,-0.00035098342633066437,-0.0003501777106998949,0.003582062181022083
2021-07-13,-0.0024837589229922408,-0.002484082090041917,-0.0034090862284404944
2021-07-14,-0.0003179666225867628,-0.00031746769499629846,0.001492260953441793
2021-07-15,-0.001304909493447859,-0.0013047364829028574,-0.0034155007412670635
2021-07-16,-0.0025542873896332585,-0.0025536439775298847,-0.007843370216515821
2021-07-19,-0.008996911693859744,-0.008996649913074029,-0.014767986923154508
2021-07-20,0.013155732076454596,0.01315496829161944,0.014330404990878565
2021-07-21,0.0021047845992456793,0.0021057996125852796,0.008096174823552404
2021-07-22,0.008439930569964504,0.008437497914144387,0.0020943007044604833
2021-07-23,0.011786288195017258,0.011786227928362036,0.010287704846807078
2021-07-26,-0.0027483855402251622,-0.0027487728139033996,0.002455094289028237
2021-07-27,-0.005263319926505972,-0.005261335699371483,-0.004557784059542214
2021-07-28,-1.263804741402641e-05,-1.3170865885370198e-05,-0.00041001189548972583
2021-07-29,0.008274354707574094,0.008272051596562413,0.004147376305794204
2021-07-30,-0.005378998961071968,-0.005377852352003609,-0.004856295259186072
2021-08-02,0.004047804015128387,0.004046785652042084,-0.002098229444887023
2021-08-03,0.009575882720906925,0.009653678322249615,0.008135738363774347
2021-08-04,-0.0022641231994244837,-0.0022643852353226857,-0.004919276175308518
2021-08-05,-0.0004782261545051014,-0.0004781163390221721,0.006332913972587173
2021-08-06,-0.002748147196333428,-0.0027481467842732643,0.0016525119114676468
2021-08-09,-0.004758948966251286,-0.004758835896077396,-0.0008132787695330768
2021-08-10,-0.0007691584511826388,-0.0007691336445634356,0.0012437879086935055
2021-08-11,0.0032334348146350056,0.003233633007678316,0.002484929302334349
2021-08-12,-0.0016754595626164992,-0.001675661711835419,0.002996784370488559
2021-08-13,0.0018367539171213476,0.0018365241669535681,0.0018201725953972403
2021-08-16,0.004846570910150172,0.004846752815899968,0.0023544158547013083
2021-08-17,-0.005223718660805843,-0.005223555976819005,-0.006555187973096399
2021-08-18,-0.009545334706503206,-0.009545347614934752,-0.010945064584911401
2021-08-19,0.006343563142996889,0.006343404741084191,0.0015482596705671536
2021-08-20,0.007699296427197355,0.007699344467045677,0.007957122061817978
2021-08-23,0.002485942006126951,0.002485912724460082,0.00879672556769262
2021-08-24,0.00045537548681862106,0.0004557515804459733,0.0015872541907666626
2021-08-25,0.002948221624476277,0.002947926520522559,0.002098419820750985
2021-08-26,-0.006512338134107676,-0.006511884665153178,-0.0059031282343174896
2021-08-27,0.005433740864559722,0.005433793366444117,0.00894090402343628
2021-08-30,0.006275723439756797,0.0062756775055634595,0.004397467108962605
2021-08-31,-0.004151043043238656,-0.004150761867998121,-0.0014812880351373625
2021-09-01,-0.0012966160913825409,-0.0012964923134922701,0.0005314161853522403
2021-09-02,0.002650363163428482,0.0027833326357793453,0.0030764616235630093
2021-09-03,-0.00029700425212053627,-0.00029674959727243877,-0.00024290343494204336
2021-09-07,-0.01024212172289618,-0.010241016991478946,-0.0035753698350161622
2021-09-08,-0.0015674276958663746,-0.0015696440959621638,-0.0012181561751476444
2021-09-09,-0.0016042333528467623,-0.0016021106067205526,-0.004280397855445428
2021-09-10,-0.003651725230550462,-0.003651931993960855,-0.007884654206780861
2021-09-13,-0.002322693048396718,-0.0023222613346742804,0.0025594782926405824
2021-09-14,-0.0018368968720042789,-0.0018374743970032137,-0.005396438573365359
2021-09-15,0.005238083418259265,0.005237744746780182,0.008352513676311624
2021-09-16,0.0034463638770960703,0.003447565624804083,-0.001585276449892814
2021-09-17,-0.005596659182633301,-0.005596464951966418,-0.009740946114425886
2021-09-20,-0.013969061066454236,-0.013972106736449108,-0.01667434948370894
2021-09-21,0.00207800336159214,0.002078443844608202,-0.0009447129788767716
2021-09-22,0.0034461729632087046,0.0034468444611017723,0.009755012194987867
2021-09-23,0.006745928729045225,0.006747822461720121,0.012149979332359617
2021-09-24,-0.004744988666198435,-0.004746276930152726,0.0016473311100926313
2021-09-27,-0.005062801521422133,-0.005061130307553063,-0.002861017287015377
2021-09-28,-0.02060838828935474,-0.020607736259545595,-0.02015188381978017
2021-09-29,0.001131814298446221,0.0011302975927813819,0.0016832615568036502
2021-09-30,-0.0165622116233477,-0.016564108246998055,-0.012222361496838974
2021-10-01,0.001006739047971994,0.0010086811241254434,0.011884327280136997
2021-10-04,-0.014877604877464146,-0.014766669902741558,-0.012896261105424633
2021-10-05,0.007666149671520239,0.00766600577761456,0.010404922601927158
2021-10-06,0.0030110098430597976,0.0030109432932554636,0.00415598007600626
2021-10-07,0.013686960497769407,0.013686972348750048,0.008645708705106392
2021-10-08,-0.007213326048771118,-0.007213574143166923,-0.001823632558234256
2021-10-11,-0.007692445800479009,-0.007692762423899824,-0.00723974738606703
2021-10-12,0.0027193887533198957,0.002719506940170202,-0.0024614980437046574
2021-10-13,0.00759632526177878,0.007596455879475883,0.003597630083474357
2021-10-14,0.01889011362364923,0.01888998724360813,0.01682082847824895
2021-10-15,0.0053557398415309265,0.00535535320667746,0.007615542520026386
2021-10-18,0.006135719284965813,0.006135442559721538,0.0029603325103315647
2021-10-19,0.00417942289138673,0.0041793820376503366,0.007715093650185745
2021-10-20,0.005419409275989162,0.00541894283017097,0.003927606348205215
2021-10-21,0.012621844962788842,0.012621857734953501,0.0026083527292575237
2021-10-22,0.0031730407360375246,0.0031730617686611673,-0.0010362100192337076
2021-10-25,0.004708949559826925,0.004709205316554721,0.005362773549228761
2021-10-26,-0.0017008746639139982,-0.001700910568623315,0.0009000342437031073
2021-10-27,-0.009855281012832395,-0.009855620588451464,-0.004430217649496471
2021-10-28,0.010186777124135737,0.010187398119041458,0.009648910449911119
2021-10-29,0.0124653309031586,0.012465571570749345,0.002029176197748228
2021-11-01,-0.0008243242881306179,-0.0008238809211477127,0.0017200600493494367
2021-11-02,-0.001262623657292239,-0.0011794202388792918,0.004043179448625089
2021-11-03,0.012066140372181788,0.012065920428083743,0.006105265031711049
2021-11-04,0.012939657238743019,0.012939490920303331,0.004712578357497943
2021-11-05,-0.0007416351227532703,-0.0007414383781212397,0.0034695671947455597
2021-11-08,0.0033495002866599233,0.0033491958046873993,0.0008537203550846861
2021-11-09,0.004682646689195824,0.0046825084503514525,-0.0033053010479855427
2021-11-10,-0.011438676007539894,-0.011438443569621648,-0.008044953669156585
2021-11-11,0.00359791706972179,0.0035974907349096696,0.0003237379971499088
2021-11-12,0.010068639247999833,0.010068511476546416,0.007546493606379379
2021-11-15,-0.0007092076981290996,-0.0007090928856277046,0.00034250678938541057
2021-11-16,0.010467585296752846,0.01046670352543333,0.003957897188071158
2021-11-17,-0.005670845603101604,-0.00567084336826984,-0.0024292040132970483
2021-11-18,0.0027892330283223465,0.0027888608253396896,0.003396398451554594
2021-11-19,0.0006829522617795014,0.0006831533767588382,-0.0017881701531110572
2021-11-22,-0.0069405394878724325,-0.0069407325497958805,-0.002815273861006551
2021-11-23,-0.003276459282131605,-0.003275986567414013,0.001325952030557298
2021-11-24,-0.0019674138950127595,-0.0019670647846173894,0.0026699268984593516
2021-11-26,-0.016444109047965783,-0.016443991925193635,-0.022303137197962175
2021-11-29,0.012737625460791602,0.012737400142335709,0.01226665407884786
2021-11-30,-0.02389087766775122,-0.023891002115429938,-0.01945774783697074
2021-12-01,-0.01193773035138157,-0.011937447624735031,-0.011107221187110827
2021-12-02,0.01548022194337606,0.015632199620490228,0.01531637869389968
2021-12-03,-0.007032130280019144,-0.0070316186706386175,-0.008701426575988491
2021-12-06,0.007109192906121553,0.007108459857178007,0.011843417699721082
2021-12-07,0.023515346338580212,0.023517022506450713,0.02068474258430708
2021-12-08,0.00345492315872864,0.0034546585361741045,0.0026479531544385537
2021-12-09,-0.007830241949374761,-0.007830163520893274,-0.006751637248578635
2021-12-10,0.008591446002181868,0.008591201442383012,0.00941362464499318
2021-12-13,-0.005504085223562494,-0.005503606664018945,-0.008858385467373608
2021-12-14,-0.00632808305454402,-0.006328447926128966,-0.006879993554988806
2021-12-15,0.01855735053407881,0.018559176520628773,0.015624969192423288
2021-12-16,-0.014843904531549268,-0.014846887927709385,-0.008818311214292551
2021-12-17,-0.006368434510598764,-0.0063674530366486515,-0.01064301806473067
2021-12-20,-0.01059716362425045,-0.010596538531793875,-0.010633355409267242
2021-12-21,0.014326611473153728,0.014326697326361382,0.017758823509654187
2021-12-22,0.00994698207759348,0.00994697454261062,0.009998795089018797
2021-12-23,0.0053702894961225045,0.0053703189064417955,0.006222071624005343
2021-12-27,0.01399485366233022,0.013994986943516752,0.014152304037380992
2021-12-28,-5.0837325770825004e-05,-5.1303424543402976e-05,-0.0008172525028188327
2021-12-29,0.009067404142551805,0.009067994524007084,0.0012791776389848852
2021-12-30,-0.0053912856549024335,-0.0053925326631284465,-0.002764413050813319
2021-12-31,-0.0009435310979980516,-0.0009434542982321714,-0.002520379669829431
2022-01-03,0.0,0.0,0.0
2022-01-04,-0.006603707256167102,-0.005113612817051361,-0.004977391438572232
2022-01-05,-0.02205841590477786,-0.02205841590477786,-0.01920201479298711
2022-01-06,0.003745277671402869,0.003745277671402869,-0.0009395128389212415
2022-01-07,-0.014177450774816358,-0.01417745077481658,-0.003953361232545971
2022-01-10,-0.0027628497727678614,-0.0027628497727676393,-0.0012445144398554042
2022-01-11,0.007881654228192536,0.007881654228192536,0.009108359337260952
2022-01-12,0.0006881799544256051,0.0006881799544256051,0.0027035177708931712
2022-01-13,-0.011756518149457218,-0.011756518149457218,-0.01377859103890422
2022-01-14,-0.0023817061032980202,-0.0023817061032980202,0.0004090452475156159
2022-01-18,-0.02076487560716178,-0.02076487560716178,-0.017709580758721977
2022-01-19,-0.007534478638469122,-0.007534478638469011,-0.010383589964794715
2022-01-20,-0.01601282580103236,-0.01601282580103247,-0.011067901810805636
2022-01-21,-0.011298491349754247,-0.011298491349754247,-0.019630868636643317
2022-01-24,0.01819304402745625,0.01819304402745625,0.004246878239750673
2022-01-25,-0.025310789126348987,-0.025310789126348876,-0.01220891672208435
2022-01-26,-0.010509312320428621,-0.010509312320428621,-0.0025088279326753726
2022-01-27,-0.00854567771103698,-0.00854567771103698,-0.004937995216556357
2022-01-28,0.026624374903992498,0.026624374903992498,0.024835270076550175
2022-01-31,0.019962173566192787,0.01996217356619301,0.018011008304968934
2022-02-01,0.005406288225449085,0.005406288225449085,0.006757108821755953
2022-02-02,0.010394336372195445,0.010473567706584364,0.009714029631795906
2022-02-03,-0.021926175105044465,-0.021926514963361843,-0.02350487551527236
2022-02-04,-0.004119781596691685,-0.004119234295518637,0.004702055938193839
2022-02-07,-0.004343040814257071,-0.004343050434935547,-0.003209187550262338
2022-02-08,0.009603733078705767,0.009603817905121215,0.008227814651572851
2022-02-09,0.015678368714222124,0.015679157780386754,0.014635993948788784
2022-02-10,-0.02009251757117747,-0.02009281461895751,-0.017965675675963855
2022-02-11,-0.019246427215131146,-0.01924746540466782,-0.01971838609556764
2022-02-14,-0.005382460675565692,-0.005382422761541772,-0.003269444929599463
2022-02-15,0.01842155933175782,0.018422439772131316,0.0161268199792155
2022-02-16,3.813190386270371e-05,3.8147223926809914e-05,0.0011209100340507927
2022-02-17,-0.017978475765506263,-0.01797900720371315,-0.021361538048794926
2022-02-18,-0.004216641388533504,-0.004216712071757445,-0.006474970000900249
2022-02-22,-0.017061587243351717,-0.017061368520584264,-0.01073175932998438
2022-02-23,-0.018139538062385996,-0.018139870972364802,-0.017738581909533258
2022-02-24,0.01714631603215988,0.01714761307844581,0.015049062778827116
2022-02-25,0.022697264557327346,0.022697211582135557,0.022064049375030814
2022-02-28,-0.0029526645901316595,-0.0029529099410608994,-0.002558438159107057
2022-03-01,-0.00985536441859447,-0.009856129577684891,-0.015230198095190106
2022-03-02,0.019789592265267997,0.020256677601374617,0.01839610239405065
2022-03-03,-0.006900507456273353,-0.0069053925818955975,-0.004978467208594628
2022-03-04,-0.00786225693771303,-0.007867279931895399,-0.0081247405423851
2022-03-07,-0.03570219501783456,-0.035707814703706986,-0.029479053618148177
2022-03-08,-0.009210053315866662,-0.00920860065619089,-0.007581794174490009
2022-03-09,0.028762896188004206,0.028769373430625578,0.026810872794151175
2022-03-10,-0.006310147604984606,-0.006311335562349973,-0.004515613552211306
2022-03-11,-0.017405953959013565,-0.017405904168490194,-0.012715116705589002
2022-03-14,-0.005829436383963604,-0.00582952836254913,-0.007308392231885175
2022-03-15,0.02581549935634575,0.02581535012747893,0.021990688578889417
2022-03-16,0.025189761120373078,0.025196919218027247,0.022174168695649366
2022-03-17,0.013736178219485584,0.013737867477625398,0.012511025144981147
2022-03-18,0.016563104809466767,0.016569146526144385,0.010952641805038965
2022-03-21,-0.007126726585947818,-0.007124668402496259,-0.000292402351469101
2022-03-22,0.008011305956532766,0.008015229954909664,0.011701265575344122
2022-03-23,-0.02112657293808473,-0.021126323716515127,-0.012878365243265688
2022-03-24,0.0149808601917647,0.01498416575222139,0.015074388504740854
2022-03-25,4.29615326051902e-05,3.939129392338536e-05,0.004883523798580258
2022-03-28,0.007826251876609014,0.007823475518834222,0.0071131866865845605
2022-03-29,0.018221925370611514,0.018221697339170895,0.012370732215050584
2022-03-30,-0.010588654888736171,-0.010592549937826434,-0.006174849668612592
2022-03-31,-0.01735380652984775,-0.01735283433759216,-0.015391215415467396
2022-04-01,0.0008980573649006729,0.0009015240601093488,0.0028340044070318537
2022-04-04,0.010043333369432972,0.010233408169663782,0.008566656759556146
2022-04-05,-0.01366974076616434,-0.013669302221242852,-0.012631314983390096
2022-04-06,-0.006112225862443421,-0.006114194565841502,-0.009999122518356551
2022-04-07,0.012091845558440895,0.012091980553007975,0.005038878284455484
2022-04-08,-0.00037223272598163604,-0.0003716330045223648,-0.002674231509648295
2022-04-11,-0.013128009825472353,-0.013126253410777666,-0.017092173752834783
2022-04-12,-0.0018706276889852713,-0.0018697018765436724,-0.0037051844141023915
2022-04-13,0.016013444819016343,0.016013677413899252,0.011453672102416768
2022-04-14,-0.012551419966172261,-0.012550928408499362,-0.012451878753066081
2022-04-18,-0.005071243978523543,-0.005070923572697117,0.00041113991484453827
2022-04-19,0.022282406621314532,0.022284617983318267,0.016142654654739852
2022-04-20,0.004349908318446838,0.004350887554378513,-0.0007414409095629626
2022-04-21,-0.014350144999106473,-0.014350866266675588,-0.014953597862132795
2022-04-22,-0.030296252024725634,-0.03029713599338313,-0.02743919741797829
2022-04-25,0.01135566162513335,0.011356690701742611,0.005797616816809015
2022-04-26,-0.02610790249771222,-0.02610797280325594,-0.028960703029004775
2022-04-27,-0.0025324924570503393,-0.0025320929532728353,0.002811752416221891
2022-04-28,0.018814486578581535,0.018815381831768452,0.025259442325715753
2022-04-29,-0.03607766750681307,-0.03607811224479529,-0.03695583506465949
2022-05-02,0.008656104740110138,0.008658129843853501,0.0060196541542922866
2022-05-03,0.0034025657834386713,0.003544208342304511,0.004583955015679431
2022-05-04,0.029370366686800597,0.02937005716465202,0.030453080210405936
2022-05-05,-0.043034968367998805,-0.04303780226437948,-0.035542964270966704
2022-05-06,-0.014132009904685328,-0.014132506734101158,-0.005968884754121717
2022-05-09,-0.028586138420002127,-0.02858871256494777,-0.032017353045864616
2022-05-10,0.0031366551630156447,0.0031372426240654505,0.0023106431067470012
2022-05-11,-0.020093217558040388,-0.020094737130858853,-0.015886166883656405
2022-05-12,0.014531465333957216,0.014531728555329693,-0.0010438388378198882
2022-05-13,0.027649914911038076,0.027652668022899007,0.023907721019996053
2022-05-16,-0.0040068116283294986,-0.004008199061400597,-0.004057595129336677
2022-05-17,0.01738803186243465,0.01738907919248156,0.020570335551547858
2022-05-18,-0.05123162506090595,-0.051230148711666534,-0.04031137164592191
2022-05-19,-0.0010507242215165302,-0.0010501082982234955,-0.0061247265776605
2022-05-20,0.0005223124870752383,0.0005195004549929383,0.0004366095528771652
2022-05-23,0.010171941137703255,0.010171395048717002,0.018709863552091477
2022-05-24,-0.010430379537431311,-0.010433059319160387,-0.007633603994165794
2022-05-25,0.015998552468790228,0.015999172051983424,0.008834853633777229
2022-05-26,0.028675930023517537,0.0286747346144538,0.019981491670231888
2022-05-27,0.028969702043786016,0.028971426795686872,0.024549065301910034
2022-05-31,-0.012105851165537307,-0.012105914117349736,-0.005610917384172742
2022-06-01,-0.012855461033577265,-0.012854854805406268,-0.008088612713119558
2022-06-02,0.027196628809881496,0.027386589051940913,0.01904379485621921
2022-06-03,-0.015777369898067106,-0.01577667378124714,-0.01641183099374688
2022-06-06,0.003556754097145065,0.003556492514455112,0.0030447692563257966
2022-06-07,0.007261712832383083,0.007261020046911426,0.009592245726223414
2022-06-08,-0.010769758811823293,-0.010769712125763053,-0.010872143184489369
2022-06-09,-0.020909229590403755,-0.02090906743509313,-0.023783059889403213
2022-06-10,-0.02667133912781139,-0.02667177560984524,-0.028995451560883678
2022-06-13,-0.038982172113577906,-0.03898277877082257,-0.03796819538522256
2022-06-14,-0.0021870437849875746,-0.002186814974382334,-0.003013344738324264
2022-06-15,0.0152559784490498,0.015256375713392334,0.014256296544701064
2022-06-16,-0.03574546044352922,-0.03574800782677323,-0.03309610344806069
2022-06-17,0.007162080530170867,0.007162832828553567,0.0021559293804278568
2022-06-21,0.01813151561351245,0.018131497737123192,0.025173557967893778
2022-06-22,-5.925915303239826e-05,-5.9931164713922236e-05,-0.0018131285791349594
2022-06-23,0.022698171099150066,0.022698567478962817,0.009802696107800157
2022-06-24,0.030115417502933006,0.030115441711800583,0.03179377278044915
2022-06-27,-0.004906253063022614,-0.004907510595537068,-0.0038195747559410798
2022-06-28,-0.02500738899817223,-0.025007368829492505,-0.020432949158319502
2022-06-29,0.0006485494956587345,0.0006476756226119207,-0.0008142957228024494
2022-06-30,-0.007403774451336775,-0.007404526294342073,-0.008124306247192736
2022-07-01,0.006708929709860811,0.006709251420390139,0.010576448843111264
2022-07-05,0.012240383539937838,0.012358376809377347,0.001888758387074363
2022-07-06,0.0032924817237258708,0.003292264311919091,0.00337731846321776
2022-07-07,0.020549967042723605,0.020551899477566415,0.014977006355389788
2022-07-08,-0.00034112763841442906,-0.0003411401118167401,-0.0008228064661620627
2022-07-11,-0.011174018601705193,-0.0111750439505921,-0.01142348478148858
2022-07-12,-0.006332624049412261,-0.006332174719567041,-0.008848764380838037
2022-07-13,0.0006457968612145759,0.000646503631714257,-0.005251605978023877
2022-07-14,-0.001172208998754365,-0.0011719221542444425,-0.002428638768715019
2022-07-15,0.019025003046525546,0.019025278109587207,0.019105083939800593
2022-07-18,-0.006500029616630321,-0.006498991578965718,-0.00825689857045786
2022-07-19,0.029639097475176124,0.029640105234454373,0.027019088730410923
2022-07-20,0.01072573817922895,0.010727655806051173,0.006373310471702309
2022-07-21,0.014209930252322422,0.01421098757794148,0.010183094919505864
2022-07-22,-0.01309880068424285,-0.01310083752864244,-0.009278181980042599
2022-07-25,-0.0037408099083570123,-0.0037405547917714888,0.0012148683152017892
2022-07-26,-0.01949983241425779,-0.01950005909620056,-0.011830756638421591
2022-07-27,0.022655576501477537,0.022657314890669022,0.02596626155387205
2022-07-28,0.0160002987945278,0.016000669089951014,0.012542395933048622
2022-07-29,0.012923354195377934,0.01292457377127243,0.014578678983015791
2022-08-01,0.003705770317048218,0.003705759621778437,-0.0029613105659768157
2022-08-02,-0.008070849484193787,-0.007918421653899776,-0.00659721491084031
2022-08-03,0.015236290700970878,0.015235281854156568,0.01565939754464063
2022-08-04,0.00035410181218575865,0.0003533432075357723,-0.0006753096752750709
2022-08-05,0.0018816796880598563,0.0018813223071632024,-0.0016903501671180488
2022-08-08,0.004076573525339189,0.004077044558090881,-0.0011609416545834694
2022-08-09,-0.01684239768440554,-0.016840787865608497,-0.0039707636884128705
2022-08-10,0.0216302017424852,0.021628880517041704,0.02100393645804144
2022-08-11,2.6842297464302334e-05,2.6540467583435756e-05,0.0
2022-08-12,0.016472919064443703,0.01647259251419886,0.01692884587025767
2022-08-15,0.005999846323691216,0.006000312530245022,0.004120838742911914
2022-08-16,0.005079978744800373,0.005079297058032672,0.00195853342608876
2022-08-17,-0.009069929939088617,-0.009069173858777257,-0.0070979265555152216
2022-08-18,0.0029388904309253228,0.0029386136286300157,0.0029066092909375563
2022-08-19,-0.014959994883910865,-0.014958292007933749,-0.013438200216609575
2022-08-22,-0.02200830740587234,-0.02200723719670261,-0.020822355836348505
2022-08-23,-0.0039547651516148585,-0.003955496665593916,-0.002419219584622545
2022-08-24,0.00209278209045638,0.0020929220424086292,0.0032009669038008948
2022-08-25,0.017023342263173147,0.017022121634776788,0.014117583909121878
2022-08-26,-0.03781609713867018,-0.037815132187782874,-0.03384896746874344
2022-08-29,-0.006317605522313641,-0.006317486595939337,-0.006612190165563581
2022-08-30,-0.007749174088925503,-0.007749346531875423,-0.010978028392464423
2022-08-31,-0.009249278766530145,-0.009248616730211934,-0.007609215770564726
2022-09-01,0.00385000949617198,0.003850654113023877,0.0031379949255347928
2022-09-02,-0.00822696701386516,-0.008110904993031132,-0.010544363180384764
2022-09-06,-0.0028558947059960094,-0.0028566725826695283,-0.0037731157439623297
2022-09-07,0.02418212096651695,0.0241819764382063,0.017964905209541637
2022-09-08,0.012360078686589837,0.012361973318118613,0.006536386800654492
2022-09-09,0.014084505202924369,0.01408540982146711,0.015535204117248513
2022-09-12,0.005893107298981182,0.005892639603837457,0.010747729314671384
2022-09-13,-0.04611376575395121,-0.04611462781122544,-0.0434824401281263
2022-09-14,-0.004210119291999881,-0.004208329988435233,0.0038157635467981343
2022-09-15,-0.009400497628521687,-0.009401840386149996,-0.011353312270845572
2022-09-16,-0.006316891439358874,-0.0063170509386735185,-0.007628934124167208
2022-09-19,0.004539593956677246,0.004538684296457429,0.007754857696448125
2022-09-20,-0.014638819393229863,-0.0146388163888862,-0.011478539223154227
2022-09-21,-0.013625860386837552,-0.01362623168663113,-0.017443764762905545
2022-09-22,-0.016026480457163594,-0.016027665136643665,-0.008399775628965434
2022-09-23,-0.011732481236758407,-0.011732406841390097,-0.016754959913737766
2022-09-26,-0.011035463250116062,-0.011035834244063514,-0.009892579822617376
2022-09-27,0.0008331507376149183,0.0008339551580602844,-0.002552688629687938
2022-09-28,0.021928923419364033,0.02192852827135705,0.019676188112379256
2022-09-29,-0.018483598402808554,-0.018483600505552533,-0.020888912561054407
2022-09-30,-0.015571237306984509,-0.015571743686235928,-0.015463495547191619
2022-10-03,0.029587113134275977,0.02958831010163876,0.026401266969970916
2022-10-04,0.030264371364669973,0.030343766315799936,0.030986558600778036
2022-10-05,0.0034068544604091144,0.003406711129518847,-0.0023281127889307474
2022-10-06,-0.0072911866084317545,-0.0072911273518825315,-0.01031586184476152
2022-10-07,-0.03300830780311215,-0.03300905802124121,-0.027893942489252477
2022-10-10,-0.007746893746078953,-0.007746786651819826,-0.0076353096836598855
2022-10-11,-0.0014263185263716505,-0.0014263749110656754,-0.006332909972757483
2022-10-12,-0.002563584956201903,-0.002563201767864509,-0.0032986760012650995
2022-10-13,0.016920568460098595,0.016920774646316028,0.02639137865104102
2022-10-14,-0.024313341054434945,-0.024313644315212213,-0.022788745904938512
2022-10-17,0.025692607023677594,0.02569276730643244,0.0256967622969273
2022-10-18,0.010224923155729204,0.010224281546865166,0.011749749001394472
2022-10-19,-0.01441643621792199,-0.0144163174109605,-0.007086385519014526
2022-10-20,-0.0073076757894683375,-0.007307766758684497,-0.008385403383119883
2022-10-21,0.02760209772219846,0.02760189157238835,0.024301344375728506
2022-10-24,0.013889113462341118,0.013888561624725515,0.012236428921737819
2022-10-25,0.02235613898922484,0.022356969132676596,0.015968613704059775
2022-10-26,0.0007759457354277188,0.0007755969241403093,-0.007534192412415375
2022-10-27,-0.007935333849960813,-0.007936735909007342,-0.005339616270874203
2022-10-28,0.02095746686637079,0.020957780101194645,0.02379044291552379
2022-10-31,-0.0063449666851117525,-0.006345424790145215,-0.007223193736808575
2022-11-01,0.007114897344645987,0.007114757214584877,-0.004375951673780798
2022-11-02,-0.03159080683091886,-0.03149382082745478,-0.025096187507376855
2022-11-03,-0.0055996049008578686,-0.0056001291372430595,-0.010296956219329911
2022-11-04,0.016135276389794617,0.01613647608940494,0.014393336366689047
2022-11-07,0.009250691476771156,0.009251312733751016,0.009565449767275691
2022-11-08,0.0073812655930862725,0.007380910011830721,0.0053955227819986185
2022-11-09,-0.01756938888213977,-0.017568838659761776,-0.020602300842125332
2022-11-10,0.06452992622577658,0.06453267944659058,0.05495410589836269
2022-11-11,0.014288011343618567,0.014289975482019157,0.009678735212036882
2022-11-14,-0.009759333771860668,-0.009760040994409747,-0.00850677916983611
2022-11-15,0.015364408701494803,0.015365274332978629,0.008529248279308455
2022-11-16,-0.015755010756479337,-0.015756592365838262,-0.007628899041646875
2022-11-17,-0.0008996707432400441,-0.0009000828866926325,-0.0030599493056449045
2022-11-18,0.005234375590673412,0.005234399684131974,0.004540541280916521
2022-11-21,-0.004668113963610443,-0.004669486042563897,-0.003636174752600918
2022-11-22,0.016378134289782853,0.016378033802459724,0.013456971219873326
2022-11-23,0.005030281095311784,0.005030757569964184,0.006301605638700192
2022-11-25,-0.00025824905448690316,-0.0002588844448367933,-0.0002237221698127012
2022-11-28,-0.011254735690391482,-0.011255361246432671,-0.015957093252224608
2022-11-29,-0.0017096218994823165,-0.0017096789836947845,-0.0017171568085417865
2022-11-30,0.028852982626565993,0.028855152869844414,0.03150052499519562
2022-12-01,0.004187168677085129,0.004187197611141613,-0.0007359872869332484
2022-12-02,-0.00015876378519674716,-7.049184430507616e-05,-0.0011537513527365428
2022-12-05,-0.0171692453613711,-0.017169215675025273,-0.017989231169653896
2022-12-06,-0.013112000834168525,-0.013112039029436362,-0.014414636741935993
2022-12-07,0.002019584713985223,0.0020194930078349937,-0.0017013330482271716
2022-12-08,0.011856874552870433,0.011856701039338224,0.007834024790427163
2022-12-09,-0.013948754119738616,-0.013948200652413645,-0.007470397617597602
2022-12-12,0.011746507496697367,0.011746613455367205,0.01441723765615377
2022-12-13,0.008061235871448913,0.008060420767803,0.007569910977531125
2022-12-14,-0.004790506774791092,-0.004790481779479383,-0.006393654626225986
2022-12-15,-0.026002402138284864,-0.026002125005491372,-0.024461545815825048
2022-12-16,-0.008880315838798558,-0.008880397429259723,-0.011806230517979022
2022-12-19,-0.009768693922147631,-0.009768686353354816,-0.008479702491652419
2022-12-20,0.0013274101126663496,0.00132730178509477,0.0013683994281565859
2022-12-21,0.019116368605780254,0.019115872636005893,0.014952622129840387
2022-12-22,-0.011922538526148774,-0.011922369579725478,-0.014266277672469907
2022-12-23,0.0032165329160311895,0.003216678696488229,0.005752459039676472
2022-12-27,-0.002641455721640651,-0.002641583757299726,-0.003943695489253662
2022-12-28,-0.012435723772119434,-0.012435581253173789,-0.01242790578122821
2022-12-29,0.017025738378755095,0.017025790878388847,0.018000546194413936
2022-12-30,-0.003892916491666676,-0.0038928895283452114,-0.002634285564565686
2023-01-03,0.0,0.0,0.0
2023-01-04,-0.0002517550776097721,0.001247867289773552,1.3673057224661278e-05
2023-01-05,-0.00973034647296045,-0.009730346472960338,-0.01141344421288959
2023-01-06,0.019583800861559864,0.019583800861559864,0.022931794376160664
2023-01-09,-0.004178866350454835,-0.004178866350454946,-0.0005666448269729951
2023-01-10,0.010308927414368396,0.010308927414368618,0.00701270984056146
2023-01-11,0.011808699767772435,0.011808699767772435,0.012647872045784547
2023-01-12,0.0009391502921833883,0.0009391502921833883,0.0036408048745546484
2023-01-13,0.005424549806601009,0.005424549806601009,0.0038795554127668552
2023-01-17,-0.002836293617679342,-0.002836293617679342,-0.0018318796027319006
2023-01-18,-0.00878041642289884,-0.008780416422898951,-0.01578801608828595
2023-01-19,-0.013839234588407745,-0.013839234588407856,-0.007279660983704361
2023-01-20,0.018282781331780296,0.018282781331780296,0.018629023168984737
2023-01-23,0.014899265641689086,0.014899265641689308,0.011998627342807433
2023-01-24,-0.0033940288785332395,-0.0033940288785332395,-0.0010734300935140162
2023-01-25,0.0013297271504109087,0.0013297271504109087,0.00037487704968164337
2023-01-26,0.006572553200775877,0.006572553200775655,0.010990354669102587
2023-01-27,-0.0006446219157707489,-0.0006446219157705269,0.0022975721543583294
2023-01-30,-0.008421063284377972,-0.008421063284377972,-0.012546832947207598
2023-01-31,0.01856695507377526,0.018566955073775482,0.014703494464065603
2023-02-01,0.01910747823166603,0.01910747823166603,0.010627672454092796
2023-02-02,0.012634037736735548,0.012748460384421456,0.014556989778103935
2023-02-03,-0.012938637972919498,-0.012938165552638381,-0.010629110241724748
2023-02-06,-0.00911307405584405,-0.009112377732215293,-0.006111417860116819
2023-02-07,0.005932733712286753,0.005932325944582706,0.013078533893259081
2023-02-08,-0.012882833687026363,-0.012881459253918925,-0.010934524091624875
2023-02-09,-0.0026782241991308853,-0.0026776317788048676,-0.008669224521750118
2023-02-10,-0.0005920685273059778,-0.0005911987706592736,0.0023338018909189184
2023-02-13,0.01677332299158185,0.01677276765477731,0.011738835434946582
2023-02-14,-0.00014872874003657444,-0.00014886429004956625,-0.0004602085462386274
2023-02-15,0.004279539710728697,0.004279209271896844,0.003247367508553145
2023-02-16,-0.011588862973373804,-0.011588450696414121,-0.01376883107066662
2023-02-17,-0.000572335012826608,-0.0005715023621419846,-0.0024982295162850887
2023-02-21,-0.024722833115861986,-0.02472213547582447,-0.020060951744074185
2023-02-22,-0.0007824035537220553,-0.0007827126827605335,-0.0013780517223561661
2023-02-23,-0.0028214497496376056,-0.0028220482809669933,0.005319271066065223
2023-02-24,-0.014961665876292884,-0.014961992143470937,-0.010682312347813694
2023-02-27,0.002514222600296989,0.0025139156656646122,0.003405843725257096
2023-02-28,-0.001331479372786104,-0.001332367222893871,-0.0036959509210152675
2023-03-01,-0.00609526794219184,-0.006095379576710025,-0.003835863136222417
2023-03-02,0.010836690297816531,0.011184429450843192,0.007777295956619801
2023-03-03,0.012898748825506567,0.01290102201617005,0.016037605797672994
2023-03-06,-0.004281757487835436,-0.004281927110687311,0.0006931161126224605
2023-03-07,-0.012527348379074432,-0.012526910027360283,-0.015328883460585474
2023-03-08,0.0036501711899559197,0.0036519684922491358,0.0016320983847801784
2023-03-09,-0.015220071547305536,-0.015222166149812089,-0.018449811298357988
2023-03-10,-0.014389524104730156,-0.014394274157442544,-0.014429491730757027
2023-03-13,0.00090719709507181,0.0009109258177790736,-0.0014252820882890704
2023-03-14,0.011433478480915582,0.011436463054818491,0.016530085938712302
2023-03-15,-0.007410631211087426,-0.0074122370461454645,-0.006254321725367551
2023-03-16,0.013840515655717978,0.013842964421748372,0.01754504060229478
2023-03-17,-0.011265208045422859,-0.011265662439268853,-0.011692639585236808
2023-03-20,0.013435789725008584,0.013434989211153603,0.00961561958721946
2023-03-21,0.010698586185144077,0.01069893938947497,0.013130809191266968
2023-03-22,-0.019631052639927926,-0.019630957393046766,-0.01704672207800839
2023-03-23,0.001762268932747224,0.001766933749573818,0.002703132867100999
2023-03-24,0.0029108132884410054,0.00290779359503901,0.006562317697633935
2023-03-27,0.005383214804900227,0.0053824531943462706,0.001869811627109863
2023-03-28,-0.00023539930213067883,-0.00023618008949888303,-0.002244634806711554
2023-03-29,0.011594939754454137,0.011596406196478615,0.014534805492768754
2023-03-30,0.004151381719926794,0.004152589363887849,0.0058553435509463014
2023-03-31,0.01553074959478451,0.015530146089238528,0.014094581982270649
2023-04-03,0.004510409882795052,0.004507371225441537,0.0038106022314881027
2023-04-04,-0.008970556658007278,-0.00884303811220255,-0.0055481579771146095
2023-04-05,-0.007039430841364602,-0.007039524812626152,-0.0026182430785608446
2023-04-06,-0.0004999925697409813,-0.0004990877650548065,0.0039009994131220527
2023-04-10,0.007185433663603025,0.007185694663405462,0.0010262589081027063
2023-04-11,0.003502653932222266,0.0035029986744150587,0.00026846021956461463
2023-04-12,-0.005960298154701005,-0.005961007193946544,-0.0040759216449689495
2023-04-13,0.012406938129739808,0.012407130075021255,0.013282797961150505
2023-04-14,-0.0033159853207223033,-0.0033161810551267656,-0.0024427678638193617
2023-04-17,0.0012032911554762382,0.0012032627948543873,0.0035882743780333293
2023-04-18,0.0034813661202259816,0.003481273613597624,0.0006521178700160668
2023-04-19,-0.006218206987474106,-0.006222127480060902,-0.0001689061155171201
2023-04-20,-0.0013516252349500268,-0.00135348445795469,-0.0054570894445475915
2023-04-21,0.0018739463489869657,0.0018721735122675387,0.0007768749876666536
2023-04-24,0.0046181715991044925,0.004617160730315373,0.0010432772949393598
2023-04-25,-0.02065754017932231,-0.020657787256229354,-0.015873931778421668
2023-04-26,-0.0064604627453598296,-0.006459094437188839,-0.00423545257711444
2023-04-27,0.011132231693133043,0.011132517443766865,0.019907926264709053
2023-04-28,0.008018929698374144,0.008018329710274275,0.008535106465280329
2023-05-01,0.001704172661802783,0.00170463802997034,-0.0010097822511899723
2023-05-02,-0.009000112955452555,-0.00892896261312226,-0.011238882951136397
2023-05-03,-0.010679205125079028,-0.010679140913347429,-0.006864417437264958
2023-05-04,-0.011976966710899761,-0.011976749806663411,-0.007082785109090217
2023-05-05,0.012750851426170717,0.012751294148511949,0.018512631002797653
2023-05-08,-0.003166260322266412,-0.003166777971419621,0.0002664953680788784
2023-05-09,-0.004375770284347658,-0.00437572222567395,-0.004385422308878506
2023-05-10,-0.002157560575590578,-0.0021577400284717996,0.004672491975553639
2023-05-11,-0.0017576498013507358,-0.0017576593793372508,-0.001743958295085224
2023-05-12,0.0026876458641489354,0.0026878233729534795,-0.0013104277613934512
2023-05-15,0.005160207627199265,0.005161124198759692,0.003450194510494331
2023-05-16,-0.015602417889717168,-0.015602633997526483,-0.00668249350311001
2023-05-17,0.011151149247461412,0.011151412499105895,0.012138777364691933
2023-05-18,0.00848112730515238,0.008481454866578586,0.009633089917948201
2023-05-19,-0.008001839578576808,-0.008001886717796003,-0.0014549662955996023
2023-05-22,-0.003494651849767938,-0.003494185818795792,0.0004062055415268162
2023-05-23,-0.01364791699502188,-0.013646909918740624,-0.011222855785945396
2023-05-24,-0.008419911144948,-0.0084203785030601,-0.0072449768012031734
2023-05-25,0.006490503807355941,0.006490966715265278,0.008659974205849963
2023-05-26,0.01202250971805241,0.012023428275123038,0.012950614142771322
2023-05-30,-0.0030683324964371206,-0.003067691074168488,0.00038094755315953854
2023-05-31,-0.010784919481364286,-0.010785226630884548,-0.005545075901445484
2023-06-01,0.013065303351684765,0.013066727934259337,0.009500908800490038
2023-06-02,0.019159447118622053,0.019267709671806132,0.014461233260247175
2023-06-05,-0.0053565675185254236,-0.005357287366329566,-0.0019162754404428162
2023-06-06,0.002550822325969593,0.0025510724777348948,0.0021773465805001724
2023-06-07,0.00013676960873088007,0.00013665347636515612,-0.00345774791994502
2023-06-08,0.003460717959781423,0.003460257158874658,0.006048777892504242
2023-06-09,0.0004760252756477179,0.0004752917105423915,0.0017940375917502305
2023-06-12,0.015324814110396101,0.01532438713180806,0.009072232058388252
2023-06-13,0.010114282807593078,0.010114812954346908,0.006592724483602375
2023-06-14,-0.003289042535860265,-0.003287716617763947,0.0011908993826883485
2023-06-15,0.01665475074385947,0.016655336531406606,0.012397742935372547
2023-06-16,-0.002523621726660541,-0.0025233797924292256,-0.003406357713433228
2023-06-20,-0.010072038687993223,-0.010072632877108356,-0.005188097342600395
2023-06-21,-0.0019789577899160804,-0.0019785480564253888,-0.005123776103645006
2023-06-22,0.00036461861679515373,0.0003646050113155219,0.003609692901579864
2023-06-23,-0.0066965577502592355,-0.0066965359608045505,-0.007560147406905915
2023-06-26,0.004985675747302798,0.004986217669556092,-0.004085625431801576
2023-06-27,0.010687388249824181,0.010686432044725969,0.010963225363546325
2023-06-28,-0.0034997581963640556,-0.0034999396500050572,0.0005045435126189712
2023-06-29,0.006476414426742627,0.006476492869168515,0.00394131384987384
2023-06-30,0.010066364328891186,0.010066033159104482,0.011800572328192871
2023-07-03,-0.0012135697637247755,-0.0012130823831922877,0.0011508634807269047
2023-07-05,-0.005045133151290959,-0.0049817345662015455,-0.001487497557271178
2023-07-06,-0.00922762453917425,-0.009227761984102356,-0.007830526958561568
2023-07-07,-0.004136668527971787,-0.004136841378219458,-0.0025247215782113752
2023-07-10,0.018981764855759087,0.018981439192341965,0.0025311119311206554
2023-07-11,0.006004742194140489,0.006004452356921153,0.006368466628352332
2023-07-12,0.0037203396035185854,0.003720149171052345,0.008045997552762696
2023-07-13,0.0004003551598033006,0.0004005478557711495,0.00793677916637292
2023-07-14,0.0010413025218229954,0.0010417261760042873,-0.0006227376226836112
2023-07-17,0.004449900975467935,0.0044498671414496815,0.0034721444237921784
2023-07-18,0.004154843060435454,0.004155073909115625,0.007430715158172951
2023-07-19,0.004760381164770067,0.0047609419929866,0.002223784015379371
2023-07-20,-0.006510787146507546,-0.0065103354633117005,-0.0066347138160964825
2023-07-21,0.003822019004377175,0.003822235677584551,0.0
2023-07-24,0.0015243995078331185,0.001523984089329078,0.004467409289567792
2023-07-25,0.004625804052635019,0.0046254696418315255,0.002729993969081468
2023-07-26,-0.003650287694963783,-0.0036504983366432153,0.00015374415118540874
2023-07-27,-0.010106388678522538,-0.010106181431512873,-0.006629990322230328
2023-07-28,0.0037723424549180873,0.0037720533408982515,0.009790364480256608
2023-07-31,0.0037283640761220926,0.003728271462023036,0.0019040052219059245
2023-08-01,-0.005131591519763945,-0.005131739880884667,-0.0028616097156412
2023-08-02,-0.00857471937716403,-0.00851116844219546,-0.013910702781173567
2023-08-03,-0.0017389469148190173,-0.0017388715704894642,-0.0028660024454673083
2023-08-04,-0.013682002884548905,-0.013681687361368877,-0.004522727226096146
2023-08-07,0.006052580539382513,0.006052000934236412,0.008728489892785074
2023-08-08,-0.007484391551832559,-0.0074845797438136685,-0.00434853433277016
2023-08-09,-0.0015217154895262874,-0.0015215796520412495,-0.006685141443425802
2023-08-10,-0.0047871926029880996,-0.004787130657277983,0.0003587694663247376
2023-08-11,-0.0015197865479855688,-0.0015196626046531936,-0.000583111764393851
2023-08-14,0.0047754157939579045,0.004775480010227984,0.005520062860039143
2023-08-15,-0.008891740882562837,-0.008892026981444978,-0.01164891620717301
2023-08-16,-0.007711500613038158,-0.007711266663100735,-0.007338096957553941
2023-08-17,-0.010902143287737087,-0.010901614160928164,-0.007619726040616448
2023-08-18,0.0004848559946970532,0.0004843246621781816,0.000481185998659317
2023-08-21,0.00022224875162457636,0.00022236816663268044,0.006506309191295578
2023-08-22,-0.004840355260389839,-0.004840245259847387,-0.0027086347726137383
2023-08-23,0.009776287690823171,0.009776148751395208,0.01113785500893627
2023-08-24,-0.016217674880709687,-0.016217565033200487,-0.013859223013909516
2023-08-25,0.004279442575839898,0.004279425144433802,0.007049714555938946
2023-08-28,0.007560795086600569,0.0075607696660644486,0.00634146119651513
2023-08-29,0.01475106253003533,0.014751092471036342,0.014454721180120478
2023-08-30,0.004479359731343946,0.004479693775657934,0.004118917872557359
2023-08-31,-0.0061594835841538575,-0.006159895854477626,-0.0014634035059161166
2023-09-01,0.005745393388807862,0.005745126197099104,0.0018650764885848048
2023-09-05,-0.006971887858742143,-0.006836570292745536,-0.004321737613855237
2023-09-06,-0.004271280808719413,-0.004269933224004818,-0.00672252394009365
2023-09-07,-0.0018710304182485427,-0.0018697455547510566,-0.0030701693208237124
2023-09-08,-0.0030943268106935484,-0.0030934106439926,0.0015060113029727873
2023-09-11,0.0024235730826254187,0.0024247940623751685,0.006576583948365133
2023-09-12,-0.00815848215374737,-0.008158795272207864,-0.005485455170274212
2023-09-13,-0.0005689117465853544,-0.0005707516081883135,0.0011659429869188553
2023-09-14,0.009318514861850868,0.009318256600213237,0.00862226838997282
2023-09-15,-0.011540371541714833,-0.011540256628349232,-0.012048198717857006
2023-09-18,-0.007278442161922416,-0.007277706521319871,0.0005863179581948597
2023-09-19,0.0010968568220981467,0.0010963871806040082,-0.002073700242464227
2023-09-20,-0.002249725447258988,-0.002250158329815677,-0.009193361806369982
2023-09-21,-0.015537075627811037,-0.015536726635793086,-0.01652842718934655
2023-09-22,-0.0019962697970029586,-0.00199546175696641,-0.0022485835771974827
2023-09-25,0.007344300980885565,0.007344741713672276,0.004205286191780955
2023-09-26,-0.012404721396782614,-0.012406594211238353,-0.014691274582096292
2023-09-27,0.001640803610634789,0.0016422451892641465,0.00039922850002582777
2023-09-28,0.006970614323177804,0.006971037975041394,0.005797235571361581
2023-09-29,-9.641341308785911e-05,-9.704525196096991e-05,-0.0024268410510679406
2023-10-02,-0.002396381157218186,-0.002397208394219641,-0.00039758620536511913
2023-10-03,-0.015441463604391914,-0.015371896661596773,-0.013386233602487807
2023-10-04,0.009761107176801787,0.009760964778484205,0.0072819807960526894
2023-10-05,-0.004580148482812962,-0.004580209768782262,-0.0003767538409181759
2023-10-06,0.008223986559739771,0.008224272067835381,0.011872889791437968
2023-10-09,0.004003130466752047,0.004002803811870903,0.006402109308006665
2023-10-10,0.006302247336711142,0.00630269463091393,0.005204881069301948
2023-10-11,0.0019015151993364565,0.0019015557618837775,0.004096306420702245
2023-10-12,-0.009662604995110624,-0.009663349636817142,-0.006096438609385357
2023-10-13,-0.0033903286969433344,-0.003390403910138895,-0.004980692946559007
2023-10-16,0.012321338194196008,0.012321168128063942,0.010521293502573803
2023-10-17,0.003846345550939434,0.0038461133339604547,-4.593770614802484e-05
2023-10-18,-0.012961248986535723,-0.012961701500795009,-0.013325159481197946
2023-10-19,-0.009828252692034467,-0.009828602545346898,-0.00878627754271688
2023-10-20,-0.009752026174820294,-0.009751845450357899,-0.012288140278315929
2023-10-23,-0.00450408314509787,-0.004504205197400246,-0.0017330258208599902
2023-10-24,0.0008505665460811773,0.0008507265061592495,0.007539297844937787
2023-10-25,-0.014069459668013318,-0.014069620002219008,-0.014352274963949307
2023-10-26,-0.005097317959316006,-0.005097462639741979,-0.011974642931195656
2023-10-27,-0.004852607215122928,-0.004853307701034204,-0.004532795672202217
2023-10-30,0.011121553775522708,0.011121530814974134,0.011955898365193729
2023-10-31,0.012220327614196114,0.012220763074858088,0.006280381790440881
2023-11-01,0.0016572726936090465,0.0016569800104115906,0.010664691247419977
2023-11-02,0.017894635363405964,0.018054196206307882,0.019164236800371715
2023-11-03,0.017083725866385402,0.017085260936232194,0.009123483683182831
2023-11-06,-0.0026920734769511068,-0.0026940549508486233,0.0023004516022135935
2023-11-07,0.006006895740918283,0.006007008162190575,0.002845922811025803
2023-11-08,-0.002076664919598903,-0.002077421635105603,0.0007324199123486252
2023-11-09,-0.008443610394701428,-0.00844429652087364,-0.007798728101199526
2023-11-10,0.014057173129037315,0.014056624805464102,0.015604954192212084
2023-11-13,-0.0018103021355134752,-0.0018100699858156766,-0.0009533215038348697
2023-11-14,0.026882885494154296,0.026882440885145797,0.019400783930326737
2023-11-15,0.010285882256695134,0.01028552170071384,0.00211712476939363
2023-11-16,-0.00585064922371159,-0.005849962098755879,0.0012231032171465817
2023-11-17,0.0029127229902667917,0.002912035844850225,0.0012437485749883237
2023-11-20,0.006115474764997186,0.006115599807101857,0.007697646973265915
2023-11-21,-0.00041240810910636583,-0.00041243604003005085,-0.002179472264966731
2023-11-22,0.0059968781239019275,0.00599710598321157,0.003860856688096659
2023-11-24,0.004315238717893299,0.004315100026392571,0.0006152583229561692
2023-11-27,-0.0005605717486768524,-0.0005612385196102077,-0.0018008540764695713
2023-11-28,-0.0027639539612672737,-0.0027632242930344386,0.0009900947357737166
2023-11-29,0.0028197160465002202,0.0028193811168391036,-0.0007033709637728203
2023-11-30,0.003637296251840283,0.0036372794344741166,0.003937389890417808
2023-12-01,0.0201014197645093,0.020100650345049154,0.005915855135182113
2023-12-04,0.0038645370339311924,0.00396235672192069,-0.005249354505640347
2023-12-05,-0.0049559060975996605,-0.004955333002487405,-0.00019712999514076568
2023-12-06,0.004405406318358063,0.004405044677802339,-0.004029729599363874
2023-12-07,0.0026156530662515554,0.002615196899277805,0.0076305170581814075
2023-12-08,0.0024913027349353634,0.0024913132642345737,0.0042990810778074096
2023-12-11,0.012477710662615937,0.012477530024636696,0.003889562713336847
2023-12-12,0.006583379229347042,0.006584139584818516,0.0045670463737026434
2023-12-13,0.017026798585391356,0.017026624237940213,0.013790217632763557
2023-12-14,0.009726590238797295,0.00972629389300228,0.0032093987584638217
2023-12-15,-0.006578728300754455,-0.006578231438979398,-0.0016465279846737957
2023-12-18,0.00048507860279145554,0.0004850194902707994,0.0056250888080024986
2023-12-19,0.0072546235804529235,0.0072544214822671815,0.006080888558689157
2023-12-20,-0.014079144785750342,-0.014078900246699111,-0.013857292868214244
2023-12-21,0.012196378194431423,0.01219622574282253,0.009481935526338248
2023-12-22,-0.0005931614976456556,-0.0005926070611664835,0.0020097867761843524
2023-12-26,0.0037795680074907967,0.0037792819772188846,0.004222440322714904
2023-12-27,0.002185858423603193,0.0021857279090478077,0.0018080853378115158
2023-12-28,0.00038159966023565417,0.0003817103605532335,0.0003777903707899988
2023-12-29,-0.001993166179817818,-0.00199319390192243,-0.002895034567458321
2024-01-02,0.0,0.0,0.0
2024-01-03,-0.012782504782528736,-0.011301678539702431,-0.004978670540609742
2024-01-04,-0.0012595023617442136,-0.0012595023617443246,-0.003221006521007097
2024-01-05,-0.0012687441676849653,-0.0012687441676848543,0.0013695625547327506
2024-01-08,0.01561079297961232,0.01561079297961232,0.014276142326451469
2024-01-09,-0.002809055086451906,-0.002809055086451684,-0.0015173092049582948
2024-01-10,0.004541885607660223,0.004541885607660223,0.0056555426872197945
2024-01-11,0.002326290039977863,0.002326290039978085,-0.0004406430412424722
2024-01-12,-0.0032526949192451804,-0.0032526949192451804,0.0006927821246200949
2024-01-16,-0.0028489095414996335,-0.0028489095414997445,-0.0036712991848998344
2024-01-17,-0.005218144326409546,-0.005218144326409324,-0.005558629120554048
2024-01-18,0.010258372396446891,0.010258372396446891,0.008892804945121346
2024-01-19,0.008555721064636534,0.008555721064636534,0.012466017614288782
2024-01-22,0.009615712925205244,0.009615712925205022,0.0021144766293070827
2024-01-23,-0.0006089901101306028,-0.0006089901101304918,0.0029164192965691615
2024-01-24,-0.007684041765311234,-0.007684041765311123,0.0010933126058942921
2024-01-25,0.0040573721493808446,0.0040573721493806225,0.00543884142451212
2024-01-26,-0.0002865582464824934,-0.00028655824648238237,-0.001270453392287485
2024-01-29,0.009538997179961983,0.009538997179961983,0.007919381068000275
2024-01-30,0.0016834336677777895,0.0016834336677777895,-0.0007734882337022686
2024-01-31,-0.015200517185981477,-0.015200517185981477,-0.016317396592104072
2024-02-01,0.015100016977247277,0.015100016977247277,0.013088243385340759
2024-02-02,0.012257176412640902,0.012348484573062368,0.010527345896630402
2024-02-05,-0.0023372321717829436,-0.002336684359722341,-0.0036411212279222616
2024-02-06,0.008034033491225001,0.00803458802701007,0.002903296810174316
2024-02-07,0.008059507245519182,0.008058919158761224,0.008340343964781116
2024-02-08,0.010885692260480084,0.010885109786397784,0.0004418983685636757
2024-02-09,0.00342882439015324,0.0034284215555697717,0.00577932941690662
2024-02-12,0.0029114058678212373,0.002911737594782471,-0.0004390393376605406
2024-02-13,-0.016338880117879873,-0.016339127759386618,-0.01377315601908169
2024-02-14,0.011044686327576603,0.011044309080167514,0.009087717382374016
2024-02-15,0.0076185147330238845,0.0076190779161984246,0.006899796528982094
2024-02-16,-0.00542154709035314,-0.005421629555325658,-0.004979972192162729
2024-02-20,-0.004604515737649639,-0.004604531929170097,-0.00550536084322828
2024-02-21,8.126816558728933e-05,8.189362804067457e-05,0.0009057847460316459
2024-02-22,0.019942112730382933,0.01994225941653771,0.02069547359013213
2024-02-23,0.001983098150156515,0.0019828203530365407,0.0006896938035239053
2024-02-26,0.001311173268946364,0.0013108222924358426,-0.0036624892391067254
2024-02-27,0.004573621142064388,0.004573618079387387,0.0018575652385470764
2024-02-28,-0.0008921791727685147,-0.0008924656996053271,-0.0013215656359363281
2024-02-29,0.005401755155870935,0.005401192003953392,0.003594930678976649
2024-03-01,0.007234287885210966,0.007234059911098711,0.009388320968662489
2024-03-04,-0.0016332815778474785,-0.0010039963850319022,-0.0010724808912875305
2024-03-05,-0.009199718418890335,-0.009197635984659502,-0.009993971737729868
2024-03-06,0.007337154795867384,0.00733872012875314,0.005067159247770903
2024-03-07,0.012009333923042265,0.01201176698383688,0.009926370346830415
2024-03-08,-0.008777755021995737,-0.008777131770936974,-0.006002115368710315
2024-03-11,-0.0017069359232512182,-0.0017035656269424049,-0.0008599654929838385
2024-03-12,0.00814105775525098,0.0081412960381273,0.010757433934537097
2024-03-13,0.001154877614616634,0.0011510064822524146,-0.001567579929561358
2024-03-14,-0.0048101715578467985,-0.004811177890778673,-0.001976722296110456
2024-03-15,-0.0075067928566225905,-0.007506800264687419,-0.006866621980632481
2024-03-18,0.0033300491042342895,0.0033344102744423676,0.005943123520943949
2024-03-19,0.00822487899433666,0.008224679549745817,0.0055572273176931475
2024-03-20,0.00729294752901688,0.007290021512405209,0.009249402694908149
2024-03-21,0.00948405254059792,0.00948249701997339,0.0033045469982364573
2024-03-22,-0.007470961107296836,-0.0074668644117952265,-0.001895828125220933
2024-03-25,-0.007204633906153335,-0.007202190604079783,-0.0027627018670888237
2024-03-26,-0.0015698664633770898,-0.0015721525101507483,-0.0018470850305898345
2024-03-27,0.011076524190082981,0.011074912367249778,0.00840390128704338
2024-03-28,0.0024980241085998944,0.0024975150301138616,-0.00019115304320382887
2024-04-01,-0.004918027807855663,-0.0049155962901067385,-0.0017398673121422625
2024-04-02,-0.011946977086244925,-0.011826070892752893,-0.00635791961577481
2024-04-03,-0.0039017885573995326,-0.0039017010958101173,0.0010984169872829685
2024-04-04,-0.01531595004510633,-0.015316837552657891,-0.01220615604832942
2024-04-05,0.009319556663853534,0.009319380407666555,0.010447018952042919
2024-04-08,0.0016452610215553776,0.0016445295053528763,0.0005592485270637937
2024-04-09,0.003090202588659885,0.003089605780473903,0.0011566969768881386
2024-04-10,-0.013253500942787655,-0.013252570596537838,-0.010012983815937515
2024-04-11,0.002672013094765724,0.0026729589099612205,0.007546719431144933
2024-04-12,-0.015400042692072624,-0.015401394218749531,-0.013803096677538873
2024-04-15,-0.010063548536880185,-0.010063120783567636,-0.012528035229721457
2024-04-16,0.0006640382634539588,0.000663877101104271,-0.0018237698460004115
2024-04-17,-0.006353294089893602,-0.006353305281790678,-0.005918270721091967
2024-04-18,0.0013095236019089462,0.001308668944654423,-0.0020577941117486676
2024-04-19,-0.006979853493845889,-0.0069800838898884665,-0.008728310287310914
2024-04-22,0.0066985944027764255,0.0066982899695688936,0.009209223639820463
2024-04-23,0.011031381625335568,0.0110314157696636,0.011866617014163916
2024-04-24,0.0028447221751937146,0.0028445951434887817,-0.00047477474141222054
2024-04-25,-0.0033842563214385724,-0.00338440530892381,-0.0037987587828579583
2024-04-26,0.008875600875594358,0.00887533036531507,0.009473829310949755
2024-04-29,0.0031023710957212014,0.0031011021858011745,0.0035415053910734517
2024-04-30,-0.016875979262823138,-0.016875403554383883,-0.015841202983064906
2024-05-01,-0.01032532924939078,-0.010324654941393119,-0.0032472021430118847
2024-05-02,0.008972321148175144,0.009139024411396912,0.009353443441858067
2024-05-03,0.008315209520084466,0.00831483508391262,0.012395256153738154
2024-05-06,0.008485106129514142,0.00848378499134439,0.010326938503174787
2024-05-07,0.00011394297481470694,0.0001146386557988599,0.0011034264304021768
2024-05-08,-0.0020728895717638807,-0.002074000899686901,9.672134683258449e-05
2024-05-09,0.00952923602049216,0.009530402041175279,0.00576189641039937
2024-05-10,0.0034045370117334883,0.003404610226792615,0.0012880452787931151
2024-05-13,-0.0019244741723669634,-0.0019245851853341156,0.00013421871437180322
2024-05-14,0.005384506985190773,0.005384143035653377,0.004588035509807131
2024-05-15,0.011976677039351236,0.011977209030717528,0.012383318564627155
2024-05-16,-0.0013251307066241003,-0.0013249356724416295,-0.002057648556520686
2024-05-17,-0.0003093221958264669,-0.0003095796436229925,0.0014374286500424827
2024-05-20,0.0007568989823643069,0.0007561101655724212,0.0011521851699716201
2024-05-21,-0.001598126593602367,-0.0015988419855688107,0.002452510759075155
2024-05-22,-0.0066736029351316395,-0.006674035030453274,-0.0028793330278347185
2024-05-23,-0.008080415776334338,-0.008080556152221696,-0.007304094973100028
2024-05-24,0.00836660314139559,0.008366224967720326,0.006616635547303185
2024-05-28,-0.0028267712908824905,-0.0028269601630378505,0.0006985875025946608
2024-05-29,-0.008926238089040028,-0.008925796552202714,-0.007002465409604586
2024-05-30,0.0014503435363089068,0.0014506929404940472,-0.006633746666733775
2024-05-31,0.009942572564413554,0.009943182968110031,0.009108165895193476
2024-06-03,0.0002360486851942234,0.00023698437899422053,0.0008153583340810844
2024-06-04,0.0003067497167914546,0.0004105752741174751,0.0011178083574776565
2024-06-05,0.011730111314264935,0.011729530050498482,0.01188508170131497
2024-06-06,-0.0024658867665768858,-0.0024654290550942815,-1.868653409564658e-05
2024-06-07,-0.002120498236306223,-0.0021205281095396655,-0.0012154701067457196
2024-06-10,0.004571808801841382,0.004571508685651704,0.0030894414176951823
2024-06-11,0.0018070525978102214,0.0018070542931687417,0.002408336857466331
2024-06-12,0.009368401412046756,0.009368381314136531,0.008213376461439603
2024-06-13,0.003183305930573921,0.003183065008482977,0.0020131698731635783
2024-06-14,-0.003676047368305957,-0.0036757988032699584,0.0006085063699716731
2024-06-17,0.010729878055015574,0.010729860224848231,0.007958910221575355
2024-06-18,0.0026609967391819644,0.002660492027015904,0.0025407121528528975
2024-06-20,-0.005188528421101846,-0.005188099394486945,-0.002716544837253032
2024-06-21,0.0016845958685425266,0.0016850351995132407,-0.0013404904271935303
2024-06-24,-0.0013437630830702707,-0.0013437125949740114,-0.003250874173535423
2024-06-25,-0.006740638947166033,-0.006741194135107653,0.0038509684777765507
2024-06-26,-0.0005556035621039346,-0.0005553151428245862,0.001248036721894108
2024-06-27,0.002959955418417426,0.002960502379105945,0.0015764724631708305
2024-06-28,-0.0052057792685477056,-0.005205406874064122,-0.003935092412651886
2024-07-01,-0.009033441680793453,-0.00903368216827971,0.002058070220223307
2024-07-02,0.0028571843435518662,0.0029429535977101295,0.0067297191878716855
2024-07-03,-0.0010814356865961328,-0.0010816234186866724,0.004462763358313415
2024-07-05,0.0049748455503559885,0.004974518502299574,0.00576649129051976
2024-07-08,0.0037835465574072025,0.003783676350801679,0.001153687531366021
2024-07-09,-0.003582845201577478,-0.00358328624418891,0.0009724431209321427
2024-07-10,0.007399186896103194,0.007398591641944785,0.009895287551016096
2024-07-11,0.004905390791873465,0.004906438751400621,-0.008622664527645374
2024-07-12,0.009018878152309506,0.009018889997371105,0.006307644912908028
2024-07-15,-0.004116356375823971,-0.004117196881468277,0.0027502945306059345
2024-07-16,0.016263617478033066,0.016263933555503263,0.005930227551637524
2024-07-17,-0.01381175972856552,-0.01381087164055761,-0.014021344049971574
2024-07-18,-0.012750273054414452,-0.012750408797324475,-0.007684830624340111
2024-07-19,-0.00544130011136057,-0.005441273460913498,-0.006640697294749587
2024-07-22,0.0115856311694289,0.011585580032194676,0.010309899385924082
2024-07-23,-0.003961885794394826,-0.0039621199850491395,-0.0015686753676522613
2024-07-24,-0.0193067292930883,-0.01930640267435102,-0.022662373657600487
2024-07-25,-0.004189941393992647,-0.004189399499442414,-0.005210401360493111
2024-07-26,0.01669639309607418,0.016696666873959654,0.011199677243803441
2024-07-29,0.002815241696812576,0.002815502837541617,0.0005877660449546962
2024-07-30,0.0021200795635258896,0.002120436701058992,-0.005066489846381694
2024-07-31,0.01078729690660607,0.010786705189186119,0.0162546493941369
2024-08-01,-0.015710406971199298,-0.015710494171168432,-0.01416089772791096
2024-08-02,-0.016036274523457683,-0.01591410568692264,-0.018618465583101207
2024-08-05,-0.024435432117114964,-0.02443507627317587,-0.029123731060897606
2024-08-06,0.013282470809737879,0.013282711749466714,0.009219621998645566
2024-08-07,-0.008441294274155187,-0.008441637464942198,-0.0066839087950150144
2024-08-08,0.02574320172824751,0.025745228104898432,0.02311740208643176
2024-08-09,0.001143187017157432,0.0011435613557519986,0.004409783108547893
2024-08-12,-0.003032839921951913,-0.0030318779964717546,0.0005251819392879664
2024-08-13,0.01751474516827245,0.017515626443669108,0.016445457845939204
2024-08-14,0.0010108703051523449,0.0010108442914102955,0.0031548723144527724
2024-08-15,0.02087304557786207,0.020875151258250124,0.017140221567987446
2024-08-16,0.0018990155716402946,0.0018992297777224998,0.0022420117925041616
2024-08-19,0.005397120951067924,0.005396955432153794,0.009561331973907405
2024-08-20,-0.0026926608622289683,-0.0026928469128348897,-0.0016259572939691935
2024-08-21,0.012560933489316195,0.012561036900050171,0.0034366969502579447
2024-08-22,-0.0113757918407561,-0.011376310207479312,-0.007848785276715065
2024-08-23,0.011448509149898811,0.011448772157105713,0.010625422141984808
2024-08-26,-0.003984150553212773,-0.003985157185691479,-0.0023837106752643278
2024-08-27,0.0021116711801727472,0.002111857876351264,0.0013729062119203217
2024-08-28,-0.00564095693863742,-0.0056422749583365794,-0.005804990250471764
2024-08-29,-0.002725132896472693,-0.002725995755368027,8.930257271066999e-05
2024-08-30,0.006251966953120247,0.006252248902201218,0.009546108600853476
2024-09-03,-0.016439845252578467,-0.01644213945238926,-0.02057890461708045
2024-09-04,-0.003164129004027183,-0.0030051293139471413,-0.002046808041376691
2024-09-05,-0.004235127780110037,-0.004233912650042249,-0.002432422016352409
2024-09-06,-0.010260470484686923,-0.010261995799168422,-0.016830061169659682
2024-09-09,0.0097743440191278,0.0097746652583095,0.01119600514425767
2024-09-10,0.0038190682701948475,0.0038182076940060927,0.0043558432423733695
2024-09-11,0.007924594085495285,0.007929467855420036,0.01025921618027037
2024-09-12,0.007546923136269923,0.007550130195344895,0.00842313754247681
2024-09-13,0.009644549421611526,0.00964753888308656,0.005222868726185714
2024-09-16,0.005715287564279858,0.005717164887351522,0.0014766934860208636
2024-09-17,0.0007435357241714069,0.0007473127254600254,0.0004087469851710157
2024-09-18,-0.002025221757549489,-0.002025199376237352,-0.0029659591584655365
2024-09-19,0.009886615565517731,0.009885746461441247,0.017064470201915594
2024-09-20,-0.00382981236183233,-0.003829008724859695,-0.0017287267010226426
2024-09-23,0.004580563666944704,0.004580196873072762,0.0024988464537973876
2024-09-24,0.005536081798342751,0.0055367930667113985,0.002861468217643548
2024-09-25,-0.003218669894003434,-0.003217542168095444,-0.002205585632772178
