trial_id,time,git_sha,phase,strategy,params,period,start,end,costs_on,days,sharpe,sharpe_daily,skew,kurt,cagr,max_dd
1,2026-10-01T04:00:07+00:00,ab8afa8,phase3,A1,"{""asset"": ""SPY"", ""check"": ""daily"", ""kind"": ""trend_sma"", ""safe"": ""IEF"", ""sma"": 200, ""universe"": ""etf""}",insample,2005-10-17,2015-12-31,True,2570,0.4033772351754763,0.025410377352836334,-0.4123411706611224,5.351615781178447,0.042954011794808844,-0.28287568836615895
2,2026-10-01T04:00:07+00:00,ab8afa8,phase3,A1,"{""asset"": ""SPY"", ""check"": ""daily"", ""kind"": ""trend_sma"", ""safe"": ""IEF"", ""sma"": 200, ""universe"": ""etf""}",insample,2005-10-17,2015-12-31,False,2570,0.5759701482835119,0.036282708927504,-0.4097772135755099,5.363130995290829,0.06512234776714454,-0.2565896303548707
3,2026-10-01T04:00:07+00:00,ab8afa8,phase3,A2,"{""asset"": ""SPY"", ""fast"": 50, ""kind"": ""trend_cross"", ""safe"": ""IEF"", ""slow"": 200, ""universe"": ""etf""}",insample,2005-10-17,2015-12-31,True,2570,0.7899779206118215,0.049763931408828704,-0.44487355889222185,7.834582118899728,0.10098477688738172,-0.17308096735645417
4,2026-10-01T04:00:07+00:00,ab8afa8,phase3,A2,"{""asset"": ""SPY"", ""fast"": 50, ""kind"": ""trend_cross"", ""safe"": ""IEF"", ""slow"": 200, ""universe"": ""etf""}",insample,2005-10-17,2015-12-31,False,2570,0.8138109749769203,0.051265272714379514,-0.44254666148534144,7.8368628033335765,0.10439054406375692,-0.17308096735645495
5,2026-10-01T04:00:07+00:00,ab8afa8,phase3,A3,"{""assets"": [""SPY"", ""EFA"", ""EEM"", ""VNQ"", ""GLD"", ""DBC""], ""kind"": ""trend_multi"", ""safe"": ""IEF"", ""sma"": 200, ""universe"": ""etf""}",insample,2006-11-17,2015-12-31,True,2295,0.4490998136331482,0.028290629064732502,-0.3500607131115085,6.089127311503461,0.0436440648509131,-0.16700007179835863
6,2026-10-01T04:00:07+00:00,ab8afa8,phase3,A3,"{""assets"": [""SPY"", ""EFA"", ""EEM"", ""VNQ"", ""GLD"", ""DBC""], ""kind"": ""trend_multi"", ""safe"": ""IEF"", ""sma"": 200, ""universe"": ""etf""}",insample,2006-11-17,2015-12-31,False,2295,0.6717527637284317,0.042316446555851435,-0.3625045771568786,6.1037185503646985,0.0690911360418709,-0.14755745205727167
7,2026-10-01T04:00:11+00:00,ab8afa8,phase3,B,"{""exit_sma"": 5, ""kind"": ""meanrev"", ""max_hold"": 10, ""rsi_entry"": 10, ""rsi_len"": 2, ""slots"": 10, ""trend_sma"": 200, ""universe"": ""stocks""}",insample,2005-10-17,2015-12-31,True,2570,0.23634831109109763,0.014888544141361268,-0.22977661934449875,8.0913465725266,0.025909614664914482,-0.36013757398750756
8,2026-10-01T04:00:11+00:00,ab8afa8,phase3,B,"{""exit_sma"": 5, ""kind"": ""meanrev"", ""max_hold"": 10, ""rsi_entry"": 10, ""rsi_len"": 2, ""slots"": 10, ""trend_sma"": 200, ""universe"": ""stocks""}",insample,2005-10-17,2015-12-31,False,2570,1.193716944544231,0.07519709931114087,-0.24193959790283676,8.085679814093638,0.20424577817514789,-0.3370896068620375
9,2026-10-01T04:00:12+00:00,ab8afa8,phase3,C,"{""atr"": 20, ""entry"": 55, ""exit"": 20, ""kind"": ""breakout"", ""max_weight"": 0.2, ""risk_per_trade"": 0.01, ""universe"": ""etf""}",insample,2005-04-12,2015-12-31,True,2701,0.5813902690799141,0.03662414444424709,-0.3655948763651363,7.947020162350028,0.057687589953908436,-0.20336790427690044
10,2026-10-01T04:00:12+00:00,ab8afa8,phase3,C,"{""atr"": 20, ""entry"": 55, ""exit"": 20, ""kind"": ""breakout"", ""max_weight"": 0.2, ""risk_per_trade"": 0.01, ""universe"": ""etf""}",insample,2005-04-12,2015-12-31,False,2701,0.6861460947519543,0.04322314118504361,-0.3687394129184327,7.94053620398959,0.06948419353048285,-0.19310347109508075
11,2026-10-01T04:00:14+00:00,ab8afa8,phase3,C_stocks,"{""atr"": 20, ""entry"": 55, ""exit"": 20, ""kind"": ""breakout"", ""max_weight"": 0.2, ""risk_per_trade"": 0.01, ""universe"": ""stocks""}",insample,2005-03-23,2015-12-31,True,2714,0.5269027020936484,0.033191750353993944,-0.1759611834371633,5.444389405426504,0.09176084002104479,-0.5929847439227991
12,2026-10-01T04:00:14+00:00,ab8afa8,phase3,C_stocks,"{""atr"": 20, ""entry"": 55, ""exit"": 20, ""kind"": ""breakout"", ""max_weight"": 0.2, ""risk_per_trade"": 0.01, ""universe"": ""stocks""}",insample,2005-03-23,2015-12-31,False,2714,0.5890103906254512,0.037104166981617955,-0.17368068986950472,5.453893504299014,0.10586868268317629,-0.5812331757917577
13,2026-10-01T04:00:15+00:00,ab8afa8,phase3,D,"{""kind"": ""momentum"", ""lookback"": 252, ""skip"": 21, ""top_frac"": 0.1, ""universe"": ""stocks""}",insample,2006-01-03,2015-12-31,True,2517,0.614794959743064,0.03872844216133604,-0.35095974878579106,7.467626360641165,0.12792500523814554,-0.5801549406499387
14,2026-10-01T04:00:15+00:00,ab8afa8,phase3,D,"{""kind"": ""momentum"", ""lookback"": 252, ""skip"": 21, ""top_frac"": 0.1, ""universe"": ""stocks""}",insample,2006-01-03,2015-12-31,False,2517,0.6597921094135674,0.04156299615502423,-0.3517807373302233,7.4572228310522295,0.14041765463026223,-0.574073602648957
15,2026-10-01T04:00:23+00:00,ab8afa8,phase3,E,"{""hold"": 60, ""kind"": ""pead"", ""max_abs_sue"": 50, ""max_positions"": 50, ""min_rank_pool"": 50, ""min_sue_sd"": 0.01, ""n_surprises"": 8, ""rank_window_days"": 365, ""top_frac"": 0.1, ""universe"": ""stocks""}",insample,2011-10-25,2015-12-31,True,1053,1.21571712646804,0.0765829805056308,-0.30071693944296773,4.438834411596574,0.09630660841419014,-0.057491138831812116
16,2026-10-01T04:00:23+00:00,ab8afa8,phase3,E,"{""hold"": 60, ""kind"": ""pead"", ""max_abs_sue"": 50, ""max_positions"": 50, ""min_rank_pool"": 50, ""min_sue_sd"": 0.01, ""n_surprises"": 8, ""rank_window_days"": 365, ""top_frac"": 0.1, ""universe"": ""stocks""}",insample,2011-10-25,2015-12-31,False,1053,1.2981776750281773,0.0817775068023948,-0.3034153597545367,4.44114793971117,0.10334511418254255,-0.0573292772680799
17,2026-10-01T04:01:17+00:00,ab8afa8,phase3,A1,"{""asset"": ""SPY"", ""check"": ""daily"", ""kind"": ""trend_sma"", ""safe"": ""IEF"", ""sma"": 200, ""universe"": ""etf""}",insample,2005-10-17,2015-12-31,True,2570,0.4033772351754763,0.025410377352836334,-0.4123411706611224,5.351615781178447,0.042954011794808844,-0.28287568836615895
18,2026-10-01T04:01:17+00:00,ab8afa8,phase3,A1,"{""asset"": ""SPY"", ""check"": ""daily"", ""kind"": ""trend_sma"", ""safe"": ""IEF"", ""sma"": 200, ""universe"": ""etf""}",insample,2005-10-17,2015-12-31,False,2570,0.5759701482835119,0.036282708927504,-0.4097772135755099,5.363130995290829,0.06512234776714454,-0.2565896303548707
19,2026-10-01T04:01:18+00:00,ab8afa8,phase3,A2,"{""asset"": ""SPY"", ""fast"": 50, ""kind"": ""trend_cross"", ""safe"": ""IEF"", ""slow"": 200, ""universe"": ""etf""}",insample,2005-10-17,2015-12-31,True,2570,0.7899779206118215,0.049763931408828704,-0.44487355889222185,7.834582118899728,0.10098477688738172,-0.17308096735645417
20,2026-10-01T04:01:18+00:00,ab8afa8,phase3,A2,"{""asset"": ""SPY"", ""fast"": 50, ""kind"": ""trend_cross"", ""safe"": ""IEF"", ""slow"": 200, ""universe"": ""etf""}",insample,2005-10-17,2015-12-31,False,2570,0.8138109749769203,0.051265272714379514,-0.44254666148534144,7.8368628033335765,0.10439054406375692,-0.17308096735645495
21,2026-10-01T04:01:18+00:00,ab8afa8,phase3,A3,"{""assets"": [""SPY"", ""EFA"", ""EEM"", ""VNQ"", ""GLD"", ""DBC""], ""kind"": ""trend_multi"", ""safe"": ""IEF"", ""sma"": 200, ""universe"": ""etf""}",insample,2006-11-17,2015-12-31,True,2295,0.4490998136331482,0.028290629064732502,-0.3500607131115085,6.089127311503461,0.0436440648509131,-0.16700007179835863
22,2026-10-01T04:01:18+00:00,ab8afa8,phase3,A3,"{""assets"": [""SPY"", ""EFA"", ""EEM"", ""VNQ"", ""GLD"", ""DBC""], ""kind"": ""trend_multi"", ""safe"": ""IEF"", ""sma"": 200, ""universe"": ""etf""}",insample,2006-11-17,2015-12-31,False,2295,0.6717527637284317,0.042316446555851435,-0.3625045771568786,6.1037185503646985,0.0690911360418709,-0.14755745205727167
23,2026-10-01T04:01:22+00:00,ab8afa8,phase3,B,"{""exit_sma"": 5, ""kind"": ""meanrev"", ""max_hold"": 10, ""rsi_entry"": 10, ""rsi_len"": 2, ""slots"": 10, ""trend_sma"": 200, ""universe"": ""stocks""}",insample,2005-10-17,2015-12-31,True,2570,0.23634831109109763,0.014888544141361268,-0.22977661934449875,8.0913465725266,0.025909614664914482,-0.36013757398750756
24,2026-10-01T04:01:22+00:00,ab8afa8,phase3,B,"{""exit_sma"": 5, ""kind"": ""meanrev"", ""max_hold"": 10, ""rsi_entry"": 10, ""rsi_len"": 2, ""slots"": 10, ""trend_sma"": 200, ""universe"": ""stocks""}",insample,2005-10-17,2015-12-31,False,2570,1.193716944544231,0.07519709931114087,-0.24193959790283676,8.085679814093638,0.20424577817514789,-0.3370896068620375
25,2026-10-01T04:01:23+00:00,ab8afa8,phase3,C,"{""atr"": 20, ""entry"": 55, ""exit"": 20, ""kind"": ""breakout"", ""max_weight"": 0.2, ""risk_per_trade"": 0.01, ""universe"": ""etf""}",insample,2005-04-12,2015-12-31,True,2701,0.5813902690799141,0.03662414444424709,-0.3655948763651363,7.947020162350028,0.057687589953908436,-0.20336790427690044
26,2026-10-01T04:01:23+00:00,ab8afa8,phase3,C,"{""atr"": 20, ""entry"": 55, ""exit"": 20, ""kind"": ""breakout"", ""max_weight"": 0.2, ""risk_per_trade"": 0.01, ""universe"": ""etf""}",insample,2005-04-12,2015-12-31,False,2701,0.6861460947519543,0.04322314118504361,-0.3687394129184327,7.94053620398959,0.06948419353048285,-0.19310347109508075
27,2026-10-01T04:01:25+00:00,ab8afa8,phase3,C_stocks,"{""atr"": 20, ""entry"": 55, ""exit"": 20, ""kind"": ""breakout"", ""max_weight"": 0.2, ""risk_per_trade"": 0.01, ""universe"": ""stocks""}",insample,2005-03-23,2015-12-31,True,2714,0.5269027020936484,0.033191750353993944,-0.1759611834371633,5.444389405426504,0.09176084002104479,-0.5929847439227991
28,2026-10-01T04:01:25+00:00,ab8afa8,phase3,C_stocks,"{""atr"": 20, ""entry"": 55, ""exit"": 20, ""kind"": ""breakout"", ""max_weight"": 0.2, ""risk_per_trade"": 0.01, ""universe"": ""stocks""}",insample,2005-03-23,2015-12-31,False,2714,0.5890103906254512,0.037104166981617955,-0.17368068986950472,5.453893504299014,0.10586868268317629,-0.5812331757917577
29,2026-10-01T04:01:26+00:00,ab8afa8,phase3,D,"{""kind"": ""momentum"", ""lookback"": 252, ""skip"": 21, ""top_frac"": 0.1, ""universe"": ""stocks""}",insample,2006-01-03,2015-12-31,True,2517,0.614794959743064,0.03872844216133604,-0.35095974878579106,7.467626360641165,0.12792500523814554,-0.5801549406499387
30,2026-10-01T04:01:26+00:00,ab8afa8,phase3,D,"{""kind"": ""momentum"", ""lookback"": 252, ""skip"": 21, ""top_frac"": 0.1, ""universe"": ""stocks""}",insample,2006-01-03,2015-12-31,False,2517,0.6597921094135674,0.04156299615502423,-0.3517807373302233,7.4572228310522295,0.14041765463026223,-0.574073602648957
31,2026-10-01T04:01:30+00:00,ab8afa8,phase3,E,"{""hold"": 60, ""kind"": ""pead"", ""max_abs_sue"": 50, ""max_positions"": 50, ""min_rank_pool"": 50, ""min_sue_sd"": 0.01, ""n_surprises"": 8, ""rank_window_days"": 365, ""top_frac"": 0.1, ""universe"": ""stocks""}",insample,2011-10-25,2015-12-31,True,1053,1.21571712646804,0.0765829805056308,-0.30071693944296773,4.438834411596574,0.09630660841419014,-0.057491138831812116
32,2026-10-01T04:01:30+00:00,ab8afa8,phase3,E,"{""hold"": 60, ""kind"": ""pead"", ""max_abs_sue"": 50, ""max_positions"": 50, ""min_rank_pool"": 50, ""min_sue_sd"": 0.01, ""n_surprises"": 8, ""rank_window_days"": 365, ""top_frac"": 0.1, ""universe"": ""stocks""}",insample,2011-10-25,2015-12-31,False,1053,1.2981776750281773,0.0817775068023948,-0.3034153597545367,4.44114793971117,0.10334511418254255,-0.0573292772680799
33,2026-10-01T04:01:34+00:00,ab8afa8,phase3,F,"{""gpa_bounds"": [-1.0, 3.0], ""kind"": ""grossprof"", ""max_staleness_days"": 450, ""top_frac"": 0.2, ""universe"": ""stocks""}",insample,2010-03-01,2015-12-31,True,1472,1.197626252023912,0.07544336253470564,-0.39196845980600736,6.079850465309653,0.20170515843059822,-0.1930232438193782
34,2026-10-01T04:01:34+00:00,ab8afa8,phase3,F,"{""gpa_bounds"": [-1.0, 3.0], ""kind"": ""grossprof"", ""max_staleness_days"": 450, ""top_frac"": 0.2, ""universe"": ""stocks""}",insample,2010-03-01,2015-12-31,False,1472,1.2108790100768394,0.07627820782027123,-0.3922011366447378,6.077865811391369,0.20435247638801268,-0.1927761349571866
35,2026-10-01T04:05:01+00:00,8e2c943,phase3,A1,"{""asset"": ""SPY"", ""check"": ""daily"", ""kind"": ""trend_sma"", ""safe"": ""IEF"", ""sma"": 200, ""universe"": ""etf""}",insample,2005-10-17,2015-12-31,True,2570,0.4033772351754763,0.025410377352836334,-0.4123411706611224,5.351615781178447,0.042954011794808844,-0.28287568836615895
36,2026-10-01T04:05:01+00:00,8e2c943,phase3,A1,"{""asset"": ""SPY"", ""check"": ""daily"", ""kind"": ""trend_sma"", ""safe"": ""IEF"", ""sma"": 200, ""universe"": ""etf""}",insample,2005-10-17,2015-12-31,False,2570,0.5759701482835119,0.036282708927504,-0.4097772135755099,5.363130995290829,0.06512234776714454,-0.2565896303548707
37,2026-10-01T04:05:01+00:00,8e2c943,phase3,A2,"{""asset"": ""SPY"", ""fast"": 50, ""kind"": ""trend_cross"", ""safe"": ""IEF"", ""slow"": 200, ""universe"": ""etf""}",insample,2005-10-17,2015-12-31,True,2570,0.7899779206118215,0.049763931408828704,-0.44487355889222185,7.834582118899728,0.10098477688738172,-0.17308096735645417
38,2026-10-01T04:05:01+00:00,8e2c943,phase3,A2,"{""asset"": ""SPY"", ""fast"": 50, ""kind"": ""trend_cross"", ""safe"": ""IEF"", ""slow"": 200, ""universe"": ""etf""}",insample,2005-10-17,2015-12-31,False,2570,0.8138109749769203,0.051265272714379514,-0.44254666148534144,7.8368628033335765,0.10439054406375692,-0.17308096735645495
39,2026-10-01T04:05:02+00:00,8e2c943,phase3,A3,"{""assets"": [""SPY"", ""EFA"", ""EEM"", ""VNQ"", ""GLD"", ""DBC""], ""kind"": ""trend_multi"", ""safe"": ""IEF"", ""sma"": 200, ""universe"": ""etf""}",insample,2006-11-17,2015-12-31,True,2295,0.4490998136331482,0.028290629064732502,-0.3500607131115085,6.089127311503461,0.0436440648509131,-0.16700007179835863
40,2026-10-01T04:05:02+00:00,8e2c943,phase3,A3,"{""assets"": [""SPY"", ""EFA"", ""EEM"", ""VNQ"", ""GLD"", ""DBC""], ""kind"": ""trend_multi"", ""safe"": ""IEF"", ""sma"": 200, ""universe"": ""etf""}",insample,2006-11-17,2015-12-31,False,2295,0.6717527637284317,0.042316446555851435,-0.3625045771568786,6.1037185503646985,0.0690911360418709,-0.14755745205727167
41,2026-10-01T04:05:05+00:00,8e2c943,phase3,B,"{""exit_sma"": 5, ""kind"": ""meanrev"", ""max_hold"": 10, ""rsi_entry"": 10, ""rsi_len"": 2, ""slots"": 10, ""trend_sma"": 200, ""universe"": ""stocks""}",insample,2005-10-17,2015-12-31,True,2570,0.23634831109109763,0.014888544141361268,-0.22977661934449875,8.0913465725266,0.025909614664914482,-0.36013757398750756
42,2026-10-01T04:05:05+00:00,8e2c943,phase3,B,"{""exit_sma"": 5, ""kind"": ""meanrev"", ""max_hold"": 10, ""rsi_entry"": 10, ""rsi_len"": 2, ""slots"": 10, ""trend_sma"": 200, ""universe"": ""stocks""}",insample,2005-10-17,2015-12-31,False,2570,1.193716944544231,0.07519709931114087,-0.24193959790283676,8.085679814093638,0.20424577817514789,-0.3370896068620375
43,2026-10-01T04:05:06+00:00,8e2c943,phase3,C,"{""atr"": 20, ""entry"": 55, ""exit"": 20, ""kind"": ""breakout"", ""max_weight"": 0.2, ""risk_per_trade"": 0.01, ""universe"": ""etf""}",insample,2005-04-12,2015-12-31,True,2701,0.5813902690799141,0.03662414444424709,-0.3655948763651363,7.947020162350028,0.057687589953908436,-0.20336790427690044
44,2026-10-01T04:05:06+00:00,8e2c943,phase3,C,"{""atr"": 20, ""entry"": 55, ""exit"": 20, ""kind"": ""breakout"", ""max_weight"": 0.2, ""risk_per_trade"": 0.01, ""universe"": ""etf""}",insample,2005-04-12,2015-12-31,False,2701,0.6861460947519543,0.04322314118504361,-0.3687394129184327,7.94053620398959,0.06948419353048285,-0.19310347109508075
45,2026-10-01T04:05:08+00:00,8e2c943,phase3,C_stocks,"{""atr"": 20, ""entry"": 55, ""exit"": 20, ""kind"": ""breakout"", ""max_weight"": 0.2, ""risk_per_trade"": 0.01, ""universe"": ""stocks""}",insample,2005-03-23,2015-12-31,True,2714,0.5269027020936484,0.033191750353993944,-0.1759611834371633,5.444389405426504,0.09176084002104479,-0.5929847439227991
46,2026-10-01T04:05:08+00:00,8e2c943,phase3,C_stocks,"{""atr"": 20, ""entry"": 55, ""exit"": 20, ""kind"": ""breakout"", ""max_weight"": 0.2, ""risk_per_trade"": 0.01, ""universe"": ""stocks""}",insample,2005-03-23,2015-12-31,False,2714,0.5890103906254512,0.037104166981617955,-0.17368068986950472,5.453893504299014,0.10586868268317629,-0.5812331757917577
47,2026-10-01T04:05:09+00:00,8e2c943,phase3,D,"{""kind"": ""momentum"", ""lookback"": 252, ""skip"": 21, ""top_frac"": 0.1, ""universe"": ""stocks""}",insample,2006-01-03,2015-12-31,True,2517,0.614794959743064,0.03872844216133604,-0.35095974878579106,7.467626360641165,0.12792500523814554,-0.5801549406499387
48,2026-10-01T04:05:09+00:00,8e2c943,phase3,D,"{""kind"": ""momentum"", ""lookback"": 252, ""skip"": 21, ""top_frac"": 0.1, ""universe"": ""stocks""}",insample,2006-01-03,2015-12-31,False,2517,0.6597921094135674,0.04156299615502423,-0.3517807373302233,7.4572228310522295,0.14041765463026223,-0.574073602648957
49,2026-10-01T04:05:14+00:00,8e2c943,phase3,E,"{""hold"": 60, ""kind"": ""pead"", ""max_abs_sue"": 50, ""max_positions"": 50, ""min_rank_pool"": 50, ""min_sue_sd"": 0.01, ""n_surprises"": 8, ""rank_window_days"": 365, ""top_frac"": 0.1, ""universe"": ""stocks""}",insample,2011-10-25,2015-12-31,True,1053,1.2137363738972318,0.07645820482203293,-0.2991798065583144,4.456133120652648,0.09861069730666028,-0.06115105014887723
50,2026-10-01T04:05:14+00:00,8e2c943,phase3,E,"{""hold"": 60, ""kind"": ""pead"", ""max_abs_sue"": 50, ""max_positions"": 50, ""min_rank_pool"": 50, ""min_sue_sd"": 0.01, ""n_surprises"": 8, ""rank_window_days"": 365, ""top_frac"": 0.1, ""universe"": ""stocks""}",insample,2011-10-25,2015-12-31,False,1053,1.2963461455504837,0.08166213129008859,-0.3015194333438945,4.457902127962147,0.10585568248119537,-0.06041477582669341
51,2026-10-01T04:05:19+00:00,8e2c943,phase3,F,"{""gpa_bounds"": [-1.0, 3.0], ""kind"": ""grossprof"", ""max_staleness_days"": 450, ""top_frac"": 0.2, ""universe"": ""stocks""}",insample,2010-03-01,2015-12-31,True,1472,1.2035238176558671,0.07581487424905885,-0.3954276906476804,6.078915214555089,0.2029836327334218,-0.1930232438193782
52,2026-10-01T04:05:19+00:00,8e2c943,phase3,F,"{""gpa_bounds"": [-1.0, 3.0], ""kind"": ""grossprof"", ""max_staleness_days"": 450, ""top_frac"": 0.2, ""universe"": ""stocks""}",insample,2010-03-01,2015-12-31,False,1472,1.2164398915331869,0.07662851042512375,-0.3956493862670464,6.0769981763358984,0.2055674963947849,-0.1927761349571866
53,2026-10-01T04:06:07+00:00,688c846,phase4,A1,"{""asset"": ""SPY"", ""check"": ""daily"", ""kind"": ""trend_sma"", ""safe"": ""IEF"", ""sma"": 160, ""universe"": ""etf""}",dev,2005-08-19,2024-09-25,True,4807,0.4841835285700688,0.030500695369289028,-0.6321929263730324,6.298367605188342,0.05419982580912541,-0.36580505680798814
54,2026-10-01T04:06:07+00:00,688c846,phase4,A1,"{""asset"": ""SPY"", ""check"": ""daily"", ""kind"": ""trend_sma"", ""safe"": ""IEF"", ""sma"": 160, ""universe"": ""etf""}",dev,2005-08-19,2024-09-25,False,4807,0.7027538322861879,0.04426933031254398,-0.6096996472119061,6.2687043584675735,0.08319084158399725,-0.31488272088981606
55,2026-10-01T04:06:08+00:00,688c846,phase4,A1,"{""asset"": ""SPY"", ""check"": ""monthly"", ""kind"": ""trend_sma"", ""safe"": ""IEF"", ""sma"": 160, ""universe"": ""etf""}",dev,2005-09-01,2024-09-25,True,4798,0.6607101119740088,0.04162082488068729,-0.7050844617665782,19.074891568219158,0.08687486693462532,-0.33717257210811424
56,2026-10-01T04:06:08+00:00,688c846,phase4,A1,"{""asset"": ""SPY"", ""check"": ""monthly"", ""kind"": ""trend_sma"", ""safe"": ""IEF"", ""sma"": 160, ""universe"": ""etf""}",dev,2005-09-01,2024-09-25,False,4798,0.694991512123789,0.04378035010429231,-0.7075171210523807,19.105208173071883,0.092110628794289,-0.33717257210811424
57,2026-10-01T04:06:08+00:00,688c846,phase4,A1,"{""asset"": ""SPY"", ""check"": ""daily"", ""kind"": ""trend_sma"", ""safe"": ""IEF"", ""sma"": 200, ""universe"": ""etf""}",dev,2005-10-17,2024-09-25,True,4767,0.5561883279732104,0.035036571379379614,-0.6509016861527323,6.167991732191189,0.06360188369163544,-0.3034288320951658
58,2026-10-01T04:06:08+00:00,688c846,phase4,A1,"{""asset"": ""SPY"", ""check"": ""daily"", ""kind"": ""trend_sma"", ""safe"": ""IEF"", ""sma"": 200, ""universe"": ""etf""}",dev,2005-10-17,2024-09-25,False,4767,0.7097310014741383,0.04470885065841396,-0.6363177763407433,6.154523270567171,0.08395094470393971,-0.25922587883008485
59,2026-10-01T04:06:08+00:00,688c846,phase4,A1,"{""asset"": ""SPY"", ""check"": ""monthly"", ""kind"": ""trend_sma"", ""safe"": ""IEF"", ""sma"": 200, ""universe"": ""etf""}",dev,2005-11-01,2024-09-25,True,4756,0.6439768698478922,0.04056672970703171,-0.7562017793408793,18.56668664858391,0.08638581005969503,-0.3558696291639406
60,2026-10-01T04:06:08+00:00,688c846,phase4,A1,"{""asset"": ""SPY"", ""check"": ""monthly"", ""kind"": ""trend_sma"", ""safe"": ""IEF"", ""sma"": 200, ""universe"": ""etf""}",dev,2005-11-01,2024-09-25,False,4756,0.6731271866237614,0.04240302706007228,-0.7573346841493356,18.577482275149205,0.09097165218906822,-0.34417029559278256
61,2026-10-01T04:06:09+00:00,688c846,phase4,A1,"{""asset"": ""SPY"", ""check"": ""daily"", ""kind"": ""trend_sma"", ""safe"": ""IEF"", ""sma"": 240, ""universe"": ""etf""}",dev,2005-12-13,2024-09-25,True,4727,0.5567267731723573,0.035070490238702935,-0.882612149010345,9.274908367265235,0.06551082783809092,-0.2907934584829709
62,2026-10-01T04:06:09+00:00,688c846,phase4,A1,"{""asset"": ""SPY"", ""check"": ""daily"", ""kind"": ""trend_sma"", ""safe"": ""IEF"", ""sma"": 240, ""universe"": ""etf""}",dev,2005-12-13,2024-09-25,False,4727,0.692361776608084,0.04361469233790113,-0.8506325205742447,8.934206114103642,0.08416157107612632,-0.2843817855511329
63,2026-10-01T04:06:09+00:00,688c846,phase4,A1,"{""asset"": ""SPY"", ""check"": ""monthly"", ""kind"": ""trend_sma"", ""safe"": ""IEF"", ""sma"": 240, ""universe"": ""etf""}",dev,2006-01-03,2024-09-25,True,4714,0.594802742670201,0.037469050862964245,-0.7510871616661408,18.515832165966618,0.07887727397036803,-0.35561725990714255
64,2026-10-01T04:06:09+00:00,688c846,phase4,A1,"{""asset"": ""SPY"", ""check"": ""monthly"", ""kind"": ""trend_sma"", ""safe"": ""IEF"", ""sma"": 240, ""universe"": ""etf""}",dev,2006-01-03,2024-09-25,False,4714,0.621892061766644,0.03917551756570856,-0.7534959282718823,18.531540829138258,0.083124618544266,-0.3478380794589614
65,2026-10-01T04:06:09+00:00,688c846,phase4,A1,"{""asset"": ""SPY"", ""check"": ""monthly"", ""kind"": ""trend_sma"", ""safe"": ""IEF"", ""sma"": 160, ""universe"": ""etf""}",wf_test_2016,2016-01-04,2016-12-30,True,252,1.4112697954434887,0.08890164075143968,-0.753887676047236,8.796675599170522,0.14253561954745475,-0.055243038924732035
66,2026-10-01T04:06:09+00:00,688c846,phase4,A1,"{""asset"": ""SPY"", ""check"": ""monthly"", ""kind"": ""trend_sma"", ""safe"": ""IEF"", ""sma"": 160, ""universe"": ""etf""}",wf_test_2016,2016-01-04,2016-12-30,False,252,1.459130422977186,0.09191657689538381,-0.7631937086319076,8.851196826553664,0.1476873281033917,-0.05524303892473226
67,2026-10-01T04:06:09+00:00,688c846,phase4,A1,"{""asset"": ""SPY"", ""check"": ""monthly"", ""kind"": ""trend_sma"", ""safe"": ""IEF"", ""sma"": 160, ""universe"": ""etf""}",wf_test_2017,2017-01-03,2017-12-29,True,251,2.819473251946462,0.1776101203059261,-0.41690906613922923,5.793170789379175,0.20486478311453982,-0.026100656116677667
68,2026-10-01T04:06:09+00:00,688c846,phase4,A1,"{""asset"": ""SPY"", ""check"": ""monthly"", ""kind"": ""trend_sma"", ""safe"": ""IEF"", ""sma"": 160, ""universe"": ""etf""}",wf_test_2017,2017-01-03,2017-12-29,False,251,2.839396841957571,0.17886518850575955,-0.41814407046084384,5.775723903824867,0.20667928609546626,-0.026100656116677112
69,2026-10-01T04:06:09+00:00,688c846,phase4,A1,"{""asset"": ""SPY"", ""check"": ""monthly"", ""kind"": ""trend_sma"", ""safe"": ""IEF"", ""sma"": 160, ""universe"": ""etf""}",wf_test_2018,2018-01-02,2018-12-31,True,251,-0.5575082034880143,-0.03511971572161139,-0.4741832358610161,8.208396898670873,-0.09414162085407174,-0.2013272486253357
70,2026-10-01T04:06:09+00:00,688c846,phase4,A1,"{""asset"": ""SPY"", ""check"": ""monthly"", ""kind"": ""trend_sma"", ""safe"": ""IEF"", ""sma"": 160, ""universe"": ""etf""}",wf_test_2018,2018-01-02,2018-12-31,False,251,-0.4727352274218413,-0.029779520184232237,-0.46253561519718955,8.217453951754432,-0.08178125646025236,-0.1916854331864355
71,2026-10-01T04:06:09+00:00,688c846,phase4,A1,"{""asset"": ""SPY"", ""check"": ""monthly"", ""kind"": ""trend_sma"", ""safe"": ""IEF"", ""sma"": 160, ""universe"": ""etf""}",wf_test_2019,2019-01-02,2019-12-31,True,252,1.3383616972307422,0.0843088622649254,-0.9015970713775493,6.336712297272615,0.15591085025722573,-0.06618373532064292
72,2026-10-01T04:06:09+00:00,688c846,phase4,A1,"{""asset"": ""SPY"", ""check"": ""monthly"", ""kind"": ""trend_sma"", ""safe"": ""IEF"", ""sma"": 160, ""universe"": ""etf""}",wf_test_2019,2019-01-02,2019-12-31,False,252,1.379725882911678,0.08691456103865053,-0.9034864196405498,6.367914661841218,0.1611228679092751,-0.06618373532064248
73,2026-10-01T04:06:09+00:00,688c846,phase4,A1,"{""asset"": ""SPY"", ""check"": ""monthly"", ""kind"": ""trend_sma"", ""safe"": ""IEF"", ""sma"": 160, ""universe"": ""etf""}",wf_test_2020,2020-01-02,2020-12-31,True,253,-0.044589821266661354,-0.0028088947161048817,-0.8003792068953594,12.731531823109334,-0.060564012087469754,-0.33717257210811413
74,2026-10-01T04:06:09+00:00,688c846,phase4,A1,"{""asset"": ""SPY"", ""check"": ""monthly"", ""kind"": ""trend_sma"", ""safe"": ""IEF"", ""sma"": 160, ""universe"": ""etf""}",wf_test_2020,2020-01-02,2020-12-31,False,253,-0.02057401375159589,-0.0012960410442177555,-0.8048621119516655,12.742460388239822,-0.053520867771028935,-0.337172572108114
75,2026-10-01T04:06:09+00:00,688c846,phase4,A1,"{""asset"": ""SPY"", ""check"": ""monthly"", ""kind"": ""trend_sma"", ""safe"": ""IEF"", ""sma"": 160, ""universe"": ""etf""}",wf_test_2021,2021-01-04,2021-12-31,True,252,2.1310486813826044,0.1342434486359641,-0.33048563699128275,3.691027171282955,0.3055426687820626,-0.05114139334553003
76,2026-10-01T04:06:09+00:00,688c846,phase4,A1,"{""asset"": ""SPY"", ""check"": ""monthly"", ""kind"": ""trend_sma"", ""safe"": ""IEF"", ""sma"": 160, ""universe"": ""etf""}",wf_test_2021,2021-01-04,2021-12-31,False,252,2.1414045757409115,0.1348958086615769,-0.33045780143034387,3.684564816880379,0.3075009827852344,-0.05114139334552947
77,2026-10-01T04:06:09+00:00,688c846,phase4,A1,"{""asset"": ""SPY"", ""check"": ""monthly"", ""kind"": ""trend_sma"", ""safe"": ""IEF"", ""sma"": 160, ""universe"": ""etf""}",wf_test_2022,2022-01-03,2022-12-30,True,251,-2.1817592229630334,-0.13743791249004067,-0.20366558706356386,4.051136144796288,-0.2853377090612548,-0.29518135172453575
78,2026-10-01T04:06:09+00:00,688c846,phase4,A1,"{""asset"": ""SPY"", ""check"": ""monthly"", ""kind"": ""trend_sma"", ""safe"": ""IEF"", ""sma"": 160, ""universe"": ""etf""}",wf_test_2022,2022-01-03,2022-12-30,False,251,-2.0891440713884464,-0.13160370633044757,-0.2139637280657173,4.048736617750689,-0.2755861998431637,-0.28560257984087556
79,2026-10-01T04:06:09+00:00,688c846,phase4,A1,"{""asset"": ""SPY"", ""check"": ""monthly"", ""kind"": ""trend_sma"", ""safe"": ""IEF"", ""sma"": 160, ""universe"": ""etf""}",wf_test_2023,2023-01-03,2023-12-29,True,250,1.1745828178891797,0.07399176262819615,-0.10966653946397802,2.7930825862024813,0.1459250991438965,-0.09974318833807849
80,2026-10-01T04:06:09+00:00,688c846,phase4,A1,"{""asset"": ""SPY"", ""check"": ""monthly"", ""kind"": ""trend_sma"", ""safe"": ""IEF"", ""sma"": 160, ""universe"": ""etf""}",wf_test_2023,2023-01-03,2023-12-29,False,250,1.2595399887981193,0.07934356135002152,-0.11911325330440632,2.7846370009741515,0.158116677190832,-0.09974318833807883
81,2026-10-01T04:06:09+00:00,688c846,phase4,A1,"{""asset"": ""SPY"", ""check"": ""monthly"", ""kind"": ""trend_sma"", ""safe"": ""IEF"", ""sma"": 160, ""universe"": ""etf""}",wf_test_2024,2024-01-02,2024-09-25,True,185,2.22136395203019,0.13993277591513084,-0.47078958523804315,4.232161030906509,0.31305853186955623,-0.08405648722795567
82,2026-10-01T04:06:09+00:00,688c846,phase4,A1,"{""asset"": ""SPY"", ""check"": ""monthly"", ""kind"": ""trend_sma"", ""safe"": ""IEF"", ""sma"": 160, ""universe"": ""etf""}",wf_test_2024,2024-01-02,2024-09-25,False,185,2.2390042107687593,0.1410440077647758,-0.47341597422572895,4.244446830954171,0.31574215834361397,-0.08405648722795578
83,2026-10-01T04:06:10+00:00,688c846,phase4,A2,"{""asset"": ""SPY"", ""fast"": 40, ""kind"": ""trend_cross"", ""safe"": ""IEF"", ""slow"": 160, ""universe"": ""etf""}",dev,2005-08-19,2024-09-25,True,4807,0.7768925898508028,0.048939633051288726,-0.9927350265283141,18.145819879728187,0.10160884872141107,-0.337172572108114
84,2026-10-01T04:06:10+00:00,688c846,phase4,A2,"{""asset"": ""SPY"", ""fast"": 40, ""kind"": ""trend_cross"", ""safe"": ""IEF"", ""slow"": 160, ""universe"": ""etf""}",dev,2005-08-19,2024-09-25,False,4807,0.8051358291685733,0.0507187898954245,-0.9847789838497836,18.21416836275256,0.10586161783359138,-0.33717257210811424
85,2026-10-01T04:06:10+00:00,688c846,phase4,A2,"{""asset"": ""SPY"", ""fast"": 40, ""kind"": ""trend_cross"", ""safe"": ""IEF"", ""slow"": 200, ""universe"": ""etf""}",dev,2005-10-17,2024-09-25,True,4767,0.7272531264376055,0.04581264077971708,-0.8161805073143418,19.51120642683448,0.09676408961191285,-0.337172572108114
86,2026-10-01T04:06:10+00:00,688c846,phase4,A2,"{""asset"": ""SPY"", ""fast"": 40, ""kind"": ""trend_cross"", ""safe"": ""IEF"", ""slow"": 200, ""universe"": ""etf""}",dev,2005-10-17,2024-09-25,False,4767,0.748329549249368,0.047140330619878316,-0.8146455954987285,19.52881117386717,0.09998657051796767,-0.3371725721081138
87,2026-10-01T04:06:10+00:00,688c846,phase4,A2,"{""asset"": ""SPY"", ""fast"": 40, ""kind"": ""trend_cross"", ""safe"": ""IEF"", ""slow"": 240, ""universe"": ""etf""}",dev,2005-12-13,2024-09-25,True,4727,0.7366946913502601,0.04640740346414939,-0.7364822102371353,19.264022156794514,0.09933004572782766,-0.337172572108114
88,2026-10-01T04:06:10+00:00,688c846,phase4,A2,"{""asset"": ""SPY"", ""fast"": 40, ""kind"": ""trend_cross"", ""safe"": ""IEF"", ""slow"": 240, ""universe"": ""etf""}",dev,2005-12-13,2024-09-25,False,4727,0.7552123122270272,0.04757390393349472,-0.7358540094025336,19.262184469754875,0.10223481625938002,-0.33717257210811424
89,2026-10-01T04:06:10+00:00,688c846,phase4,A2,"{""asset"": ""SPY"", ""fast"": 50, ""kind"": ""trend_cross"", ""safe"": ""IEF"", ""slow"": 160, ""universe"": ""etf""}",dev,2005-08-19,2024-09-25,True,4807,0.7684274006965961,0.04840637625835654,-0.7223121389550408,19.446660391828857,0.1022592961395472,-0.337172572108114
90,2026-10-01T04:06:10+00:00,688c846,phase4,A2,"{""asset"": ""SPY"", ""fast"": 50, ""kind"": ""trend_cross"", ""safe"": ""IEF"", ""slow"": 160, ""universe"": ""etf""}",dev,2005-08-19,2024-09-25,False,4807,0.7897197993492672,0.049747671297666406,-0.7208239693762593,19.486759029709752,0.10547093442640132,-0.337172572108114
91,2026-10-01T04:06:11+00:00,688c846,phase4,A2,"{""asset"": ""SPY"", ""fast"": 50, ""kind"": ""trend_cross"", ""safe"": ""IEF"", ""slow"": 200, ""universe"": ""etf""}",dev,2005-10-17,2024-09-25,True,4767,0.7240903251533615,0.04561340302627837,-0.7384936540693908,19.06125950722688,0.0975684674444306,-0.33717257210811413
92,2026-10-01T04:06:11+00:00,688c846,phase4,A2,"{""asset"": ""SPY"", ""fast"": 50, ""kind"": ""trend_cross"", ""safe"": ""IEF"", ""slow"": 200, ""universe"": ""etf""}",dev,2005-10-17,2024-09-25,False,4767,0.7451784166622967,0.046941827925269214,-0.7355554794191166,19.09229062896909,0.10079331175044604,-0.337172572108114
93,2026-10-01T04:06:11+00:00,688c846,phase4,A2,"{""asset"": ""SPY"", ""fast"": 50, ""kind"": ""trend_cross"", ""safe"": ""IEF"", ""slow"": 240, ""universe"": ""etf""}",dev,2005-12-13,2024-09-25,True,4727,0.7202936038381784,0.0453742320644357,-0.7333428625751255,18.717080301528682,0.0977392314268779,-0.3371725721081138
94,2026-10-01T04:06:11+00:00,688c846,phase4,A2,"{""asset"": ""SPY"", ""fast"": 50, ""kind"": ""trend_cross"", ""safe"": ""IEF"", ""slow"": 240, ""universe"": ""etf""}",dev,2005-12-13,2024-09-25,False,4727,0.7410146063907255,0.046679532532768415,-0.7336349907355314,18.740144015300828,0.10099191082669479,-0.3371725721081138
95,2026-10-01T04:06:11+00:00,688c846,phase4,A2,"{""asset"": ""SPY"", ""fast"": 60, ""kind"": ""trend_cross"", ""safe"": ""IEF"", ""slow"": 160, ""universe"": ""etf""}",dev,2005-08-19,2024-09-25,True,4807,0.6993688574993486,0.04405609694396777,-0.7449290597318722,19.36491456381218,0.09288185183635345,-0.3371725721081139
96,2026-10-01T04:06:11+00:00,688c846,phase4,A2,"{""asset"": ""SPY"", ""fast"": 60, ""kind"": ""trend_cross"", ""safe"": ""IEF"", ""slow"": 160, ""universe"": ""etf""}",dev,2005-08-19,2024-09-25,False,4807,0.72235874755111,0.04550432389029344,-0.747913049400794,19.390660412493812,0.09641097974329593,-0.337172572108114
97,2026-10-01T04:06:11+00:00,688c846,phase4,A2,"{""asset"": ""SPY"", ""fast"": 60, ""kind"": ""trend_cross"", ""safe"": ""IEF"", ""slow"": 200, ""universe"": ""etf""}",dev,2005-10-17,2024-09-25,True,4767,0.7248094258243891,0.0456587021106393,-0.6387044390819483,18.985904727162346,0.09874792506359453,-0.3371725721081137
98,2026-10-01T04:06:11+00:00,688c846,phase4,A2,"{""asset"": ""SPY"", ""fast"": 60, ""kind"": ""trend_cross"", ""safe"": ""IEF"", ""slow"": 200, ""universe"": ""etf""}",dev,2005-10-17,2024-09-25,False,4767,0.744904681547651,0.04692458423387735,-0.6345293309875479,18.981948948494214,0.10197623481828111,-0.337172572108114
99,2026-10-01T04:06:12+00:00,688c846,phase4,A2,"{""asset"": ""SPY"", ""fast"": 60, ""kind"": ""trend_cross"", ""safe"": ""IEF"", ""slow"": 240, ""universe"": ""etf""}",dev,2005-12-13,2024-09-25,True,4727,0.6879113211449558,0.04333433999560574,-0.6385283100768512,18.71518081358421,0.09346330775178102,-0.33717257210811424
100,2026-10-01T04:06:12+00:00,688c846,phase4,A2,"{""asset"": ""SPY"", ""fast"": 60, ""kind"": ""trend_cross"", ""safe"": ""IEF"", ""slow"": 240, ""universe"": ""etf""}",dev,2005-12-13,2024-09-25,False,4727,0.7063224516130028,0.044494132199748994,-0.6376030496337798,18.736910913906957,0.09635257654420126,-0.3371725721081139
101,2026-10-01T04:06:12+00:00,688c846,phase4,A2,"{""asset"": ""SPY"", ""fast"": 40, ""kind"": ""trend_cross"", ""safe"": ""IEF"", ""slow"": 160, ""universe"": ""etf""}",wf_test_2016,2016-01-04,2016-12-30,True,252,0.386340735442494,0.024337178745586583,-0.9702812135636268,7.776746541585884,0.036737637040585636,-0.08962452103548502
102,2026-10-01T04:06:12+00:00,688c846,phase4,A2,"{""asset"": ""SPY"", ""fast"": 40, ""kind"": ""trend_cross"", ""safe"": ""IEF"", ""slow"": 160, ""universe"": ""etf""}",wf_test_2016,2016-01-04,2016-12-30,False,252,0.4573573902501686,0.028810807497130074,-0.962690262012556,7.85133943576632,0.04454123136162158,-0.08551962569230154
103,2026-10-01T04:06:12+00:00,688c846,phase4,A2,"{""asset"": ""SPY"", ""fast"": 40, ""kind"": ""trend_cross"", ""safe"": ""IEF"", ""slow"": 160, ""universe"": ""etf""}",wf_test_2017,2017-01-03,2017-12-29,True,251,2.819473251946462,0.1776101203059261,-0.41690906613922923,5.793170789379175,0.20486478311453982,-0.026100656116677667
104,2026-10-01T04:06:12+00:00,688c846,phase4,A2,"{""asset"": ""SPY"", ""fast"": 40, ""kind"": ""trend_cross"", ""safe"": ""IEF"", ""slow"": 160, ""universe"": ""etf""}",wf_test_2017,2017-01-03,2017-12-29,False,251,2.839396841957571,0.17886518850575955,-0.41814407046084384,5.775723903824867,0.20667928609546626,-0.026100656116677112
105,2026-10-01T04:06:12+00:00,688c846,phase4,A2,"{""asset"": ""SPY"", ""fast"": 40, ""kind"": ""trend_cross"", ""safe"": ""IEF"", ""slow"": 160, ""universe"": ""etf""}",wf_test_2018,2018-01-02,2018-12-31,True,251,0.2795545697748802,0.017610282607047306,-1.0124656621492623,6.340692940888549,0.030651838379198937,-0.10101910065119957
106,2026-10-01T04:06:12+00:00,688c846,phase4,A2,"{""asset"": ""SPY"", ""fast"": 40, ""kind"": ""trend_cross"", ""safe"": ""IEF"", ""slow"": 160, ""universe"": ""etf""}",wf_test_2018,2018-01-02,2018-12-31,False,251,0.31015004286270215,0.01953761625073174,-1.010003393342595,6.314653563710491,0.03531761813163592,-0.10101910065119968
107,2026-10-01T04:06:12+00:00,688c846,phase4,A2,"{""asset"": ""SPY"", ""fast"": 40, ""kind"": ""trend_cross"", ""safe"": ""IEF"", ""slow"": 160, ""universe"": ""etf""}",wf_test_2019,2019-01-02,2019-12-31,True,252,1.4320216106070773,0.09020888223182146,-0.9774438528971566,6.743496597912045,0.1650275573787876,-0.06618373532064303
108,2026-10-01T04:06:12+00:00,688c846,phase4,A2,"{""asset"": ""SPY"", ""fast"": 40, ""kind"": ""trend_cross"", ""safe"": ""IEF"", ""slow"": 160, ""universe"": ""etf""}",wf_test_2019,2019-01-02,2019-12-31,False,252,1.4716537953978857,0.09270547520493182,-0.9810315807904093,6.737623613686714,0.17028068238650906,-0.06618373532064303
109,2026-10-01T04:06:12+00:00,688c846,phase4,A2,"{""asset"": ""SPY"", ""fast"": 40, ""kind"": ""trend_cross"", ""safe"": ""IEF"", ""slow"": 160, ""universe"": ""etf""}",wf_test_2020,2020-01-02,2020-12-31,True,253,-0.10999190731076161,-0.006928838880331963,-1.5342142512750043,16.261017743089912,-0.06692586068801776,-0.33717257210811413
110,2026-10-01T04:06:12+00:00,688c846,phase4,A2,"{""asset"": ""SPY"", ""fast"": 40, ""kind"": ""trend_cross"", ""safe"": ""IEF"", ""slow"": 160, ""universe"": ""etf""}",wf_test_2020,2020-01-02,2020-12-31,False,253,-0.08210430693584941,-0.00517208518379936,-1.508330737902403,16.18365279292402,-0.05993041245559805,-0.337172572108114
111,2026-10-01T04:06:12+00:00,688c846,phase4,A2,"{""asset"": ""SPY"", ""fast"": 40, ""kind"": ""trend_cross"", ""safe"": ""IEF"", ""slow"": 160, ""universe"": ""etf""}",wf_test_2021,2021-01-04,2021-12-31,True,252,2.1310486813826044,0.1342434486359641,-0.33048563699128275,3.691027171282955,0.3055426687820626,-0.05114139334553003
112,2026-10-01T04:06:12+00:00,688c846,phase4,A2,"{""asset"": ""SPY"", ""fast"": 40, ""kind"": ""trend_cross"", ""safe"": ""IEF"", ""slow"": 160, ""universe"": ""etf""}",wf_test_2021,2021-01-04,2021-12-31,False,252,2.1414045757409115,0.1348958086615769,-0.33045780143034387,3.684564816880379,0.3075009827852344,-0.05114139334552947
113,2026-10-01T04:06:12+00:00,688c846,phase4,A2,"{""asset"": ""SPY"", ""fast"": 40, ""kind"": ""trend_cross"", ""safe"": ""IEF"", ""slow"": 160, ""universe"": ""etf""}",wf_test_2022,2022-01-03,2022-12-30,True,251,-1.7451558220564574,-0.10993448343375893,0.16654425098637984,3.5954131701647793,-0.20807718179728085,-0.2498960503134312
114,2026-10-01T04:06:12+00:00,688c846,phase4,A2,"{""asset"": ""SPY"", ""fast"": 40, ""kind"": ""trend_cross"", ""safe"": ""IEF"", ""slow"": 160, ""universe"": ""etf""}",wf_test_2022,2022-01-03,2022-12-30,False,251,-1.690340675248094,-0.10648145375436786,0.15975086995883037,3.61868256466859,-0.20209248723394824,-0.24651382146267764
115,2026-10-01T04:06:12+00:00,688c846,phase4,A2,"{""asset"": ""SPY"", ""fast"": 40, ""kind"": ""trend_cross"", ""safe"": ""IEF"", ""slow"": 160, ""universe"": ""etf""}",wf_test_2023,2023-01-03,2023-12-29,True,250,1.7157342310830757,0.1080810974125344,-0.034219234796576,2.805439992873787,0.23910120955775027,-0.09974318833807871
116,2026-10-01T04:06:12+00:00,688c846,phase4,A2,"{""asset"": ""SPY"", ""fast"": 40, ""kind"": ""trend_cross"", ""safe"": ""IEF"", ""slow"": 160, ""universe"": ""etf""}",wf_test_2023,2023-01-03,2023-12-29,False,250,1.769202956754998,0.11144931053271158,-0.03389621897840734,2.794511001794017,0.24850290492475713,-0.09974318833807838
117,2026-10-01T04:06:12+00:00,688c846,phase4,A2,"{""asset"": ""SPY"", ""fast"": 40, ""kind"": ""trend_cross"", ""safe"": ""IEF"", ""slow"": 160, ""universe"": ""etf""}",wf_test_2024,2024-01-02,2024-09-25,True,185,2.22136395203019,0.13993277591513084,-0.47078958523804315,4.232161030906509,0.31305853186955623,-0.08405648722795567
118,2026-10-01T04:06:12+00:00,688c846,phase4,A2,"{""asset"": ""SPY"", ""fast"": 40, ""kind"": ""trend_cross"", ""safe"": ""IEF"", ""slow"": 160, ""universe"": ""etf""}",wf_test_2024,2024-01-02,2024-09-25,False,185,2.2390042107687593,0.1410440077647758,-0.47341597422572895,4.244446830954171,0.31574215834361397,-0.08405648722795578
119,2026-10-01T04:06:13+00:00,688c846,phase4,A3,"{""assets"": [""SPY"", ""EFA"", ""EEM"", ""VNQ"", ""GLD"", ""DBC""], ""kind"": ""trend_multi"", ""safe"": ""IEF"", ""sma"": 160, ""universe"": ""etf""}",dev,2006-09-22,2024-09-25,True,4532,0.4749967796867699,0.029921984585898332,-0.4098782906802079,6.71403253289186,0.04275393090373547,-0.20053057695792276
120,2026-10-01T04:06:13+00:00,688c846,phase4,A3,"{""assets"": [""SPY"", ""EFA"", ""EEM"", ""VNQ"", ""GLD"", ""DBC""], ""kind"": ""trend_multi"", ""safe"": ""IEF"", ""sma"": 160, ""universe"": ""etf""}",dev,2006-09-22,2024-09-25,False,4532,0.7567786811319583,0.047672575899776436,-0.41736618330202396,6.719560589767777,0.07199621931178402,-0.18182030213453615
121,2026-10-01T04:06:13+00:00,688c846,phase4,A3,"{""assets"": [""SPY"", ""EFA"", ""EEM"", ""VNQ"", ""GLD"", ""DBC""], ""kind"": ""trend_multi"", ""safe"": ""IEF"", ""sma"": 200, ""universe"": ""etf""}",dev,2006-11-17,2024-09-25,True,4492,0.4711068006417937,0.029676938939273104,-0.378412698608962,6.20564372954807,0.04201024343803117,-0.17223864527582022
122,2026-10-01T04:06:13+00:00,688c846,phase4,A3,"{""assets"": [""SPY"", ""EFA"", ""EEM"", ""VNQ"", ""GLD"", ""DBC""], ""kind"": ""trend_multi"", ""safe"": ""IEF"", ""sma"": 200, ""universe"": ""etf""}",dev,2006-11-17,2024-09-25,False,4492,0.7311236566860472,0.046056461267320166,-0.3903468835524462,6.221508461693255,0.06875239259768384,-0.15935477709233836
123,2026-10-01T04:06:13+00:00,688c846,phase4,A3,"{""assets"": [""SPY"", ""EFA"", ""EEM"", ""VNQ"", ""GLD"", ""DBC""], ""kind"": ""trend_multi"", ""safe"": ""IEF"", ""sma"": 240, ""universe"": ""etf""}",dev,2007-01-19,2024-09-25,True,4452,0.4269264206836228,0.026893836601233522,-0.34770749794963507,6.081569304237942,0.03728357821446693,-0.1731181001078309
124,2026-10-01T04:06:13+00:00,688c846,phase4,A3,"{""assets"": [""SPY"", ""EFA"", ""EEM"", ""VNQ"", ""GLD"", ""DBC""], ""kind"": ""trend_multi"", ""safe"": ""IEF"", ""sma"": 240, ""universe"": ""etf""}",dev,2007-01-19,2024-09-25,False,4452,0.6632750433928561,0.041782400372692194,-0.35506665230885665,6.0780118184964245,0.0612190617032784,-0.14521810221072629
125,2026-10-01T04:06:13+00:00,688c846,phase4,A3,"{""assets"": [""SPY"", ""EFA"", ""EEM"", ""VNQ"", ""GLD"", ""DBC""], ""kind"": ""trend_multi"", ""safe"": ""IEF"", ""sma"": 160, ""universe"": ""etf""}",wf_test_2016,2016-01-04,2016-12-30,True,252,0.1649054173002985,0.010388064857712338,-0.8966411930134484,7.488733099351431,0.010299298603977824,-0.07725335602247951
126,2026-10-01T04:06:13+00:00,688c846,phase4,A3,"{""assets"": [""SPY"", ""EFA"", ""EEM"", ""VNQ"", ""GLD"", ""DBC""], ""kind"": ""trend_multi"", ""safe"": ""IEF"", ""sma"": 160, ""universe"": ""etf""}",wf_test_2016,2016-01-04,2016-12-30,False,252,0.5155584363644342,0.0324771287843241,-0.9120896700441209,7.536546804354392,0.04022262349808581,-0.07012753582087872
127,2026-10-01T04:06:13+00:00,688c846,phase4,A3,"{""assets"": [""SPY"", ""EFA"", ""EEM"", ""VNQ"", ""GLD"", ""DBC""], ""kind"": ""trend_multi"", ""safe"": ""IEF"", ""sma"": 160, ""universe"": ""etf""}",wf_test_2017,2017-01-03,2017-12-29,True,251,2.0195516637608435,0.12721979671804587,-0.11233777742493317,3.5969625509510146,0.11066898857300855,-0.024102408640868433
128,2026-10-01T04:06:13+00:00,688c846,phase4,A3,"{""assets"": [""SPY"", ""EFA"", ""EEM"", ""VNQ"", ""GLD"", ""DBC""], ""kind"": ""trend_multi"", ""safe"": ""IEF"", ""sma"": 160, ""universe"": ""etf""}",wf_test_2017,2017-01-03,2017-12-29,False,251,2.47104256876115,0.15566105038086253,-0.11664918035728193,3.5593031980205625,0.1385321079641788,-0.023611396452847044
129,2026-10-01T04:06:13+00:00,688c846,phase4,A3,"{""assets"": [""SPY"", ""EFA"", ""EEM"", ""VNQ"", ""GLD"", ""DBC""], ""kind"": ""trend_multi"", ""safe"": ""IEF"", ""sma"": 160, ""universe"": ""etf""}",wf_test_2018,2018-01-02,2018-12-31,True,251,-0.7269396517376466,-0.045792893729755126,-1.0200867646966039,6.477976154550851,-0.05086296721834482,-0.10477524534348204
130,2026-10-01T04:06:13+00:00,688c846,phase4,A3,"{""assets"": [""SPY"", ""EFA"", ""EEM"", ""VNQ"", ""GLD"", ""DBC""], ""kind"": ""trend_multi"", ""safe"": ""IEF"", ""sma"": 160, ""universe"": ""etf""}",wf_test_2018,2018-01-02,2018-12-31,False,251,-0.17848414491013925,-0.011243444295243888,-1.0601598762218643,6.631974830297762,-0.014456729148801917,-0.07606433378858013
131,2026-10-01T04:06:14+00:00,688c846,phase4,A3,"{""assets"": [""SPY"", ""EFA"", ""EEM"", ""VNQ"", ""GLD"", ""DBC""], ""kind"": ""trend_multi"", ""safe"": ""IEF"", ""sma"": 160, ""universe"": ""etf""}",wf_test_2019,2019-01-02,2019-12-31,True,252,1.3608270274741916,0.08572404504933266,-0.32299603188802195,3.2275273775455444,0.08232806943694304,-0.03515423948743723
132,2026-10-01T04:06:14+00:00,688c846,phase4,A3,"{""assets"": [""SPY"", ""EFA"", ""EEM"", ""VNQ"", ""GLD"", ""DBC""], ""kind"": ""trend_multi"", ""safe"": ""IEF"", ""sma"": 160, ""universe"": ""etf""}",wf_test_2019,2019-01-02,2019-12-31,False,252,1.7796863178763818,0.11210970020964645,-0.3172799478284884,3.266493290097968,0.10931003182881915,-0.03223082688544965
133,2026-10-01T04:06:14+00:00,688c846,phase4,A3,"{""assets"": [""SPY"", ""EFA"", ""EEM"", ""VNQ"", ""GLD"", ""DBC""], ""kind"": ""trend_multi"", ""safe"": ""IEF"", ""sma"": 160, ""universe"": ""etf""}",wf_test_2020,2020-01-02,2020-12-31,True,253,0.48941825675681494,0.030830452249364034,-0.8829587606254543,6.34897502290397,0.05135543423170108,-0.10947810638645594
134,2026-10-01T04:06:14+00:00,688c846,phase4,A3,"{""assets"": [""SPY"", ""EFA"", ""EEM"", ""VNQ"", ""GLD"", ""DBC""], ""kind"": ""trend_multi"", ""safe"": ""IEF"", ""sma"": 160, ""universe"": ""etf""}",wf_test_2020,2020-01-02,2020-12-31,False,253,0.6951906064710905,0.0437928918693018,-0.8646739960143413,6.246229895297854,0.07673364541440542,-0.10377014693980202
135,2026-10-01T04:06:14+00:00,688c846,phase4,A3,"{""assets"": [""SPY"", ""EFA"", ""EEM"", ""VNQ"", ""GLD"", ""DBC""], ""kind"": ""trend_multi"", ""safe"": ""IEF"", ""sma"": 160, ""universe"": ""etf""}",wf_test_2021,2021-01-04,2021-12-31,True,252,1.3858368211007317,0.08729951396068679,-0.5610842441868104,4.410810282927684,0.12743476134902054,-0.03840598815290042
136,2026-10-01T04:06:14+00:00,688c846,phase4,A3,"{""assets"": [""SPY"", ""EFA"", ""EEM"", ""VNQ"", ""GLD"", ""DBC""], ""kind"": ""trend_multi"", ""safe"": ""IEF"", ""sma"": 160, ""universe"": ""etf""}",wf_test_2021,2021-01-04,2021-12-31,False,252,1.6025691399438984,0.10095236673995768,-0.5444054984659052,4.341709798779959,0.14910547359159598,-0.035494697885998794
137,2026-10-01T04:06:14+00:00,688c846,phase4,A3,"{""assets"": [""SPY"", ""EFA"", ""EEM"", ""VNQ"", ""GLD"", ""DBC""], ""kind"": ""trend_multi"", ""safe"": ""IEF"", ""sma"": 160, ""universe"": ""etf""}",wf_test_2022,2022-01-03,2022-12-30,True,251,-1.8527068138847902,-0.11670955909176152,0.20061565906543236,4.238360804423859,-0.17943468306097576,-0.1959224252428079
138,2026-10-01T04:06:14+00:00,688c846,phase4,A3,"{""assets"": [""SPY"", ""EFA"", ""EEM"", ""VNQ"", ""GLD"", ""DBC""], ""kind"": ""trend_multi"", ""safe"": ""IEF"", ""sma"": 160, ""universe"": ""etf""}",wf_test_2022,2022-01-03,2022-12-30,False,251,-1.4642875411254026,-0.09224144480257332,0.17413756608515218,4.221707221926837,-0.14550402768994297,-0.18182030213453682
139,2026-10-01T04:06:14+00:00,688c846,phase4,A3,"{""assets"": [""SPY"", ""EFA"", ""EEM"", ""VNQ"", ""GLD"", ""DBC""], ""kind"": ""trend_multi"", ""safe"": ""IEF"", ""sma"": 160, ""universe"": ""etf""}",wf_test_2023,2023-01-03,2023-12-29,True,250,0.36688528089102707,0.023111600307803223,0.19659455050313046,3.5835539408658796,0.028399942927696653,-0.08602683592022942
140,2026-10-01T04:06:14+00:00,688c846,phase4,A3,"{""assets"": [""SPY"", ""EFA"", ""EEM"", ""VNQ"", ""GLD"", ""DBC""], ""kind"": ""trend_multi"", ""safe"": ""IEF"", ""sma"": 160, ""universe"": ""etf""}",wf_test_2023,2023-01-03,2023-12-29,False,250,0.8648577411078712,0.05448091672429786,0.18209811603318182,3.5420326482444815,0.07370191534418757,-0.07136494071513866
141,2026-10-01T04:06:14+00:00,688c846,phase4,A3,"{""assets"": [""SPY"", ""EFA"", ""EEM"", ""VNQ"", ""GLD"", ""DBC""], ""kind"": ""trend_multi"", ""safe"": ""IEF"", ""sma"": 160, ""universe"": ""etf""}",wf_test_2024,2024-01-02,2024-09-25,True,185,1.4263699368971465,0.08985286025258911,-0.5371103035163953,3.361219208440467,0.1414194904054662,-0.05141895073194669
142,2026-10-01T04:06:14+00:00,688c846,phase4,A3,"{""assets"": [""SPY"", ""EFA"", ""EEM"", ""VNQ"", ""GLD"", ""DBC""], ""kind"": ""trend_multi"", ""safe"": ""IEF"", ""sma"": 160, ""universe"": ""etf""}",wf_test_2024,2024-01-02,2024-09-25,False,185,1.6245008169589303,0.10233393253082353,-0.5314921011556331,3.3536422996100725,0.1627769690523846,-0.049981054222306365
143,2026-10-01T04:06:18+00:00,688c846,phase4,B,"{""exit_sma"": 4, ""kind"": ""meanrev"", ""max_hold"": 8, ""rsi_entry"": 10, ""rsi_len"": 2, ""slots"": 10, ""trend_sma"": 160, ""universe"": ""stocks""}",dev,2005-08-19,2024-09-25,True,4807,0.003366224440599435,0.00021205220778699102,-0.4978959382646186,9.396987627665835,-0.013890359618477066,-0.6735486126216079
144,2026-10-01T04:06:18+00:00,688c846,phase4,B,"{""exit_sma"": 4, ""kind"": ""meanrev"", ""max_hold"": 8, ""rsi_entry"": 10, ""rsi_len"": 2, ""slots"": 10, ""trend_sma"": 160, ""universe"": ""stocks""}",dev,2005-08-19,2024-09-25,False,4807,1.1413109204839573,0.07189583010006582,-0.511953895940238,9.450247514498285,0.19642429107470183,-0.3342294005969211
145,2026-10-01T04:06:21+00:00,688c846,phase4,B,"{""exit_sma"": 4, ""kind"": ""meanrev"", ""max_hold"": 10, ""rsi_entry"": 10, ""rsi_len"": 2, ""slots"": 10, ""trend_sma"": 160, ""universe"": ""stocks""}",dev,2005-08-19,2024-09-25,True,4807,0.025910898805943845,0.0016322332020639967,-0.605367177793085,10.89988031706568,-0.010235739516486597,-0.6537474895681048
146,2026-10-01T04:06:21+00:00,688c846,phase4,B,"{""exit_sma"": 4, ""kind"": ""meanrev"", ""max_hold"": 10, ""rsi_entry"": 10, ""rsi_len"": 2, ""slots"": 10, ""trend_sma"": 160, ""universe"": ""stocks""}",dev,2005-08-19,2024-09-25,False,4807,1.1384262741834528,0.07171411446360113,-0.6240525609362412,10.974056294020288,0.19667861493019623,-0.3360635881608204
147,2026-10-01T04:06:25+00:00,688c846,phase4,B,"{""exit_sma"": 4, ""kind"": ""meanrev"", ""max_hold"": 12, ""rsi_entry"": 10, ""rsi_len"": 2, ""slots"": 10, ""trend_sma"": 160, ""universe"": ""stocks""}",dev,2005-08-19,2024-09-25,True,4807,0.029834085710228334,0.001879370747196428,-0.5973327523269426,11.127080304590411,-0.009540178454046422,-0.6711221545116098
148,2026-10-01T04:06:25+00:00,688c846,phase4,B,"{""exit_sma"": 4, ""kind"": ""meanrev"", ""max_hold"": 12, ""rsi_entry"": 10, ""rsi_len"": 2, ""slots"": 10, ""trend_sma"": 160, ""universe"": ""stocks""}",dev,2005-08-19,2024-09-25,False,4807,1.1367007079373357,0.07160541400745843,-0.6188989867449357,11.206385146357675,0.1961152586503423,-0.3406709019617282
149,2026-10-01T04:06:28+00:00,688c846,phase4,B,"{""exit_sma"": 5, ""kind"": ""meanrev"", ""max_hold"": 8, ""rsi_entry"": 10, ""rsi_len"": 2, ""slots"": 10, ""trend_sma"": 160, ""universe"": ""stocks""}",dev,2005-08-19,2024-09-25,True,4807,0.090746179304497,0.005716471973070841,-0.6583480494488024,11.545971700172645,0.0006393071809160933,-0.6259847380884402
150,2026-10-01T04:06:28+00:00,688c846,phase4,B,"{""exit_sma"": 5, ""kind"": ""meanrev"", ""max_hold"": 8, ""rsi_entry"": 10, ""rsi_len"": 2, ""slots"": 10, ""trend_sma"": 160, ""universe"": ""stocks""}",dev,2005-08-19,2024-09-25,False,4807,1.0641079821849433,0.06703250211857403,-0.6767232671729717,11.622036677830355,0.18385933499404294,-0.38469445508617905
151,2026-10-01T04:06:31+00:00,688c846,phase4,B,"{""exit_sma"": 5, ""kind"": ""meanrev"", ""max_hold"": 10, ""rsi_entry"": 10, ""rsi_len"": 2, ""slots"": 10, ""trend_sma"": 160, ""universe"": ""stocks""}",dev,2005-08-19,2024-09-25,True,4807,0.14863070845916554,0.009362854565959432,-1.0355074626560927,17.37046947251309,0.010635501573994732,-0.5906598361191191
152,2026-10-01T04:06:31+00:00,688c846,phase4,B,"{""exit_sma"": 5, ""kind"": ""meanrev"", ""max_hold"": 10, ""rsi_entry"": 10, ""rsi_len"": 2, ""slots"": 10, ""trend_sma"": 160, ""universe"": ""stocks""}",dev,2005-08-19,2024-09-25,False,4807,1.0862568436029483,0.06842774924084248,-1.0607621187746472,17.566446679508125,0.18974498432409614,-0.37874955567639834
153,2026-10-01T04:06:34+00:00,688c846,phase4,B,"{""exit_sma"": 5, ""kind"": ""meanrev"", ""max_hold"": 12, ""rsi_entry"": 10, ""rsi_len"": 2, ""slots"": 10, ""trend_sma"": 160, ""universe"": ""stocks""}",dev,2005-08-19,2024-09-25,True,4807,0.12075105913201786,0.007606601738356527,-1.1734136731042453,18.703671846588723,0.005674225702524849,-0.6083790183241317
154,2026-10-01T04:06:34+00:00,688c846,phase4,B,"{""exit_sma"": 5, ""kind"": ""meanrev"", ""max_hold"": 12, ""rsi_entry"": 10, ""rsi_len"": 2, ""slots"": 10, ""trend_sma"": 160, ""universe"": ""stocks""}",dev,2005-08-19,2024-09-25,False,4807,1.041391656805138,0.06560150812676,-1.2024970117891602,18.898743482612243,0.18115785110917937,-0.42086350029981734
155,2026-10-01T04:06:38+00:00,688c846,phase4,B,"{""exit_sma"": 6, ""kind"": ""meanrev"", ""max_hold"": 8, ""rsi_entry"": 10, ""rsi_len"": 2, ""slots"": 10, ""trend_sma"": 160, ""universe"": ""stocks""}",dev,2005-08-19,2024-09-25,True,4807,0.25133331124059066,0.01583251042211899,-0.8023431995006736,14.25316449663879,0.029143928554485,-0.5309280966667255
156,2026-10-01T04:06:38+00:00,688c846,phase4,B,"{""exit_sma"": 6, ""kind"": ""meanrev"", ""max_hold"": 8, ""rsi_entry"": 10, ""rsi_len"": 2, ""slots"": 10, ""trend_sma"": 160, ""universe"": ""stocks""}",dev,2005-08-19,2024-09-25,False,4807,1.1094343377409828,0.0698877941337686,-0.8216606201945,14.333097269453253,0.1975701763975961,-0.3905923028491741
157,2026-10-01T04:06:41+00:00,688c846,phase4,B,"{""exit_sma"": 6, ""kind"": ""meanrev"", ""max_hold"": 10, ""rsi_entry"": 10, ""rsi_len"": 2, ""slots"": 10, ""trend_sma"": 160, ""universe"": ""stocks""}",dev,2005-08-19,2024-09-25,True,4807,0.3367125931941953,0.021210899640369055,-0.9319450839342508,15.978385247300853,0.044823288893200974,-0.42034629945067203
158,2026-10-01T04:06:41+00:00,688c846,phase4,B,"{""exit_sma"": 6, ""kind"": ""meanrev"", ""max_hold"": 10, ""rsi_entry"": 10, ""rsi_len"": 2, ""slots"": 10, ""trend_sma"": 160, ""universe"": ""stocks""}",dev,2005-08-19,2024-09-25,False,4807,1.1598433139006865,0.07306326115195812,-0.9560496659010561,16.13230845185535,0.208269280890099,-0.3811915890692138
159,2026-10-01T04:06:44+00:00,688c846,phase4,B,"{""exit_sma"": 6, ""kind"": ""meanrev"", ""max_hold"": 12, ""rsi_entry"": 10, ""rsi_len"": 2, ""slots"": 10, ""trend_sma"": 160, ""universe"": ""stocks""}",dev,2005-08-19,2024-09-25,True,4807,0.2797682558008527,0.017623743561413326,-1.0747294531844294,17.578708073419378,0.03436303235442639,-0.47142798837118605
160,2026-10-01T04:06:44+00:00,688c846,phase4,B,"{""exit_sma"": 6, ""kind"": ""meanrev"", ""max_hold"": 12, ""rsi_entry"": 10, ""rsi_len"": 2, ""slots"": 10, ""trend_sma"": 160, ""universe"": ""stocks""}",dev,2005-08-19,2024-09-25,False,4807,1.083181026275642,0.0682339909616445,-1.1045326685832813,17.74877187252142,0.1924397430652791,-0.4044142701280793
161,2026-10-01T04:06:47+00:00,688c846,phase4,B,"{""exit_sma"": 4, ""kind"": ""meanrev"", ""max_hold"": 8, ""rsi_entry"": 10, ""rsi_len"": 2, ""slots"": 10, ""trend_sma"": 200, ""universe"": ""stocks""}",dev,2005-10-17,2024-09-25,True,4767,-0.016253411786276407,-0.0010238687034003207,-0.48825020207613656,12.416733546012258,-0.01756685191060725,-0.7164901273922372
162,2026-10-01T04:06:47+00:00,688c846,phase4,B,"{""exit_sma"": 4, ""kind"": ""meanrev"", ""max_hold"": 8, ""rsi_entry"": 10, ""rsi_len"": 2, ""slots"": 10, ""trend_sma"": 200, ""universe"": ""stocks""}",dev,2005-10-17,2024-09-25,False,4767,1.1148818258776447,0.0702309536309015,-0.5020836230306397,12.454795953855946,0.1934045617019462,-0.3211443673837615
163,2026-10-01T04:06:50+00:00,688c846,phase4,B,"{""exit_sma"": 4, ""kind"": ""meanrev"", ""max_hold"": 10, ""rsi_entry"": 10, ""rsi_len"": 2, ""slots"": 10, ""trend_sma"": 200, ""universe"": ""stocks""}",dev,2005-10-17,2024-09-25,True,4767,0.012915783454496847,0.0008136178811466994,-0.5736276643355105,13.37700163549725,-0.012741653410064946,-0.7025027977213552
164,2026-10-01T04:06:50+00:00,688c846,phase4,B,"{""exit_sma"": 4, ""kind"": ""meanrev"", ""max_hold"": 10, ""rsi_entry"": 10, ""rsi_len"": 2, ""slots"": 10, ""trend_sma"": 200, ""universe"": ""stocks""}",dev,2005-10-17,2024-09-25,False,4767,1.1201753209063177,0.07056441247404972,-0.5907253399690762,13.405858901203604,0.1951443000978721,-0.33326354914462475
165,2026-10-01T04:06:53+00:00,688c846,phase4,B,"{""exit_sma"": 4, ""kind"": ""meanrev"", ""max_hold"": 12, ""rsi_entry"": 10, ""rsi_len"": 2, ""slots"": 10, ""trend_sma"": 200, ""universe"": ""stocks""}",dev,2005-10-17,2024-09-25,True,4767,0.0323604954866148,0.0020385196038193065,-0.5764775839875916,13.235359245106489,-0.009342267134800575,-0.6949863197992534
166,2026-10-01T04:06:53+00:00,688c846,phase4,B,"{""exit_sma"": 4, ""kind"": ""meanrev"", ""max_hold"": 12, ""rsi_entry"": 10, ""rsi_len"": 2, ""slots"": 10, ""trend_sma"": 200, ""universe"": ""stocks""}",dev,2005-10-17,2024-09-25,False,4767,1.1351525584351452,0.07150788975566927,-0.5970041435855681,13.274210916994706,0.19771686427946933,-0.32670228387048095
167,2026-10-01T04:06:56+00:00,688c846,phase4,B,"{""exit_sma"": 5, ""kind"": ""meanrev"", ""max_hold"": 8, ""rsi_entry"": 10, ""rsi_len"": 2, ""slots"": 10, ""trend_sma"": 200, ""universe"": ""stocks""}",dev,2005-10-17,2024-09-25,True,4767,0.1975269374958792,0.012443027472626092,-0.7691813423356159,16.34450275039318,0.01935272039161684,-0.5417575472620416
168,2026-10-01T04:06:56+00:00,688c846,phase4,B,"{""exit_sma"": 5, ""kind"": ""meanrev"", ""max_hold"": 8, ""rsi_entry"": 10, ""rsi_len"": 2, ""slots"": 10, ""trend_sma"": 200, ""universe"": ""stocks""}",dev,2005-10-17,2024-09-25,False,4767,1.1639761128779775,0.07332360301654225,-0.7798870692371005,16.411801376488366,0.20726283447135363,-0.3533352954345912
169,2026-10-01T04:06:59+00:00,688c846,phase4,B,"{""exit_sma"": 5, ""kind"": ""meanrev"", ""max_hold"": 10, ""rsi_entry"": 10, ""rsi_len"": 2, ""slots"": 10, ""trend_sma"": 200, ""universe"": ""stocks""}",dev,2005-10-17,2024-09-25,True,4767,0.20331227264689702,0.01280746933121546,-1.1160221520498121,21.313591844163643,0.02035966855502025,-0.5576089515271132
170,2026-10-01T04:06:59+00:00,688c846,phase4,B,"{""exit_sma"": 5, ""kind"": ""meanrev"", ""max_hold"": 10, ""rsi_entry"": 10, ""rsi_len"": 2, ""slots"": 10, ""trend_sma"": 200, ""universe"": ""stocks""}",dev,2005-10-17,2024-09-25,False,4767,1.1373931294040802,0.07164903245992149,-1.1379693128163773,21.44842178767284,0.20223446584498772,-0.3791031975041451
171,2026-10-01T04:07:02+00:00,688c846,phase4,B,"{""exit_sma"": 5, ""kind"": ""meanrev"", ""max_hold"": 12, ""rsi_entry"": 10, ""rsi_len"": 2, ""slots"": 10, ""trend_sma"": 200, ""universe"": ""stocks""}",dev,2005-10-17,2024-09-25,True,4767,0.2157450453972742,0.013590660397988757,-1.1765637302225498,22.193535295718853,0.02262172153231523,-0.5414166350239623
172,2026-10-01T04:07:02+00:00,688c846,phase4,B,"{""exit_sma"": 5, ""kind"": ""meanrev"", ""max_hold"": 12, ""rsi_entry"": 10, ""rsi_len"": 2, ""slots"": 10, ""trend_sma"": 200, ""universe"": ""stocks""}",dev,2005-10-17,2024-09-25,False,4767,1.1324341378843805,0.07133664535718807,-1.2027335691637542,22.326376975703383,0.2022217686701815,-0.4175482690788631
173,2026-10-01T04:07:05+00:00,688c846,phase4,B,"{""exit_sma"": 6, ""kind"": ""meanrev"", ""max_hold"": 8, ""rsi_entry"": 10, ""rsi_len"": 2, ""slots"": 10, ""trend_sma"": 200, ""universe"": ""stocks""}",dev,2005-10-17,2024-09-25,True,4767,0.32315964731912805,0.020357144299470328,-0.8620848780388565,17.716164936872815,0.042391853124157164,-0.46399381097580816
174,2026-10-01T04:07:05+00:00,688c846,phase4,B,"{""exit_sma"": 6, ""kind"": ""meanrev"", ""max_hold"": 8, ""rsi_entry"": 10, ""rsi_len"": 2, ""slots"": 10, ""trend_sma"": 200, ""universe"": ""stocks""}",dev,2005-10-17,2024-09-25,False,4767,1.1830789019778236,0.07452696561906388,-0.8798179333856546,17.773916289847033,0.2139062071593063,-0.3567139048179405
175,2026-10-01T04:07:08+00:00,688c846,phase4,B,"{""exit_sma"": 6, ""kind"": ""meanrev"", ""max_hold"": 10, ""rsi_entry"": 10, ""rsi_len"": 2, ""slots"": 10, ""trend_sma"": 200, ""universe"": ""stocks""}",dev,2005-10-17,2024-09-25,True,4767,0.4033462889168711,0.025408427921782113,-1.005839414643943,18.4802958784004,0.05724908810624152,-0.4296870486726031
176,2026-10-01T04:07:08+00:00,688c846,phase4,B,"{""exit_sma"": 6, ""kind"": ""meanrev"", ""max_hold"": 10, ""rsi_entry"": 10, ""rsi_len"": 2, ""slots"": 10, ""trend_sma"": 200, ""universe"": ""stocks""}",dev,2005-10-17,2024-09-25,False,4767,1.228649719434318,0.07739765728648781,-1.028522898230274,18.62094397545593,0.22316982807725427,-0.3574470185923573
177,2026-10-01T04:07:11+00:00,688c846,phase4,B,"{""exit_sma"": 6, ""kind"": ""meanrev"", ""max_hold"": 12, ""rsi_entry"": 10, ""rsi_len"": 2, ""slots"": 10, ""trend_sma"": 200, ""universe"": ""stocks""}",dev,2005-10-17,2024-09-25,True,4767,0.3532470940964027,0.022252475293697956,-1.1113310535360374,21.53452813942921,0.04819725118539053,-0.49341781037979127
178,2026-10-01T04:07:11+00:00,688c846,phase4,B,"{""exit_sma"": 6, ""kind"": ""meanrev"", ""max_hold"": 12, ""rsi_entry"": 10, ""rsi_len"": 2, ""slots"": 10, ""trend_sma"": 200, ""universe"": ""stocks""}",dev,2005-10-17,2024-09-25,False,4767,1.151953598944635,0.07256625582603195,-1.1374736234690264,21.647081133093376,0.20868894859220366,-0.4165883942590568
179,2026-10-01T04:07:14+00:00,688c846,phase4,B,"{""exit_sma"": 4, ""kind"": ""meanrev"", ""max_hold"": 8, ""rsi_entry"": 10, ""rsi_len"": 2, ""slots"": 10, ""trend_sma"": 240, ""universe"": ""stocks""}",dev,2005-12-13,2024-09-25,True,4727,-0.04256627345903109,-0.0026814231859848903,-0.5245514523578554,11.686595372502834,-0.022306117426703853,-0.6643852793566416
180,2026-10-01T04:07:14+00:00,688c846,phase4,B,"{""exit_sma"": 4, ""kind"": ""meanrev"", ""max_hold"": 8, ""rsi_entry"": 10, ""rsi_len"": 2, ""slots"": 10, ""trend_sma"": 240, ""universe"": ""stocks""}",dev,2005-12-13,2024-09-25,False,4727,1.0877289832207313,0.06852048531998105,-0.5407965304979854,11.710224790917955,0.1893290589706449,-0.3169581541197535
181,2026-10-01T04:07:17+00:00,688c846,phase4,B,"{""exit_sma"": 4, ""kind"": ""meanrev"", ""max_hold"": 10, ""rsi_entry"": 10, ""rsi_len"": 2, ""slots"": 10, ""trend_sma"": 240, ""universe"": ""stocks""}",dev,2005-12-13,2024-09-25,True,4727,-0.003321056583826278,-0.00020920690025662058,-0.5248501398658763,11.641317744230982,-0.01545031407558084,-0.6141308949277559
182,2026-10-01T04:07:17+00:00,688c846,phase4,B,"{""exit_sma"": 4, ""kind"": ""meanrev"", ""max_hold"": 10, ""rsi_entry"": 10, ""rsi_len"": 2, ""slots"": 10, ""trend_sma"": 240, ""universe"": ""stocks""}",dev,2005-12-13,2024-09-25,False,4727,1.1157532373876369,0.07028584739625957,-0.5401083960643468,11.639514629180256,0.193979284496977,-0.312586121339824
183,2026-10-01T04:07:20+00:00,688c846,phase4,B,"{""exit_sma"": 4, ""kind"": ""meanrev"", ""max_hold"": 12, ""rsi_entry"": 10, ""rsi_len"": 2, ""slots"": 10, ""trend_sma"": 240, ""universe"": ""stocks""}",dev,2005-12-13,2024-09-25,True,4727,-0.009071489236567918,-0.000571450108118045,-0.5321217564713324,11.356106718903066,-0.016339413982279116,-0.624916847922263
184,2026-10-01T04:07:20+00:00,688c846,phase4,B,"{""exit_sma"": 4, ""kind"": ""meanrev"", ""max_hold"": 12, ""rsi_entry"": 10, ""rsi_len"": 2, ""slots"": 10, ""trend_sma"": 240, ""universe"": ""stocks""}",dev,2005-12-13,2024-09-25,False,4727,1.104668897748797,0.069587599631218,-0.549993757932889,11.368572217232593,0.191207802584469,-0.3148081317283906
185,2026-10-01T04:07:23+00:00,688c846,phase4,B,"{""exit_sma"": 5, ""kind"": ""meanrev"", ""max_hold"": 8, ""rsi_entry"": 10, ""rsi_len"": 2, ""slots"": 10, ""trend_sma"": 240, ""universe"": ""stocks""}",dev,2005-12-13,2024-09-25,True,4727,0.05938619782576776,0.003740978827539671,-0.783017683741017,15.368637519033127,-0.005390529005398159,-0.612036801407895
186,2026-10-01T04:07:23+00:00,688c846,phase4,B,"{""exit_sma"": 5, ""kind"": ""meanrev"", ""max_hold"": 8, ""rsi_entry"": 10, ""rsi_len"": 2, ""slots"": 10, ""trend_sma"": 240, ""universe"": ""stocks""}",dev,2005-12-13,2024-09-25,False,4727,1.0112356042324748,0.06370185537364913,-0.7965066063316624,15.443512356112608,0.1780781641031408,-0.36737875172207546
187,2026-10-01T04:07:26+00:00,688c846,phase4,B,"{""exit_sma"": 5, ""kind"": ""meanrev"", ""max_hold"": 10, ""rsi_entry"": 10, ""rsi_len"": 2, ""slots"": 10, ""trend_sma"": 240, ""universe"": ""stocks""}",dev,2005-12-13,2024-09-25,True,4727,0.1112454025272978,0.007007801656821577,-0.8842577385451155,16.946759096854034,0.003842026887887817,-0.5872176246166969
188,2026-10-01T04:07:26+00:00,688c846,phase4,B,"{""exit_sma"": 5, ""kind"": ""meanrev"", ""max_hold"": 10, ""rsi_entry"": 10, ""rsi_len"": 2, ""slots"": 10, ""trend_sma"": 240, ""universe"": ""stocks""}",dev,2005-12-13,2024-09-25,False,4727,1.0367688458786224,0.06531029841081637,-0.9062167305708453,17.034923454114814,0.18319693051853725,-0.3779096716670015
189,2026-10-01T04:07:29+00:00,688c846,phase4,B,"{""exit_sma"": 5, ""kind"": ""meanrev"", ""max_hold"": 12, ""rsi_entry"": 10, ""rsi_len"": 2, ""slots"": 10, ""trend_sma"": 240, ""universe"": ""stocks""}",dev,2005-12-13,2024-09-25,True,4727,0.10103121254865058,0.006364368168072323,-0.9797105176253476,18.231505591759106,0.001973093570801554,-0.5853740764314557
190,2026-10-01T04:07:29+00:00,688c846,phase4,B,"{""exit_sma"": 5, ""kind"": ""meanrev"", ""max_hold"": 12, ""rsi_entry"": 10, ""rsi_len"": 2, ""slots"": 10, ""trend_sma"": 240, ""universe"": ""stocks""}",dev,2005-12-13,2024-09-25,False,4727,1.011521240707358,0.06371984878026603,-1.003565851617135,18.31903512705032,0.17832032646941842,-0.4146741637455962
191,2026-10-01T04:07:32+00:00,688c846,phase4,B,"{""exit_sma"": 6, ""kind"": ""meanrev"", ""max_hold"": 8, ""rsi_entry"": 10, ""rsi_len"": 2, ""slots"": 10, ""trend_sma"": 240, ""universe"": ""stocks""}",dev,2005-12-13,2024-09-25,True,4727,0.23717419699091657,0.014940570062843071,-0.7537044431928122,16.26366031891042,0.026758846682038984,-0.48012618082773095
192,2026-10-01T04:07:32+00:00,688c846,phase4,B,"{""exit_sma"": 6, ""kind"": ""meanrev"", ""max_hold"": 8, ""rsi_entry"": 10, ""rsi_len"": 2, ""slots"": 10, ""trend_sma"": 240, ""universe"": ""stocks""}",dev,2005-12-13,2024-09-25,False,4727,1.0856136672409065,0.06838723293838729,-0.7696954681281356,16.357480161713504,0.1959863585366548,-0.3745239584093617
193,2026-10-01T04:07:35+00:00,688c846,phase4,B,"{""exit_sma"": 6, ""kind"": ""meanrev"", ""max_hold"": 10, ""rsi_entry"": 10, ""rsi_len"": 2, ""slots"": 10, ""trend_sma"": 240, ""universe"": ""stocks""}",dev,2005-12-13,2024-09-25,True,4727,0.3099987924349656,0.019528088369363098,-0.8229271832270965,16.43105525672947,0.04023487620633093,-0.4800115437981418
194,2026-10-01T04:07:35+00:00,688c846,phase4,B,"{""exit_sma"": 6, ""kind"": ""meanrev"", ""max_hold"": 10, ""rsi_entry"": 10, ""rsi_len"": 2, ""slots"": 10, ""trend_sma"": 240, ""universe"": ""stocks""}",dev,2005-12-13,2024-09-25,False,4727,1.127083085277709,0.07099956072743385,-0.8443992736956712,16.4950765064327,0.20410595440527102,-0.36890821350595115
195,2026-10-01T04:07:38+00:00,688c846,phase4,B,"{""exit_sma"": 6, ""kind"": ""meanrev"", ""max_hold"": 12, ""rsi_entry"": 10, ""rsi_len"": 2, ""slots"": 10, ""trend_sma"": 240, ""universe"": ""stocks""}",dev,2005-12-13,2024-09-25,True,4727,0.2705879017680518,0.01704543561573904,-0.9394262147622625,17.73744944883452,0.03289665106923123,-0.5129424037910326
196,2026-10-01T04:07:38+00:00,688c846,phase4,B,"{""exit_sma"": 6, ""kind"": ""meanrev"", ""max_hold"": 12, ""rsi_entry"": 10, ""rsi_len"": 2, ""slots"": 10, ""trend_sma"": 240, ""universe"": ""stocks""}",dev,2005-12-13,2024-09-25,False,4727,1.068574354054967,0.06731385710026017,-0.9635741891226323,17.825998982455513,0.1917329187255712,-0.406460779675091
197,2026-10-01T04:07:38+00:00,688c846,phase4,B,"{""exit_sma"": 6, ""kind"": ""meanrev"", ""max_hold"": 10, ""rsi_entry"": 10, ""rsi_len"": 2, ""slots"": 10, ""trend_sma"": 200, ""universe"": ""stocks""}",wf_test_2016,2016-01-08,2016-12-30,True,248,0.40097548392195875,0.0252590812450305,-0.35584816418999343,5.917156240054397,0.04383118318844814,-0.09781911827522338
198,2026-10-01T04:07:38+00:00,688c846,phase4,B,"{""exit_sma"": 6, ""kind"": ""meanrev"", ""max_hold"": 10, ""rsi_entry"": 10, ""rsi_len"": 2, ""slots"": 10, ""trend_sma"": 200, ""universe"": ""stocks""}",wf_test_2016,2016-01-08,2016-12-30,False,248,1.5020948750014143,0.0946230829732951,-0.3333291874596792,5.915221019662259,0.19984834919488392,-0.07900842848943401
199,2026-10-01T04:07:38+00:00,688c846,phase4,B,"{""exit_sma"": 6, ""kind"": ""meanrev"", ""max_hold"": 10, ""rsi_entry"": 10, ""rsi_len"": 2, ""slots"": 10, ""trend_sma"": 200, ""universe"": ""stocks""}",wf_test_2017,2017-01-03,2017-12-29,True,251,0.3591227209160178,0.022622604992777077,-0.2870150576203011,8.211453252610822,0.03574689853190671,-0.13142106954457977
200,2026-10-01T04:07:38+00:00,688c846,phase4,B,"{""exit_sma"": 6, ""kind"": ""meanrev"", ""max_hold"": 10, ""rsi_entry"": 10, ""rsi_len"": 2, ""slots"": 10, ""trend_sma"": 200, ""universe"": ""stocks""}",wf_test_2017,2017-01-03,2017-12-29,False,251,1.7590931919907669,0.11081245521415159,-0.3601987727141442,8.240541072765442,0.21934769440466062,-0.10614556911936768
201,2026-10-01T04:07:39+00:00,688c846,phase4,B,"{""exit_sma"": 6, ""kind"": ""meanrev"", ""max_hold"": 10, ""rsi_entry"": 10, ""rsi_len"": 2, ""slots"": 10, ""trend_sma"": 200, ""universe"": ""stocks""}",wf_test_2018,2018-01-02,2018-12-31,True,251,-0.8725147587394226,-0.05496326349661981,-0.25209717301276174,5.067099745240644,-0.1564577686906653,-0.2189203298200756
202,2026-10-01T04:07:39+00:00,688c846,phase4,B,"{""exit_sma"": 6, ""kind"": ""meanrev"", ""max_hold"": 10, ""rsi_entry"": 10, ""rsi_len"": 2, ""slots"": 10, ""trend_sma"": 200, ""universe"": ""stocks""}",wf_test_2018,2018-01-02,2018-12-31,False,251,-0.0686947994104574,-0.004327365609608017,-0.29174564777348355,5.120452087316782,-0.027422249173194913,-0.15616990862181002
203,2026-10-01T04:07:39+00:00,688c846,phase4,B,"{""exit_sma"": 6, ""kind"": ""meanrev"", ""max_hold"": 10, ""rsi_entry"": 10, ""rsi_len"": 2, ""slots"": 10, ""trend_sma"": 200, ""universe"": ""stocks""}",wf_test_2019,2019-01-02,2019-12-31,True,252,0.6489704704784972,0.04088129697882591,-0.6553218697463814,6.708065704732567,0.08538924426665462,-0.14930813481386496
204,2026-10-01T04:07:39+00:00,688c846,phase4,B,"{""exit_sma"": 6, ""kind"": ""meanrev"", ""max_hold"": 10, ""rsi_entry"": 10, ""rsi_len"": 2, ""slots"": 10, ""trend_sma"": 200, ""universe"": ""stocks""}",wf_test_2019,2019-01-02,2019-12-31,False,252,1.7460789621796202,0.10999263579545308,-0.6834248985174051,6.785421321448955,0.2656663836131241,-0.1370205833795567
205,2026-10-01T04:07:39+00:00,688c846,phase4,B,"{""exit_sma"": 6, ""kind"": ""meanrev"", ""max_hold"": 10, ""rsi_entry"": 10, ""rsi_len"": 2, ""slots"": 10, ""trend_sma"": 200, ""universe"": ""stocks""}",wf_test_2020,2020-01-02,2020-12-31,True,253,0.5434989947674288,0.034237218523052663,-3.448580121901672,31.23966767584182,0.12314632721069518,-0.3626203858752286
206,2026-10-01T04:07:39+00:00,688c846,phase4,B,"{""exit_sma"": 6, ""kind"": ""meanrev"", ""max_hold"": 10, ""rsi_entry"": 10, ""rsi_len"": 2, ""slots"": 10, ""trend_sma"": 200, ""universe"": ""stocks""}",wf_test_2020,2020-01-02,2020-12-31,False,253,0.9941211324915342,0.06262374499158314,-3.46127969341698,31.204292717514186,0.2859965819122019,-0.3574470185924876
207,2026-10-01T04:07:39+00:00,688c846,phase4,B,"{""exit_sma"": 6, ""kind"": ""meanrev"", ""max_hold"": 10, ""rsi_entry"": 10, ""rsi_len"": 2, ""slots"": 10, ""trend_sma"": 200, ""universe"": ""stocks""}",wf_test_2021,2021-01-04,2021-12-31,True,252,0.9819724697188705,0.061858451171143705,-0.1191270288883148,4.9308731614061685,0.1864273311584379,-0.08120888427224604
208,2026-10-01T04:07:39+00:00,688c846,phase4,B,"{""exit_sma"": 6, ""kind"": ""meanrev"", ""max_hold"": 10, ""rsi_entry"": 10, ""rsi_len"": 2, ""slots"": 10, ""trend_sma"": 200, ""universe"": ""stocks""}",wf_test_2021,2021-01-04,2021-12-31,False,252,1.7958500219904996,0.11312791786087471,-0.14498615257652692,4.869308270874252,0.38670952920615775,-0.07990037295020713
209,2026-10-01T04:07:39+00:00,688c846,phase4,B,"{""exit_sma"": 6, ""kind"": ""meanrev"", ""max_hold"": 10, ""rsi_entry"": 10, ""rsi_len"": 2, ""slots"": 10, ""trend_sma"": 200, ""universe"": ""stocks""}",wf_test_2022,2022-01-03,2022-12-30,True,251,0.04150349399416959,0.0026144743725913227,0.15933965848839096,4.527611162577127,-0.012144424651631569,-0.13996111130646938
210,2026-10-01T04:07:39+00:00,688c846,phase4,B,"{""exit_sma"": 6, ""kind"": ""meanrev"", ""max_hold"": 10, ""rsi_entry"": 10, ""rsi_len"": 2, ""slots"": 10, ""trend_sma"": 200, ""universe"": ""stocks""}",wf_test_2022,2022-01-03,2022-12-30,False,251,0.6630458200900781,0.041767960661886205,0.17378911513293227,4.487806887805156,0.12081285774270745,-0.1150399460981868
211,2026-10-01T04:07:39+00:00,688c846,phase4,B,"{""exit_sma"": 6, ""kind"": ""meanrev"", ""max_hold"": 10, ""rsi_entry"": 10, ""rsi_len"": 2, ""slots"": 10, ""trend_sma"": 200, ""universe"": ""stocks""}",wf_test_2023,2023-01-03,2023-12-29,True,250,0.7429889646401467,0.046803905411980734,-0.03807573451813373,3.6091459521592197,0.11189929386992148,-0.1297572407746831
212,2026-10-01T04:07:39+00:00,688c846,phase4,B,"{""exit_sma"": 6, ""kind"": ""meanrev"", ""max_hold"": 10, ""rsi_entry"": 10, ""rsi_len"": 2, ""slots"": 10, ""trend_sma"": 200, ""universe"": ""stocks""}",wf_test_2023,2023-01-03,2023-12-29,False,250,1.6909097456485918,0.1065173018200394,-0.05751442370162563,3.6048239542512497,0.29344006192939287,-0.1230611804906997
213,2026-10-01T04:07:40+00:00,688c846,phase4,B,"{""exit_sma"": 6, ""kind"": ""meanrev"", ""max_hold"": 10, ""rsi_entry"": 10, ""rsi_len"": 2, ""slots"": 10, ""trend_sma"": 200, ""universe"": ""stocks""}",wf_test_2024,2024-01-02,2024-09-25,True,185,1.911955303260489,0.12044186310234133,-0.6282819907675636,5.664712566218517,0.33987869108838575,-0.13526418103080717
214,2026-10-01T04:07:40+00:00,688c846,phase4,B,"{""exit_sma"": 6, ""kind"": ""meanrev"", ""max_hold"": 10, ""rsi_entry"": 10, ""rsi_len"": 2, ""slots"": 10, ""trend_sma"": 200, ""universe"": ""stocks""}",wf_test_2024,2024-01-02,2024-09-25,False,185,2.982358028398276,0.18787089675473204,-0.6227494578654601,5.561672030062566,0.5844738385367878,-0.12707515601842634
215,2026-10-01T04:07:40+00:00,688c846,phase4,C,"{""atr"": 16, ""entry"": 44, ""exit"": 16, ""kind"": ""breakout"", ""max_weight"": 0.2, ""risk_per_trade"": 0.01, ""universe"": ""etf""}",dev,2005-03-08,2024-09-25,True,4922,0.34665236416763917,0.021837046356670744,-0.6910992789964391,9.059588134284702,0.03112647272223934,-0.23445425713183243
216,2026-10-01T04:07:40+00:00,688c846,phase4,C,"{""atr"": 16, ""entry"": 44, ""exit"": 16, ""kind"": ""breakout"", ""max_weight"": 0.2, ""risk_per_trade"": 0.01, ""universe"": ""etf""}",dev,2005-03-08,2024-09-25,False,4922,0.4911412364106077,0.030938989765505936,-0.6962038491131186,9.075191361726313,0.046725182030080914,-0.20955420576511785
217,2026-10-01T04:07:41+00:00,688c846,phase4,C,"{""atr"": 20, ""entry"": 44, ""exit"": 16, ""kind"": ""breakout"", ""max_weight"": 0.2, ""risk_per_trade"": 0.01, ""universe"": ""etf""}",dev,2005-03-08,2024-09-25,True,4922,0.34665236416763917,0.021837046356670744,-0.6910992789964391,9.059588134284702,0.03112647272223934,-0.23445425713183243
218,2026-10-01T04:07:41+00:00,688c846,phase4,C,"{""atr"": 20, ""entry"": 44, ""exit"": 16, ""kind"": ""breakout"", ""max_weight"": 0.2, ""risk_per_trade"": 0.01, ""universe"": ""etf""}",dev,2005-03-08,2024-09-25,False,4922,0.4911412364106077,0.030938989765505936,-0.6962038491131186,9.075191361726313,0.046725182030080914,-0.20955420576511785
219,2026-10-01T04:07:41+00:00,688c846,phase4,C,"{""atr"": 24, ""entry"": 44, ""exit"": 16, ""kind"": ""breakout"", ""max_weight"": 0.2, ""risk_per_trade"": 0.01, ""universe"": ""etf""}",dev,2005-03-08,2024-09-25,True,4922,0.34665236416763917,0.021837046356670744,-0.6910992789964391,9.059588134284702,0.03112647272223934,-0.23445425713183243
220,2026-10-01T04:07:41+00:00,688c846,phase4,C,"{""atr"": 24, ""entry"": 44, ""exit"": 16, ""kind"": ""breakout"", ""max_weight"": 0.2, ""risk_per_trade"": 0.01, ""universe"": ""etf""}",dev,2005-03-08,2024-09-25,False,4922,0.4911412364106077,0.030938989765505936,-0.6962038491131186,9.075191361726313,0.046725182030080914,-0.20955420576511785
221,2026-10-01T04:07:42+00:00,688c846,phase4,C,"{""atr"": 16, ""entry"": 44, ""exit"": 20, ""kind"": ""breakout"", ""max_weight"": 0.2, ""risk_per_trade"": 0.01, ""universe"": ""etf""}",dev,2005-03-08,2024-09-25,True,4922,0.5234800728609015,0.03297614497828375,-0.7015519138292808,9.773299215766713,0.05147620081991788,-0.24540069556068866
222,2026-10-01T04:07:42+00:00,688c846,phase4,C,"{""atr"": 16, ""entry"": 44, ""exit"": 20, ""kind"": ""breakout"", ""max_weight"": 0.2, ""risk_per_trade"": 0.01, ""universe"": ""etf""}",dev,2005-03-08,2024-09-25,False,4922,0.6359641804701507,0.04006197772069093,-0.7044431212516111,9.781021482950035,0.06416252632745878,-0.2233046003890673
223,2026-10-01T04:07:42+00:00,688c846,phase4,C,"{""atr"": 20, ""entry"": 44, ""exit"": 20, ""kind"": ""breakout"", ""max_weight"": 0.2, ""risk_per_trade"": 0.01, ""universe"": ""etf""}",dev,2005-03-08,2024-09-25,True,4922,0.5235114570569092,0.032978121996801224,-0.7021373193381015,9.755995355917783,0.05146971947807466,-0.24540069556068755
224,2026-10-01T04:07:42+00:00,688c846,phase4,C,"{""atr"": 20, ""entry"": 44, ""exit"": 20, ""kind"": ""breakout"", ""max_weight"": 0.2, ""risk_per_trade"": 0.01, ""universe"": ""etf""}",dev,2005-03-08,2024-09-25,False,4922,0.6360179475427462,0.04006536472790073,-0.7050240780365236,9.763740629678734,0.06415577323427368,-0.2233046003890644
225,2026-10-01T04:07:43+00:00,688c846,phase4,C,"{""atr"": 24, ""entry"": 44, ""exit"": 20, ""kind"": ""breakout"", ""max_weight"": 0.2, ""risk_per_trade"": 0.01, ""universe"": ""etf""}",dev,2005-03-08,2024-09-25,True,4922,0.5235555338628274,0.032980898574588025,-0.7029624107240389,9.731722698378952,0.05146054345817874,-0.24540069556068755
226,2026-10-01T04:07:43+00:00,688c846,phase4,C,"{""atr"": 24, ""entry"": 44, ""exit"": 20, ""kind"": ""breakout"", ""max_weight"": 0.2, ""risk_per_trade"": 0.01, ""universe"": ""etf""}",dev,2005-03-08,2024-09-25,False,4922,0.6360936249378243,0.0400701319556923,-0.7058428518522543,9.739500167592677,0.06414621244096352,-0.22330460038906508
227,2026-10-01T04:07:43+00:00,688c846,phase4,C,"{""atr"": 16, ""entry"": 44, ""exit"": 24, ""kind"": ""breakout"", ""max_weight"": 0.2, ""risk_per_trade"": 0.01, ""universe"": ""etf""}",dev,2005-03-08,2024-09-25,True,4922,0.5253467080908685,0.033093731945116237,-0.6177593418894205,7.827656423194016,0.051816226458985426,-0.2721479850763109
228,2026-10-01T04:07:43+00:00,688c846,phase4,C,"{""atr"": 16, ""entry"": 44, ""exit"": 24, ""kind"": ""breakout"", ""max_weight"": 0.2, ""risk_per_trade"": 0.01, ""universe"": ""etf""}",dev,2005-03-08,2024-09-25,False,4922,0.6248677482470492,0.039362968194443064,-0.6183886581647094,7.827115446215913,0.06308976507557018,-0.25088527501901015
229,2026-10-01T04:07:44+00:00,688c846,phase4,C,"{""atr"": 20, ""entry"": 44, ""exit"": 24, ""kind"": ""breakout"", ""max_weight"": 0.2, ""risk_per_trade"": 0.01, ""universe"": ""etf""}",dev,2005-03-08,2024-09-25,True,4922,0.525374035546476,0.03309545341300913,-0.6182693612515997,7.812347775674797,0.05180986572092339,-0.2721479850763088
230,2026-10-01T04:07:44+00:00,688c846,phase4,C,"{""atr"": 20, ""entry"": 44, ""exit"": 24, ""kind"": ""breakout"", ""max_weight"": 0.2, ""risk_per_trade"": 0.01, ""universe"": ""etf""}",dev,2005-03-08,2024-09-25,False,4922,0.6249133226431274,0.03936583911154247,-0.6188925854965686,7.811834285570343,0.06308314324794018,-0.2508852750190126
231,2026-10-01T04:07:44+00:00,688c846,phase4,C,"{""atr"": 24, ""entry"": 44, ""exit"": 24, ""kind"": ""breakout"", ""max_weight"": 0.2, ""risk_per_trade"": 0.01, ""universe"": ""etf""}",dev,2005-03-08,2024-09-25,True,4922,0.5254123619623673,0.03309786775027325,-0.6189878541419724,7.790885956121987,0.05180086047046695,-0.27214798507630844
232,2026-10-01T04:07:44+00:00,688c846,phase4,C,"{""atr"": 24, ""entry"": 44, ""exit"": 24, ""kind"": ""breakout"", ""max_weight"": 0.2, ""risk_per_trade"": 0.01, ""universe"": ""etf""}",dev,2005-03-08,2024-09-25,False,4922,0.6249774023375294,0.03936987575286335,-0.6196024444772994,7.790410825046517,0.06307376832038414,-0.25088527501901414
233,2026-10-01T04:07:45+00:00,688c846,phase4,C,"{""atr"": 16, ""entry"": 55, ""exit"": 16, ""kind"": ""breakout"", ""max_weight"": 0.2, ""risk_per_trade"": 0.01, ""universe"": ""etf""}",dev,2005-04-12,2024-09-25,True,4898,0.40853458420674693,0.025735259804291144,-0.6739201101502668,9.262930546808105,0.03713771311978631,-0.23548484750182286
234,2026-10-01T04:07:45+00:00,688c846,phase4,C,"{""atr"": 16, ""entry"": 55, ""exit"": 16, ""kind"": ""breakout"", ""max_weight"": 0.2, ""risk_per_trade"": 0.01, ""universe"": ""etf""}",dev,2005-04-12,2024-09-25,False,4898,0.5506198270301075,0.034685788791977736,-0.6790648305148137,9.27011991903641,0.05224286483442464,-0.2083009896157273
235,2026-10-01T04:07:45+00:00,688c846,phase4,C,"{""atr"": 20, ""entry"": 55, ""exit"": 16, ""kind"": ""breakout"", ""max_weight"": 0.2, ""risk_per_trade"": 0.01, ""universe"": ""etf""}",dev,2005-04-12,2024-09-25,True,4898,0.40853939322610633,0.025735562744035788,-0.6744384444010323,9.248323724894696,0.03713142508870204,-0.23548484750182241
236,2026-10-01T04:07:45+00:00,688c846,phase4,C,"{""atr"": 20, ""entry"": 55, ""exit"": 16, ""kind"": ""breakout"", ""max_weight"": 0.2, ""risk_per_trade"": 0.01, ""universe"": ""etf""}",dev,2005-04-12,2024-09-25,False,4898,0.5506526644724488,0.034687857356409314,-0.6795764404511161,9.2555364207091,0.0522362934140026,-0.20830098961572818
237,2026-10-01T04:07:46+00:00,688c846,phase4,C,"{""atr"": 24, ""entry"": 55, ""exit"": 16, ""kind"": ""breakout"", ""max_weight"": 0.2, ""risk_per_trade"": 0.01, ""universe"": ""etf""}",dev,2005-04-12,2024-09-25,True,4898,0.4085458945467595,0.025735972288741544,-0.6751687975054327,9.227865770378296,0.03712252277667849,-0.23548484750182253
238,2026-10-01T04:07:46+00:00,688c846,phase4,C,"{""atr"": 24, ""entry"": 55, ""exit"": 16, ""kind"": ""breakout"", ""max_weight"": 0.2, ""risk_per_trade"": 0.01, ""universe"": ""etf""}",dev,2005-04-12,2024-09-25,False,4898,0.5506987189037722,0.034690758512886805,-0.6802972601593381,9.235111269980623,0.052226989854311956,-0.20830098961572852
239,2026-10-01T04:07:46+00:00,688c846,phase4,C,"{""atr"": 16, ""entry"": 55, ""exit"": 20, ""kind"": ""breakout"", ""max_weight"": 0.2, ""risk_per_trade"": 0.01, ""universe"": ""etf""}",dev,2005-04-12,2024-09-25,True,4898,0.5672762288443908,0.03573504348097199,-0.6705995644667639,8.974848960568838,0.05555112989694355,-0.2367682531246219
240,2026-10-01T04:07:46+00:00,688c846,phase4,C,"{""atr"": 16, ""entry"": 55, ""exit"": 20, ""kind"": ""breakout"", ""max_weight"": 0.2, ""risk_per_trade"": 0.01, ""universe"": ""etf""}",dev,2005-04-12,2024-09-25,False,4898,0.6777232866271711,0.04269255414602002,-0.6727752660178998,8.980464419055162,0.06783435031469609,-0.2246801906287894
241,2026-10-01T04:07:47+00:00,688c846,phase4,C,"{""atr"": 20, ""entry"": 55, ""exit"": 20, ""kind"": ""breakout"", ""max_weight"": 0.2, ""risk_per_trade"": 0.01, ""universe"": ""etf""}",dev,2005-04-12,2024-09-25,True,4898,0.5673112807450021,0.035737251543162415,-0.6710715621916425,8.961992772678476,0.05554488415065295,-0.23676825312462146
242,2026-10-01T04:07:47+00:00,688c846,phase4,C,"{""atr"": 20, ""entry"": 55, ""exit"": 20, ""kind"": ""breakout"", ""max_weight"": 0.2, ""risk_per_trade"": 0.01, ""universe"": ""etf""}",dev,2005-04-12,2024-09-25,False,4898,0.6777785064009939,0.04269603266480546,-0.6732415058274005,8.967598461095218,0.06782783726848152,-0.22468019062878852
243,2026-10-01T04:07:47+00:00,688c846,phase4,C,"{""atr"": 24, ""entry"": 55, ""exit"": 20, ""kind"": ""breakout"", ""max_weight"": 0.2, ""risk_per_trade"": 0.01, ""universe"": ""etf""}",dev,2005-04-12,2024-09-25,True,4898,0.5673604825935271,0.03574035096828722,-0.6717365649735462,8.943990873341928,0.055536041732258346,-0.23676825312462202
244,2026-10-01T04:07:47+00:00,688c846,phase4,C,"{""atr"": 24, ""entry"": 55, ""exit"": 20, ""kind"": ""breakout"", ""max_weight"": 0.2, ""risk_per_trade"": 0.01, ""universe"": ""etf""}",dev,2005-04-12,2024-09-25,False,4898,0.677856165434808,0.04270092472410379,-0.6738983469016703,8.949582621773493,0.0678186163826584,-0.2246801906287894
245,2026-10-01T04:07:48+00:00,688c846,phase4,C,"{""atr"": 16, ""entry"": 55, ""exit"": 24, ""kind"": ""breakout"", ""max_weight"": 0.2, ""risk_per_trade"": 0.01, ""universe"": ""etf""}",dev,2005-04-12,2024-09-25,True,4898,0.5702280170802989,0.03592098866180863,-0.5699588357405051,7.399231675282498,0.056463584093234154,-0.25678039062034075
246,2026-10-01T04:07:48+00:00,688c846,phase4,C,"{""atr"": 16, ""entry"": 55, ""exit"": 24, ""kind"": ""breakout"", ""max_weight"": 0.2, ""risk_per_trade"": 0.01, ""universe"": ""etf""}",dev,2005-04-12,2024-09-25,False,4898,0.6669923619314759,0.04201656942976834,-0.5689535311529826,7.395987066214782,0.0673740724751628,-0.23568008912619032
247,2026-10-01T04:07:48+00:00,688c846,phase4,C,"{""atr"": 20, ""entry"": 55, ""exit"": 24, ""kind"": ""breakout"", ""max_weight"": 0.2, ""risk_per_trade"": 0.01, ""universe"": ""etf""}",dev,2005-04-12,2024-09-25,True,4898,0.5702617689809457,0.035923114831698806,-0.570360461245971,7.385879324856391,0.05645730894098011,-0.25678039062034297
248,2026-10-01T04:07:48+00:00,688c846,phase4,C,"{""atr"": 20, ""entry"": 55, ""exit"": 24, ""kind"": ""breakout"", ""max_weight"": 0.2, ""risk_per_trade"": 0.01, ""universe"": ""etf""}",dev,2005-04-12,2024-09-25,False,4898,0.6670430750893077,0.04201976405843076,-0.5693482380986162,7.3826470704529195,0.06736753729820255,-0.23568008912619054
249,2026-10-01T04:07:49+00:00,688c846,phase4,C,"{""atr"": 24, ""entry"": 55, ""exit"": 24, ""kind"": ""breakout"", ""max_weight"": 0.2, ""risk_per_trade"": 0.01, ""universe"": ""etf""}",dev,2005-04-12,2024-09-25,True,4898,0.5703091363859516,0.03592609869774395,-0.5709261236637857,7.367170592508893,0.05644842488658197,-0.2567803906203401
250,2026-10-01T04:07:49+00:00,688c846,phase4,C,"{""atr"": 24, ""entry"": 55, ""exit"": 24, ""kind"": ""breakout"", ""max_weight"": 0.2, ""risk_per_trade"": 0.01, ""universe"": ""etf""}",dev,2005-04-12,2024-09-25,False,4898,0.6671143733333572,0.0420242554256372,-0.5699041029717357,7.363955424410176,0.0673582850758252,-0.2356800891261941
251,2026-10-01T04:07:49+00:00,688c846,phase4,C,"{""atr"": 16, ""entry"": 66, ""exit"": 16, ""kind"": ""breakout"", ""max_weight"": 0.2, ""risk_per_trade"": 0.01, ""universe"": ""etf""}",dev,2005-04-12,2024-09-25,True,4898,0.45534173479403317,0.028683833138422342,-0.7149346426693662,8.630759209526532,0.04066828538526823,-0.2572908357122742
252,2026-10-01T04:07:49+00:00,688c846,phase4,C,"{""atr"": 16, ""entry"": 66, ""exit"": 16, ""kind"": ""breakout"", ""max_weight"": 0.2, ""risk_per_trade"": 0.01, ""universe"": ""etf""}",dev,2005-04-12,2024-09-25,False,4898,0.5986586222390095,0.037711948444499536,-0.718304781587457,8.638928647795401,0.05539254887820677,-0.2307678287742687
253,2026-10-01T04:07:50+00:00,688c846,phase4,C,"{""atr"": 20, ""entry"": 66, ""exit"": 16, ""kind"": ""breakout"", ""max_weight"": 0.2, ""risk_per_trade"": 0.01, ""universe"": ""etf""}",dev,2005-04-12,2024-09-25,True,4898,0.45534173479403317,0.028683833138422342,-0.7149346426693662,8.630759209526532,0.04066828538526823,-0.2572908357122742
254,2026-10-01T04:07:50+00:00,688c846,phase4,C,"{""atr"": 20, ""entry"": 66, ""exit"": 16, ""kind"": ""breakout"", ""max_weight"": 0.2, ""risk_per_trade"": 0.01, ""universe"": ""etf""}",dev,2005-04-12,2024-09-25,False,4898,0.5986586222390095,0.037711948444499536,-0.718304781587457,8.638928647795401,0.05539254887820677,-0.2307678287742687
255,2026-10-01T04:07:50+00:00,688c846,phase4,C,"{""atr"": 24, ""entry"": 66, ""exit"": 16, ""kind"": ""breakout"", ""max_weight"": 0.2, ""risk_per_trade"": 0.01, ""universe"": ""etf""}",dev,2005-04-12,2024-09-25,True,4898,0.45534173479403317,0.028683833138422342,-0.7149346426693662,8.630759209526532,0.04066828538526823,-0.2572908357122742
256,2026-10-01T04:07:50+00:00,688c846,phase4,C,"{""atr"": 24, ""entry"": 66, ""exit"": 16, ""kind"": ""breakout"", ""max_weight"": 0.2, ""risk_per_trade"": 0.01, ""universe"": ""etf""}",dev,2005-04-12,2024-09-25,False,4898,0.5986586222390095,0.037711948444499536,-0.718304781587457,8.638928647795401,0.05539254887820677,-0.2307678287742687
257,2026-10-01T04:07:51+00:00,688c846,phase4,C,"{""atr"": 16, ""entry"": 66, ""exit"": 20, ""kind"": ""breakout"", ""max_weight"": 0.2, ""risk_per_trade"": 0.01, ""universe"": ""etf""}",dev,2005-04-12,2024-09-25,True,4898,0.5906823787552256,0.03720949233367593,-0.6555385355371822,8.085754112528011,0.05580150445424992,-0.26836347170391783
258,2026-10-01T04:07:51+00:00,688c846,phase4,C,"{""atr"": 16, ""entry"": 66, ""exit"": 20, ""kind"": ""breakout"", ""max_weight"": 0.2, ""risk_per_trade"": 0.01, ""universe"": ""etf""}",dev,2005-04-12,2024-09-25,False,4898,0.7046876339800584,0.04439114836889866,-0.6565612012037965,8.090526787827843,0.06795340397600591,-0.2470519131370722
259,2026-10-01T04:07:51+00:00,688c846,phase4,C,"{""atr"": 20, ""entry"": 66, ""exit"": 20, ""kind"": ""breakout"", ""max_weight"": 0.2, ""risk_per_trade"": 0.01, ""universe"": ""etf""}",dev,2005-04-12,2024-09-25,True,4898,0.5906823787552256,0.03720949233367593,-0.6555385355371822,8.085754112528011,0.05580150445424992,-0.26836347170391783
260,2026-10-01T04:07:51+00:00,688c846,phase4,C,"{""atr"": 20, ""entry"": 66, ""exit"": 20, ""kind"": ""breakout"", ""max_weight"": 0.2, ""risk_per_trade"": 0.01, ""universe"": ""etf""}",dev,2005-04-12,2024-09-25,False,4898,0.7046876339800584,0.04439114836889866,-0.6565612012037965,8.090526787827843,0.06795340397600591,-0.2470519131370722
261,2026-10-01T04:07:52+00:00,688c846,phase4,C,"{""atr"": 24, ""entry"": 66, ""exit"": 20, ""kind"": ""breakout"", ""max_weight"": 0.2, ""risk_per_trade"": 0.01, ""universe"": ""etf""}",dev,2005-04-12,2024-09-25,True,4898,0.5906823787552256,0.03720949233367593,-0.6555385355371822,8.085754112528011,0.05580150445424992,-0.26836347170391783
262,2026-10-01T04:07:52+00:00,688c846,phase4,C,"{""atr"": 24, ""entry"": 66, ""exit"": 20, ""kind"": ""breakout"", ""max_weight"": 0.2, ""risk_per_trade"": 0.01, ""universe"": ""etf""}",dev,2005-04-12,2024-09-25,False,4898,0.7046876339800584,0.04439114836889866,-0.6565612012037965,8.090526787827843,0.06795340397600591,-0.2470519131370722
263,2026-10-01T04:07:52+00:00,688c846,phase4,C,"{""atr"": 16, ""entry"": 66, ""exit"": 24, ""kind"": ""breakout"", ""max_weight"": 0.2, ""risk_per_trade"": 0.01, ""universe"": ""etf""}",dev,2005-04-12,2024-09-25,True,4898,0.6253490144399665,0.03939328511494026,-0.6090072810511751,7.121892218136475,0.06092280269070516,-0.27478895691549643
264,2026-10-01T04:07:52+00:00,688c846,phase4,C,"{""atr"": 16, ""entry"": 66, ""exit"": 24, ""kind"": ""breakout"", ""max_weight"": 0.2, ""risk_per_trade"": 0.01, ""universe"": ""etf""}",dev,2005-04-12,2024-09-25,False,4898,0.7235641728307055,0.04558025854538583,-0.6077082792617995,7.116665343041317,0.07173567990221574,-0.25398576106665216
265,2026-10-01T04:07:53+00:00,688c846,phase4,C,"{""atr"": 20, ""entry"": 66, ""exit"": 24, ""kind"": ""breakout"", ""max_weight"": 0.2, ""risk_per_trade"": 0.01, ""universe"": ""etf""}",dev,2005-04-12,2024-09-25,True,4898,0.6253490144399665,0.03939328511494026,-0.6090072810511751,7.121892218136475,0.06092280269070516,-0.27478895691549643
266,2026-10-01T04:07:53+00:00,688c846,phase4,C,"{""atr"": 20, ""entry"": 66, ""exit"": 24, ""kind"": ""breakout"", ""max_weight"": 0.2, ""risk_per_trade"": 0.01, ""universe"": ""etf""}",dev,2005-04-12,2024-09-25,False,4898,0.7235641728307055,0.04558025854538583,-0.6077082792617995,7.116665343041317,0.07173567990221574,-0.25398576106665216
267,2026-10-01T04:07:53+00:00,688c846,phase4,C,"{""atr"": 24, ""entry"": 66, ""exit"": 24, ""kind"": ""breakout"", ""max_weight"": 0.2, ""risk_per_trade"": 0.01, ""universe"": ""etf""}",dev,2005-04-12,2024-09-25,True,4898,0.6253490144399665,0.03939328511494026,-0.6090072810511751,7.121892218136475,0.06092280269070516,-0.27478895691549643
268,2026-10-01T04:07:53+00:00,688c846,phase4,C,"{""atr"": 24, ""entry"": 66, ""exit"": 24, ""kind"": ""breakout"", ""max_weight"": 0.2, ""risk_per_trade"": 0.01, ""universe"": ""etf""}",dev,2005-04-12,2024-09-25,False,4898,0.7235641728307055,0.04558025854538583,-0.6077082792617995,7.116665343041317,0.07173567990221574,-0.25398576106665216
269,2026-10-01T04:07:53+00:00,688c846,phase4,C,"{""atr"": 16, ""entry"": 66, ""exit"": 24, ""kind"": ""breakout"", ""max_weight"": 0.2, ""risk_per_trade"": 0.01, ""universe"": ""etf""}",wf_test_2016,2016-01-07,2016-12-30,True,249,0.07328016288953718,0.004616216358095708,-0.46759224614842837,4.337367198644581,0.0026584317457551965,-0.10691920410384448
270,2026-10-01T04:07:53+00:00,688c846,phase4,C,"{""atr"": 16, ""entry"": 66, ""exit"": 24, ""kind"": ""breakout"", ""max_weight"": 0.2, ""risk_per_trade"": 0.01, ""universe"": ""etf""}",wf_test_2016,2016-01-07,2016-12-30,False,249,0.25943788942352825,0.016343050859098335,-0.4540803115152645,4.362579078809623,0.018102844982561095,-0.09652557876163359
271,2026-10-01T04:07:53+00:00,688c846,phase4,C,"{""atr"": 16, ""entry"": 66, ""exit"": 24, ""kind"": ""breakout"", ""max_weight"": 0.2, ""risk_per_trade"": 0.01, ""universe"": ""etf""}",wf_test_2017,2017-01-10,2017-12-29,True,246,1.1844830829349864,0.07461542070497781,-0.4516610529702177,4.507797012297906,0.06154243036467322,-0.041686575345733945
272,2026-10-01T04:07:53+00:00,688c846,phase4,C,"{""atr"": 16, ""entry"": 66, ""exit"": 24, ""kind"": ""breakout"", ""max_weight"": 0.2, ""risk_per_trade"": 0.01, ""universe"": ""etf""}",wf_test_2017,2017-01-10,2017-12-29,False,246,1.3544097982171046,0.08531979760361029,-0.4580096029622334,4.497409076996018,0.07084620313549084,-0.03736786330849706
273,2026-10-01T04:07:53+00:00,688c846,phase4,C,"{""atr"": 16, ""entry"": 66, ""exit"": 24, ""kind"": ""breakout"", ""max_weight"": 0.2, ""risk_per_trade"": 0.01, ""universe"": ""etf""}",wf_test_2018,2018-02-05,2018-12-31,True,228,-1.3019760956065716,-0.08201678480775818,-0.9288887470296342,7.571247452755643,-0.09316280719962378,-0.09750984574511434
274,2026-10-01T04:07:53+00:00,688c846,phase4,C,"{""atr"": 16, ""entry"": 66, ""exit"": 24, ""kind"": ""breakout"", ""max_weight"": 0.2, ""risk_per_trade"": 0.01, ""universe"": ""etf""}",wf_test_2018,2018-02-05,2018-12-31,False,228,-1.1312475734287895,-0.07126189882232992,-0.9299423335183057,7.552127611734257,-0.08198788545836178,-0.09151663344202376
275,2026-10-01T04:07:53+00:00,688c846,phase4,C,"{""atr"": 16, ""entry"": 66, ""exit"": 24, ""kind"": ""breakout"", ""max_weight"": 0.2, ""risk_per_trade"": 0.01, ""universe"": ""etf""}",wf_test_2019,2019-01-25,2019-12-31,True,236,1.7487843129157685,0.11016305687300199,-0.3727410000488411,3.4176708220707823,0.1319049488944779,-0.0462397932055838
276,2026-10-01T04:07:53+00:00,688c846,phase4,C,"{""atr"": 16, ""entry"": 66, ""exit"": 24, ""kind"": ""breakout"", ""max_weight"": 0.2, ""risk_per_trade"": 0.01, ""universe"": ""etf""}",wf_test_2019,2019-01-25,2019-12-31,False,236,1.8533161938864124,0.1167479464236241,-0.37558079839960945,3.395479821727664,0.14068873110497004,-0.04506660048730893
277,2026-10-01T04:07:53+00:00,688c846,phase4,C,"{""atr"": 16, ""entry"": 66, ""exit"": 24, ""kind"": ""breakout"", ""max_weight"": 0.2, ""risk_per_trade"": 0.01, ""universe"": ""etf""}",wf_test_2020,2020-01-24,2020-12-31,True,238,1.4559928824507147,0.09171893042011167,-1.0029763466593071,7.170375093013664,0.21686960350575157,-0.08747988575416521
278,2026-10-01T04:07:53+00:00,688c846,phase4,C,"{""atr"": 16, ""entry"": 66, ""exit"": 24, ""kind"": ""breakout"", ""max_weight"": 0.2, ""risk_per_trade"": 0.01, ""universe"": ""etf""}",wf_test_2020,2020-01-24,2020-12-31,False,238,1.5053979783646554,0.09483115892695883,-1.0028066017476776,7.170670844350267,0.2256504352906461,-0.08588399956653148
279,2026-10-01T04:07:53+00:00,688c846,phase4,C,"{""atr"": 16, ""entry"": 66, ""exit"": 24, ""kind"": ""breakout"", ""max_weight"": 0.2, ""risk_per_trade"": 0.01, ""universe"": ""etf""}",wf_test_2021,2021-01-27,2021-12-31,True,236,0.5282883805929534,0.033279039894618945,-0.9639985184555224,7.027216425698856,0.04806901174350808,-0.06885113941815935
280,2026-10-01T04:07:53+00:00,688c846,phase4,C,"{""atr"": 16, ""entry"": 66, ""exit"": 24, ""kind"": ""breakout"", ""max_weight"": 0.2, ""risk_per_trade"": 0.01, ""universe"": ""etf""}",wf_test_2021,2021-01-27,2021-12-31,False,236,0.6435539096823598,0.04054008572102016,-0.9227762057455474,6.879968939333839,0.059817165812212414,-0.06539527681600532
281,2026-10-01T04:07:54+00:00,688c846,phase4,C,"{""atr"": 16, ""entry"": 66, ""exit"": 24, ""kind"": ""breakout"", ""max_weight"": 0.2, ""risk_per_trade"": 0.01, ""universe"": ""etf""}",wf_test_2022,2022-01-03,2022-12-30,True,251,-0.17921301221184155,-0.011289358619507481,-0.9277877929293219,5.676989720493334,-0.027130407187747174,-0.15934161347882347
282,2026-10-01T04:07:54+00:00,688c846,phase4,C,"{""atr"": 16, ""entry"": 66, ""exit"": 24, ""kind"": ""breakout"", ""max_weight"": 0.2, ""risk_per_trade"": 0.01, ""universe"": ""etf""}",wf_test_2022,2022-01-03,2022-12-30,False,251,-0.10241481791982715,-0.006451527113900572,-0.9321624251102448,5.697588187069895,-0.018402810543864834,-0.15293070577441692
283,2026-10-01T04:07:54+00:00,688c846,phase4,C,"{""atr"": 16, ""entry"": 66, ""exit"": 24, ""kind"": ""breakout"", ""max_weight"": 0.2, ""risk_per_trade"": 0.01, ""universe"": ""etf""}",wf_test_2023,2023-01-04,2023-12-29,True,249,1.2841558719723956,0.08089421623529186,-0.08638274654350436,5.542822928684692,0.10968550797769194,-0.07494643481788732
284,2026-10-01T04:07:54+00:00,688c846,phase4,C,"{""atr"": 16, ""entry"": 66, ""exit"": 24, ""kind"": ""breakout"", ""max_weight"": 0.2, ""risk_per_trade"": 0.01, ""universe"": ""etf""}",wf_test_2023,2023-01-04,2023-12-29,False,249,1.3873044912198647,0.08739196848787503,-0.09247702253416722,5.547334902380772,0.1193222161566625,-0.07212976243935021
285,2026-10-01T04:07:54+00:00,688c846,phase4,C,"{""atr"": 16, ""entry"": 66, ""exit"": 24, ""kind"": ""breakout"", ""max_weight"": 0.2, ""risk_per_trade"": 0.01, ""universe"": ""etf""}",wf_test_2024,2024-02-13,2024-09-25,True,156,2.0075993941006445,0.12646687450081565,-0.5012861961862909,4.2099992172122205,0.13369080991330518,-0.04173880909570593
286,2026-10-01T04:07:54+00:00,688c846,phase4,C,"{""atr"": 16, ""entry"": 66, ""exit"": 24, ""kind"": ""breakout"", ""max_weight"": 0.2, ""risk_per_trade"": 0.01, ""universe"": ""etf""}",wf_test_2024,2024-02-13,2024-09-25,False,156,2.097593426312849,0.1321359656606592,-0.505549693775429,4.16949715619445,0.1406932113292223,-0.04065890591535515
287,2026-10-01T04:07:55+00:00,688c846,phase4,C_stocks,"{""atr"": 20, ""entry"": 44, ""exit"": 16, ""kind"": ""breakout"", ""max_weight"": 0.2, ""risk_per_trade"": 0.01, ""universe"": ""stocks""}",dev,2005-03-08,2024-09-25,True,4922,0.47205832253009433,0.02973687918411782,0.02666633706028402,16.729121837853857,0.08643807079756916,-0.6246938141464888
288,2026-10-01T04:07:55+00:00,688c846,phase4,C_stocks,"{""atr"": 20, ""entry"": 44, ""exit"": 16, ""kind"": ""breakout"", ""max_weight"": 0.2, ""risk_per_trade"": 0.01, ""universe"": ""stocks""}",dev,2005-03-08,2024-09-25,False,4922,0.5401671668702578,0.034027333093834045,0.024291944491602577,16.601847441554188,0.10373803883291521,-0.6108885588710269
289,2026-10-01T04:07:56+00:00,688c846,phase4,C_stocks,"{""atr"": 20, ""entry"": 44, ""exit"": 20, ""kind"": ""breakout"", ""max_weight"": 0.2, ""risk_per_trade"": 0.01, ""universe"": ""stocks""}",dev,2005-03-08,2024-09-25,True,4922,0.596002299997113,0.03754461587178269,-0.0036738217103089344,16.806303801794957,0.11630129558974311,-0.5670979273997117
290,2026-10-01T04:07:56+00:00,688c846,phase4,C_stocks,"{""atr"": 20, ""entry"": 44, ""exit"": 20, ""kind"": ""breakout"", ""max_weight"": 0.2, ""risk_per_trade"": 0.01, ""universe"": ""stocks""}",dev,2005-03-08,2024-09-25,False,4922,0.6544825055864719,0.041228522552958245,-0.005055899086725671,16.69321270994533,0.1312104825393574,-0.5556021685592156
291,2026-10-01T04:07:58+00:00,688c846,phase4,C_stocks,"{""atr"": 20, ""entry"": 44, ""exit"": 24, ""kind"": ""breakout"", ""max_weight"": 0.2, ""risk_per_trade"": 0.01, ""universe"": ""stocks""}",dev,2005-03-08,2024-09-25,True,4922,0.5893019253880787,0.03712253194543801,-0.2824125129252076,6.96118856587235,0.11280699996395582,-0.597531310460024
292,2026-10-01T04:07:58+00:00,688c846,phase4,C_stocks,"{""atr"": 20, ""entry"": 44, ""exit"": 24, ""kind"": ""breakout"", ""max_weight"": 0.2, ""risk_per_trade"": 0.01, ""universe"": ""stocks""}",dev,2005-03-08,2024-09-25,False,4922,0.6391379239213089,0.040261904765854846,-0.28268907560813716,6.967378122202584,0.12522303164490656,-0.5886591083679331
293,2026-10-01T04:07:59+00:00,688c846,phase4,C_stocks,"{""atr"": 20, ""entry"": 55, ""exit"": 16, ""kind"": ""breakout"", ""max_weight"": 0.2, ""risk_per_trade"": 0.01, ""universe"": ""stocks""}",dev,2005-03-23,2024-09-25,True,4911,0.5856475689231315,0.03689232912619441,-0.06146768921406347,13.069284693073712,0.1131979076976597,-0.5954452161005854
294,2026-10-01T04:07:59+00:00,688c846,phase4,C_stocks,"{""atr"": 20, ""entry"": 55, ""exit"": 16, ""kind"": ""breakout"", ""max_weight"": 0.2, ""risk_per_trade"": 0.01, ""universe"": ""stocks""}",dev,2005-03-23,2024-09-25,False,4911,0.6537534928917978,0.04118259906979832,-0.05838196931009665,13.127242501163128,0.13048399429598656,-0.5821778871686747
295,2026-10-01T04:08:00+00:00,688c846,phase4,C_stocks,"{""atr"": 20, ""entry"": 55, ""exit"": 20, ""kind"": ""breakout"", ""max_weight"": 0.2, ""risk_per_trade"": 0.01, ""universe"": ""stocks""}",dev,2005-03-23,2024-09-25,True,4911,0.5876260113792697,0.03701695928624664,-0.0053435902453628364,11.928650371320359,0.11116918189876368,-0.5929847439227991
296,2026-10-01T04:08:00+00:00,688c846,phase4,C_stocks,"{""atr"": 20, ""entry"": 55, ""exit"": 20, ""kind"": ""breakout"", ""max_weight"": 0.2, ""risk_per_trade"": 0.01, ""universe"": ""stocks""}",dev,2005-03-23,2024-09-25,False,4911,0.6474087786519978,0.04078291964079163,-0.0027099310812675366,11.973160089385145,0.12589543280824356,-0.5812331757917577
297,2026-10-01T04:08:01+00:00,688c846,phase4,C_stocks,"{""atr"": 20, ""entry"": 55, ""exit"": 24, ""kind"": ""breakout"", ""max_weight"": 0.2, ""risk_per_trade"": 0.01, ""universe"": ""stocks""}",dev,2005-03-23,2024-09-25,True,4911,0.7410813191850979,0.04668373504379641,-0.08201794640247306,5.256907508128579,0.1504970901495566,-0.5569944253281527
298,2026-10-01T04:08:01+00:00,688c846,phase4,C_stocks,"{""atr"": 20, ""entry"": 55, ""exit"": 24, ""kind"": ""breakout"", ""max_weight"": 0.2, ""risk_per_trade"": 0.01, ""universe"": ""stocks""}",dev,2005-03-23,2024-09-25,False,4911,0.7900321789339849,0.049767349361852516,-0.08286599591399756,5.247912440618752,0.16298487264899486,-0.5473866347965928
299,2026-10-01T04:08:03+00:00,688c846,phase4,C_stocks,"{""atr"": 20, ""entry"": 66, ""exit"": 16, ""kind"": ""breakout"", ""max_weight"": 0.2, ""risk_per_trade"": 0.01, ""universe"": ""stocks""}",dev,2005-04-08,2024-09-25,True,4900,0.6728480128648532,0.042385440766294996,0.0432326881557407,17.681587229728663,0.1358678278167207,-0.59735821864303
300,2026-10-01T04:08:03+00:00,688c846,phase4,C_stocks,"{""atr"": 20, ""entry"": 66, ""exit"": 16, ""kind"": ""breakout"", ""max_weight"": 0.2, ""risk_per_trade"": 0.01, ""universe"": ""stocks""}",dev,2005-04-08,2024-09-25,False,4900,0.7413514496305572,0.04670075166237337,0.04322607097863197,17.65444571206838,0.15364153659995217,-0.5834721935962888
301,2026-10-01T04:08:04+00:00,688c846,phase4,C_stocks,"{""atr"": 20, ""entry"": 66, ""exit"": 20, ""kind"": ""breakout"", ""max_weight"": 0.2, ""risk_per_trade"": 0.01, ""universe"": ""stocks""}",dev,2005-04-08,2024-09-25,True,4900,0.6665493720146953,0.04198866368802761,-0.028865454674926978,13.281582336168544,0.12947708096845578,-0.5059794305305225
302,2026-10-01T04:08:04+00:00,688c846,phase4,C_stocks,"{""atr"": 20, ""entry"": 66, ""exit"": 20, ""kind"": ""breakout"", ""max_weight"": 0.2, ""risk_per_trade"": 0.01, ""universe"": ""stocks""}",dev,2005-04-08,2024-09-25,False,4900,0.7243690183119533,0.04563095904508145,-0.025333221642823034,13.320671145246001,0.14379345077298678,-0.49390194087056294
303,2026-10-01T04:08:05+00:00,688c846,phase4,C_stocks,"{""atr"": 20, ""entry"": 66, ""exit"": 24, ""kind"": ""breakout"", ""max_weight"": 0.2, ""risk_per_trade"": 0.01, ""universe"": ""stocks""}",dev,2005-04-08,2024-09-25,True,4900,0.626223990267953,0.039448403411227045,-0.1943986743650456,6.479861186652498,0.11810042596947712,-0.5451807504904739
304,2026-10-01T04:08:05+00:00,688c846,phase4,C_stocks,"{""atr"": 20, ""entry"": 66, ""exit"": 24, ""kind"": ""breakout"", ""max_weight"": 0.2, ""risk_per_trade"": 0.01, ""universe"": ""stocks""}",dev,2005-04-08,2024-09-25,False,4900,0.677940861293965,0.04270626006173252,-0.19198479064107052,6.475540913081857,0.13057864712066536,-0.5370726832593221
305,2026-10-01T04:08:05+00:00,688c846,phase4,C_stocks,"{""atr"": 20, ""entry"": 55, ""exit"": 24, ""kind"": ""breakout"", ""max_weight"": 0.2, ""risk_per_trade"": 0.01, ""universe"": ""stocks""}",wf_test_2016,2016-01-04,2016-12-30,True,252,0.3561539959688099,0.022435592899413614,0.187006433267205,4.465757166309696,0.050630035492467584,-0.16231781236140064
306,2026-10-01T04:08:05+00:00,688c846,phase4,C_stocks,"{""atr"": 20, ""entry"": 55, ""exit"": 24, ""kind"": ""breakout"", ""max_weight"": 0.2, ""risk_per_trade"": 0.01, ""universe"": ""stocks""}",wf_test_2016,2016-01-04,2016-12-30,False,252,0.4250356849845698,0.02677473144755147,0.18298689188126882,4.466814735849873,0.06427648172644895,-0.1578774944478364
307,2026-10-01T04:08:05+00:00,688c846,phase4,C_stocks,"{""atr"": 20, ""entry"": 55, ""exit"": 24, ""kind"": ""breakout"", ""max_weight"": 0.2, ""risk_per_trade"": 0.01, ""universe"": ""stocks""}",wf_test_2017,2017-01-03,2017-12-29,True,251,1.5558042156397756,0.09800645341163698,-0.33696674217413913,7.744674239964876,0.19697205016221675,-0.06596292904051249
308,2026-10-01T04:08:05+00:00,688c846,phase4,C_stocks,"{""atr"": 20, ""entry"": 55, ""exit"": 24, ""kind"": ""breakout"", ""max_weight"": 0.2, ""risk_per_trade"": 0.01, ""universe"": ""stocks""}",wf_test_2017,2017-01-03,2017-12-29,False,251,1.6116628828351496,0.1015252186965532,-0.338905087812274,7.768553178221209,0.2050428064178762,-0.06416091830988946
309,2026-10-01T04:08:05+00:00,688c846,phase4,C_stocks,"{""atr"": 20, ""entry"": 55, ""exit"": 24, ""kind"": ""breakout"", ""max_weight"": 0.2, ""risk_per_trade"": 0.01, ""universe"": ""stocks""}",wf_test_2018,2018-01-12,2018-12-31,True,243,1.4729944522487648,0.09278992864828661,0.11804679321724662,5.193761385372986,0.32505594590302533,-0.1942941785366492
310,2026-10-01T04:08:05+00:00,688c846,phase4,C_stocks,"{""atr"": 20, ""entry"": 55, ""exit"": 24, ""kind"": ""breakout"", ""max_weight"": 0.2, ""risk_per_trade"": 0.01, ""universe"": ""stocks""}",wf_test_2018,2018-01-12,2018-12-31,False,243,1.5262139523652218,0.09614244203417514,0.11903551079334303,5.2185920126310466,0.33983625596411104,-0.19007683511324536
311,2026-10-01T04:08:06+00:00,688c846,phase4,C_stocks,"{""atr"": 20, ""entry"": 55, ""exit"": 24, ""kind"": ""breakout"", ""max_weight"": 0.2, ""risk_per_trade"": 0.01, ""universe"": ""stocks""}",wf_test_2019,2019-01-04,2019-12-31,True,250,0.6740072032909309,0.04245846289937996,-0.2354631024825666,3.7905785912390497,0.08278494288105542,-0.1114861560918381
312,2026-10-01T04:08:06+00:00,688c846,phase4,C_stocks,"{""atr"": 20, ""entry"": 55, ""exit"": 24, ""kind"": ""breakout"", ""max_weight"": 0.2, ""risk_per_trade"": 0.01, ""universe"": ""stocks""}",wf_test_2019,2019-01-04,2019-12-31,False,250,0.7535012624150816,0.04746611792675062,-0.23697644366406262,3.7789579677234695,0.09414064956521795,-0.10793949050420382
313,2026-10-01T04:08:06+00:00,688c846,phase4,C_stocks,"{""atr"": 20, ""entry"": 55, ""exit"": 24, ""kind"": ""breakout"", ""max_weight"": 0.2, ""risk_per_trade"": 0.01, ""universe"": ""stocks""}",wf_test_2020,2020-01-27,2020-12-31,True,237,0.7894269978718708,0.04972922653831633,-0.24682432282750702,3.9064183428369206,0.21748555006541537,-0.22184143692676161
314,2026-10-01T04:08:06+00:00,688c846,phase4,C_stocks,"{""atr"": 20, ""entry"": 55, ""exit"": 24, ""kind"": ""breakout"", ""max_weight"": 0.2, ""risk_per_trade"": 0.01, ""universe"": ""stocks""}",wf_test_2020,2020-01-27,2020-12-31,False,237,0.8244050628812902,0.051932637523010944,-0.24947674061744857,3.9037563542437055,0.2303834274906078,-0.21943830469982661
315,2026-10-01T04:08:06+00:00,688c846,phase4,C_stocks,"{""atr"": 20, ""entry"": 55, ""exit"": 24, ""kind"": ""breakout"", ""max_weight"": 0.2, ""risk_per_trade"": 0.01, ""universe"": ""stocks""}",wf_test_2021,2021-01-27,2021-12-31,True,236,1.1674499593775816,0.07354243477679856,-0.42443677495046944,4.454465038376875,0.3043391704964489,-0.13603075279874954
316,2026-10-01T04:08:06+00:00,688c846,phase4,C_stocks,"{""atr"": 20, ""entry"": 55, ""exit"": 24, ""kind"": ""breakout"", ""max_weight"": 0.2, ""risk_per_trade"": 0.01, ""universe"": ""stocks""}",wf_test_2021,2021-01-27,2021-12-31,False,236,1.2088184009029046,0.07614840164352052,-0.4224217973855289,4.477204873957676,0.3183253047398735,-0.13541546342959687
317,2026-10-01T04:08:06+00:00,688c846,phase4,C_stocks,"{""atr"": 20, ""entry"": 55, ""exit"": 24, ""kind"": ""breakout"", ""max_weight"": 0.2, ""risk_per_trade"": 0.01, ""universe"": ""stocks""}",wf_test_2022,2022-01-18,2022-12-30,True,241,-0.6143692825923472,-0.03870162702134559,-0.29016758805886533,3.97091460615571,-0.12807126929840595,-0.2581301155527467
318,2026-10-01T04:08:06+00:00,688c846,phase4,C_stocks,"{""atr"": 20, ""entry"": 55, ""exit"": 24, ""kind"": ""breakout"", ""max_weight"": 0.2, ""risk_per_trade"": 0.01, ""universe"": ""stocks""}",wf_test_2022,2022-01-18,2022-12-30,False,241,-0.5549889925930788,-0.034961020351894155,-0.2909975753431494,3.9663930667624583,-0.11780147584258172,-0.25223052316904016
319,2026-10-01T04:08:06+00:00,688c846,phase4,C_stocks,"{""atr"": 20, ""entry"": 55, ""exit"": 24, ""kind"": ""breakout"", ""max_weight"": 0.2, ""risk_per_trade"": 0.01, ""universe"": ""stocks""}",wf_test_2023,2023-01-09,2023-12-29,True,246,-0.12594078837106934,-0.007933523951172972,-0.43773959174722377,3.562938267995936,-0.036955123361258946,-0.12723689958121975
320,2026-10-01T04:08:06+00:00,688c846,phase4,C_stocks,"{""atr"": 20, ""entry"": 55, ""exit"": 24, ""kind"": ""breakout"", ""max_weight"": 0.2, ""risk_per_trade"": 0.01, ""universe"": ""stocks""}",wf_test_2023,2023-01-09,2023-12-29,False,246,-0.04958403493015323,-0.00312350060534108,-0.4357208584208705,3.56739340072335,-0.02395081872972815,-0.12224959865567842
321,2026-10-01T04:08:06+00:00,688c846,phase4,C_stocks,"{""atr"": 20, ""entry"": 55, ""exit"": 24, ""kind"": ""breakout"", ""max_weight"": 0.2, ""risk_per_trade"": 0.01, ""universe"": ""stocks""}",wf_test_2024,2024-01-05,2024-09-25,True,182,-0.31571488347697574,-0.019888168259090785,-0.9974397574387845,6.247747541969291,-0.05371013285887649,-0.12262565237981415
322,2026-10-01T04:08:06+00:00,688c846,phase4,C_stocks,"{""atr"": 20, ""entry"": 55, ""exit"": 24, ""kind"": ""breakout"", ""max_weight"": 0.2, ""risk_per_trade"": 0.01, ""universe"": ""stocks""}",wf_test_2024,2024-01-05,2024-09-25,False,182,-0.25243259894324066,-0.015901759038321927,-0.994916150330812,6.268159311290013,-0.045128479810099265,-0.11950401994860171
323,2026-10-01T04:08:07+00:00,688c846,phase4,D,"{""kind"": ""momentum"", ""lookback"": 202, ""skip"": 17, ""top_frac"": 0.1, ""universe"": ""stocks""}",dev,2005-11-01,2024-09-25,True,4756,0.8459330740190675,0.053288774753782076,-0.47821851645241487,8.77755973055655,0.18923137509632437,-0.6037523651490662
324,2026-10-01T04:08:07+00:00,688c846,phase4,D,"{""kind"": ""momentum"", ""lookback"": 202, ""skip"": 17, ""top_frac"": 0.1, ""universe"": ""stocks""}",dev,2005-11-01,2024-09-25,False,4756,0.896679591416008,0.0564855048712801,-0.47833633093545663,8.775389442959005,0.20370771111913988,-0.5973115793879589
325,2026-10-01T04:08:08+00:00,688c846,phase4,D,"{""kind"": ""momentum"", ""lookback"": 202, ""skip"": 21, ""top_frac"": 0.1, ""universe"": ""stocks""}",dev,2005-11-01,2024-09-25,True,4756,0.826264094543309,0.05204974551008468,-0.47882761825092046,9.214207028399136,0.18541959888453885,-0.5953591423935474
326,2026-10-01T04:08:08+00:00,688c846,phase4,D,"{""kind"": ""momentum"", ""lookback"": 202, ""skip"": 21, ""top_frac"": 0.1, ""universe"": ""stocks""}",dev,2005-11-01,2024-09-25,False,4756,0.8768932494766579,0.05523908248729897,-0.47915351406467244,9.214229946401918,0.199972743748128,-0.5890146638462362
327,2026-10-01T04:08:09+00:00,688c846,phase4,D,"{""kind"": ""momentum"", ""lookback"": 202, ""skip"": 25, ""top_frac"": 0.1, ""universe"": ""stocks""}",dev,2005-11-01,2024-09-25,True,4756,0.8312074897356658,0.05236115013654393,-0.4830397258927724,9.231138066691976,0.18730617979445796,-0.6042074382007442
328,2026-10-01T04:08:09+00:00,688c846,phase4,D,"{""kind"": ""momentum"", ""lookback"": 202, ""skip"": 25, ""top_frac"": 0.1, ""universe"": ""stocks""}",dev,2005-11-01,2024-09-25,False,4756,0.8818797174337665,0.055553200442896626,-0.4828135522471306,9.228675017518421,0.20194120548938366,-0.5979895947133452
329,2026-10-01T04:08:10+00:00,688c846,phase4,D,"{""kind"": ""momentum"", ""lookback"": 252, ""skip"": 17, ""top_frac"": 0.1, ""universe"": ""stocks""}",dev,2006-01-03,2024-09-25,True,4714,0.791270243854889,0.04984534012108264,-0.4517642029478998,9.536764136706076,0.17493394412665864,-0.5727161459408776
330,2026-10-01T04:08:10+00:00,688c846,phase4,D,"{""kind"": ""momentum"", ""lookback"": 252, ""skip"": 17, ""top_frac"": 0.1, ""universe"": ""stocks""}",dev,2006-01-03,2024-09-25,False,4714,0.836533046801037,0.052696628698159526,-0.45208317978979995,9.535798012456931,0.18776434487336924,-0.5662927311860066
331,2026-10-01T04:08:11+00:00,688c846,phase4,D,"{""kind"": ""momentum"", ""lookback"": 252, ""skip"": 21, ""top_frac"": 0.1, ""universe"": ""stocks""}",dev,2006-01-03,2024-09-25,True,4714,0.7719211744416795,0.048626463317085526,-0.4567714442395625,9.49789709199792,0.17012484203868228,-0.5801549406499387
332,2026-10-01T04:08:11+00:00,688c846,phase4,D,"{""kind"": ""momentum"", ""lookback"": 252, ""skip"": 21, ""top_frac"": 0.1, ""universe"": ""stocks""}",dev,2006-01-03,2024-09-25,False,4714,0.8176698989750745,0.051508362076937014,-0.4573229878017584,9.498531892404456,0.1830945349785107,-0.574073602648957
333,2026-10-01T04:08:12+00:00,688c846,phase4,D,"{""kind"": ""momentum"", ""lookback"": 252, ""skip"": 25, ""top_frac"": 0.1, ""universe"": ""stocks""}",dev,2006-01-03,2024-09-25,True,4714,0.7722443285406388,0.04864682011187118,-0.4688455178036311,10.03386996157781,0.1710211632337928,-0.5975098863250652
334,2026-10-01T04:08:12+00:00,688c846,phase4,D,"{""kind"": ""momentum"", ""lookback"": 252, ""skip"": 25, ""top_frac"": 0.1, ""universe"": ""stocks""}",dev,2006-01-03,2024-09-25,False,4714,0.8178982886940218,0.051522749276897456,-0.46943242352930803,10.035773043671142,0.18403675133879682,-0.5917325201626491
335,2026-10-01T04:08:13+00:00,688c846,phase4,D,"{""kind"": ""momentum"", ""lookback"": 302, ""skip"": 17, ""top_frac"": 0.1, ""universe"": ""stocks""}",dev,2006-04-03,2024-09-25,True,4652,0.6995998316177361,0.044070646945790284,-0.44765043515748476,9.76348914368263,0.1514296876096919,-0.5934297677710859
336,2026-10-01T04:08:13+00:00,688c846,phase4,D,"{""kind"": ""momentum"", ""lookback"": 302, ""skip"": 17, ""top_frac"": 0.1, ""universe"": ""stocks""}",dev,2006-04-03,2024-09-25,False,4652,0.7415964566097606,0.0467161856513364,-0.4481878070600871,9.764382220310624,0.16328698491521831,-0.587571508218182
337,2026-10-01T04:08:14+00:00,688c846,phase4,D,"{""kind"": ""momentum"", ""lookback"": 302, ""skip"": 21, ""top_frac"": 0.1, ""universe"": ""stocks""}",dev,2006-04-03,2024-09-25,True,4652,0.6899597530446965,0.043463379076185873,-0.4490928854632406,9.802289722468172,0.14917917417608106,-0.5705034378394311
338,2026-10-01T04:08:14+00:00,688c846,phase4,D,"{""kind"": ""momentum"", ""lookback"": 302, ""skip"": 21, ""top_frac"": 0.1, ""universe"": ""stocks""}",dev,2006-04-03,2024-09-25,False,4652,0.7322309212599419,0.046126212379179146,-0.44954599387351085,9.802370539486132,0.1611360565347999,-0.56433364130742
339,2026-10-01T04:08:15+00:00,688c846,phase4,D,"{""kind"": ""momentum"", ""lookback"": 302, ""skip"": 25, ""top_frac"": 0.1, ""universe"": ""stocks""}",dev,2006-04-03,2024-09-25,True,4652,0.6886549872794556,0.043381186558709255,-0.44676702163140714,10.291226205141433,0.1494696716579429,-0.5983553344216755
340,2026-10-01T04:08:15+00:00,688c846,phase4,D,"{""kind"": ""momentum"", ""lookback"": 302, ""skip"": 25, ""top_frac"": 0.1, ""universe"": ""stocks""}",dev,2006-04-03,2024-09-25,False,4652,0.7303145770317895,0.04600549403979616,-0.4470949490497836,10.291746550978143,0.16131789505079008,-0.5926449735457867
341,2026-10-01T04:08:15+00:00,688c846,phase4,D,"{""kind"": ""momentum"", ""lookback"": 202, ""skip"": 21, ""top_frac"": 0.1, ""universe"": ""stocks""}",wf_test_2016,2016-01-04,2016-12-30,True,252,1.0515431412628282,0.06624099153897871,-0.5735053133138449,4.9042002029596095,0.16728401739141363,-0.13536902848557208
342,2026-10-01T04:08:15+00:00,688c846,phase4,D,"{""kind"": ""momentum"", ""lookback"": 202, ""skip"": 21, ""top_frac"": 0.1, ""universe"": ""stocks""}",wf_test_2016,2016-01-04,2016-12-30,False,252,1.132491399600376,0.07134025250623971,-0.5800835689622881,4.926748812695947,0.18208009397040903,-0.13468941265248746
343,2026-10-01T04:08:15+00:00,688c846,phase4,D,"{""kind"": ""momentum"", ""lookback"": 202, ""skip"": 17, ""top_frac"": 0.1, ""universe"": ""stocks""}",wf_test_2017,2017-01-03,2017-12-29,True,251,2.155409363988409,0.13577802739650544,-0.9934083794048209,6.7039147563801125,0.3545823591379109,-0.05975842311524726
344,2026-10-01T04:08:15+00:00,688c846,phase4,D,"{""kind"": ""momentum"", ""lookback"": 202, ""skip"": 17, ""top_frac"": 0.1, ""universe"": ""stocks""}",wf_test_2017,2017-01-03,2017-12-29,False,251,2.242163562259826,0.14124302820167112,-0.9918727448037802,6.727101749626349,0.3707465735958331,-0.05880705741237413
345,2026-10-01T04:08:15+00:00,688c846,phase4,D,"{""kind"": ""momentum"", ""lookback"": 202, ""skip"": 21, ""top_frac"": 0.1, ""universe"": ""stocks""}",wf_test_2018,2018-01-02,2018-12-31,True,251,0.3664761112617752,0.023085825043921298,-0.5303577308270591,4.929340967641838,0.06052896637141525,-0.26707259158863117
346,2026-10-01T04:08:15+00:00,688c846,phase4,D,"{""kind"": ""momentum"", ""lookback"": 202, ""skip"": 21, ""top_frac"": 0.1, ""universe"": ""stocks""}",wf_test_2018,2018-01-02,2018-12-31,False,251,0.41632632212716975,0.026226093157110913,-0.5284712330406816,4.933350121543016,0.0730959006720906,-0.26477337725030026
347,2026-10-01T04:08:15+00:00,688c846,phase4,D,"{""kind"": ""momentum"", ""lookback"": 202, ""skip"": 17, ""top_frac"": 0.1, ""universe"": ""stocks""}",wf_test_2019,2019-01-02,2019-12-31,True,252,2.2823793034303375,0.1437763817713691,-0.5477992212960889,4.235679615953643,0.3846932279114559,-0.064967241300114
348,2026-10-01T04:08:15+00:00,688c846,phase4,D,"{""kind"": ""momentum"", ""lookback"": 202, ""skip"": 17, ""top_frac"": 0.1, ""universe"": ""stocks""}",wf_test_2019,2019-01-02,2019-12-31,False,252,2.379251443603139,0.14987875300631726,-0.5435264693033786,4.260589560294454,0.4041409854454221,-0.06411553750202548
349,2026-10-01T04:08:16+00:00,688c846,phase4,D,"{""kind"": ""momentum"", ""lookback"": 202, ""skip"": 17, ""top_frac"": 0.1, ""universe"": ""stocks""}",wf_test_2020,2020-01-02,2020-12-31,True,253,1.0540218068977691,0.06639713279739146,-0.7498429848831069,9.860126381936475,0.39393478200224097,-0.3528690376656355
350,2026-10-01T04:08:16+00:00,688c846,phase4,D,"{""kind"": ""momentum"", ""lookback"": 202, ""skip"": 17, ""top_frac"": 0.1, ""universe"": ""stocks""}",wf_test_2020,2020-01-02,2020-12-31,False,253,1.082054294309069,0.06816301351931642,-0.7527386993567465,9.854660344976422,0.4091909506967415,-0.35231566248766155
351,2026-10-01T04:08:16+00:00,688c846,phase4,D,"{""kind"": ""momentum"", ""lookback"": 202, ""skip"": 17, ""top_frac"": 0.1, ""universe"": ""stocks""}",wf_test_2021,2021-01-04,2021-12-31,True,252,1.401258883543915,0.08827101257802898,-0.15943543993035972,2.8906792037775944,0.35485812344845025,-0.10669319900907903
352,2026-10-01T04:08:16+00:00,688c846,phase4,D,"{""kind"": ""momentum"", ""lookback"": 202, ""skip"": 17, ""top_frac"": 0.1, ""universe"": ""stocks""}",wf_test_2021,2021-01-04,2021-12-31,False,252,1.4558046279762993,0.09170707150290934,-0.15840355183519536,2.8937751951372865,0.37297359785526907,-0.10571168423669397
353,2026-10-01T04:08:16+00:00,688c846,phase4,D,"{""kind"": ""momentum"", ""lookback"": 202, ""skip"": 17, ""top_frac"": 0.1, ""universe"": ""stocks""}",wf_test_2022,2022-01-03,2022-12-30,True,251,-0.20580757706761185,-0.012964658734610971,-0.4038686923078235,3.509973220305824,-0.08112127423215143,-0.20982915907957755
354,2026-10-01T04:08:16+00:00,688c846,phase4,D,"{""kind"": ""momentum"", ""lookback"": 202, ""skip"": 17, ""top_frac"": 0.1, ""universe"": ""stocks""}",wf_test_2022,2022-01-03,2022-12-30,False,251,-0.15867109039196947,-0.009995339176966699,-0.40244505252316193,3.509256347999115,-0.07011385490864663,-0.20379675590172497
355,2026-10-01T04:08:16+00:00,688c846,phase4,D,"{""kind"": ""momentum"", ""lookback"": 202, ""skip"": 17, ""top_frac"": 0.1, ""universe"": ""stocks""}",wf_test_2023,2023-01-03,2023-12-29,True,250,1.606445957222976,0.10119658327326428,-0.3200724155502952,3.1230394404582653,0.3212937220924257,-0.1501504893734774
356,2026-10-01T04:08:16+00:00,688c846,phase4,D,"{""kind"": ""momentum"", ""lookback"": 202, ""skip"": 17, ""top_frac"": 0.1, ""universe"": ""stocks""}",wf_test_2023,2023-01-03,2023-12-29,False,250,1.6791592562579385,0.10577709056501627,-0.3073031588157466,3.1371105235015775,0.33845332715891185,-0.14759692579110573
357,2026-10-01T04:08:16+00:00,688c846,phase4,D,"{""kind"": ""momentum"", ""lookback"": 202, ""skip"": 17, ""top_frac"": 0.1, ""universe"": ""stocks""}",wf_test_2024,2024-01-02,2024-09-25,True,185,2.16379123124189,0.13630603540305464,-0.3334187667099565,3.8370478041722644,0.6800402643664927,-0.14932341381278647
358,2026-10-01T04:08:16+00:00,688c846,phase4,D,"{""kind"": ""momentum"", ""lookback"": 202, ""skip"": 17, ""top_frac"": 0.1, ""universe"": ""stocks""}",wf_test_2024,2024-01-02,2024-09-25,False,185,2.2124737902229583,0.13937274836139132,-0.3319027959138477,3.8290215895404045,0.7005482749215599,-0.14872301372963515
359,2026-10-01T04:08:21+00:00,688c846,phase4,E,"{""hold"": 48, ""kind"": ""pead"", ""max_abs_sue"": 50, ""max_positions"": 50, ""min_rank_pool"": 50, ""min_sue_sd"": 0.01, ""n_surprises"": 6, ""rank_window_days"": 365, ""top_frac"": 0.1, ""universe"": ""stocks""}",dev,2011-04-28,2024-09-25,True,3375,0.7182530586591763,0.045245689800563524,-1.4219182946485844,57.93330638162967,0.08381176186084072,-0.3463552731342808
360,2026-10-01T04:08:21+00:00,688c846,phase4,E,"{""hold"": 48, ""kind"": ""pead"", ""max_abs_sue"": 50, ""max_positions"": 50, ""min_rank_pool"": 50, ""min_sue_sd"": 0.01, ""n_surprises"": 6, ""rank_window_days"": 365, ""top_frac"": 0.1, ""universe"": ""stocks""}",dev,2011-04-28,2024-09-25,False,3375,0.7861063876999429,0.049520047759366026,-1.4267729503091322,57.89127070005817,0.09280344439968191,-0.34537176742114883
361,2026-10-01T04:08:25+00:00,688c846,phase4,E,"{""hold"": 48, ""kind"": ""pead"", ""max_abs_sue"": 50, ""max_positions"": 50, ""min_rank_pool"": 50, ""min_sue_sd"": 0.01, ""n_surprises"": 8, ""rank_window_days"": 365, ""top_frac"": 0.1, ""universe"": ""stocks""}",dev,2011-10-25,2024-09-25,True,3250,0.8073635343349084,0.05085912213029346,-1.4027831913405808,60.464202271164616,0.09215098996029392,-0.33025973921278795
362,2026-10-01T04:08:25+00:00,688c846,phase4,E,"{""hold"": 48, ""kind"": ""pead"", ""max_abs_sue"": 50, ""max_positions"": 50, ""min_rank_pool"": 50, ""min_sue_sd"": 0.01, ""n_surprises"": 8, ""rank_window_days"": 365, ""top_frac"": 0.1, ""universe"": ""stocks""}",dev,2011-10-25,2024-09-25,False,3250,0.8773836950116319,0.05526997765199333,-1.40707318049661,60.4017000291131,0.10114420993521267,-0.32929754811301537
363,2026-10-01T04:08:30+00:00,688c846,phase4,E,"{""hold"": 48, ""kind"": ""pead"", ""max_abs_sue"": 50, ""max_positions"": 50, ""min_rank_pool"": 50, ""min_sue_sd"": 0.01, ""n_surprises"": 10, ""rank_window_days"": 365, ""top_frac"": 0.1, ""universe"": ""stocks""}",dev,2012-04-19,2024-09-25,True,3129,0.801671390107824,0.05050055074811305,-1.4984351453203864,63.22947747020172,0.09264470948730219,-0.337568953990093
364,2026-10-01T04:08:30+00:00,688c846,phase4,E,"{""hold"": 48, ""kind"": ""pead"", ""max_abs_sue"": 50, ""max_positions"": 50, ""min_rank_pool"": 50, ""min_sue_sd"": 0.01, ""n_surprises"": 10, ""rank_window_days"": 365, ""top_frac"": 0.1, ""universe"": ""stocks""}",dev,2012-04-19,2024-09-25,False,3129,0.8704695582878519,0.054834427978140456,-1.5028449564848962,63.16649327339862,0.10160613320972667,-0.33662791510858014
365,2026-10-01T04:08:34+00:00,688c846,phase4,E,"{""hold"": 60, ""kind"": ""pead"", ""max_abs_sue"": 50, ""max_positions"": 50, ""min_rank_pool"": 50, ""min_sue_sd"": 0.01, ""n_surprises"": 6, ""rank_window_days"": 365, ""top_frac"": 0.1, ""universe"": ""stocks""}",dev,2011-04-28,2024-09-25,True,3375,0.8341871832412996,0.052548853184141577,-1.062389299566408,42.81891614771294,0.10686963356132928,-0.3439541600781062
366,2026-10-01T04:08:34+00:00,688c846,phase4,E,"{""hold"": 60, ""kind"": ""pead"", ""max_abs_sue"": 50, ""max_positions"": 50, ""min_rank_pool"": 50, ""min_sue_sd"": 0.01, ""n_surprises"": 6, ""rank_window_days"": 365, ""top_frac"": 0.1, ""universe"": ""stocks""}",dev,2011-04-28,2024-09-25,False,3375,0.891239173012299,0.05614279072546218,-1.0655327454873,42.80149922349891,0.11516108133992065,-0.34292643832230507
367,2026-10-01T04:08:39+00:00,688c846,phase4,E,"{""hold"": 60, ""kind"": ""pead"", ""max_abs_sue"": 50, ""max_positions"": 50, ""min_rank_pool"": 50, ""min_sue_sd"": 0.01, ""n_surprises"": 8, ""rank_window_days"": 365, ""top_frac"": 0.1, ""universe"": ""stocks""}",dev,2011-10-25,2024-09-25,True,3250,0.8948271220216045,0.05636881026820987,-1.2136733265817932,48.42570224850279,0.11094367146681217,-0.33202847079932085
368,2026-10-01T04:08:39+00:00,688c846,phase4,E,"{""hold"": 60, ""kind"": ""pead"", ""max_abs_sue"": 50, ""max_positions"": 50, ""min_rank_pool"": 50, ""min_sue_sd"": 0.01, ""n_surprises"": 8, ""rank_window_days"": 365, ""top_frac"": 0.1, ""universe"": ""stocks""}",dev,2011-10-25,2024-09-25,False,3250,0.9530425695247103,0.06003603875762782,-1.2168696222312618,48.385405509006134,0.11908461558615868,-0.3308880559195514
369,2026-10-01T04:08:43+00:00,688c846,phase4,E,"{""hold"": 60, ""kind"": ""pead"", ""max_abs_sue"": 50, ""max_positions"": 50, ""min_rank_pool"": 50, ""min_sue_sd"": 0.01, ""n_surprises"": 10, ""rank_window_days"": 365, ""top_frac"": 0.1, ""universe"": ""stocks""}",dev,2012-04-19,2024-09-25,True,3129,0.9249473659330095,0.05826620728769046,-1.2770965091625133,49.27733963185069,0.1162620055501411,-0.3362427694909781
370,2026-10-01T04:08:43+00:00,688c846,phase4,E,"{""hold"": 60, ""kind"": ""pead"", ""max_abs_sue"": 50, ""max_positions"": 50, ""min_rank_pool"": 50, ""min_sue_sd"": 0.01, ""n_surprises"": 10, ""rank_window_days"": 365, ""top_frac"": 0.1, ""universe"": ""stocks""}",dev,2012-04-19,2024-09-25,False,3129,0.9830029891411499,0.061923367792871636,-1.2807282509045599,49.25268736501249,0.12448464354291477,-0.3353072229292883
371,2026-10-01T04:08:48+00:00,688c846,phase4,E,"{""hold"": 72, ""kind"": ""pead"", ""max_abs_sue"": 50, ""max_positions"": 50, ""min_rank_pool"": 50, ""min_sue_sd"": 0.01, ""n_surprises"": 6, ""rank_window_days"": 365, ""top_frac"": 0.1, ""universe"": ""stocks""}",dev,2011-04-28,2024-09-25,True,3375,0.8823843726930785,0.05558499073608616,-0.95993037205081,35.50600093395422,0.11856851270932856,-0.34437038749220816
372,2026-10-01T04:08:48+00:00,688c846,phase4,E,"{""hold"": 72, ""kind"": ""pead"", ""max_abs_sue"": 50, ""max_positions"": 50, ""min_rank_pool"": 50, ""min_sue_sd"": 0.01, ""n_surprises"": 6, ""rank_window_days"": 365, ""top_frac"": 0.1, ""universe"": ""stocks""}",dev,2011-04-28,2024-09-25,False,3375,0.92467350651684,0.058248955766038606,-0.961650071620494,35.48855539813122,0.12499634608360921,-0.34271671099930767
373,2026-10-01T04:08:52+00:00,688c846,phase4,E,"{""hold"": 72, ""kind"": ""pead"", ""max_abs_sue"": 50, ""max_positions"": 50, ""min_rank_pool"": 50, ""min_sue_sd"": 0.01, ""n_surprises"": 8, ""rank_window_days"": 365, ""top_frac"": 0.1, ""universe"": ""stocks""}",dev,2011-10-25,2024-09-25,True,3250,0.9738563043773147,0.06134718081178089,-1.0686074716212601,41.011419371533385,0.12766231893874092,-0.34444616463063804
374,2026-10-01T04:08:52+00:00,688c846,phase4,E,"{""hold"": 72, ""kind"": ""pead"", ""max_abs_sue"": 50, ""max_positions"": 50, ""min_rank_pool"": 50, ""min_sue_sd"": 0.01, ""n_surprises"": 8, ""rank_window_days"": 365, ""top_frac"": 0.1, ""universe"": ""stocks""}",dev,2011-10-25,2024-09-25,False,3250,1.0173558555951145,0.06408739497047648,-1.0702823310343406,40.97819155524663,0.13408477509678507,-0.3415026158521872
375,2026-10-01T04:08:57+00:00,688c846,phase4,E,"{""hold"": 72, ""kind"": ""pead"", ""max_abs_sue"": 50, ""max_positions"": 50, ""min_rank_pool"": 50, ""min_sue_sd"": 0.01, ""n_surprises"": 10, ""rank_window_days"": 365, ""top_frac"": 0.1, ""universe"": ""stocks""}",dev,2012-04-19,2024-09-25,True,3129,0.971612755140323,0.06120585049427591,-1.1219862097631303,41.22680380337578,0.12894400076483548,-0.34680078407554293
376,2026-10-01T04:08:57+00:00,688c846,phase4,E,"{""hold"": 72, ""kind"": ""pead"", ""max_abs_sue"": 50, ""max_positions"": 50, ""min_rank_pool"": 50, ""min_sue_sd"": 0.01, ""n_surprises"": 10, ""rank_window_days"": 365, ""top_frac"": 0.1, ""universe"": ""stocks""}",dev,2012-04-19,2024-09-25,False,3129,1.0147791340396615,0.06392507676967676,-1.1239384207802712,41.213028092143965,0.13539340312148673,-0.34392086826690615
377,2026-10-01T04:08:57+00:00,688c846,phase4,E,"{""hold"": 72, ""kind"": ""pead"", ""max_abs_sue"": 50, ""max_positions"": 50, ""min_rank_pool"": 50, ""min_sue_sd"": 0.01, ""n_surprises"": 10, ""rank_window_days"": 365, ""top_frac"": 0.1, ""universe"": ""stocks""}",wf_test_2016,2016-01-08,2016-12-30,True,248,1.4542783075619181,0.09161092235439854,-0.3804214772414519,5.923646167980682,0.12612818549945248,-0.05564677479476121
378,2026-10-01T04:08:57+00:00,688c846,phase4,E,"{""hold"": 72, ""kind"": ""pead"", ""max_abs_sue"": 50, ""max_positions"": 50, ""min_rank_pool"": 50, ""min_sue_sd"": 0.01, ""n_surprises"": 10, ""rank_window_days"": 365, ""top_frac"": 0.1, ""universe"": ""stocks""}",wf_test_2016,2016-01-08,2016-12-30,False,248,1.5256865136807956,0.09610921652010783,-0.3792384181948779,5.938925012946513,0.13277296804509042,-0.05408406902079621
379,2026-10-01T04:08:57+00:00,688c846,phase4,E,"{""hold"": 72, ""kind"": ""pead"", ""max_abs_sue"": 50, ""max_positions"": 50, ""min_rank_pool"": 50, ""min_sue_sd"": 0.01, ""n_surprises"": 10, ""rank_window_days"": 365, ""top_frac"": 0.1, ""universe"": ""stocks""}",wf_test_2017,2017-01-12,2017-12-29,True,244,2.062020773971796,0.12989509919472145,-0.29081407235930046,4.9244596625275205,0.13151147698011445,-0.02993822212722208
380,2026-10-01T04:08:57+00:00,688c846,phase4,E,"{""hold"": 72, ""kind"": ""pead"", ""max_abs_sue"": 50, ""max_positions"": 50, ""min_rank_pool"": 50, ""min_sue_sd"": 0.01, ""n_surprises"": 10, ""rank_window_days"": 365, ""top_frac"": 0.1, ""universe"": ""stocks""}",wf_test_2017,2017-01-12,2017-12-29,False,244,2.1518265703035397,0.1355523326086717,-0.2853135216084882,4.910533050595603,0.1376704484177007,-0.0281612308255893
381,2026-10-01T04:08:57+00:00,688c846,phase4,E,"{""hold"": 72, ""kind"": ""pead"", ""max_abs_sue"": 50, ""max_positions"": 50, ""min_rank_pool"": 50, ""min_sue_sd"": 0.01, ""n_surprises"": 10, ""rank_window_days"": 365, ""top_frac"": 0.1, ""universe"": ""stocks""}",wf_test_2018,2018-01-10,2018-12-31,True,245,-0.03398847211910974,-0.002141072492148021,-0.2817968767866495,5.899637799484719,-0.007100553919503594,-0.08288450821223903
382,2026-10-01T04:08:57+00:00,688c846,phase4,E,"{""hold"": 72, ""kind"": ""pead"", ""max_abs_sue"": 50, ""max_positions"": 50, ""min_rank_pool"": 50, ""min_sue_sd"": 0.01, ""n_surprises"": 10, ""rank_window_days"": 365, ""top_frac"": 0.1, ""universe"": ""stocks""}",wf_test_2018,2018-01-10,2018-12-31,False,245,0.016970642235661772,0.0010690499748716726,-0.28198841320966805,5.889592043911982,-0.0025243416682266817,-0.08213227715743987
383,2026-10-01T04:08:57+00:00,688c846,phase4,E,"{""hold"": 72, ""kind"": ""pead"", ""max_abs_sue"": 50, ""max_positions"": 50, ""min_rank_pool"": 50, ""min_sue_sd"": 0.01, ""n_surprises"": 10, ""rank_window_days"": 365, ""top_frac"": 0.1, ""universe"": ""stocks""}",wf_test_2019,2019-01-10,2019-12-31,True,246,1.1342366075638393,0.07145019027427336,-1.66279611047508,14.589384997025201,0.07600401332075624,-0.05150318954335342
384,2026-10-01T04:08:57+00:00,688c846,phase4,E,"{""hold"": 72, ""kind"": ""pead"", ""max_abs_sue"": 50, ""max_positions"": 50, ""min_rank_pool"": 50, ""min_sue_sd"": 0.01, ""n_surprises"": 10, ""rank_window_days"": 365, ""top_frac"": 0.1, ""universe"": ""stocks""}",wf_test_2019,2019-01-10,2019-12-31,False,246,1.1939879407740825,0.07521417046900808,-1.6626112280775462,14.58909848965067,0.08021334752399945,-0.0513981559857819
385,2026-10-01T04:08:57+00:00,688c846,phase4,E,"{""hold"": 60, ""kind"": ""pead"", ""max_abs_sue"": 50, ""max_positions"": 50, ""min_rank_pool"": 50, ""min_sue_sd"": 0.01, ""n_surprises"": 10, ""rank_window_days"": 365, ""top_frac"": 0.1, ""universe"": ""stocks""}",wf_test_2020,2020-01-21,2020-12-31,True,241,0.27782595299607793,0.017501389985408154,-0.8516981468418353,13.930621943949173,0.03757246012957749,-0.33418124344992817
386,2026-10-01T04:08:57+00:00,688c846,phase4,E,"{""hold"": 60, ""kind"": ""pead"", ""max_abs_sue"": 50, ""max_positions"": 50, ""min_rank_pool"": 50, ""min_sue_sd"": 0.01, ""n_surprises"": 10, ""rank_window_days"": 365, ""top_frac"": 0.1, ""universe"": ""stocks""}",wf_test_2020,2020-01-21,2020-12-31,False,241,0.3006442903291874,0.018938810126250736,-0.8550501563523041,13.938770204736212,0.045333964684224126,-0.3332722847650459
387,2026-10-01T04:08:57+00:00,688c846,phase4,E,"{""hold"": 72, ""kind"": ""pead"", ""max_abs_sue"": 50, ""max_positions"": 50, ""min_rank_pool"": 50, ""min_sue_sd"": 0.01, ""n_surprises"": 10, ""rank_window_days"": 365, ""top_frac"": 0.1, ""universe"": ""stocks""}",wf_test_2021,2021-01-06,2021-12-31,True,250,1.7530286551499912,0.11043042530230679,-0.25347562667023804,4.247982730928312,0.1967439950175376,-0.051869590059362314
388,2026-10-01T04:08:57+00:00,688c846,phase4,E,"{""hold"": 72, ""kind"": ""pead"", ""max_abs_sue"": 50, ""max_positions"": 50, ""min_rank_pool"": 50, ""min_sue_sd"": 0.01, ""n_surprises"": 10, ""rank_window_days"": 365, ""top_frac"": 0.1, ""universe"": ""stocks""}",wf_test_2021,2021-01-06,2021-12-31,False,250,1.8132265842533797,0.11422253839394163,-0.25680826893252845,4.2488040005125045,0.2041921354618934,-0.05131427050722548
389,2026-10-01T04:08:58+00:00,688c846,phase4,E,"{""hold"": 72, ""kind"": ""pead"", ""max_abs_sue"": 50, ""max_positions"": 50, ""min_rank_pool"": 50, ""min_sue_sd"": 0.01, ""n_surprises"": 10, ""rank_window_days"": 365, ""top_frac"": 0.1, ""universe"": ""stocks""}",wf_test_2022,2022-01-13,2022-12-30,True,243,0.24614363394969344,0.015505591481728668,-0.01001712794980788,5.46480197360734,0.02442376357038456,-0.10805504447094383
390,2026-10-01T04:08:58+00:00,688c846,phase4,E,"{""hold"": 72, ""kind"": ""pead"", ""max_abs_sue"": 50, ""max_positions"": 50, ""min_rank_pool"": 50, ""min_sue_sd"": 0.01, ""n_surprises"": 10, ""rank_window_days"": 365, ""top_frac"": 0.1, ""universe"": ""stocks""}",wf_test_2022,2022-01-13,2022-12-30,False,243,0.27885467382275014,0.017566193306262617,-0.005919960561267797,5.478174190484442,0.02893994683921286,-0.10696248011884091
391,2026-10-01T04:08:58+00:00,688c846,phase4,E,"{""hold"": 72, ""kind"": ""pead"", ""max_abs_sue"": 50, ""max_positions"": 50, ""min_rank_pool"": 50, ""min_sue_sd"": 0.01, ""n_surprises"": 10, ""rank_window_days"": 365, ""top_frac"": 0.1, ""universe"": ""stocks""}",wf_test_2023,2023-01-05,2023-12-29,True,248,1.5884865418955465,0.10006524644829999,0.1536240568165468,3.8247490478689437,0.15099739507156085,-0.08102999335530303
392,2026-10-01T04:08:58+00:00,688c846,phase4,E,"{""hold"": 72, ""kind"": ""pead"", ""max_abs_sue"": 50, ""max_positions"": 50, ""min_rank_pool"": 50, ""min_sue_sd"": 0.01, ""n_surprises"": 10, ""rank_window_days"": 365, ""top_frac"": 0.1, ""universe"": ""stocks""}",wf_test_2023,2023-01-05,2023-12-29,False,248,1.6481604372659295,0.10382434851764576,0.15312979957353556,3.8303890479677873,0.15708072480971946,-0.07923199204354836
393,2026-10-01T04:08:58+00:00,688c846,phase4,E,"{""hold"": 72, ""kind"": ""pead"", ""max_abs_sue"": 50, ""max_positions"": 50, ""min_rank_pool"": 50, ""min_sue_sd"": 0.01, ""n_surprises"": 10, ""rank_window_days"": 365, ""top_frac"": 0.1, ""universe"": ""stocks""}",wf_test_2024,2024-01-08,2024-09-25,True,181,1.8683932473883547,0.11769771152052302,-0.20323859720473755,3.5333935272086974,0.16444282703048674,-0.06137197271038208
394,2026-10-01T04:08:58+00:00,688c846,phase4,E,"{""hold"": 72, ""kind"": ""pead"", ""max_abs_sue"": 50, ""max_positions"": 50, ""min_rank_pool"": 50, ""min_sue_sd"": 0.01, ""n_surprises"": 10, ""rank_window_days"": 365, ""top_frac"": 0.1, ""universe"": ""stocks""}",wf_test_2024,2024-01-08,2024-09-25,False,181,1.9277384317762558,0.12143610674432444,-0.1965022273037606,3.53610418926901,0.17008514008442832,-0.06127647380796464
395,2026-10-01T04:09:00+00:00,688c846,phase4,F,"{""gpa_bounds"": [-1.0, 3.0], ""kind"": ""grossprof"", ""max_staleness_days"": 450, ""top_frac"": 0.16, ""universe"": ""stocks""}",dev,2010-03-01,2024-09-25,True,3669,1.0770439764608708,0.06784739316179926,-0.46185587235394915,12.576483321507322,0.1953087383311083,-0.3213022732537545
396,2026-10-01T04:09:00+00:00,688c846,phase4,F,"{""gpa_bounds"": [-1.0, 3.0], ""kind"": ""grossprof"", ""max_staleness_days"": 450, ""top_frac"": 0.16, ""universe"": ""stocks""}",dev,2010-03-01,2024-09-25,False,3669,1.0878690844905443,0.06852931087041651,-0.4616227796461569,12.573349622357245,0.1976672905868444,-0.32107643604208813
397,2026-10-01T04:09:02+00:00,688c846,phase4,F,"{""gpa_bounds"": [-1.0, 3.0], ""kind"": ""grossprof"", ""max_staleness_days"": 450, ""top_frac"": 0.2, ""universe"": ""stocks""}",dev,2010-03-01,2024-09-25,True,3669,1.0863501700851597,0.06843362825662029,-0.43951771086067426,12.854314472552065,0.19610591933330723,-0.3233909032742647
398,2026-10-01T04:09:02+00:00,688c846,phase4,F,"{""gpa_bounds"": [-1.0, 3.0], ""kind"": ""grossprof"", ""max_staleness_days"": 450, ""top_frac"": 0.2, ""universe"": ""stocks""}",dev,2010-03-01,2024-09-25,False,3669,1.0972134883056754,0.06911795298101175,-0.4393519702370275,12.852931644230116,0.19845549666746098,-0.32320037418130176
399,2026-10-01T04:09:03+00:00,688c846,phase4,F,"{""gpa_bounds"": [-1.0, 3.0], ""kind"": ""grossprof"", ""max_staleness_days"": 450, ""top_frac"": 0.24, ""universe"": ""stocks""}",dev,2010-03-01,2024-09-25,True,3669,1.1045353756125758,0.06957918852724267,-0.4548191196111506,12.46674599968652,0.19845802806982382,-0.31762435503026043
400,2026-10-01T04:09:03+00:00,688c846,phase4,F,"{""gpa_bounds"": [-1.0, 3.0], ""kind"": ""grossprof"", ""max_staleness_days"": 450, ""top_frac"": 0.24, ""universe"": ""stocks""}",dev,2010-03-01,2024-09-25,False,3669,1.1153343927582051,0.07025946266465358,-0.45457725011311173,12.46436272937742,0.20078182384942256,-0.3173858616892874
401,2026-10-01T04:09:04+00:00,688c846,phase4,F,"{""gpa_bounds"": [-1.0, 3.0], ""kind"": ""grossprof"", ""max_staleness_days"": 450, ""top_frac"": 0.16, ""universe"": ""stocks""}",wf_test_2016,2016-01-04,2016-12-30,True,252,0.841680033693098,0.05302085839620006,-0.08624206315426332,3.969889355664452,0.11342473406766596,-0.10574254645341519
402,2026-10-01T04:09:04+00:00,688c846,phase4,F,"{""gpa_bounds"": [-1.0, 3.0], ""kind"": ""grossprof"", ""max_staleness_days"": 450, ""top_frac"": 0.16, ""universe"": ""stocks""}",wf_test_2016,2016-01-04,2016-12-30,False,252,0.862562484740886,0.054336329163769764,-0.08890245782214189,3.971246288938197,0.11665030428488277,-0.10544853972124912
403,2026-10-01T04:09:04+00:00,688c846,phase4,F,"{""gpa_bounds"": [-1.0, 3.0], ""kind"": ""grossprof"", ""max_staleness_days"": 450, ""top_frac"": 0.24, ""universe"": ""stocks""}",wf_test_2017,2017-01-03,2017-12-29,True,251,2.587801809025692,0.16301619116678676,-0.22312966468050033,3.2107334758356565,0.2366030787732476,-0.04576141849402193
404,2026-10-01T04:09:04+00:00,688c846,phase4,F,"{""gpa_bounds"": [-1.0, 3.0], ""kind"": ""grossprof"", ""max_staleness_days"": 450, ""top_frac"": 0.24, ""universe"": ""stocks""}",wf_test_2017,2017-01-03,2017-12-29,False,251,2.6243805680372017,0.16532043639563954,-0.22031754763720146,3.203849800578403,0.2407161004969196,-0.04541558713530647
405,2026-10-01T04:09:04+00:00,688c846,phase4,F,"{""gpa_bounds"": [-1.0, 3.0], ""kind"": ""grossprof"", ""max_staleness_days"": 450, ""top_frac"": 0.24, ""universe"": ""stocks""}",wf_test_2018,2018-01-02,2018-12-31,True,251,0.5126844475078585,0.03229608450372242,-0.3779723234972033,5.657152513297336,0.07922732121341602,-0.21579874628527962
406,2026-10-01T04:09:04+00:00,688c846,phase4,F,"{""gpa_bounds"": [-1.0, 3.0], ""kind"": ""grossprof"", ""max_staleness_days"": 450, ""top_frac"": 0.24, ""universe"": ""stocks""}",wf_test_2018,2018-01-02,2018-12-31,False,251,0.5305514123865158,0.033421597497828436,-0.37737480708051363,5.647884339289094,0.08271503313784345,-0.21541332616312858
407,2026-10-01T04:09:04+00:00,688c846,phase4,F,"{""gpa_bounds"": [-1.0, 3.0], ""kind"": ""grossprof"", ""max_staleness_days"": 450, ""top_frac"": 0.24, ""universe"": ""stocks""}",wf_test_2019,2019-01-02,2019-12-31,True,252,2.3601045322511824,0.1486726109631678,-0.4939855268326575,4.981999132315642,0.3682799750898662,-0.07770437164007216
408,2026-10-01T04:09:04+00:00,688c846,phase4,F,"{""gpa_bounds"": [-1.0, 3.0], ""kind"": ""grossprof"", ""max_staleness_days"": 450, ""top_frac"": 0.24, ""universe"": ""stocks""}",wf_test_2019,2019-01-02,2019-12-31,False,252,2.3901425800119065,0.15056483011185248,-0.48630623758160385,4.9924033653203495,0.3731947443315844,-0.0775963022522056
409,2026-10-01T04:09:04+00:00,688c846,phase4,F,"{""gpa_bounds"": [-1.0, 3.0], ""kind"": ""grossprof"", ""max_staleness_days"": 450, ""top_frac"": 0.24, ""universe"": ""stocks""}",wf_test_2020,2020-01-02,2020-12-31,True,253,1.0167241332263661,0.0640476002017778,-0.5905359816593637,10.791185639412834,0.32541643452412705,-0.3176243535321772
410,2026-10-01T04:09:04+00:00,688c846,phase4,F,"{""gpa_bounds"": [-1.0, 3.0], ""kind"": ""grossprof"", ""max_staleness_days"": 450, ""top_frac"": 0.24, ""universe"": ""stocks""}",wf_test_2020,2020-01-02,2020-12-31,False,253,1.0267454078572085,0.06467888116589897,-0.5913189056311955,10.787161450647286,0.32986204861621515,-0.3173858616892872
411,2026-10-01T04:09:04+00:00,688c846,phase4,F,"{""gpa_bounds"": [-1.0, 3.0], ""kind"": ""grossprof"", ""max_staleness_days"": 450, ""top_frac"": 0.16, ""universe"": ""stocks""}",wf_test_2021,2021-01-04,2021-12-31,True,252,2.1084188802287964,0.13281790515806366,-0.3285228098146946,3.759780820476682,0.3236207374015827,-0.08000133540384657
412,2026-10-01T04:09:04+00:00,688c846,phase4,F,"{""gpa_bounds"": [-1.0, 3.0], ""kind"": ""grossprof"", ""max_staleness_days"": 450, ""top_frac"": 0.16, ""universe"": ""stocks""}",wf_test_2021,2021-01-04,2021-12-31,False,252,2.1309967400369034,0.13424017663873822,-0.32657753670596246,3.7540721814618196,0.3280107075356984,-0.07977402358885777
413,2026-10-01T04:09:04+00:00,688c846,phase4,F,"{""gpa_bounds"": [-1.0, 3.0], ""kind"": ""grossprof"", ""max_staleness_days"": 450, ""top_frac"": 0.24, ""universe"": ""stocks""}",wf_test_2022,2022-01-03,2022-12-30,True,251,-0.44218066317510035,-0.0278547635553079,-0.0028848585197387595,3.5011492874070913,-0.14083099913798813,-0.2488152859016276
414,2026-10-01T04:09:04+00:00,688c846,phase4,F,"{""gpa_bounds"": [-1.0, 3.0], ""kind"": ""grossprof"", ""max_staleness_days"": 450, ""top_frac"": 0.24, ""universe"": ""stocks""}",wf_test_2022,2022-01-03,2022-12-30,False,251,-0.4298619184562467,-0.027078755579341782,-0.0035355157090661646,3.500928462095523,-0.13805185243476603,-0.24689265004042227
415,2026-10-01T04:09:04+00:00,688c846,phase4,F,"{""gpa_bounds"": [-1.0, 3.0], ""kind"": ""grossprof"", ""max_staleness_days"": 450, ""top_frac"": 0.16, ""universe"": ""stocks""}",wf_test_2023,2023-01-03,2023-12-29,True,250,1.1509091620491756,0.07250046248590132,0.08813388883645312,2.8137114113346446,0.16443370037037908,-0.13569635813005754
416,2026-10-01T04:09:04+00:00,688c846,phase4,F,"{""gpa_bounds"": [-1.0, 3.0], ""kind"": ""grossprof"", ""max_staleness_days"": 450, ""top_frac"": 0.16, ""universe"": ""stocks""}",wf_test_2023,2023-01-03,2023-12-29,False,250,1.171055455833358,0.07376955970477257,0.08749770408064832,2.8143728617955253,0.16778547168999136,-0.13546285746328068
417,2026-10-01T04:09:05+00:00,688c846,phase4,F,"{""gpa_bounds"": [-1.0, 3.0], ""kind"": ""grossprof"", ""max_staleness_days"": 450, ""top_frac"": 0.24, ""universe"": ""stocks""}",wf_test_2024,2024-01-02,2024-09-25,True,185,1.88471557189312,0.11872592131714456,-0.16304657418067015,3.132185232574182,0.274155522605638,-0.07027325508698423
418,2026-10-01T04:09:05+00:00,688c846,phase4,F,"{""gpa_bounds"": [-1.0, 3.0], ""kind"": ""grossprof"", ""max_staleness_days"": 450, ""top_frac"": 0.24, ""universe"": ""stocks""}",wf_test_2024,2024-01-02,2024-09-25,False,185,1.9185233173484324,0.12085560909958577,-0.160268415883829,3.137988510258383,0.2793781711058867,-0.07015599948151141
419,2026-10-01T04:11:36+00:00,dc4d878,phase3,A1,"{""asset"": ""SPY"", ""check"": ""daily"", ""kind"": ""trend_sma"", ""safe"": ""IEF"", ""sma"": 200, ""universe"": ""etf""}",insample,2005-10-17,2015-12-31,True,2570,0.4033772351754763,0.025410377352836334,-0.4123411706611224,5.351615781178447,0.042954011794808844,-0.28287568836615895
420,2026-10-01T04:11:36+00:00,dc4d878,phase3,A1,"{""asset"": ""SPY"", ""check"": ""daily"", ""kind"": ""trend_sma"", ""safe"": ""IEF"", ""sma"": 200, ""universe"": ""etf""}",insample,2005-10-17,2015-12-31,False,2570,0.5759701482835119,0.036282708927504,-0.4097772135755099,5.363130995290829,0.06512234776714454,-0.2565896303548707
421,2026-10-01T04:11:36+00:00,dc4d878,phase3,A2,"{""asset"": ""SPY"", ""fast"": 50, ""kind"": ""trend_cross"", ""safe"": ""IEF"", ""slow"": 200, ""universe"": ""etf""}",insample,2005-10-17,2015-12-31,True,2570,0.7899779206118215,0.049763931408828704,-0.44487355889222185,7.834582118899728,0.10098477688738172,-0.17308096735645417
422,2026-10-01T04:11:36+00:00,dc4d878,phase3,A2,"{""asset"": ""SPY"", ""fast"": 50, ""kind"": ""trend_cross"", ""safe"": ""IEF"", ""slow"": 200, ""universe"": ""etf""}",insample,2005-10-17,2015-12-31,False,2570,0.8138109749769203,0.051265272714379514,-0.44254666148534144,7.8368628033335765,0.10439054406375692,-0.17308096735645495
423,2026-10-01T04:11:36+00:00,dc4d878,phase3,A3,"{""assets"": [""SPY"", ""EFA"", ""EEM"", ""VNQ"", ""GLD"", ""DBC""], ""kind"": ""trend_multi"", ""safe"": ""IEF"", ""sma"": 200, ""universe"": ""etf""}",insample,2006-11-17,2015-12-31,True,2295,0.4490998136331482,0.028290629064732502,-0.3500607131115085,6.089127311503461,0.0436440648509131,-0.16700007179835863
424,2026-10-01T04:11:36+00:00,dc4d878,phase3,A3,"{""assets"": [""SPY"", ""EFA"", ""EEM"", ""VNQ"", ""GLD"", ""DBC""], ""kind"": ""trend_multi"", ""safe"": ""IEF"", ""sma"": 200, ""universe"": ""etf""}",insample,2006-11-17,2015-12-31,False,2295,0.6717527637284317,0.042316446555851435,-0.3625045771568786,6.1037185503646985,0.0690911360418709,-0.14755745205727167
425,2026-10-01T04:11:40+00:00,dc4d878,phase3,B,"{""exit_sma"": 5, ""kind"": ""meanrev"", ""max_hold"": 10, ""rsi_entry"": 10, ""rsi_len"": 2, ""slots"": 10, ""trend_sma"": 200, ""universe"": ""stocks""}",insample,2005-10-17,2015-12-31,True,2570,0.23634831109109763,0.014888544141361268,-0.22977661934449875,8.0913465725266,0.025909614664914482,-0.36013757398750756
426,2026-10-01T04:11:40+00:00,dc4d878,phase3,B,"{""exit_sma"": 5, ""kind"": ""meanrev"", ""max_hold"": 10, ""rsi_entry"": 10, ""rsi_len"": 2, ""slots"": 10, ""trend_sma"": 200, ""universe"": ""stocks""}",insample,2005-10-17,2015-12-31,False,2570,1.193716944544231,0.07519709931114087,-0.24193959790283676,8.085679814093638,0.20424577817514789,-0.3370896068620375
427,2026-10-01T04:11:44+00:00,dc4d878,phase3,B_dated,"{""dated_universe"": true, ""exit_sma"": 5, ""kind"": ""meanrev"", ""max_hold"": 10, ""rsi_entry"": 10, ""rsi_len"": 2, ""slots"": 10, ""trend_sma"": 200, ""universe"": ""stocks""}",insample,2005-10-17,2015-12-31,True,2570,0.20164474221521148,0.012702424787742313,-0.119943021001811,8.39844848487673,0.018862726575213484,-0.31073778991032597
428,2026-10-01T04:11:44+00:00,dc4d878,phase3,B_dated,"{""dated_universe"": true, ""exit_sma"": 5, ""kind"": ""meanrev"", ""max_hold"": 10, ""rsi_entry"": 10, ""rsi_len"": 2, ""slots"": 10, ""trend_sma"": 200, ""universe"": ""stocks""}",insample,2005-10-17,2015-12-31,False,2570,1.2012154646896789,0.07566946168032808,-0.12684956987878362,8.423380841151513,0.17651846686072004,-0.22044960471041575
429,2026-10-01T04:11:44+00:00,dc4d878,phase3,C,"{""atr"": 20, ""entry"": 55, ""exit"": 20, ""kind"": ""breakout"", ""max_weight"": 0.2, ""risk_per_trade"": 0.01, ""universe"": ""etf""}",insample,2005-04-12,2015-12-31,True,2701,0.5813902690799141,0.03662414444424709,-0.3655948763651363,7.947020162350028,0.057687589953908436,-0.20336790427690044
430,2026-10-01T04:11:44+00:00,dc4d878,phase3,C,"{""atr"": 20, ""entry"": 55, ""exit"": 20, ""kind"": ""breakout"", ""max_weight"": 0.2, ""risk_per_trade"": 0.01, ""universe"": ""etf""}",insample,2005-04-12,2015-12-31,False,2701,0.6861460947519543,0.04322314118504361,-0.3687394129184327,7.94053620398959,0.06948419353048285,-0.19310347109508075
431,2026-10-01T04:11:46+00:00,dc4d878,phase3,C_stocks,"{""atr"": 20, ""entry"": 55, ""exit"": 20, ""kind"": ""breakout"", ""max_weight"": 0.2, ""risk_per_trade"": 0.01, ""universe"": ""stocks""}",insample,2005-03-23,2015-12-31,True,2714,0.5269027020936484,0.033191750353993944,-0.1759611834371633,5.444389405426504,0.09176084002104479,-0.5929847439227991
432,2026-10-01T04:11:46+00:00,dc4d878,phase3,C_stocks,"{""atr"": 20, ""entry"": 55, ""exit"": 20, ""kind"": ""breakout"", ""max_weight"": 0.2, ""risk_per_trade"": 0.01, ""universe"": ""stocks""}",insample,2005-03-23,2015-12-31,False,2714,0.5890103906254512,0.037104166981617955,-0.17368068986950472,5.453893504299014,0.10586868268317629,-0.5812331757917577
433,2026-10-01T04:11:48+00:00,dc4d878,phase3,C_stocks_dated,"{""atr"": 20, ""dated_universe"": true, ""entry"": 55, ""exit"": 20, ""kind"": ""breakout"", ""max_weight"": 0.2, ""risk_per_trade"": 0.01, ""universe"": ""stocks""}",insample,2005-03-23,2015-12-31,True,2714,0.5753165228328054,0.036241534394333724,-0.4622356068922332,6.54457010124669,0.09187528588300764,-0.3916190293098747
434,2026-10-01T04:11:48+00:00,dc4d878,phase3,C_stocks_dated,"{""atr"": 20, ""dated_universe"": true, ""entry"": 55, ""exit"": 20, ""kind"": ""breakout"", ""max_weight"": 0.2, ""risk_per_trade"": 0.01, ""universe"": ""stocks""}",insample,2005-03-23,2015-12-31,False,2714,0.640540201038919,0.04035023992114991,-0.46004445664141497,6.531637374031958,0.10488142218843466,-0.3763523198087315
435,2026-10-01T04:11:50+00:00,dc4d878,phase3,D,"{""kind"": ""momentum"", ""lookback"": 252, ""skip"": 21, ""top_frac"": 0.1, ""universe"": ""stocks""}",insample,2006-01-03,2015-12-31,True,2517,0.614794959743064,0.03872844216133604,-0.35095974878579106,7.467626360641165,0.12792500523814554,-0.5801549406499387
436,2026-10-01T04:11:50+00:00,dc4d878,phase3,D,"{""kind"": ""momentum"", ""lookback"": 252, ""skip"": 21, ""top_frac"": 0.1, ""universe"": ""stocks""}",insample,2006-01-03,2015-12-31,False,2517,0.6597921094135674,0.04156299615502423,-0.3517807373302233,7.4572228310522295,0.14041765463026223,-0.574073602648957
437,2026-10-01T04:11:51+00:00,dc4d878,phase3,D_dated,"{""dated_universe"": true, ""kind"": ""momentum"", ""lookback"": 252, ""skip"": 21, ""top_frac"": 0.1, ""universe"": ""stocks""}",insample,2006-01-03,2015-12-31,True,2517,0.4127746042419926,0.02600235596065284,-0.31955004031458384,9.095417986927378,0.07114594026173227,-0.5449594343309557
438,2026-10-01T04:11:51+00:00,dc4d878,phase3,D_dated,"{""dated_universe"": true, ""kind"": ""momentum"", ""lookback"": 252, ""skip"": 21, ""top_frac"": 0.1, ""universe"": ""stocks""}",insample,2006-01-03,2015-12-31,False,2517,0.4634828236378509,0.029196673530851487,-0.31984986135745624,9.084320024183844,0.08382339228287616,-0.5375224817387562
439,2026-10-01T04:11:56+00:00,dc4d878,phase3,E,"{""hold"": 60, ""kind"": ""pead"", ""max_abs_sue"": 50, ""max_positions"": 50, ""min_rank_pool"": 50, ""min_sue_sd"": 0.01, ""n_surprises"": 8, ""rank_window_days"": 365, ""top_frac"": 0.1, ""universe"": ""stocks""}",insample,2011-10-25,2015-12-31,True,1053,1.2137363738972318,0.07645820482203293,-0.2991798065583144,4.456133120652648,0.09861069730666028,-0.06115105014887723
440,2026-10-01T04:11:56+00:00,dc4d878,phase3,E,"{""hold"": 60, ""kind"": ""pead"", ""max_abs_sue"": 50, ""max_positions"": 50, ""min_rank_pool"": 50, ""min_sue_sd"": 0.01, ""n_surprises"": 8, ""rank_window_days"": 365, ""top_frac"": 0.1, ""universe"": ""stocks""}",insample,2011-10-25,2015-12-31,False,1053,1.2963461455504837,0.08166213129008859,-0.3015194333438945,4.457902127962147,0.10585568248119537,-0.06041477582669341
441,2026-10-01T04:12:01+00:00,dc4d878,phase3,E_dated,"{""dated_universe"": true, ""hold"": 60, ""kind"": ""pead"", ""max_abs_sue"": 50, ""max_positions"": 50, ""min_rank_pool"": 50, ""min_sue_sd"": 0.01, ""n_surprises"": 8, ""rank_window_days"": 365, ""top_frac"": 0.1, ""universe"": ""stocks""}",insample,2011-10-25,2015-12-31,True,1053,1.0688769255064836,0.06733291731013018,-0.3002213120156209,4.551001355925804,0.06610873260357986,-0.057263150231023685
442,2026-10-01T04:12:01+00:00,dc4d878,phase3,E_dated,"{""dated_universe"": true, ""hold"": 60, ""kind"": ""pead"", ""max_abs_sue"": 50, ""max_positions"": 50, ""min_rank_pool"": 50, ""min_sue_sd"": 0.01, ""n_surprises"": 8, ""rank_window_days"": 365, ""top_frac"": 0.1, ""universe"": ""stocks""}",insample,2011-10-25,2015-12-31,False,1053,1.1518097179459394,0.07255719217505727,-0.302758685724423,4.551790899252623,0.07153007343273732,-0.0565842386223665
443,2026-10-01T04:12:05+00:00,dc4d878,phase3,F,"{""gpa_bounds"": [-1.0, 3.0], ""kind"": ""grossprof"", ""max_staleness_days"": 450, ""top_frac"": 0.2, ""universe"": ""stocks""}",insample,2010-03-01,2015-12-31,True,1472,1.2035238176558671,0.07581487424905885,-0.3954276906476804,6.078915214555089,0.2029836327334218,-0.1930232438193782
444,2026-10-01T04:12:05+00:00,dc4d878,phase3,F,"{""gpa_bounds"": [-1.0, 3.0], ""kind"": ""grossprof"", ""max_staleness_days"": 450, ""top_frac"": 0.2, ""universe"": ""stocks""}",insample,2010-03-01,2015-12-31,False,1472,1.2164398915331869,0.07662851042512375,-0.3956493862670464,6.0769981763358984,0.2055674963947849,-0.1927761349571866
445,2026-10-01T04:12:09+00:00,dc4d878,phase3,F_dated,"{""dated_universe"": true, ""gpa_bounds"": [-1.0, 3.0], ""kind"": ""grossprof"", ""max_staleness_days"": 450, ""top_frac"": 0.2, ""universe"": ""stocks""}",insample,2010-03-01,2015-12-31,True,1472,1.1033624644073385,0.06950530206631365,-0.4143621973761232,5.772171061752538,0.17066690751243407,-0.18363373271604322
446,2026-10-01T04:12:09+00:00,dc4d878,phase3,F_dated,"{""dated_universe"": true, ""gpa_bounds"": [-1.0, 3.0], ""kind"": ""grossprof"", ""max_staleness_days"": 450, ""top_frac"": 0.2, ""universe"": ""stocks""}",insample,2010-03-01,2015-12-31,False,1472,1.1164572287729704,0.07033019468508633,-0.41430741970545837,5.769967958347077,0.17303577100044243,-0.18332938766328666
447,2026-10-01T04:12:12+00:00,dc4d878,phase4,A1,"{""asset"": ""SPY"", ""check"": ""daily"", ""kind"": ""trend_sma"", ""safe"": ""IEF"", ""sma"": 160, ""universe"": ""etf""}",dev,2005-08-19,2024-09-25,True,4807,0.4841835285700688,0.030500695369289028,-0.6321929263730324,6.298367605188342,0.05419982580912541,-0.36580505680798814
448,2026-10-01T04:12:12+00:00,dc4d878,phase4,A1,"{""asset"": ""SPY"", ""check"": ""daily"", ""kind"": ""trend_sma"", ""safe"": ""IEF"", ""sma"": 160, ""universe"": ""etf""}",dev,2005-08-19,2024-09-25,False,4807,0.7027538322861879,0.04426933031254398,-0.6096996472119061,6.2687043584675735,0.08319084158399725,-0.31488272088981606
449,2026-10-01T04:12:12+00:00,dc4d878,phase4,A1,"{""asset"": ""SPY"", ""check"": ""monthly"", ""kind"": ""trend_sma"", ""safe"": ""IEF"", ""sma"": 160, ""universe"": ""etf""}",dev,2005-09-01,2024-09-25,True,4798,0.6607101119740088,0.04162082488068729,-0.7050844617665782,19.074891568219158,0.08687486693462532,-0.33717257210811424
450,2026-10-01T04:12:12+00:00,dc4d878,phase4,A1,"{""asset"": ""SPY"", ""check"": ""monthly"", ""kind"": ""trend_sma"", ""safe"": ""IEF"", ""sma"": 160, ""universe"": ""etf""}",dev,2005-09-01,2024-09-25,False,4798,0.694991512123789,0.04378035010429231,-0.7075171210523807,19.105208173071883,0.092110628794289,-0.33717257210811424
451,2026-10-01T04:12:12+00:00,dc4d878,phase4,A1,"{""asset"": ""SPY"", ""check"": ""daily"", ""kind"": ""trend_sma"", ""safe"": ""IEF"", ""sma"": 200, ""universe"": ""etf""}",dev,2005-10-17,2024-09-25,True,4767,0.5561883279732104,0.035036571379379614,-0.6509016861527323,6.167991732191189,0.06360188369163544,-0.3034288320951658
452,2026-10-01T04:12:12+00:00,dc4d878,phase4,A1,"{""asset"": ""SPY"", ""check"": ""daily"", ""kind"": ""trend_sma"", ""safe"": ""IEF"", ""sma"": 200, ""universe"": ""etf""}",dev,2005-10-17,2024-09-25,False,4767,0.7097310014741383,0.04470885065841396,-0.6363177763407433,6.154523270567171,0.08395094470393971,-0.25922587883008485
453,2026-10-01T04:12:12+00:00,dc4d878,phase4,A1,"{""asset"": ""SPY"", ""check"": ""monthly"", ""kind"": ""trend_sma"", ""safe"": ""IEF"", ""sma"": 200, ""universe"": ""etf""}",dev,2005-11-01,2024-09-25,True,4756,0.6439768698478922,0.04056672970703171,-0.7562017793408793,18.56668664858391,0.08638581005969503,-0.3558696291639406
454,2026-10-01T04:12:12+00:00,dc4d878,phase4,A1,"{""asset"": ""SPY"", ""check"": ""monthly"", ""kind"": ""trend_sma"", ""safe"": ""IEF"", ""sma"": 200, ""universe"": ""etf""}",dev,2005-11-01,2024-09-25,False,4756,0.6731271866237614,0.04240302706007228,-0.7573346841493356,18.577482275149205,0.09097165218906822,-0.34417029559278256
455,2026-10-01T04:12:12+00:00,dc4d878,phase4,A1,"{""asset"": ""SPY"", ""check"": ""daily"", ""kind"": ""trend_sma"", ""safe"": ""IEF"", ""sma"": 240, ""universe"": ""etf""}",dev,2005-12-13,2024-09-25,True,4727,0.5567267731723573,0.035070490238702935,-0.882612149010345,9.274908367265235,0.06551082783809092,-0.2907934584829709
456,2026-10-01T04:12:12+00:00,dc4d878,phase4,A1,"{""asset"": ""SPY"", ""check"": ""daily"", ""kind"": ""trend_sma"", ""safe"": ""IEF"", ""sma"": 240, ""universe"": ""etf""}",dev,2005-12-13,2024-09-25,False,4727,0.692361776608084,0.04361469233790113,-0.8506325205742447,8.934206114103642,0.08416157107612632,-0.2843817855511329
457,2026-10-01T04:12:13+00:00,dc4d878,phase4,A1,"{""asset"": ""SPY"", ""check"": ""monthly"", ""kind"": ""trend_sma"", ""safe"": ""IEF"", ""sma"": 240, ""universe"": ""etf""}",dev,2006-01-03,2024-09-25,True,4714,0.594802742670201,0.037469050862964245,-0.7510871616661408,18.515832165966618,0.07887727397036803,-0.35561725990714255
458,2026-10-01T04:12:13+00:00,dc4d878,phase4,A1,"{""asset"": ""SPY"", ""check"": ""monthly"", ""kind"": ""trend_sma"", ""safe"": ""IEF"", ""sma"": 240, ""universe"": ""etf""}",dev,2006-01-03,2024-09-25,False,4714,0.621892061766644,0.03917551756570856,-0.7534959282718823,18.531540829138258,0.083124618544266,-0.3478380794589614
459,2026-10-01T04:12:13+00:00,dc4d878,phase4,A1,"{""asset"": ""SPY"", ""check"": ""monthly"", ""kind"": ""trend_sma"", ""safe"": ""IEF"", ""sma"": 160, ""universe"": ""etf""}",wf_test_2016,2016-01-04,2016-12-30,True,252,1.4112697954434887,0.08890164075143968,-0.753887676047236,8.796675599170522,0.14253561954745475,-0.055243038924732035
460,2026-10-01T04:12:13+00:00,dc4d878,phase4,A1,"{""asset"": ""SPY"", ""check"": ""monthly"", ""kind"": ""trend_sma"", ""safe"": ""IEF"", ""sma"": 160, ""universe"": ""etf""}",wf_test_2016,2016-01-04,2016-12-30,False,252,1.459130422977186,0.09191657689538381,-0.7631937086319076,8.851196826553664,0.1476873281033917,-0.05524303892473226
461,2026-10-01T04:12:13+00:00,dc4d878,phase4,A1,"{""asset"": ""SPY"", ""check"": ""monthly"", ""kind"": ""trend_sma"", ""safe"": ""IEF"", ""sma"": 160, ""universe"": ""etf""}",wf_test_2017,2017-01-03,2017-12-29,True,251,2.819473251946462,0.1776101203059261,-0.41690906613922923,5.793170789379175,0.20486478311453982,-0.026100656116677667
462,2026-10-01T04:12:13+00:00,dc4d878,phase4,A1,"{""asset"": ""SPY"", ""check"": ""monthly"", ""kind"": ""trend_sma"", ""safe"": ""IEF"", ""sma"": 160, ""universe"": ""etf""}",wf_test_2017,2017-01-03,2017-12-29,False,251,2.839396841957571,0.17886518850575955,-0.41814407046084384,5.775723903824867,0.20667928609546626,-0.026100656116677112
463,2026-10-01T04:12:13+00:00,dc4d878,phase4,A1,"{""asset"": ""SPY"", ""check"": ""monthly"", ""kind"": ""trend_sma"", ""safe"": ""IEF"", ""sma"": 160, ""universe"": ""etf""}",wf_test_2018,2018-01-02,2018-12-31,True,251,-0.5575082034880143,-0.03511971572161139,-0.4741832358610161,8.208396898670873,-0.09414162085407174,-0.2013272486253357
464,2026-10-01T04:12:13+00:00,dc4d878,phase4,A1,"{""asset"": ""SPY"", ""check"": ""monthly"", ""kind"": ""trend_sma"", ""safe"": ""IEF"", ""sma"": 160, ""universe"": ""etf""}",wf_test_2018,2018-01-02,2018-12-31,False,251,-0.4727352274218413,-0.029779520184232237,-0.46253561519718955,8.217453951754432,-0.08178125646025236,-0.1916854331864355
465,2026-10-01T04:12:13+00:00,dc4d878,phase4,A1,"{""asset"": ""SPY"", ""check"": ""monthly"", ""kind"": ""trend_sma"", ""safe"": ""IEF"", ""sma"": 160, ""universe"": ""etf""}",wf_test_2019,2019-01-02,2019-12-31,True,252,1.3383616972307422,0.0843088622649254,-0.9015970713775493,6.336712297272615,0.15591085025722573,-0.06618373532064292
466,2026-10-01T04:12:13+00:00,dc4d878,phase4,A1,"{""asset"": ""SPY"", ""check"": ""monthly"", ""kind"": ""trend_sma"", ""safe"": ""IEF"", ""sma"": 160, ""universe"": ""etf""}",wf_test_2019,2019-01-02,2019-12-31,False,252,1.379725882911678,0.08691456103865053,-0.9034864196405498,6.367914661841218,0.1611228679092751,-0.06618373532064248
467,2026-10-01T04:12:13+00:00,dc4d878,phase4,A1,"{""asset"": ""SPY"", ""check"": ""monthly"", ""kind"": ""trend_sma"", ""safe"": ""IEF"", ""sma"": 160, ""universe"": ""etf""}",wf_test_2020,2020-01-02,2020-12-31,True,253,-0.044589821266661354,-0.0028088947161048817,-0.8003792068953594,12.731531823109334,-0.060564012087469754,-0.33717257210811413
468,2026-10-01T04:12:13+00:00,dc4d878,phase4,A1,"{""asset"": ""SPY"", ""check"": ""monthly"", ""kind"": ""trend_sma"", ""safe"": ""IEF"", ""sma"": 160, ""universe"": ""etf""}",wf_test_2020,2020-01-02,2020-12-31,False,253,-0.02057401375159589,-0.0012960410442177555,-0.8048621119516655,12.742460388239822,-0.053520867771028935,-0.337172572108114
469,2026-10-01T04:12:13+00:00,dc4d878,phase4,A1,"{""asset"": ""SPY"", ""check"": ""monthly"", ""kind"": ""trend_sma"", ""safe"": ""IEF"", ""sma"": 160, ""universe"": ""etf""}",wf_test_2021,2021-01-04,2021-12-31,True,252,2.1310486813826044,0.1342434486359641,-0.33048563699128275,3.691027171282955,0.3055426687820626,-0.05114139334553003
470,2026-10-01T04:12:13+00:00,dc4d878,phase4,A1,"{""asset"": ""SPY"", ""check"": ""monthly"", ""kind"": ""trend_sma"", ""safe"": ""IEF"", ""sma"": 160, ""universe"": ""etf""}",wf_test_2021,2021-01-04,2021-12-31,False,252,2.1414045757409115,0.1348958086615769,-0.33045780143034387,3.684564816880379,0.3075009827852344,-0.05114139334552947
471,2026-10-01T04:12:13+00:00,dc4d878,phase4,A1,"{""asset"": ""SPY"", ""check"": ""monthly"", ""kind"": ""trend_sma"", ""safe"": ""IEF"", ""sma"": 160, ""universe"": ""etf""}",wf_test_2022,2022-01-03,2022-12-30,True,251,-2.1817592229630334,-0.13743791249004067,-0.20366558706356386,4.051136144796288,-0.2853377090612548,-0.29518135172453575
472,2026-10-01T04:12:13+00:00,dc4d878,phase4,A1,"{""asset"": ""SPY"", ""check"": ""monthly"", ""kind"": ""trend_sma"", ""safe"": ""IEF"", ""sma"": 160, ""universe"": ""etf""}",wf_test_2022,2022-01-03,2022-12-30,False,251,-2.0891440713884464,-0.13160370633044757,-0.2139637280657173,4.048736617750689,-0.2755861998431637,-0.28560257984087556
473,2026-10-01T04:12:13+00:00,dc4d878,phase4,A1,"{""asset"": ""SPY"", ""check"": ""monthly"", ""kind"": ""trend_sma"", ""safe"": ""IEF"", ""sma"": 160, ""universe"": ""etf""}",wf_test_2023,2023-01-03,2023-12-29,True,250,1.1745828178891797,0.07399176262819615,-0.10966653946397802,2.7930825862024813,0.1459250991438965,-0.09974318833807849
474,2026-10-01T04:12:13+00:00,dc4d878,phase4,A1,"{""asset"": ""SPY"", ""check"": ""monthly"", ""kind"": ""trend_sma"", ""safe"": ""IEF"", ""sma"": 160, ""universe"": ""etf""}",wf_test_2023,2023-01-03,2023-12-29,False,250,1.2595399887981193,0.07934356135002152,-0.11911325330440632,2.7846370009741515,0.158116677190832,-0.09974318833807883
475,2026-10-01T04:12:13+00:00,dc4d878,phase4,A1,"{""asset"": ""SPY"", ""check"": ""monthly"", ""kind"": ""trend_sma"", ""safe"": ""IEF"", ""sma"": 160, ""universe"": ""etf""}",wf_test_2024,2024-01-02,2024-09-25,True,185,2.22136395203019,0.13993277591513084,-0.47078958523804315,4.232161030906509,0.31305853186955623,-0.08405648722795567
476,2026-10-01T04:12:13+00:00,dc4d878,phase4,A1,"{""asset"": ""SPY"", ""check"": ""monthly"", ""kind"": ""trend_sma"", ""safe"": ""IEF"", ""sma"": 160, ""universe"": ""etf""}",wf_test_2024,2024-01-02,2024-09-25,False,185,2.2390042107687593,0.1410440077647758,-0.47341597422572895,4.244446830954171,0.31574215834361397,-0.08405648722795578
477,2026-10-01T04:12:13+00:00,dc4d878,phase4,A2,"{""asset"": ""SPY"", ""fast"": 40, ""kind"": ""trend_cross"", ""safe"": ""IEF"", ""slow"": 160, ""universe"": ""etf""}",dev,2005-08-19,2024-09-25,True,4807,0.7768925898508028,0.048939633051288726,-0.9927350265283141,18.145819879728187,0.10160884872141107,-0.337172572108114
478,2026-10-01T04:12:13+00:00,dc4d878,phase4,A2,"{""asset"": ""SPY"", ""fast"": 40, ""kind"": ""trend_cross"", ""safe"": ""IEF"", ""slow"": 160, ""universe"": ""etf""}",dev,2005-08-19,2024-09-25,False,4807,0.8051358291685733,0.0507187898954245,-0.9847789838497836,18.21416836275256,0.10586161783359138,-0.33717257210811424
479,2026-10-01T04:12:14+00:00,dc4d878,phase4,A2,"{""asset"": ""SPY"", ""fast"": 40, ""kind"": ""trend_cross"", ""safe"": ""IEF"", ""slow"": 200, ""universe"": ""etf""}",dev,2005-10-17,2024-09-25,True,4767,0.7272531264376055,0.04581264077971708,-0.8161805073143418,19.51120642683448,0.09676408961191285,-0.337172572108114
480,2026-10-01T04:12:14+00:00,dc4d878,phase4,A2,"{""asset"": ""SPY"", ""fast"": 40, ""kind"": ""trend_cross"", ""safe"": ""IEF"", ""slow"": 200, ""universe"": ""etf""}",dev,2005-10-17,2024-09-25,False,4767,0.748329549249368,0.047140330619878316,-0.8146455954987285,19.52881117386717,0.09998657051796767,-0.3371725721081138
481,2026-10-01T04:12:14+00:00,dc4d878,phase4,A2,"{""asset"": ""SPY"", ""fast"": 40, ""kind"": ""trend_cross"", ""safe"": ""IEF"", ""slow"": 240, ""universe"": ""etf""}",dev,2005-12-13,2024-09-25,True,4727,0.7366946913502601,0.04640740346414939,-0.7364822102371353,19.264022156794514,0.09933004572782766,-0.337172572108114
482,2026-10-01T04:12:14+00:00,dc4d878,phase4,A2,"{""asset"": ""SPY"", ""fast"": 40, ""kind"": ""trend_cross"", ""safe"": ""IEF"", ""slow"": 240, ""universe"": ""etf""}",dev,2005-12-13,2024-09-25,False,4727,0.7552123122270272,0.04757390393349472,-0.7358540094025336,19.262184469754875,0.10223481625938002,-0.33717257210811424
483,2026-10-01T04:12:14+00:00,dc4d878,phase4,A2,"{""asset"": ""SPY"", ""fast"": 50, ""kind"": ""trend_cross"", ""safe"": ""IEF"", ""slow"": 160, ""universe"": ""etf""}",dev,2005-08-19,2024-09-25,True,4807,0.7684274006965961,0.04840637625835654,-0.7223121389550408,19.446660391828857,0.1022592961395472,-0.337172572108114
484,2026-10-01T04:12:14+00:00,dc4d878,phase4,A2,"{""asset"": ""SPY"", ""fast"": 50, ""kind"": ""trend_cross"", ""safe"": ""IEF"", ""slow"": 160, ""universe"": ""etf""}",dev,2005-08-19,2024-09-25,False,4807,0.7897197993492672,0.049747671297666406,-0.7208239693762593,19.486759029709752,0.10547093442640132,-0.337172572108114
485,2026-10-01T04:12:14+00:00,dc4d878,phase4,A2,"{""asset"": ""SPY"", ""fast"": 50, ""kind"": ""trend_cross"", ""safe"": ""IEF"", ""slow"": 200, ""universe"": ""etf""}",dev,2005-10-17,2024-09-25,True,4767,0.7240903251533615,0.04561340302627837,-0.7384936540693908,19.06125950722688,0.0975684674444306,-0.33717257210811413
486,2026-10-01T04:12:14+00:00,dc4d878,phase4,A2,"{""asset"": ""SPY"", ""fast"": 50, ""kind"": ""trend_cross"", ""safe"": ""IEF"", ""slow"": 200, ""universe"": ""etf""}",dev,2005-10-17,2024-09-25,False,4767,0.7451784166622967,0.046941827925269214,-0.7355554794191166,19.09229062896909,0.10079331175044604,-0.337172572108114
487,2026-10-01T04:12:15+00:00,dc4d878,phase4,A2,"{""asset"": ""SPY"", ""fast"": 50, ""kind"": ""trend_cross"", ""safe"": ""IEF"", ""slow"": 240, ""universe"": ""etf""}",dev,2005-12-13,2024-09-25,True,4727,0.7202936038381784,0.0453742320644357,-0.7333428625751255,18.717080301528682,0.0977392314268779,-0.3371725721081138
488,2026-10-01T04:12:15+00:00,dc4d878,phase4,A2,"{""asset"": ""SPY"", ""fast"": 50, ""kind"": ""trend_cross"", ""safe"": ""IEF"", ""slow"": 240, ""universe"": ""etf""}",dev,2005-12-13,2024-09-25,False,4727,0.7410146063907255,0.046679532532768415,-0.7336349907355314,18.740144015300828,0.10099191082669479,-0.3371725721081138
489,2026-10-01T04:12:15+00:00,dc4d878,phase4,A2,"{""asset"": ""SPY"", ""fast"": 60, ""kind"": ""trend_cross"", ""safe"": ""IEF"", ""slow"": 160, ""universe"": ""etf""}",dev,2005-08-19,2024-09-25,True,4807,0.6993688574993486,0.04405609694396777,-0.7449290597318722,19.36491456381218,0.09288185183635345,-0.3371725721081139
490,2026-10-01T04:12:15+00:00,dc4d878,phase4,A2,"{""asset"": ""SPY"", ""fast"": 60, ""kind"": ""trend_cross"", ""safe"": ""IEF"", ""slow"": 160, ""universe"": ""etf""}",dev,2005-08-19,2024-09-25,False,4807,0.72235874755111,0.04550432389029344,-0.747913049400794,19.390660412493812,0.09641097974329593,-0.337172572108114
491,2026-10-01T04:12:15+00:00,dc4d878,phase4,A2,"{""asset"": ""SPY"", ""fast"": 60, ""kind"": ""trend_cross"", ""safe"": ""IEF"", ""slow"": 200, ""universe"": ""etf""}",dev,2005-10-17,2024-09-25,True,4767,0.7248094258243891,0.0456587021106393,-0.6387044390819483,18.985904727162346,0.09874792506359453,-0.3371725721081137
492,2026-10-01T04:12:15+00:00,dc4d878,phase4,A2,"{""asset"": ""SPY"", ""fast"": 60, ""kind"": ""trend_cross"", ""safe"": ""IEF"", ""slow"": 200, ""universe"": ""etf""}",dev,2005-10-17,2024-09-25,False,4767,0.744904681547651,0.04692458423387735,-0.6345293309875479,18.981948948494214,0.10197623481828111,-0.337172572108114
493,2026-10-01T04:12:15+00:00,dc4d878,phase4,A2,"{""asset"": ""SPY"", ""fast"": 60, ""kind"": ""trend_cross"", ""safe"": ""IEF"", ""slow"": 240, ""universe"": ""etf""}",dev,2005-12-13,2024-09-25,True,4727,0.6879113211449558,0.04333433999560574,-0.6385283100768512,18.71518081358421,0.09346330775178102,-0.33717257210811424
494,2026-10-01T04:12:15+00:00,dc4d878,phase4,A2,"{""asset"": ""SPY"", ""fast"": 60, ""kind"": ""trend_cross"", ""safe"": ""IEF"", ""slow"": 240, ""universe"": ""etf""}",dev,2005-12-13,2024-09-25,False,4727,0.7063224516130028,0.044494132199748994,-0.6376030496337798,18.736910913906957,0.09635257654420126,-0.3371725721081139
495,2026-10-01T04:12:15+00:00,dc4d878,phase4,A2,"{""asset"": ""SPY"", ""fast"": 40, ""kind"": ""trend_cross"", ""safe"": ""IEF"", ""slow"": 160, ""universe"": ""etf""}",wf_test_2016,2016-01-04,2016-12-30,True,252,0.386340735442494,0.024337178745586583,-0.9702812135636268,7.776746541585884,0.036737637040585636,-0.08962452103548502
496,2026-10-01T04:12:15+00:00,dc4d878,phase4,A2,"{""asset"": ""SPY"", ""fast"": 40, ""kind"": ""trend_cross"", ""safe"": ""IEF"", ""slow"": 160, ""universe"": ""etf""}",wf_test_2016,2016-01-04,2016-12-30,False,252,0.4573573902501686,0.028810807497130074,-0.962690262012556,7.85133943576632,0.04454123136162158,-0.08551962569230154
497,2026-10-01T04:12:15+00:00,dc4d878,phase4,A2,"{""asset"": ""SPY"", ""fast"": 40, ""kind"": ""trend_cross"", ""safe"": ""IEF"", ""slow"": 160, ""universe"": ""etf""}",wf_test_2017,2017-01-03,2017-12-29,True,251,2.819473251946462,0.1776101203059261,-0.41690906613922923,5.793170789379175,0.20486478311453982,-0.026100656116677667
498,2026-10-01T04:12:15+00:00,dc4d878,phase4,A2,"{""asset"": ""SPY"", ""fast"": 40, ""kind"": ""trend_cross"", ""safe"": ""IEF"", ""slow"": 160, ""universe"": ""etf""}",wf_test_2017,2017-01-03,2017-12-29,False,251,2.839396841957571,0.17886518850575955,-0.41814407046084384,5.775723903824867,0.20667928609546626,-0.026100656116677112
499,2026-10-01T04:12:16+00:00,dc4d878,phase4,A2,"{""asset"": ""SPY"", ""fast"": 40, ""kind"": ""trend_cross"", ""safe"": ""IEF"", ""slow"": 160, ""universe"": ""etf""}",wf_test_2018,2018-01-02,2018-12-31,True,251,0.2795545697748802,0.017610282607047306,-1.0124656621492623,6.340692940888549,0.030651838379198937,-0.10101910065119957
500,2026-10-01T04:12:16+00:00,dc4d878,phase4,A2,"{""asset"": ""SPY"", ""fast"": 40, ""kind"": ""trend_cross"", ""safe"": ""IEF"", ""slow"": 160, ""universe"": ""etf""}",wf_test_2018,2018-01-02,2018-12-31,False,251,0.31015004286270215,0.01953761625073174,-1.010003393342595,6.314653563710491,0.03531761813163592,-0.10101910065119968
501,2026-10-01T04:12:16+00:00,dc4d878,phase4,A2,"{""asset"": ""SPY"", ""fast"": 40, ""kind"": ""trend_cross"", ""safe"": ""IEF"", ""slow"": 160, ""universe"": ""etf""}",wf_test_2019,2019-01-02,2019-12-31,True,252,1.4320216106070773,0.09020888223182146,-0.9774438528971566,6.743496597912045,0.1650275573787876,-0.06618373532064303
502,2026-10-01T04:12:16+00:00,dc4d878,phase4,A2,"{""asset"": ""SPY"", ""fast"": 40, ""kind"": ""trend_cross"", ""safe"": ""IEF"", ""slow"": 160, ""universe"": ""etf""}",wf_test_2019,2019-01-02,2019-12-31,False,252,1.4716537953978857,0.09270547520493182,-0.9810315807904093,6.737623613686714,0.17028068238650906,-0.06618373532064303
503,2026-10-01T04:12:16+00:00,dc4d878,phase4,A2,"{""asset"": ""SPY"", ""fast"": 40, ""kind"": ""trend_cross"", ""safe"": ""IEF"", ""slow"": 160, ""universe"": ""etf""}",wf_test_2020,2020-01-02,2020-12-31,True,253,-0.10999190731076161,-0.006928838880331963,-1.5342142512750043,16.261017743089912,-0.06692586068801776,-0.33717257210811413
504,2026-10-01T04:12:16+00:00,dc4d878,phase4,A2,"{""asset"": ""SPY"", ""fast"": 40, ""kind"": ""trend_cross"", ""safe"": ""IEF"", ""slow"": 160, ""universe"": ""etf""}",wf_test_2020,2020-01-02,2020-12-31,False,253,-0.08210430693584941,-0.00517208518379936,-1.508330737902403,16.18365279292402,-0.05993041245559805,-0.337172572108114
505,2026-10-01T04:12:16+00:00,dc4d878,phase4,A2,"{""asset"": ""SPY"", ""fast"": 40, ""kind"": ""trend_cross"", ""safe"": ""IEF"", ""slow"": 160, ""universe"": ""etf""}",wf_test_2021,2021-01-04,2021-12-31,True,252,2.1310486813826044,0.1342434486359641,-0.33048563699128275,3.691027171282955,0.3055426687820626,-0.05114139334553003
506,2026-10-01T04:12:16+00:00,dc4d878,phase4,A2,"{""asset"": ""SPY"", ""fast"": 40, ""kind"": ""trend_cross"", ""safe"": ""IEF"", ""slow"": 160, ""universe"": ""etf""}",wf_test_2021,2021-01-04,2021-12-31,False,252,2.1414045757409115,0.1348958086615769,-0.33045780143034387,3.684564816880379,0.3075009827852344,-0.05114139334552947
507,2026-10-01T04:12:16+00:00,dc4d878,phase4,A2,"{""asset"": ""SPY"", ""fast"": 40, ""kind"": ""trend_cross"", ""safe"": ""IEF"", ""slow"": 160, ""universe"": ""etf""}",wf_test_2022,2022-01-03,2022-12-30,True,251,-1.7451558220564574,-0.10993448343375893,0.16654425098637984,3.5954131701647793,-0.20807718179728085,-0.2498960503134312
508,2026-10-01T04:12:16+00:00,dc4d878,phase4,A2,"{""asset"": ""SPY"", ""fast"": 40, ""kind"": ""trend_cross"", ""safe"": ""IEF"", ""slow"": 160, ""universe"": ""etf""}",wf_test_2022,2022-01-03,2022-12-30,False,251,-1.690340675248094,-0.10648145375436786,0.15975086995883037,3.61868256466859,-0.20209248723394824,-0.24651382146267764
509,2026-10-01T04:12:16+00:00,dc4d878,phase4,A2,"{""asset"": ""SPY"", ""fast"": 40, ""kind"": ""trend_cross"", ""safe"": ""IEF"", ""slow"": 160, ""universe"": ""etf""}",wf_test_2023,2023-01-03,2023-12-29,True,250,1.7157342310830757,0.1080810974125344,-0.034219234796576,2.805439992873787,0.23910120955775027,-0.09974318833807871
510,2026-10-01T04:12:16+00:00,dc4d878,phase4,A2,"{""asset"": ""SPY"", ""fast"": 40, ""kind"": ""trend_cross"", ""safe"": ""IEF"", ""slow"": 160, ""universe"": ""etf""}",wf_test_2023,2023-01-03,2023-12-29,False,250,1.769202956754998,0.11144931053271158,-0.03389621897840734,2.794511001794017,0.24850290492475713,-0.09974318833807838
511,2026-10-01T04:12:16+00:00,dc4d878,phase4,A2,"{""asset"": ""SPY"", ""fast"": 40, ""kind"": ""trend_cross"", ""safe"": ""IEF"", ""slow"": 160, ""universe"": ""etf""}",wf_test_2024,2024-01-02,2024-09-25,True,185,2.22136395203019,0.13993277591513084,-0.47078958523804315,4.232161030906509,0.31305853186955623,-0.08405648722795567
512,2026-10-01T04:12:16+00:00,dc4d878,phase4,A2,"{""asset"": ""SPY"", ""fast"": 40, ""kind"": ""trend_cross"", ""safe"": ""IEF"", ""slow"": 160, ""universe"": ""etf""}",wf_test_2024,2024-01-02,2024-09-25,False,185,2.2390042107687593,0.1410440077647758,-0.47341597422572895,4.244446830954171,0.31574215834361397,-0.08405648722795578
513,2026-10-01T04:12:16+00:00,dc4d878,phase4,A3,"{""assets"": [""SPY"", ""EFA"", ""EEM"", ""VNQ"", ""GLD"", ""DBC""], ""kind"": ""trend_multi"", ""safe"": ""IEF"", ""sma"": 160, ""universe"": ""etf""}",dev,2006-09-22,2024-09-25,True,4532,0.4749967796867699,0.029921984585898332,-0.4098782906802079,6.71403253289186,0.04275393090373547,-0.20053057695792276
514,2026-10-01T04:12:16+00:00,dc4d878,phase4,A3,"{""assets"": [""SPY"", ""EFA"", ""EEM"", ""VNQ"", ""GLD"", ""DBC""], ""kind"": ""trend_multi"", ""safe"": ""IEF"", ""sma"": 160, ""universe"": ""etf""}",dev,2006-09-22,2024-09-25,False,4532,0.7567786811319583,0.047672575899776436,-0.41736618330202396,6.719560589767777,0.07199621931178402,-0.18182030213453615
515,2026-10-01T04:12:17+00:00,dc4d878,phase4,A3,"{""assets"": [""SPY"", ""EFA"", ""EEM"", ""VNQ"", ""GLD"", ""DBC""], ""kind"": ""trend_multi"", ""safe"": ""IEF"", ""sma"": 200, ""universe"": ""etf""}",dev,2006-11-17,2024-09-25,True,4492,0.4711068006417937,0.029676938939273104,-0.378412698608962,6.20564372954807,0.04201024343803117,-0.17223864527582022
516,2026-10-01T04:12:17+00:00,dc4d878,phase4,A3,"{""assets"": [""SPY"", ""EFA"", ""EEM"", ""VNQ"", ""GLD"", ""DBC""], ""kind"": ""trend_multi"", ""safe"": ""IEF"", ""sma"": 200, ""universe"": ""etf""}",dev,2006-11-17,2024-09-25,False,4492,0.7311236566860472,0.046056461267320166,-0.3903468835524462,6.221508461693255,0.06875239259768384,-0.15935477709233836
517,2026-10-01T04:12:17+00:00,dc4d878,phase4,A3,"{""assets"": [""SPY"", ""EFA"", ""EEM"", ""VNQ"", ""GLD"", ""DBC""], ""kind"": ""trend_multi"", ""safe"": ""IEF"", ""sma"": 240, ""universe"": ""etf""}",dev,2007-01-19,2024-09-25,True,4452,0.4269264206836228,0.026893836601233522,-0.34770749794963507,6.081569304237942,0.03728357821446693,-0.1731181001078309
518,2026-10-01T04:12:17+00:00,dc4d878,phase4,A3,"{""assets"": [""SPY"", ""EFA"", ""EEM"", ""VNQ"", ""GLD"", ""DBC""], ""kind"": ""trend_multi"", ""safe"": ""IEF"", ""sma"": 240, ""universe"": ""etf""}",dev,2007-01-19,2024-09-25,False,4452,0.6632750433928561,0.041782400372692194,-0.35506665230885665,6.0780118184964245,0.0612190617032784,-0.14521810221072629
519,2026-10-01T04:12:17+00:00,dc4d878,phase4,A3,"{""assets"": [""SPY"", ""EFA"", ""EEM"", ""VNQ"", ""GLD"", ""DBC""], ""kind"": ""trend_multi"", ""safe"": ""IEF"", ""sma"": 160, ""universe"": ""etf""}",wf_test_2016,2016-01-04,2016-12-30,True,252,0.1649054173002985,0.010388064857712338,-0.8966411930134484,7.488733099351431,0.010299298603977824,-0.07725335602247951
520,2026-10-01T04:12:17+00:00,dc4d878,phase4,A3,"{""assets"": [""SPY"", ""EFA"", ""EEM"", ""VNQ"", ""GLD"", ""DBC""], ""kind"": ""trend_multi"", ""safe"": ""IEF"", ""sma"": 160, ""universe"": ""etf""}",wf_test_2016,2016-01-04,2016-12-30,False,252,0.5155584363644342,0.0324771287843241,-0.9120896700441209,7.536546804354392,0.04022262349808581,-0.07012753582087872
521,2026-10-01T04:12:17+00:00,dc4d878,phase4,A3,"{""assets"": [""SPY"", ""EFA"", ""EEM"", ""VNQ"", ""GLD"", ""DBC""], ""kind"": ""trend_multi"", ""safe"": ""IEF"", ""sma"": 160, ""universe"": ""etf""}",wf_test_2017,2017-01-03,2017-12-29,True,251,2.0195516637608435,0.12721979671804587,-0.11233777742493317,3.5969625509510146,0.11066898857300855,-0.024102408640868433
522,2026-10-01T04:12:17+00:00,dc4d878,phase4,A3,"{""assets"": [""SPY"", ""EFA"", ""EEM"", ""VNQ"", ""GLD"", ""DBC""], ""kind"": ""trend_multi"", ""safe"": ""IEF"", ""sma"": 160, ""universe"": ""etf""}",wf_test_2017,2017-01-03,2017-12-29,False,251,2.47104256876115,0.15566105038086253,-0.11664918035728193,3.5593031980205625,0.1385321079641788,-0.023611396452847044
523,2026-10-01T04:12:17+00:00,dc4d878,phase4,A3,"{""assets"": [""SPY"", ""EFA"", ""EEM"", ""VNQ"", ""GLD"", ""DBC""], ""kind"": ""trend_multi"", ""safe"": ""IEF"", ""sma"": 160, ""universe"": ""etf""}",wf_test_2018,2018-01-02,2018-12-31,True,251,-0.7269396517376466,-0.045792893729755126,-1.0200867646966039,6.477976154550851,-0.05086296721834482,-0.10477524534348204
524,2026-10-01T04:12:17+00:00,dc4d878,phase4,A3,"{""assets"": [""SPY"", ""EFA"", ""EEM"", ""VNQ"", ""GLD"", ""DBC""], ""kind"": ""trend_multi"", ""safe"": ""IEF"", ""sma"": 160, ""universe"": ""etf""}",wf_test_2018,2018-01-02,2018-12-31,False,251,-0.17848414491013925,-0.011243444295243888,-1.0601598762218643,6.631974830297762,-0.014456729148801917,-0.07606433378858013
525,2026-10-01T04:12:17+00:00,dc4d878,phase4,A3,"{""assets"": [""SPY"", ""EFA"", ""EEM"", ""VNQ"", ""GLD"", ""DBC""], ""kind"": ""trend_multi"", ""safe"": ""IEF"", ""sma"": 160, ""universe"": ""etf""}",wf_test_2019,2019-01-02,2019-12-31,True,252,1.3608270274741916,0.08572404504933266,-0.32299603188802195,3.2275273775455444,0.08232806943694304,-0.03515423948743723
526,2026-10-01T04:12:17+00:00,dc4d878,phase4,A3,"{""assets"": [""SPY"", ""EFA"", ""EEM"", ""VNQ"", ""GLD"", ""DBC""], ""kind"": ""trend_multi"", ""safe"": ""IEF"", ""sma"": 160, ""universe"": ""etf""}",wf_test_2019,2019-01-02,2019-12-31,False,252,1.7796863178763818,0.11210970020964645,-0.3172799478284884,3.266493290097968,0.10931003182881915,-0.03223082688544965
527,2026-10-01T04:12:17+00:00,dc4d878,phase4,A3,"{""assets"": [""SPY"", ""EFA"", ""EEM"", ""VNQ"", ""GLD"", ""DBC""], ""kind"": ""trend_multi"", ""safe"": ""IEF"", ""sma"": 160, ""universe"": ""etf""}",wf_test_2020,2020-01-02,2020-12-31,True,253,0.48941825675681494,0.030830452249364034,-0.8829587606254543,6.34897502290397,0.05135543423170108,-0.10947810638645594
528,2026-10-01T04:12:17+00:00,dc4d878,phase4,A3,"{""assets"": [""SPY"", ""EFA"", ""EEM"", ""VNQ"", ""GLD"", ""DBC""], ""kind"": ""trend_multi"", ""safe"": ""IEF"", ""sma"": 160, ""universe"": ""etf""}",wf_test_2020,2020-01-02,2020-12-31,False,253,0.6951906064710905,0.0437928918693018,-0.8646739960143413,6.246229895297854,0.07673364541440542,-0.10377014693980202
529,2026-10-01T04:12:18+00:00,dc4d878,phase4,A3,"{""assets"": [""SPY"", ""EFA"", ""EEM"", ""VNQ"", ""GLD"", ""DBC""], ""kind"": ""trend_multi"", ""safe"": ""IEF"", ""sma"": 160, ""universe"": ""etf""}",wf_test_2021,2021-01-04,2021-12-31,True,252,1.3858368211007317,0.08729951396068679,-0.5610842441868104,4.410810282927684,0.12743476134902054,-0.03840598815290042
530,2026-10-01T04:12:18+00:00,dc4d878,phase4,A3,"{""assets"": [""SPY"", ""EFA"", ""EEM"", ""VNQ"", ""GLD"", ""DBC""], ""kind"": ""trend_multi"", ""safe"": ""IEF"", ""sma"": 160, ""universe"": ""etf""}",wf_test_2021,2021-01-04,2021-12-31,False,252,1.6025691399438984,0.10095236673995768,-0.5444054984659052,4.341709798779959,0.14910547359159598,-0.035494697885998794
531,2026-10-01T04:12:18+00:00,dc4d878,phase4,A3,"{""assets"": [""SPY"", ""EFA"", ""EEM"", ""VNQ"", ""GLD"", ""DBC""], ""kind"": ""trend_multi"", ""safe"": ""IEF"", ""sma"": 160, ""universe"": ""etf""}",wf_test_2022,2022-01-03,2022-12-30,True,251,-1.8527068138847902,-0.11670955909176152,0.20061565906543236,4.238360804423859,-0.17943468306097576,-0.1959224252428079
532,2026-10-01T04:12:18+00:00,dc4d878,phase4,A3,"{""assets"": [""SPY"", ""EFA"", ""EEM"", ""VNQ"", ""GLD"", ""DBC""], ""kind"": ""trend_multi"", ""safe"": ""IEF"", ""sma"": 160, ""universe"": ""etf""}",wf_test_2022,2022-01-03,2022-12-30,False,251,-1.4642875411254026,-0.09224144480257332,0.17413756608515218,4.221707221926837,-0.14550402768994297,-0.18182030213453682
533,2026-10-01T04:12:18+00:00,dc4d878,phase4,A3,"{""assets"": [""SPY"", ""EFA"", ""EEM"", ""VNQ"", ""GLD"", ""DBC""], ""kind"": ""trend_multi"", ""safe"": ""IEF"", ""sma"": 160, ""universe"": ""etf""}",wf_test_2023,2023-01-03,2023-12-29,True,250,0.36688528089102707,0.023111600307803223,0.19659455050313046,3.5835539408658796,0.028399942927696653,-0.08602683592022942
534,2026-10-01T04:12:18+00:00,dc4d878,phase4,A3,"{""assets"": [""SPY"", ""EFA"", ""EEM"", ""VNQ"", ""GLD"", ""DBC""], ""kind"": ""trend_multi"", ""safe"": ""IEF"", ""sma"": 160, ""universe"": ""etf""}",wf_test_2023,2023-01-03,2023-12-29,False,250,0.8648577411078712,0.05448091672429786,0.18209811603318182,3.5420326482444815,0.07370191534418757,-0.07136494071513866
535,2026-10-01T04:12:18+00:00,dc4d878,phase4,A3,"{""assets"": [""SPY"", ""EFA"", ""EEM"", ""VNQ"", ""GLD"", ""DBC""], ""kind"": ""trend_multi"", ""safe"": ""IEF"", ""sma"": 160, ""universe"": ""etf""}",wf_test_2024,2024-01-02,2024-09-25,True,185,1.4263699368971465,0.08985286025258911,-0.5371103035163953,3.361219208440467,0.1414194904054662,-0.05141895073194669
536,2026-10-01T04:12:18+00:00,dc4d878,phase4,A3,"{""assets"": [""SPY"", ""EFA"", ""EEM"", ""VNQ"", ""GLD"", ""DBC""], ""kind"": ""trend_multi"", ""safe"": ""IEF"", ""sma"": 160, ""universe"": ""etf""}",wf_test_2024,2024-01-02,2024-09-25,False,185,1.6245008169589303,0.10233393253082353,-0.5314921011556331,3.3536422996100725,0.1627769690523846,-0.049981054222306365
537,2026-10-01T04:12:21+00:00,dc4d878,phase4,B,"{""exit_sma"": 4, ""kind"": ""meanrev"", ""max_hold"": 8, ""rsi_entry"": 10, ""rsi_len"": 2, ""slots"": 10, ""trend_sma"": 160, ""universe"": ""stocks""}",dev,2005-08-19,2024-09-25,True,4807,0.003366224440599435,0.00021205220778699102,-0.4978959382646186,9.396987627665835,-0.013890359618477066,-0.6735486126216079
538,2026-10-01T04:12:21+00:00,dc4d878,phase4,B,"{""exit_sma"": 4, ""kind"": ""meanrev"", ""max_hold"": 8, ""rsi_entry"": 10, ""rsi_len"": 2, ""slots"": 10, ""trend_sma"": 160, ""universe"": ""stocks""}",dev,2005-08-19,2024-09-25,False,4807,1.1413109204839573,0.07189583010006582,-0.511953895940238,9.450247514498285,0.19642429107470183,-0.3342294005969211
539,2026-10-01T04:12:24+00:00,dc4d878,phase4,B,"{""exit_sma"": 4, ""kind"": ""meanrev"", ""max_hold"": 10, ""rsi_entry"": 10, ""rsi_len"": 2, ""slots"": 10, ""trend_sma"": 160, ""universe"": ""stocks""}",dev,2005-08-19,2024-09-25,True,4807,0.025910898805943845,0.0016322332020639967,-0.605367177793085,10.89988031706568,-0.010235739516486597,-0.6537474895681048
540,2026-10-01T04:12:24+00:00,dc4d878,phase4,B,"{""exit_sma"": 4, ""kind"": ""meanrev"", ""max_hold"": 10, ""rsi_entry"": 10, ""rsi_len"": 2, ""slots"": 10, ""trend_sma"": 160, ""universe"": ""stocks""}",dev,2005-08-19,2024-09-25,False,4807,1.1384262741834528,0.07171411446360113,-0.6240525609362412,10.974056294020288,0.19667861493019623,-0.3360635881608204
541,2026-10-01T04:12:28+00:00,dc4d878,phase4,B,"{""exit_sma"": 4, ""kind"": ""meanrev"", ""max_hold"": 12, ""rsi_entry"": 10, ""rsi_len"": 2, ""slots"": 10, ""trend_sma"": 160, ""universe"": ""stocks""}",dev,2005-08-19,2024-09-25,True,4807,0.029834085710228334,0.001879370747196428,-0.5973327523269426,11.127080304590411,-0.009540178454046422,-0.6711221545116098
542,2026-10-01T04:12:28+00:00,dc4d878,phase4,B,"{""exit_sma"": 4, ""kind"": ""meanrev"", ""max_hold"": 12, ""rsi_entry"": 10, ""rsi_len"": 2, ""slots"": 10, ""trend_sma"": 160, ""universe"": ""stocks""}",dev,2005-08-19,2024-09-25,False,4807,1.1367007079373357,0.07160541400745843,-0.6188989867449357,11.206385146357675,0.1961152586503423,-0.3406709019617282
543,2026-10-01T04:12:30+00:00,dc4d878,phase4,B,"{""exit_sma"": 5, ""kind"": ""meanrev"", ""max_hold"": 8, ""rsi_entry"": 10, ""rsi_len"": 2, ""slots"": 10, ""trend_sma"": 160, ""universe"": ""stocks""}",dev,2005-08-19,2024-09-25,True,4807,0.090746179304497,0.005716471973070841,-0.6583480494488024,11.545971700172645,0.0006393071809160933,-0.6259847380884402
544,2026-10-01T04:12:30+00:00,dc4d878,phase4,B,"{""exit_sma"": 5, ""kind"": ""meanrev"", ""max_hold"": 8, ""rsi_entry"": 10, ""rsi_len"": 2, ""slots"": 10, ""trend_sma"": 160, ""universe"": ""stocks""}",dev,2005-08-19,2024-09-25,False,4807,1.0641079821849433,0.06703250211857403,-0.6767232671729717,11.622036677830355,0.18385933499404294,-0.38469445508617905
545,2026-10-01T04:12:34+00:00,dc4d878,phase4,B,"{""exit_sma"": 5, ""kind"": ""meanrev"", ""max_hold"": 10, ""rsi_entry"": 10, ""rsi_len"": 2, ""slots"": 10, ""trend_sma"": 160, ""universe"": ""stocks""}",dev,2005-08-19,2024-09-25,True,4807,0.14863070845916554,0.009362854565959432,-1.0355074626560927,17.37046947251309,0.010635501573994732,-0.5906598361191191
546,2026-10-01T04:12:34+00:00,dc4d878,phase4,B,"{""exit_sma"": 5, ""kind"": ""meanrev"", ""max_hold"": 10, ""rsi_entry"": 10, ""rsi_len"": 2, ""slots"": 10, ""trend_sma"": 160, ""universe"": ""stocks""}",dev,2005-08-19,2024-09-25,False,4807,1.0862568436029483,0.06842774924084248,-1.0607621187746472,17.566446679508125,0.18974498432409614,-0.37874955567639834
547,2026-10-01T04:12:36+00:00,dc4d878,phase4,B,"{""exit_sma"": 5, ""kind"": ""meanrev"", ""max_hold"": 12, ""rsi_entry"": 10, ""rsi_len"": 2, ""slots"": 10, ""trend_sma"": 160, ""universe"": ""stocks""}",dev,2005-08-19,2024-09-25,True,4807,0.12075105913201786,0.007606601738356527,-1.1734136731042453,18.703671846588723,0.005674225702524849,-0.6083790183241317
548,2026-10-01T04:12:36+00:00,dc4d878,phase4,B,"{""exit_sma"": 5, ""kind"": ""meanrev"", ""max_hold"": 12, ""rsi_entry"": 10, ""rsi_len"": 2, ""slots"": 10, ""trend_sma"": 160, ""universe"": ""stocks""}",dev,2005-08-19,2024-09-25,False,4807,1.041391656805138,0.06560150812676,-1.2024970117891602,18.898743482612243,0.18115785110917937,-0.42086350029981734
549,2026-10-01T04:12:39+00:00,dc4d878,phase4,B,"{""exit_sma"": 6, ""kind"": ""meanrev"", ""max_hold"": 8, ""rsi_entry"": 10, ""rsi_len"": 2, ""slots"": 10, ""trend_sma"": 160, ""universe"": ""stocks""}",dev,2005-08-19,2024-09-25,True,4807,0.25133331124059066,0.01583251042211899,-0.8023431995006736,14.25316449663879,0.029143928554485,-0.5309280966667255
550,2026-10-01T04:12:39+00:00,dc4d878,phase4,B,"{""exit_sma"": 6, ""kind"": ""meanrev"", ""max_hold"": 8, ""rsi_entry"": 10, ""rsi_len"": 2, ""slots"": 10, ""trend_sma"": 160, ""universe"": ""stocks""}",dev,2005-08-19,2024-09-25,False,4807,1.1094343377409828,0.0698877941337686,-0.8216606201945,14.333097269453253,0.1975701763975961,-0.3905923028491741
551,2026-10-01T04:12:42+00:00,dc4d878,phase4,B,"{""exit_sma"": 6, ""kind"": ""meanrev"", ""max_hold"": 10, ""rsi_entry"": 10, ""rsi_len"": 2, ""slots"": 10, ""trend_sma"": 160, ""universe"": ""stocks""}",dev,2005-08-19,2024-09-25,True,4807,0.3367125931941953,0.021210899640369055,-0.9319450839342508,15.978385247300853,0.044823288893200974,-0.42034629945067203
552,2026-10-01T04:12:42+00:00,dc4d878,phase4,B,"{""exit_sma"": 6, ""kind"": ""meanrev"", ""max_hold"": 10, ""rsi_entry"": 10, ""rsi_len"": 2, ""slots"": 10, ""trend_sma"": 160, ""universe"": ""stocks""}",dev,2005-08-19,2024-09-25,False,4807,1.1598433139006865,0.07306326115195812,-0.9560496659010561,16.13230845185535,0.208269280890099,-0.3811915890692138
553,2026-10-01T04:12:45+00:00,dc4d878,phase4,B,"{""exit_sma"": 6, ""kind"": ""meanrev"", ""max_hold"": 12, ""rsi_entry"": 10, ""rsi_len"": 2, ""slots"": 10, ""trend_sma"": 160, ""universe"": ""stocks""}",dev,2005-08-19,2024-09-25,True,4807,0.2797682558008527,0.017623743561413326,-1.0747294531844294,17.578708073419378,0.03436303235442639,-0.47142798837118605
554,2026-10-01T04:12:45+00:00,dc4d878,phase4,B,"{""exit_sma"": 6, ""kind"": ""meanrev"", ""max_hold"": 12, ""rsi_entry"": 10, ""rsi_len"": 2, ""slots"": 10, ""trend_sma"": 160, ""universe"": ""stocks""}",dev,2005-08-19,2024-09-25,False,4807,1.083181026275642,0.0682339909616445,-1.1045326685832813,17.74877187252142,0.1924397430652791,-0.4044142701280793
555,2026-10-01T04:12:48+00:00,dc4d878,phase4,B,"{""exit_sma"": 4, ""kind"": ""meanrev"", ""max_hold"": 8, ""rsi_entry"": 10, ""rsi_len"": 2, ""slots"": 10, ""trend_sma"": 200, ""universe"": ""stocks""}",dev,2005-10-17,2024-09-25,True,4767,-0.016253411786276407,-0.0010238687034003207,-0.48825020207613656,12.416733546012258,-0.01756685191060725,-0.7164901273922372
556,2026-10-01T04:12:48+00:00,dc4d878,phase4,B,"{""exit_sma"": 4, ""kind"": ""meanrev"", ""max_hold"": 8, ""rsi_entry"": 10, ""rsi_len"": 2, ""slots"": 10, ""trend_sma"": 200, ""universe"": ""stocks""}",dev,2005-10-17,2024-09-25,False,4767,1.1148818258776447,0.0702309536309015,-0.5020836230306397,12.454795953855946,0.1934045617019462,-0.3211443673837615
557,2026-10-01T04:12:51+00:00,dc4d878,phase4,B,"{""exit_sma"": 4, ""kind"": ""meanrev"", ""max_hold"": 10, ""rsi_entry"": 10, ""rsi_len"": 2, ""slots"": 10, ""trend_sma"": 200, ""universe"": ""stocks""}",dev,2005-10-17,2024-09-25,True,4767,0.012915783454496847,0.0008136178811466994,-0.5736276643355105,13.37700163549725,-0.012741653410064946,-0.7025027977213552
558,2026-10-01T04:12:51+00:00,dc4d878,phase4,B,"{""exit_sma"": 4, ""kind"": ""meanrev"", ""max_hold"": 10, ""rsi_entry"": 10, ""rsi_len"": 2, ""slots"": 10, ""trend_sma"": 200, ""universe"": ""stocks""}",dev,2005-10-17,2024-09-25,False,4767,1.1201753209063177,0.07056441247404972,-0.5907253399690762,13.405858901203604,0.1951443000978721,-0.33326354914462475
559,2026-10-01T04:12:54+00:00,dc4d878,phase4,B,"{""exit_sma"": 4, ""kind"": ""meanrev"", ""max_hold"": 12, ""rsi_entry"": 10, ""rsi_len"": 2, ""slots"": 10, ""trend_sma"": 200, ""universe"": ""stocks""}",dev,2005-10-17,2024-09-25,True,4767,0.0323604954866148,0.0020385196038193065,-0.5764775839875916,13.235359245106489,-0.009342267134800575,-0.6949863197992534
560,2026-10-01T04:12:54+00:00,dc4d878,phase4,B,"{""exit_sma"": 4, ""kind"": ""meanrev"", ""max_hold"": 12, ""rsi_entry"": 10, ""rsi_len"": 2, ""slots"": 10, ""trend_sma"": 200, ""universe"": ""stocks""}",dev,2005-10-17,2024-09-25,False,4767,1.1351525584351452,0.07150788975566927,-0.5970041435855681,13.274210916994706,0.19771686427946933,-0.32670228387048095
561,2026-10-01T04:12:57+00:00,dc4d878,phase4,B,"{""exit_sma"": 5, ""kind"": ""meanrev"", ""max_hold"": 8, ""rsi_entry"": 10, ""rsi_len"": 2, ""slots"": 10, ""trend_sma"": 200, ""universe"": ""stocks""}",dev,2005-10-17,2024-09-25,True,4767,0.1975269374958792,0.012443027472626092,-0.7691813423356159,16.34450275039318,0.01935272039161684,-0.5417575472620416
562,2026-10-01T04:12:57+00:00,dc4d878,phase4,B,"{""exit_sma"": 5, ""kind"": ""meanrev"", ""max_hold"": 8, ""rsi_entry"": 10, ""rsi_len"": 2, ""slots"": 10, ""trend_sma"": 200, ""universe"": ""stocks""}",dev,2005-10-17,2024-09-25,False,4767,1.1639761128779775,0.07332360301654225,-0.7798870692371005,16.411801376488366,0.20726283447135363,-0.3533352954345912
563,2026-10-01T04:13:00+00:00,dc4d878,phase4,B,"{""exit_sma"": 5, ""kind"": ""meanrev"", ""max_hold"": 10, ""rsi_entry"": 10, ""rsi_len"": 2, ""slots"": 10, ""trend_sma"": 200, ""universe"": ""stocks""}",dev,2005-10-17,2024-09-25,True,4767,0.20331227264689702,0.01280746933121546,-1.1160221520498121,21.313591844163643,0.02035966855502025,-0.5576089515271132
564,2026-10-01T04:13:00+00:00,dc4d878,phase4,B,"{""exit_sma"": 5, ""kind"": ""meanrev"", ""max_hold"": 10, ""rsi_entry"": 10, ""rsi_len"": 2, ""slots"": 10, ""trend_sma"": 200, ""universe"": ""stocks""}",dev,2005-10-17,2024-09-25,False,4767,1.1373931294040802,0.07164903245992149,-1.1379693128163773,21.44842178767284,0.20223446584498772,-0.3791031975041451
565,2026-10-01T04:13:03+00:00,dc4d878,phase4,B,"{""exit_sma"": 5, ""kind"": ""meanrev"", ""max_hold"": 12, ""rsi_entry"": 10, ""rsi_len"": 2, ""slots"": 10, ""trend_sma"": 200, ""universe"": ""stocks""}",dev,2005-10-17,2024-09-25,True,4767,0.2157450453972742,0.013590660397988757,-1.1765637302225498,22.193535295718853,0.02262172153231523,-0.5414166350239623
566,2026-10-01T04:13:03+00:00,dc4d878,phase4,B,"{""exit_sma"": 5, ""kind"": ""meanrev"", ""max_hold"": 12, ""rsi_entry"": 10, ""rsi_len"": 2, ""slots"": 10, ""trend_sma"": 200, ""universe"": ""stocks""}",dev,2005-10-17,2024-09-25,False,4767,1.1324341378843805,0.07133664535718807,-1.2027335691637542,22.326376975703383,0.2022217686701815,-0.4175482690788631
567,2026-10-01T04:13:06+00:00,dc4d878,phase4,B,"{""exit_sma"": 6, ""kind"": ""meanrev"", ""max_hold"": 8, ""rsi_entry"": 10, ""rsi_len"": 2, ""slots"": 10, ""trend_sma"": 200, ""universe"": ""stocks""}",dev,2005-10-17,2024-09-25,True,4767,0.32315964731912805,0.020357144299470328,-0.8620848780388565,17.716164936872815,0.042391853124157164,-0.46399381097580816
568,2026-10-01T04:13:06+00:00,dc4d878,phase4,B,"{""exit_sma"": 6, ""kind"": ""meanrev"", ""max_hold"": 8, ""rsi_entry"": 10, ""rsi_len"": 2, ""slots"": 10, ""trend_sma"": 200, ""universe"": ""stocks""}",dev,2005-10-17,2024-09-25,False,4767,1.1830789019778236,0.07452696561906388,-0.8798179333856546,17.773916289847033,0.2139062071593063,-0.3567139048179405
569,2026-10-01T04:13:09+00:00,dc4d878,phase4,B,"{""exit_sma"": 6, ""kind"": ""meanrev"", ""max_hold"": 10, ""rsi_entry"": 10, ""rsi_len"": 2, ""slots"": 10, ""trend_sma"": 200, ""universe"": ""stocks""}",dev,2005-10-17,2024-09-25,True,4767,0.4033462889168711,0.025408427921782113,-1.005839414643943,18.4802958784004,0.05724908810624152,-0.4296870486726031
570,2026-10-01T04:13:09+00:00,dc4d878,phase4,B,"{""exit_sma"": 6, ""kind"": ""meanrev"", ""max_hold"": 10, ""rsi_entry"": 10, ""rsi_len"": 2, ""slots"": 10, ""trend_sma"": 200, ""universe"": ""stocks""}",dev,2005-10-17,2024-09-25,False,4767,1.228649719434318,0.07739765728648781,-1.028522898230274,18.62094397545593,0.22316982807725427,-0.3574470185923573
571,2026-10-01T04:13:12+00:00,dc4d878,phase4,B,"{""exit_sma"": 6, ""kind"": ""meanrev"", ""max_hold"": 12, ""rsi_entry"": 10, ""rsi_len"": 2, ""slots"": 10, ""trend_sma"": 200, ""universe"": ""stocks""}",dev,2005-10-17,2024-09-25,True,4767,0.3532470940964027,0.022252475293697956,-1.1113310535360374,21.53452813942921,0.04819725118539053,-0.49341781037979127
572,2026-10-01T04:13:12+00:00,dc4d878,phase4,B,"{""exit_sma"": 6, ""kind"": ""meanrev"", ""max_hold"": 12, ""rsi_entry"": 10, ""rsi_len"": 2, ""slots"": 10, ""trend_sma"": 200, ""universe"": ""stocks""}",dev,2005-10-17,2024-09-25,False,4767,1.151953598944635,0.07256625582603195,-1.1374736234690264,21.647081133093376,0.20868894859220366,-0.4165883942590568
573,2026-10-01T04:13:15+00:00,dc4d878,phase4,B,"{""exit_sma"": 4, ""kind"": ""meanrev"", ""max_hold"": 8, ""rsi_entry"": 10, ""rsi_len"": 2, ""slots"": 10, ""trend_sma"": 240, ""universe"": ""stocks""}",dev,2005-12-13,2024-09-25,True,4727,-0.04256627345903109,-0.0026814231859848903,-0.5245514523578554,11.686595372502834,-0.022306117426703853,-0.6643852793566416
574,2026-10-01T04:13:15+00:00,dc4d878,phase4,B,"{""exit_sma"": 4, ""kind"": ""meanrev"", ""max_hold"": 8, ""rsi_entry"": 10, ""rsi_len"": 2, ""slots"": 10, ""trend_sma"": 240, ""universe"": ""stocks""}",dev,2005-12-13,2024-09-25,False,4727,1.0877289832207313,0.06852048531998105,-0.5407965304979854,11.710224790917955,0.1893290589706449,-0.3169581541197535
575,2026-10-01T04:13:18+00:00,dc4d878,phase4,B,"{""exit_sma"": 4, ""kind"": ""meanrev"", ""max_hold"": 10, ""rsi_entry"": 10, ""rsi_len"": 2, ""slots"": 10, ""trend_sma"": 240, ""universe"": ""stocks""}",dev,2005-12-13,2024-09-25,True,4727,-0.003321056583826278,-0.00020920690025662058,-0.5248501398658763,11.641317744230982,-0.01545031407558084,-0.6141308949277559
576,2026-10-01T04:13:18+00:00,dc4d878,phase4,B,"{""exit_sma"": 4, ""kind"": ""meanrev"", ""max_hold"": 10, ""rsi_entry"": 10, ""rsi_len"": 2, ""slots"": 10, ""trend_sma"": 240, ""universe"": ""stocks""}",dev,2005-12-13,2024-09-25,False,4727,1.1157532373876369,0.07028584739625957,-0.5401083960643468,11.639514629180256,0.193979284496977,-0.312586121339824
577,2026-10-01T04:13:21+00:00,dc4d878,phase4,B,"{""exit_sma"": 4, ""kind"": ""meanrev"", ""max_hold"": 12, ""rsi_entry"": 10, ""rsi_len"": 2, ""slots"": 10, ""trend_sma"": 240, ""universe"": ""stocks""}",dev,2005-12-13,2024-09-25,True,4727,-0.009071489236567918,-0.000571450108118045,-0.5321217564713324,11.356106718903066,-0.016339413982279116,-0.624916847922263
578,2026-10-01T04:13:21+00:00,dc4d878,phase4,B,"{""exit_sma"": 4, ""kind"": ""meanrev"", ""max_hold"": 12, ""rsi_entry"": 10, ""rsi_len"": 2, ""slots"": 10, ""trend_sma"": 240, ""universe"": ""stocks""}",dev,2005-12-13,2024-09-25,False,4727,1.104668897748797,0.069587599631218,-0.549993757932889,11.368572217232593,0.191207802584469,-0.3148081317283906
579,2026-10-01T04:13:24+00:00,dc4d878,phase4,B,"{""exit_sma"": 5, ""kind"": ""meanrev"", ""max_hold"": 8, ""rsi_entry"": 10, ""rsi_len"": 2, ""slots"": 10, ""trend_sma"": 240, ""universe"": ""stocks""}",dev,2005-12-13,2024-09-25,True,4727,0.05938619782576776,0.003740978827539671,-0.783017683741017,15.368637519033127,-0.005390529005398159,-0.612036801407895
580,2026-10-01T04:13:24+00:00,dc4d878,phase4,B,"{""exit_sma"": 5, ""kind"": ""meanrev"", ""max_hold"": 8, ""rsi_entry"": 10, ""rsi_len"": 2, ""slots"": 10, ""trend_sma"": 240, ""universe"": ""stocks""}",dev,2005-12-13,2024-09-25,False,4727,1.0112356042324748,0.06370185537364913,-0.7965066063316624,15.443512356112608,0.1780781641031408,-0.36737875172207546
581,2026-10-01T04:13:27+00:00,dc4d878,phase4,B,"{""exit_sma"": 5, ""kind"": ""meanrev"", ""max_hold"": 10, ""rsi_entry"": 10, ""rsi_len"": 2, ""slots"": 10, ""trend_sma"": 240, ""universe"": ""stocks""}",dev,2005-12-13,2024-09-25,True,4727,0.1112454025272978,0.007007801656821577,-0.8842577385451155,16.946759096854034,0.003842026887887817,-0.5872176246166969
582,2026-10-01T04:13:27+00:00,dc4d878,phase4,B,"{""exit_sma"": 5, ""kind"": ""meanrev"", ""max_hold"": 10, ""rsi_entry"": 10, ""rsi_len"": 2, ""slots"": 10, ""trend_sma"": 240, ""universe"": ""stocks""}",dev,2005-12-13,2024-09-25,False,4727,1.0367688458786224,0.06531029841081637,-0.9062167305708453,17.034923454114814,0.18319693051853725,-0.3779096716670015
583,2026-10-01T04:13:30+00:00,dc4d878,phase4,B,"{""exit_sma"": 5, ""kind"": ""meanrev"", ""max_hold"": 12, ""rsi_entry"": 10, ""rsi_len"": 2, ""slots"": 10, ""trend_sma"": 240, ""universe"": ""stocks""}",dev,2005-12-13,2024-09-25,True,4727,0.10103121254865058,0.006364368168072323,-0.9797105176253476,18.231505591759106,0.001973093570801554,-0.5853740764314557
584,2026-10-01T04:13:30+00:00,dc4d878,phase4,B,"{""exit_sma"": 5, ""kind"": ""meanrev"", ""max_hold"": 12, ""rsi_entry"": 10, ""rsi_len"": 2, ""slots"": 10, ""trend_sma"": 240, ""universe"": ""stocks""}",dev,2005-12-13,2024-09-25,False,4727,1.011521240707358,0.06371984878026603,-1.003565851617135,18.31903512705032,0.17832032646941842,-0.4146741637455962
585,2026-10-01T04:13:33+00:00,dc4d878,phase4,B,"{""exit_sma"": 6, ""kind"": ""meanrev"", ""max_hold"": 8, ""rsi_entry"": 10, ""rsi_len"": 2, ""slots"": 10, ""trend_sma"": 240, ""universe"": ""stocks""}",dev,2005-12-13,2024-09-25,True,4727,0.23717419699091657,0.014940570062843071,-0.7537044431928122,16.26366031891042,0.026758846682038984,-0.48012618082773095
586,2026-10-01T04:13:33+00:00,dc4d878,phase4,B,"{""exit_sma"": 6, ""kind"": ""meanrev"", ""max_hold"": 8, ""rsi_entry"": 10, ""rsi_len"": 2, ""slots"": 10, ""trend_sma"": 240, ""universe"": ""stocks""}",dev,2005-12-13,2024-09-25,False,4727,1.0856136672409065,0.06838723293838729,-0.7696954681281356,16.357480161713504,0.1959863585366548,-0.3745239584093617
587,2026-10-01T04:13:36+00:00,dc4d878,phase4,B,"{""exit_sma"": 6, ""kind"": ""meanrev"", ""max_hold"": 10, ""rsi_entry"": 10, ""rsi_len"": 2, ""slots"": 10, ""trend_sma"": 240, ""universe"": ""stocks""}",dev,2005-12-13,2024-09-25,True,4727,0.3099987924349656,0.019528088369363098,-0.8229271832270965,16.43105525672947,0.04023487620633093,-0.4800115437981418
588,2026-10-01T04:13:36+00:00,dc4d878,phase4,B,"{""exit_sma"": 6, ""kind"": ""meanrev"", ""max_hold"": 10, ""rsi_entry"": 10, ""rsi_len"": 2, ""slots"": 10, ""trend_sma"": 240, ""universe"": ""stocks""}",dev,2005-12-13,2024-09-25,False,4727,1.127083085277709,0.07099956072743385,-0.8443992736956712,16.4950765064327,0.20410595440527102,-0.36890821350595115
589,2026-10-01T04:13:39+00:00,dc4d878,phase4,B,"{""exit_sma"": 6, ""kind"": ""meanrev"", ""max_hold"": 12, ""rsi_entry"": 10, ""rsi_len"": 2, ""slots"": 10, ""trend_sma"": 240, ""universe"": ""stocks""}",dev,2005-12-13,2024-09-25,True,4727,0.2705879017680518,0.01704543561573904,-0.9394262147622625,17.73744944883452,0.03289665106923123,-0.5129424037910326
590,2026-10-01T04:13:39+00:00,dc4d878,phase4,B,"{""exit_sma"": 6, ""kind"": ""meanrev"", ""max_hold"": 12, ""rsi_entry"": 10, ""rsi_len"": 2, ""slots"": 10, ""trend_sma"": 240, ""universe"": ""stocks""}",dev,2005-12-13,2024-09-25,False,4727,1.068574354054967,0.06731385710026017,-0.9635741891226323,17.825998982455513,0.1917329187255712,-0.406460779675091
591,2026-10-01T04:13:39+00:00,dc4d878,phase4,B,"{""exit_sma"": 6, ""kind"": ""meanrev"", ""max_hold"": 10, ""rsi_entry"": 10, ""rsi_len"": 2, ""slots"": 10, ""trend_sma"": 200, ""universe"": ""stocks""}",wf_test_2016,2016-01-08,2016-12-30,True,248,0.40097548392195875,0.0252590812450305,-0.35584816418999343,5.917156240054397,0.04383118318844814,-0.09781911827522338
592,2026-10-01T04:13:39+00:00,dc4d878,phase4,B,"{""exit_sma"": 6, ""kind"": ""meanrev"", ""max_hold"": 10, ""rsi_entry"": 10, ""rsi_len"": 2, ""slots"": 10, ""trend_sma"": 200, ""universe"": ""stocks""}",wf_test_2016,2016-01-08,2016-12-30,False,248,1.5020948750014143,0.0946230829732951,-0.3333291874596792,5.915221019662259,0.19984834919488392,-0.07900842848943401
593,2026-10-01T04:13:39+00:00,dc4d878,phase4,B,"{""exit_sma"": 6, ""kind"": ""meanrev"", ""max_hold"": 10, ""rsi_entry"": 10, ""rsi_len"": 2, ""slots"": 10, ""trend_sma"": 200, ""universe"": ""stocks""}",wf_test_2017,2017-01-03,2017-12-29,True,251,0.3591227209160178,0.022622604992777077,-0.2870150576203011,8.211453252610822,0.03574689853190671,-0.13142106954457977
594,2026-10-01T04:13:39+00:00,dc4d878,phase4,B,"{""exit_sma"": 6, ""kind"": ""meanrev"", ""max_hold"": 10, ""rsi_entry"": 10, ""rsi_len"": 2, ""slots"": 10, ""trend_sma"": 200, ""universe"": ""stocks""}",wf_test_2017,2017-01-03,2017-12-29,False,251,1.7590931919907669,0.11081245521415159,-0.3601987727141442,8.240541072765442,0.21934769440466062,-0.10614556911936768
595,2026-10-01T04:13:40+00:00,dc4d878,phase4,B,"{""exit_sma"": 6, ""kind"": ""meanrev"", ""max_hold"": 10, ""rsi_entry"": 10, ""rsi_len"": 2, ""slots"": 10, ""trend_sma"": 200, ""universe"": ""stocks""}",wf_test_2018,2018-01-02,2018-12-31,True,251,-0.8725147587394226,-0.05496326349661981,-0.25209717301276174,5.067099745240644,-0.1564577686906653,-0.2189203298200756
596,2026-10-01T04:13:40+00:00,dc4d878,phase4,B,"{""exit_sma"": 6, ""kind"": ""meanrev"", ""max_hold"": 10, ""rsi_entry"": 10, ""rsi_len"": 2, ""slots"": 10, ""trend_sma"": 200, ""universe"": ""stocks""}",wf_test_2018,2018-01-02,2018-12-31,False,251,-0.0686947994104574,-0.004327365609608017,-0.29174564777348355,5.120452087316782,-0.027422249173194913,-0.15616990862181002
597,2026-10-01T04:13:40+00:00,dc4d878,phase4,B,"{""exit_sma"": 6, ""kind"": ""meanrev"", ""max_hold"": 10, ""rsi_entry"": 10, ""rsi_len"": 2, ""slots"": 10, ""trend_sma"": 200, ""universe"": ""stocks""}",wf_test_2019,2019-01-02,2019-12-31,True,252,0.6489704704784972,0.04088129697882591,-0.6553218697463814,6.708065704732567,0.08538924426665462,-0.14930813481386496
598,2026-10-01T04:13:40+00:00,dc4d878,phase4,B,"{""exit_sma"": 6, ""kind"": ""meanrev"", ""max_hold"": 10, ""rsi_entry"": 10, ""rsi_len"": 2, ""slots"": 10, ""trend_sma"": 200, ""universe"": ""stocks""}",wf_test_2019,2019-01-02,2019-12-31,False,252,1.7460789621796202,0.10999263579545308,-0.6834248985174051,6.785421321448955,0.2656663836131241,-0.1370205833795567
599,2026-10-01T04:13:40+00:00,dc4d878,phase4,B,"{""exit_sma"": 6, ""kind"": ""meanrev"", ""max_hold"": 10, ""rsi_entry"": 10, ""rsi_len"": 2, ""slots"": 10, ""trend_sma"": 200, ""universe"": ""stocks""}",wf_test_2020,2020-01-02,2020-12-31,True,253,0.5434989947674288,0.034237218523052663,-3.448580121901672,31.23966767584182,0.12314632721069518,-0.3626203858752286
600,2026-10-01T04:13:40+00:00,dc4d878,phase4,B,"{""exit_sma"": 6, ""kind"": ""meanrev"", ""max_hold"": 10, ""rsi_entry"": 10, ""rsi_len"": 2, ""slots"": 10, ""trend_sma"": 200, ""universe"": ""stocks""}",wf_test_2020,2020-01-02,2020-12-31,False,253,0.9941211324915342,0.06262374499158314,-3.46127969341698,31.204292717514186,0.2859965819122019,-0.3574470185924876
601,2026-10-01T04:13:40+00:00,dc4d878,phase4,B,"{""exit_sma"": 6, ""kind"": ""meanrev"", ""max_hold"": 10, ""rsi_entry"": 10, ""rsi_len"": 2, ""slots"": 10, ""trend_sma"": 200, ""universe"": ""stocks""}",wf_test_2021,2021-01-04,2021-12-31,True,252,0.9819724697188705,0.061858451171143705,-0.1191270288883148,4.9308731614061685,0.1864273311584379,-0.08120888427224604
602,2026-10-01T04:13:40+00:00,dc4d878,phase4,B,"{""exit_sma"": 6, ""kind"": ""meanrev"", ""max_hold"": 10, ""rsi_entry"": 10, ""rsi_len"": 2, ""slots"": 10, ""trend_sma"": 200, ""universe"": ""stocks""}",wf_test_2021,2021-01-04,2021-12-31,False,252,1.7958500219904996,0.11312791786087471,-0.14498615257652692,4.869308270874252,0.38670952920615775,-0.07990037295020713
603,2026-10-01T04:13:40+00:00,dc4d878,phase4,B,"{""exit_sma"": 6, ""kind"": ""meanrev"", ""max_hold"": 10, ""rsi_entry"": 10, ""rsi_len"": 2, ""slots"": 10, ""trend_sma"": 200, ""universe"": ""stocks""}",wf_test_2022,2022-01-03,2022-12-30,True,251,0.04150349399416959,0.0026144743725913227,0.15933965848839096,4.527611162577127,-0.012144424651631569,-0.13996111130646938
604,2026-10-01T04:13:40+00:00,dc4d878,phase4,B,"{""exit_sma"": 6, ""kind"": ""meanrev"", ""max_hold"": 10, ""rsi_entry"": 10, ""rsi_len"": 2, ""slots"": 10, ""trend_sma"": 200, ""universe"": ""stocks""}",wf_test_2022,2022-01-03,2022-12-30,False,251,0.6630458200900781,0.041767960661886205,0.17378911513293227,4.487806887805156,0.12081285774270745,-0.1150399460981868
605,2026-10-01T04:13:41+00:00,dc4d878,phase4,B,"{""exit_sma"": 6, ""kind"": ""meanrev"", ""max_hold"": 10, ""rsi_entry"": 10, ""rsi_len"": 2, ""slots"": 10, ""trend_sma"": 200, ""universe"": ""stocks""}",wf_test_2023,2023-01-03,2023-12-29,True,250,0.7429889646401467,0.046803905411980734,-0.03807573451813373,3.6091459521592197,0.11189929386992148,-0.1297572407746831
606,2026-10-01T04:13:41+00:00,dc4d878,phase4,B,"{""exit_sma"": 6, ""kind"": ""meanrev"", ""max_hold"": 10, ""rsi_entry"": 10, ""rsi_len"": 2, ""slots"": 10, ""trend_sma"": 200, ""universe"": ""stocks""}",wf_test_2023,2023-01-03,2023-12-29,False,250,1.6909097456485918,0.1065173018200394,-0.05751442370162563,3.6048239542512497,0.29344006192939287,-0.1230611804906997
607,2026-10-01T04:13:41+00:00,dc4d878,phase4,B,"{""exit_sma"": 6, ""kind"": ""meanrev"", ""max_hold"": 10, ""rsi_entry"": 10, ""rsi_len"": 2, ""slots"": 10, ""trend_sma"": 200, ""universe"": ""stocks""}",wf_test_2024,2024-01-02,2024-09-25,True,185,1.911955303260489,0.12044186310234133,-0.6282819907675636,5.664712566218517,0.33987869108838575,-0.13526418103080717
608,2026-10-01T04:13:41+00:00,dc4d878,phase4,B,"{""exit_sma"": 6, ""kind"": ""meanrev"", ""max_hold"": 10, ""rsi_entry"": 10, ""rsi_len"": 2, ""slots"": 10, ""trend_sma"": 200, ""universe"": ""stocks""}",wf_test_2024,2024-01-02,2024-09-25,False,185,2.982358028398276,0.18787089675473204,-0.6227494578654601,5.561672030062566,0.5844738385367878,-0.12707515601842634
609,2026-10-01T04:13:44+00:00,dc4d878,phase4,B_dated,"{""dated_universe"": true, ""exit_sma"": 4, ""kind"": ""meanrev"", ""max_hold"": 8, ""rsi_entry"": 10, ""rsi_len"": 2, ""slots"": 10, ""trend_sma"": 160, ""universe"": ""stocks""}",dev,2005-08-19,2024-09-25,True,4807,-0.09766746942985192,-0.0061524722688664655,-0.7722444372275916,14.722818326682754,-0.02571994191641047,-0.6299179520899694
610,2026-10-01T04:13:44+00:00,dc4d878,phase4,B_dated,"{""dated_universe"": true, ""exit_sma"": 4, ""kind"": ""meanrev"", ""max_hold"": 8, ""rsi_entry"": 10, ""rsi_len"": 2, ""slots"": 10, ""trend_sma"": 160, ""universe"": ""stocks""}",dev,2005-08-19,2024-09-25,False,4807,1.0773188476836004,0.06786470842127333,-0.7915073712276126,14.86391721940286,0.16214028605797326,-0.29551921241902557
611,2026-10-01T04:13:47+00:00,dc4d878,phase4,B_dated,"{""dated_universe"": true, ""exit_sma"": 4, ""kind"": ""meanrev"", ""max_hold"": 10, ""rsi_entry"": 10, ""rsi_len"": 2, ""slots"": 10, ""trend_sma"": 160, ""universe"": ""stocks""}",dev,2005-08-19,2024-09-25,True,4807,-0.04482406667160075,-0.0028236507896103403,-0.71983909163318,14.454121581556391,-0.01803550089443795,-0.6169554389323295
612,2026-10-01T04:13:47+00:00,dc4d878,phase4,B_dated,"{""dated_universe"": true, ""exit_sma"": 4, ""kind"": ""meanrev"", ""max_hold"": 10, ""rsi_entry"": 10, ""rsi_len"": 2, ""slots"": 10, ""trend_sma"": 160, ""universe"": ""stocks""}",dev,2005-08-19,2024-09-25,False,4807,1.1100650245857273,0.06992752367058655,-0.7392508173898462,14.60503596322925,0.16832015189041383,-0.29538595381875976
613,2026-10-01T04:13:50+00:00,dc4d878,phase4,B_dated,"{""dated_universe"": true, ""exit_sma"": 4, ""kind"": ""meanrev"", ""max_hold"": 12, ""rsi_entry"": 10, ""rsi_len"": 2, ""slots"": 10, ""trend_sma"": 160, ""universe"": ""stocks""}",dev,2005-08-19,2024-09-25,True,4807,-0.039546751732160455,-0.002491211196278795,-0.6930309924703069,14.180377678069565,-0.01706048150389572,-0.6093962535875301
614,2026-10-01T04:13:50+00:00,dc4d878,phase4,B_dated,"{""dated_universe"": true, ""exit_sma"": 4, ""kind"": ""meanrev"", ""max_hold"": 12, ""rsi_entry"": 10, ""rsi_len"": 2, ""slots"": 10, ""trend_sma"": 160, ""universe"": ""stocks""}",dev,2005-08-19,2024-09-25,False,4807,1.1169958681680676,0.07036412577760465,-0.7156815691919561,14.32976650410414,0.168377794879923,-0.2998767994949
615,2026-10-01T04:13:53+00:00,dc4d878,phase4,B_dated,"{""dated_universe"": true, ""exit_sma"": 5, ""kind"": ""meanrev"", ""max_hold"": 8, ""rsi_entry"": 10, ""rsi_len"": 2, ""slots"": 10, ""trend_sma"": 160, ""universe"": ""stocks""}",dev,2005-08-19,2024-09-25,True,4807,0.0830032340109332,0.005228712266833988,-0.7283945799085316,17.256307441631527,0.0009209127045792798,-0.4958238004232862
616,2026-10-01T04:13:53+00:00,dc4d878,phase4,B_dated,"{""dated_universe"": true, ""exit_sma"": 5, ""kind"": ""meanrev"", ""max_hold"": 8, ""rsi_entry"": 10, ""rsi_len"": 2, ""slots"": 10, ""trend_sma"": 160, ""universe"": ""stocks""}",dev,2005-08-19,2024-09-25,False,4807,1.0961731924201283,0.069052420499986,-0.7521472244540941,17.401139330812235,0.1686130847511933,-0.2625475291484539
617,2026-10-01T04:13:56+00:00,dc4d878,phase4,B_dated,"{""dated_universe"": true, ""exit_sma"": 5, ""kind"": ""meanrev"", ""max_hold"": 10, ""rsi_entry"": 10, ""rsi_len"": 2, ""slots"": 10, ""trend_sma"": 160, ""universe"": ""stocks""}",dev,2005-08-19,2024-09-25,True,4807,0.10877627607953963,0.006852261310718234,-0.7596033576525798,17.034075959323253,0.004907194891748068,-0.49299208754744883
618,2026-10-01T04:13:56+00:00,dc4d878,phase4,B_dated,"{""dated_universe"": true, ""exit_sma"": 5, ""kind"": ""meanrev"", ""max_hold"": 10, ""rsi_entry"": 10, ""rsi_len"": 2, ""slots"": 10, ""trend_sma"": 160, ""universe"": ""stocks""}",dev,2005-08-19,2024-09-25,False,4807,1.1007247006892427,0.06933913857070816,-0.7833686689560796,17.218828097137038,0.16864281255086833,-0.27641360485135613
619,2026-10-01T04:13:59+00:00,dc4d878,phase4,B_dated,"{""dated_universe"": true, ""exit_sma"": 5, ""kind"": ""meanrev"", ""max_hold"": 12, ""rsi_entry"": 10, ""rsi_len"": 2, ""slots"": 10, ""trend_sma"": 160, ""universe"": ""stocks""}",dev,2005-08-19,2024-09-25,True,4807,0.1079514003773524,0.006800299025705682,-0.7473460433186727,16.71624700375131,0.0047735291485266895,-0.4908535985339062
620,2026-10-01T04:13:59+00:00,dc4d878,phase4,B_dated,"{""dated_universe"": true, ""exit_sma"": 5, ""kind"": ""meanrev"", ""max_hold"": 12, ""rsi_entry"": 10, ""rsi_len"": 2, ""slots"": 10, ""trend_sma"": 160, ""universe"": ""stocks""}",dev,2005-08-19,2024-09-25,False,4807,1.0852222974130694,0.06836257895659893,-0.7762938476283703,16.89699366925684,0.16603248736143827,-0.2749360695932067
621,2026-10-01T04:14:02+00:00,dc4d878,phase4,B_dated,"{""dated_universe"": true, ""exit_sma"": 6, ""kind"": ""meanrev"", ""max_hold"": 8, ""rsi_entry"": 10, ""rsi_len"": 2, ""slots"": 10, ""trend_sma"": 160, ""universe"": ""stocks""}",dev,2005-08-19,2024-09-25,True,4807,0.19137573474416295,0.012055538121555201,-0.6777639316312029,16.019467682684674,0.01783027639173973,-0.47163212419353895
622,2026-10-01T04:14:02+00:00,dc4d878,phase4,B_dated,"{""dated_universe"": true, ""exit_sma"": 6, ""kind"": ""meanrev"", ""max_hold"": 8, ""rsi_entry"": 10, ""rsi_len"": 2, ""slots"": 10, ""trend_sma"": 160, ""universe"": ""stocks""}",dev,2005-08-19,2024-09-25,False,4807,1.0891608974892701,0.06861068744029815,-0.703489427613744,16.135598503798988,0.17192681804507037,-0.3050779041827846
623,2026-10-01T04:14:05+00:00,dc4d878,phase4,B_dated,"{""dated_universe"": true, ""exit_sma"": 6, ""kind"": ""meanrev"", ""max_hold"": 10, ""rsi_entry"": 10, ""rsi_len"": 2, ""slots"": 10, ""trend_sma"": 160, ""universe"": ""stocks""}",dev,2005-08-19,2024-09-25,True,4807,0.22746515117467253,0.014328957665283217,-0.46850955465128075,13.838737750937561,0.023608287707892917,-0.39548028733894136
624,2026-10-01T04:14:05+00:00,dc4d878,phase4,B_dated,"{""dated_universe"": true, ""exit_sma"": 6, ""kind"": ""meanrev"", ""max_hold"": 10, ""rsi_entry"": 10, ""rsi_len"": 2, ""slots"": 10, ""trend_sma"": 160, ""universe"": ""stocks""}",dev,2005-08-19,2024-09-25,False,4807,1.093553825265651,0.06888741587895938,-0.4894411914141371,13.943264241572864,0.17206469512256506,-0.32977531359239
625,2026-10-01T04:14:08+00:00,dc4d878,phase4,B_dated,"{""dated_universe"": true, ""exit_sma"": 6, ""kind"": ""meanrev"", ""max_hold"": 12, ""rsi_entry"": 10, ""rsi_len"": 2, ""slots"": 10, ""trend_sma"": 160, ""universe"": ""stocks""}",dev,2005-08-19,2024-09-25,True,4807,0.21073985158519543,0.013275362824406858,-0.6735712672690903,15.695994732791485,0.02091759815082672,-0.412513536581841
626,2026-10-01T04:14:08+00:00,dc4d878,phase4,B_dated,"{""dated_universe"": true, ""exit_sma"": 6, ""kind"": ""meanrev"", ""max_hold"": 12, ""rsi_entry"": 10, ""rsi_len"": 2, ""slots"": 10, ""trend_sma"": 160, ""universe"": ""stocks""}",dev,2005-08-19,2024-09-25,False,4807,1.0574664973725407,0.06661412790072095,-0.7028134774314168,15.86016237794722,0.165545010180151,-0.33202737573241015
627,2026-10-01T04:14:11+00:00,dc4d878,phase4,B_dated,"{""dated_universe"": true, ""exit_sma"": 4, ""kind"": ""meanrev"", ""max_hold"": 8, ""rsi_entry"": 10, ""rsi_len"": 2, ""slots"": 10, ""trend_sma"": 200, ""universe"": ""stocks""}",dev,2005-10-17,2024-09-25,True,4767,-0.0771478776086746,-0.004859859484023843,-0.601987510531624,14.255731145278515,-0.02271060537055747,-0.6216085408090704
628,2026-10-01T04:14:11+00:00,dc4d878,phase4,B_dated,"{""dated_universe"": true, ""exit_sma"": 4, ""kind"": ""meanrev"", ""max_hold"": 8, ""rsi_entry"": 10, ""rsi_len"": 2, ""slots"": 10, ""trend_sma"": 200, ""universe"": ""stocks""}",dev,2005-10-17,2024-09-25,False,4767,1.1111688469475554,0.06999705794346724,-0.6188275142743427,14.314857297921764,0.1682047106336193,-0.2753642116586289
629,2026-10-01T04:14:13+00:00,dc4d878,phase4,B_dated,"{""dated_universe"": true, ""exit_sma"": 4, ""kind"": ""meanrev"", ""max_hold"": 10, ""rsi_entry"": 10, ""rsi_len"": 2, ""slots"": 10, ""trend_sma"": 200, ""universe"": ""stocks""}",dev,2005-10-17,2024-09-25,True,4767,-0.023394152780686198,-0.0014736931045415678,-0.5287579158511583,14.046083683552169,-0.014939238907408892,-0.5894161592755252
630,2026-10-01T04:14:13+00:00,dc4d878,phase4,B_dated,"{""dated_universe"": true, ""exit_sma"": 4, ""kind"": ""meanrev"", ""max_hold"": 10, ""rsi_entry"": 10, ""rsi_len"": 2, ""slots"": 10, ""trend_sma"": 200, ""universe"": ""stocks""}",dev,2005-10-17,2024-09-25,False,4767,1.1388778206574108,0.07174255921777925,-0.543297308960317,14.105025913715163,0.17416222587752883,-0.28581014588891684
631,2026-10-01T04:14:17+00:00,dc4d878,phase4,B_dated,"{""dated_universe"": true, ""exit_sma"": 4, ""kind"": ""meanrev"", ""max_hold"": 12, ""rsi_entry"": 10, ""rsi_len"": 2, ""slots"": 10, ""trend_sma"": 200, ""universe"": ""stocks""}",dev,2005-10-17,2024-09-25,True,4767,-0.022528407463180584,-0.0014191562757596985,-0.5424074336625643,14.056107513917208,-0.01472246008114253,-0.5769678141322643
632,2026-10-01T04:14:17+00:00,dc4d878,phase4,B_dated,"{""dated_universe"": true, ""exit_sma"": 4, ""kind"": ""meanrev"", ""max_hold"": 12, ""rsi_entry"": 10, ""rsi_len"": 2, ""slots"": 10, ""trend_sma"": 200, ""universe"": ""stocks""}",dev,2005-10-17,2024-09-25,False,4767,1.1373929697679848,0.07164902240379271,-0.5603514607564702,14.116262335562338,0.1732805596573339,-0.267359495478519
633,2026-10-01T04:14:20+00:00,dc4d878,phase4,B_dated,"{""dated_universe"": true, ""exit_sma"": 5, ""kind"": ""meanrev"", ""max_hold"": 8, ""rsi_entry"": 10, ""rsi_len"": 2, ""slots"": 10, ""trend_sma"": 200, ""universe"": ""stocks""}",dev,2005-10-17,2024-09-25,True,4767,0.14619334205401616,0.009209314914483985,-0.43973108900846997,16.601768855415344,0.010670242457874624,-0.46284588856554776
634,2026-10-01T04:14:20+00:00,dc4d878,phase4,B_dated,"{""dated_universe"": true, ""exit_sma"": 5, ""kind"": ""meanrev"", ""max_hold"": 8, ""rsi_entry"": 10, ""rsi_len"": 2, ""slots"": 10, ""trend_sma"": 200, ""universe"": ""stocks""}",dev,2005-10-17,2024-09-25,False,4767,1.1634892932122598,0.07329293626014168,-0.4609731949733343,16.62412637998838,0.18197195342734918,-0.23043725095137535
635,2026-10-01T04:14:23+00:00,dc4d878,phase4,B_dated,"{""dated_universe"": true, ""exit_sma"": 5, ""kind"": ""meanrev"", ""max_hold"": 10, ""rsi_entry"": 10, ""rsi_len"": 2, ""slots"": 10, ""trend_sma"": 200, ""universe"": ""stocks""}",dev,2005-10-17,2024-09-25,True,4767,0.14113877214263204,0.008890906939009886,-0.45467433347341996,16.544969445814434,0.009881507054754213,-0.4751604522260735
636,2026-10-01T04:14:23+00:00,dc4d878,phase4,B_dated,"{""dated_universe"": true, ""exit_sma"": 5, ""kind"": ""meanrev"", ""max_hold"": 10, ""rsi_entry"": 10, ""rsi_len"": 2, ""slots"": 10, ""trend_sma"": 200, ""universe"": ""stocks""}",dev,2005-10-17,2024-09-25,False,4767,1.130915050275391,0.07124095183259031,-0.4753022605603012,16.598506216574865,0.17597069687804434,-0.2397887632908713
637,2026-10-01T04:14:25+00:00,dc4d878,phase4,B_dated,"{""dated_universe"": true, ""exit_sma"": 5, ""kind"": ""meanrev"", ""max_hold"": 12, ""rsi_entry"": 10, ""rsi_len"": 2, ""slots"": 10, ""trend_sma"": 200, ""universe"": ""stocks""}",dev,2005-10-17,2024-09-25,True,4767,0.1472199019898528,0.009273982112010798,-0.48963338275203894,16.363243091055647,0.010832009734566883,-0.45016195017539395
638,2026-10-01T04:14:25+00:00,dc4d878,phase4,B_dated,"{""dated_universe"": true, ""exit_sma"": 5, ""kind"": ""meanrev"", ""max_hold"": 12, ""rsi_entry"": 10, ""rsi_len"": 2, ""slots"": 10, ""trend_sma"": 200, ""universe"": ""stocks""}",dev,2005-10-17,2024-09-25,False,4767,1.1283899521833585,0.07108188560431503,-0.5137635223222887,16.406669854409305,0.1746624708565283,-0.24363166457480578
639,2026-10-01T04:14:28+00:00,dc4d878,phase4,B_dated,"{""dated_universe"": true, ""exit_sma"": 6, ""kind"": ""meanrev"", ""max_hold"": 8, ""rsi_entry"": 10, ""rsi_len"": 2, ""slots"": 10, ""trend_sma"": 200, ""universe"": ""stocks""}",dev,2005-10-17,2024-09-25,True,4767,0.18653424204974586,0.011750552749084637,-0.4799576208254606,15.43341734412087,0.017063879110776226,-0.481525066273638
640,2026-10-01T04:14:28+00:00,dc4d878,phase4,B_dated,"{""dated_universe"": true, ""exit_sma"": 6, ""kind"": ""meanrev"", ""max_hold"": 8, ""rsi_entry"": 10, ""rsi_len"": 2, ""slots"": 10, ""trend_sma"": 200, ""universe"": ""stocks""}",dev,2005-10-17,2024-09-25,False,4767,1.093591350690215,0.06888977975851268,-0.5015901062211071,15.446471440471491,0.17241482191007207,-0.2440519519664075
641,2026-10-01T04:14:31+00:00,dc4d878,phase4,B_dated,"{""dated_universe"": true, ""exit_sma"": 6, ""kind"": ""meanrev"", ""max_hold"": 10, ""rsi_entry"": 10, ""rsi_len"": 2, ""slots"": 10, ""trend_sma"": 200, ""universe"": ""stocks""}",dev,2005-10-17,2024-09-25,True,4767,0.23474952714631594,0.014787830219503764,-0.44800724102519335,15.503009626728659,0.024810796194253637,-0.4278706811876498
642,2026-10-01T04:14:31+00:00,dc4d878,phase4,B_dated,"{""dated_universe"": true, ""exit_sma"": 6, ""kind"": ""meanrev"", ""max_hold"": 10, ""rsi_entry"": 10, ""rsi_len"": 2, ""slots"": 10, ""trend_sma"": 200, ""universe"": ""stocks""}",dev,2005-10-17,2024-09-25,False,4767,1.1046447447257268,0.06958607813377861,-0.4681651507115053,15.550955085087821,0.17450613522342806,-0.26431852286883983
643,2026-10-01T04:14:34+00:00,dc4d878,phase4,B_dated,"{""dated_universe"": true, ""exit_sma"": 6, ""kind"": ""meanrev"", ""max_hold"": 12, ""rsi_entry"": 10, ""rsi_len"": 2, ""slots"": 10, ""trend_sma"": 200, ""universe"": ""stocks""}",dev,2005-10-17,2024-09-25,True,4767,0.21716965857314344,0.01368040259269866,-0.520506457441075,15.503214522646086,0.021929609480131784,-0.4222637343827941
644,2026-10-01T04:14:34+00:00,dc4d878,phase4,B_dated,"{""dated_universe"": true, ""exit_sma"": 6, ""kind"": ""meanrev"", ""max_hold"": 12, ""rsi_entry"": 10, ""rsi_len"": 2, ""slots"": 10, ""trend_sma"": 200, ""universe"": ""stocks""}",dev,2005-10-17,2024-09-25,False,4767,1.072125866135828,0.06753758133226491,-0.5454648191695026,15.558917832348003,0.16765186313507519,-0.2830334491823616
645,2026-10-01T04:14:37+00:00,dc4d878,phase4,B_dated,"{""dated_universe"": true, ""exit_sma"": 4, ""kind"": ""meanrev"", ""max_hold"": 8, ""rsi_entry"": 10, ""rsi_len"": 2, ""slots"": 10, ""trend_sma"": 240, ""universe"": ""stocks""}",dev,2005-12-13,2024-09-25,True,4727,-0.16866858843286175,-0.010625122356706138,-0.9259995072343639,17.365035758687988,-0.037294617330184465,-0.6518213021329238
646,2026-10-01T04:14:37+00:00,dc4d878,phase4,B_dated,"{""dated_universe"": true, ""exit_sma"": 4, ""kind"": ""meanrev"", ""max_hold"": 8, ""rsi_entry"": 10, ""rsi_len"": 2, ""slots"": 10, ""trend_sma"": 240, ""universe"": ""stocks""}",dev,2005-12-13,2024-09-25,False,4727,1.0040459773917267,0.06324895145364974,-0.944420138451013,17.486812249206217,0.1532539147158165,-0.2927255968470378
647,2026-10-01T04:14:40+00:00,dc4d878,phase4,B_dated,"{""dated_universe"": true, ""exit_sma"": 4, ""kind"": ""meanrev"", ""max_hold"": 10, ""rsi_entry"": 10, ""rsi_len"": 2, ""slots"": 10, ""trend_sma"": 240, ""universe"": ""stocks""}",dev,2005-12-13,2024-09-25,True,4727,-0.11238074013780687,-0.00707932120376218,-0.8628491834947349,17.359150237184117,-0.029101696448789127,-0.6324926614507415
648,2026-10-01T04:14:40+00:00,dc4d878,phase4,B_dated,"{""dated_universe"": true, ""exit_sma"": 4, ""kind"": ""meanrev"", ""max_hold"": 10, ""rsi_entry"": 10, ""rsi_len"": 2, ""slots"": 10, ""trend_sma"": 240, ""universe"": ""stocks""}",dev,2005-12-13,2024-09-25,False,4727,1.0361305107905496,0.06527008707995526,-0.8779581157404804,17.468457151758194,0.15972268711039384,-0.2955638499321823
649,2026-10-01T04:14:43+00:00,dc4d878,phase4,B_dated,"{""dated_universe"": true, ""exit_sma"": 4, ""kind"": ""meanrev"", ""max_hold"": 12, ""rsi_entry"": 10, ""rsi_len"": 2, ""slots"": 10, ""trend_sma"": 240, ""universe"": ""stocks""}",dev,2005-12-13,2024-09-25,True,4727,-0.10359952629964929,-0.00652615672697542,-0.8253408293652844,17.096854919938142,-0.027555977819390565,-0.6178570790469412
650,2026-10-01T04:14:43+00:00,dc4d878,phase4,B_dated,"{""dated_universe"": true, ""exit_sma"": 4, ""kind"": ""meanrev"", ""max_hold"": 12, ""rsi_entry"": 10, ""rsi_len"": 2, ""slots"": 10, ""trend_sma"": 240, ""universe"": ""stocks""}",dev,2005-12-13,2024-09-25,False,4727,1.0453349072575346,0.06584990955662391,-0.8441757225783278,17.198635678987,0.16047174269471665,-0.2988655226438117
651,2026-10-01T04:14:45+00:00,dc4d878,phase4,B_dated,"{""dated_universe"": true, ""exit_sma"": 5, ""kind"": ""meanrev"", ""max_hold"": 8, ""rsi_entry"": 10, ""rsi_len"": 2, ""slots"": 10, ""trend_sma"": 240, ""universe"": ""stocks""}",dev,2005-12-13,2024-09-25,True,4727,0.021347845026279393,0.0013447878325400571,-0.5901095320012728,15.469949122071151,-0.0089047863360886,-0.5031060118124856
652,2026-10-01T04:14:45+00:00,dc4d878,phase4,B_dated,"{""dated_universe"": true, ""exit_sma"": 5, ""kind"": ""meanrev"", ""max_hold"": 8, ""rsi_entry"": 10, ""rsi_len"": 2, ""slots"": 10, ""trend_sma"": 240, ""universe"": ""stocks""}",dev,2005-12-13,2024-09-25,False,4727,1.0314432170304764,0.06497481532731099,-0.6094882713213112,15.504076664151654,0.16030913347330245,-0.26255108438589403
653,2026-10-01T04:14:48+00:00,dc4d878,phase4,B_dated,"{""dated_universe"": true, ""exit_sma"": 5, ""kind"": ""meanrev"", ""max_hold"": 10, ""rsi_entry"": 10, ""rsi_len"": 2, ""slots"": 10, ""trend_sma"": 240, ""universe"": ""stocks""}",dev,2005-12-13,2024-09-25,True,4727,0.06550083893359884,0.004126165011533327,-0.5936007017614601,15.258300348279331,-0.001989352754333984,-0.504467061592219
654,2026-10-01T04:14:48+00:00,dc4d878,phase4,B_dated,"{""dated_universe"": true, ""exit_sma"": 5, ""kind"": ""meanrev"", ""max_hold"": 10, ""rsi_entry"": 10, ""rsi_len"": 2, ""slots"": 10, ""trend_sma"": 240, ""universe"": ""stocks""}",dev,2005-12-13,2024-09-25,False,4727,1.0514140349952992,0.06623285860858391,-0.6121598758960869,15.321394764225785,0.16331586724512803,-0.26404756105066773
655,2026-10-01T04:14:52+00:00,dc4d878,phase4,B_dated,"{""dated_universe"": true, ""exit_sma"": 5, ""kind"": ""meanrev"", ""max_hold"": 12, ""rsi_entry"": 10, ""rsi_len"": 2, ""slots"": 10, ""trend_sma"": 240, ""universe"": ""stocks""}",dev,2005-12-13,2024-09-25,True,4727,0.04163595777874126,0.002622818806679396,-0.6431830916869524,15.12995447148444,-0.005559260663791976,-0.5207728897105861
656,2026-10-01T04:14:52+00:00,dc4d878,phase4,B_dated,"{""dated_universe"": true, ""exit_sma"": 5, ""kind"": ""meanrev"", ""max_hold"": 12, ""rsi_entry"": 10, ""rsi_len"": 2, ""slots"": 10, ""trend_sma"": 240, ""universe"": ""stocks""}",dev,2005-12-13,2024-09-25,False,4727,1.0201078177414356,0.06426075229087241,-0.6652920496586472,15.175745456672063,0.15642962465123555,-0.28381633788524285
657,2026-10-01T04:14:55+00:00,dc4d878,phase4,B_dated,"{""dated_universe"": true, ""exit_sma"": 6, ""kind"": ""meanrev"", ""max_hold"": 8, ""rsi_entry"": 10, ""rsi_len"": 2, ""slots"": 10, ""trend_sma"": 240, ""universe"": ""stocks""}",dev,2005-12-13,2024-09-25,True,4727,0.09309399989459638,0.005864370768413695,-0.6029932586502277,14.700084083078996,0.0020958212407244936,-0.48936448286050505
658,2026-10-01T04:14:55+00:00,dc4d878,phase4,B_dated,"{""dated_universe"": true, ""exit_sma"": 6, ""kind"": ""meanrev"", ""max_hold"": 8, ""rsi_entry"": 10, ""rsi_len"": 2, ""slots"": 10, ""trend_sma"": 240, ""universe"": ""stocks""}",dev,2005-12-13,2024-09-25,False,4727,0.9918069352085727,0.06247796426550082,-0.623020355521721,14.737290169065785,0.15580110299253058,-0.26799025580029434
659,2026-10-01T04:14:58+00:00,dc4d878,phase4,B_dated,"{""dated_universe"": true, ""exit_sma"": 6, ""kind"": ""meanrev"", ""max_hold"": 10, ""rsi_entry"": 10, ""rsi_len"": 2, ""slots"": 10, ""trend_sma"": 240, ""universe"": ""stocks""}",dev,2005-12-13,2024-09-25,True,4727,0.1481460018562801,0.009332320920005485,-0.5892004200651256,14.859086707307043,0.010921029343993416,-0.4729286631474332
660,2026-10-01T04:14:58+00:00,dc4d878,phase4,B_dated,"{""dated_universe"": true, ""exit_sma"": 6, ""kind"": ""meanrev"", ""max_hold"": 10, ""rsi_entry"": 10, ""rsi_len"": 2, ""slots"": 10, ""trend_sma"": 240, ""universe"": ""stocks""}",dev,2005-12-13,2024-09-25,False,4727,1.0117122789454354,0.06373188305809596,-0.6088731804004853,14.900953603302804,0.15901580121985837,-0.2512508644076591
661,2026-10-01T04:15:00+00:00,dc4d878,phase4,B_dated,"{""dated_universe"": true, ""exit_sma"": 6, ""kind"": ""meanrev"", ""max_hold"": 12, ""rsi_entry"": 10, ""rsi_len"": 2, ""slots"": 10, ""trend_sma"": 240, ""universe"": ""stocks""}",dev,2005-12-13,2024-09-25,True,4727,0.14836869858755625,0.009346349495451762,-0.5918653091147353,14.395014289424303,0.010962240586884109,-0.43076491508384385
662,2026-10-01T04:15:00+00:00,dc4d878,phase4,B_dated,"{""dated_universe"": true, ""exit_sma"": 6, ""kind"": ""meanrev"", ""max_hold"": 12, ""rsi_entry"": 10, ""rsi_len"": 2, ""slots"": 10, ""trend_sma"": 240, ""universe"": ""stocks""}",dev,2005-12-13,2024-09-25,False,4727,0.9966433957765956,0.0627826326438046,-0.6169476827954273,14.44693623408085,0.15572158170027794,-0.271799508631986
663,2026-10-01T04:15:01+00:00,dc4d878,phase4,B_dated,"{""dated_universe"": true, ""exit_sma"": 6, ""kind"": ""meanrev"", ""max_hold"": 8, ""rsi_entry"": 10, ""rsi_len"": 2, ""slots"": 10, ""trend_sma"": 160, ""universe"": ""stocks""}",wf_test_2016,2016-01-06,2016-12-30,True,250,-0.08076543750065916,-0.005087744337049386,-0.31274175404642757,3.7515897196798713,-0.0182653055040074,-0.10487587240233731
664,2026-10-01T04:15:01+00:00,dc4d878,phase4,B_dated,"{""dated_universe"": true, ""exit_sma"": 6, ""kind"": ""meanrev"", ""max_hold"": 8, ""rsi_entry"": 10, ""rsi_len"": 2, ""slots"": 10, ""trend_sma"": 160, ""universe"": ""stocks""}",wf_test_2016,2016-01-06,2016-12-30,False,250,0.9820512128024321,0.06186341151915729,-0.2918245915437236,3.765796857551803,0.12322230008083102,-0.06996308921411021
665,2026-10-01T04:15:01+00:00,dc4d878,phase4,B_dated,"{""dated_universe"": true, ""exit_sma"": 6, ""kind"": ""meanrev"", ""max_hold"": 8, ""rsi_entry"": 10, ""rsi_len"": 2, ""slots"": 10, ""trend_sma"": 160, ""universe"": ""stocks""}",wf_test_2017,2017-01-03,2017-12-29,True,251,-0.2362754454399301,-0.014883954036787266,-0.3542882007515557,6.87644182337361,-0.03103600205744783,-0.1834741857241763
666,2026-10-01T04:15:01+00:00,dc4d878,phase4,B_dated,"{""dated_universe"": true, ""exit_sma"": 6, ""kind"": ""meanrev"", ""max_hold"": 8, ""rsi_entry"": 10, ""rsi_len"": 2, ""slots"": 10, ""trend_sma"": 160, ""universe"": ""stocks""}",wf_test_2017,2017-01-03,2017-12-29,False,251,1.3155939928583837,0.082874631700804,-0.3897778089583703,6.931386682492139,0.1469838574195823,-0.10813925187656492
667,2026-10-01T04:15:01+00:00,dc4d878,phase4,B_dated,"{""dated_universe"": true, ""exit_sma"": 6, ""kind"": ""meanrev"", ""max_hold"": 10, ""rsi_entry"": 10, ""rsi_len"": 2, ""slots"": 10, ""trend_sma"": 200, ""universe"": ""stocks""}",wf_test_2018,2018-01-02,2018-12-31,True,251,-1.2043096683818169,-0.07586437819164177,-0.245913944953467,5.707513433274793,-0.19208641888255096,-0.2529888722286432
668,2026-10-01T04:15:01+00:00,dc4d878,phase4,B_dated,"{""dated_universe"": true, ""exit_sma"": 6, ""kind"": ""meanrev"", ""max_hold"": 10, ""rsi_entry"": 10, ""rsi_len"": 2, ""slots"": 10, ""trend_sma"": 200, ""universe"": ""stocks""}",wf_test_2018,2018-01-02,2018-12-31,False,251,-0.37680981221423626,-0.023736787016376614,-0.29676926120757813,5.715549023910437,-0.07329517372951722,-0.18144543370318456
669,2026-10-01T04:15:01+00:00,dc4d878,phase4,B_dated,"{""dated_universe"": true, ""exit_sma"": 6, ""kind"": ""meanrev"", ""max_hold"": 10, ""rsi_entry"": 10, ""rsi_len"": 2, ""slots"": 10, ""trend_sma"": 200, ""universe"": ""stocks""}",wf_test_2019,2019-01-02,2019-12-31,True,252,0.4676430343086014,0.029458742169814412,-0.3625199716889459,4.79222359831346,0.053064226731461384,-0.12253161003878699
670,2026-10-01T04:15:01+00:00,dc4d878,phase4,B_dated,"{""dated_universe"": true, ""exit_sma"": 6, ""kind"": ""meanrev"", ""max_hold"": 10, ""rsi_entry"": 10, ""rsi_len"": 2, ""slots"": 10, ""trend_sma"": 200, ""universe"": ""stocks""}",wf_test_2019,2019-01-02,2019-12-31,False,252,1.6287356754558058,0.10260070354083023,-0.3934054840721816,4.84583692724423,0.22046438680914981,-0.10546725597798046
671,2026-10-01T04:15:02+00:00,dc4d878,phase4,B_dated,"{""dated_universe"": true, ""exit_sma"": 6, ""kind"": ""meanrev"", ""max_hold"": 10, ""rsi_entry"": 10, ""rsi_len"": 2, ""slots"": 10, ""trend_sma"": 200, ""universe"": ""stocks""}",wf_test_2020,2020-01-02,2020-12-31,True,253,0.6914700860630605,0.04355852111341161,-1.6322017877500825,27.083065747395754,0.15563140348558524,-0.24294905203231687
672,2026-10-01T04:15:02+00:00,dc4d878,phase4,B_dated,"{""dated_universe"": true, ""exit_sma"": 6, ""kind"": ""meanrev"", ""max_hold"": 10, ""rsi_entry"": 10, ""rsi_len"": 2, ""slots"": 10, ""trend_sma"": 200, ""universe"": ""stocks""}",wf_test_2020,2020-01-02,2020-12-31,False,253,1.1886815372824675,0.07487989846912765,-1.6574440795884704,26.84557750988545,0.31397780340747716,-0.23754653153254313
673,2026-10-01T04:15:02+00:00,dc4d878,phase4,B_dated,"{""dated_universe"": true, ""exit_sma"": 6, ""kind"": ""meanrev"", ""max_hold"": 10, ""rsi_entry"": 10, ""rsi_len"": 2, ""slots"": 10, ""trend_sma"": 160, ""universe"": ""stocks""}",wf_test_2021,2021-01-04,2021-12-31,True,252,1.1026601610097213,0.06946106111071816,0.3436302508625894,5.308474245456948,0.19602782059596158,-0.08480007387495625
674,2026-10-01T04:15:02+00:00,dc4d878,phase4,B_dated,"{""dated_universe"": true, ""exit_sma"": 6, ""kind"": ""meanrev"", ""max_hold"": 10, ""rsi_entry"": 10, ""rsi_len"": 2, ""slots"": 10, ""trend_sma"": 160, ""universe"": ""stocks""}",wf_test_2021,2021-01-04,2021-12-31,False,252,1.991478389922586,0.12545134669272576,0.3341182906350613,5.350871716067316,0.39740843640458157,-0.07142252688650008
675,2026-10-01T04:15:02+00:00,dc4d878,phase4,B_dated,"{""dated_universe"": true, ""exit_sma"": 6, ""kind"": ""meanrev"", ""max_hold"": 10, ""rsi_entry"": 10, ""rsi_len"": 2, ""slots"": 10, ""trend_sma"": 160, ""universe"": ""stocks""}",wf_test_2022,2022-01-03,2022-12-30,True,251,-0.171954931485248,-0.01083214251002659,0.45943340366464414,4.75640309076652,-0.04969302477829762,-0.17443989737818888
676,2026-10-01T04:15:02+00:00,dc4d878,phase4,B_dated,"{""dated_universe"": true, ""exit_sma"": 6, ""kind"": ""meanrev"", ""max_hold"": 10, ""rsi_entry"": 10, ""rsi_len"": 2, ""slots"": 10, ""trend_sma"": 160, ""universe"": ""stocks""}",wf_test_2022,2022-01-03,2022-12-30,False,251,0.45236539796723063,0.02849634154171561,0.4858017588027472,4.729262635367901,0.07053485431958917,-0.1295867404136658
677,2026-10-01T04:15:02+00:00,dc4d878,phase4,B_dated,"{""dated_universe"": true, ""exit_sma"": 6, ""kind"": ""meanrev"", ""max_hold"": 10, ""rsi_entry"": 10, ""rsi_len"": 2, ""slots"": 10, ""trend_sma"": 160, ""universe"": ""stocks""}",wf_test_2023,2023-01-04,2023-12-29,True,249,0.11019001030782807,0.006941318196146592,-0.28926796492521284,3.9895470321440114,0.005225665708456173,-0.14588486945434753
678,2026-10-01T04:15:02+00:00,dc4d878,phase4,B_dated,"{""dated_universe"": true, ""exit_sma"": 6, ""kind"": ""meanrev"", ""max_hold"": 10, ""rsi_entry"": 10, ""rsi_len"": 2, ""slots"": 10, ""trend_sma"": 160, ""universe"": ""stocks""}",wf_test_2023,2023-01-04,2023-12-29,False,249,1.0607612903459653,0.06682168034903344,-0.31962208295181904,4.010230170198938,0.1618350216606692,-0.1398187541705167
679,2026-10-01T04:15:02+00:00,dc4d878,phase4,B_dated,"{""dated_universe"": true, ""exit_sma"": 6, ""kind"": ""meanrev"", ""max_hold"": 10, ""rsi_entry"": 10, ""rsi_len"": 2, ""slots"": 10, ""trend_sma"": 160, ""universe"": ""stocks""}",wf_test_2024,2024-01-02,2024-09-25,True,185,1.2944527600720712,0.08154285921599667,-0.2452065280599759,5.100460284239547,0.18220667785430233,-0.10881654521784734
680,2026-10-01T04:15:02+00:00,dc4d878,phase4,B_dated,"{""dated_universe"": true, ""exit_sma"": 6, ""kind"": ""meanrev"", ""max_hold"": 10, ""rsi_entry"": 10, ""rsi_len"": 2, ""slots"": 10, ""trend_sma"": 160, ""universe"": ""stocks""}",wf_test_2024,2024-01-02,2024-09-25,False,185,2.5302701677378656,0.15939203842000188,-0.2787601832863312,5.000569059928621,0.3970754736649056,-0.1004366075443901
681,2026-10-01T04:15:03+00:00,dc4d878,phase4,C,"{""atr"": 16, ""entry"": 44, ""exit"": 16, ""kind"": ""breakout"", ""max_weight"": 0.2, ""risk_per_trade"": 0.01, ""universe"": ""etf""}",dev,2005-03-08,2024-09-25,True,4922,0.34665236416763917,0.021837046356670744,-0.6910992789964391,9.059588134284702,0.03112647272223934,-0.23445425713183243
682,2026-10-01T04:15:03+00:00,dc4d878,phase4,C,"{""atr"": 16, ""entry"": 44, ""exit"": 16, ""kind"": ""breakout"", ""max_weight"": 0.2, ""risk_per_trade"": 0.01, ""universe"": ""etf""}",dev,2005-03-08,2024-09-25,False,4922,0.4911412364106077,0.030938989765505936,-0.6962038491131186,9.075191361726313,0.046725182030080914,-0.20955420576511785
683,2026-10-01T04:15:03+00:00,dc4d878,phase4,C,"{""atr"": 20, ""entry"": 44, ""exit"": 16, ""kind"": ""breakout"", ""max_weight"": 0.2, ""risk_per_trade"": 0.01, ""universe"": ""etf""}",dev,2005-03-08,2024-09-25,True,4922,0.34665236416763917,0.021837046356670744,-0.6910992789964391,9.059588134284702,0.03112647272223934,-0.23445425713183243
684,2026-10-01T04:15:03+00:00,dc4d878,phase4,C,"{""atr"": 20, ""entry"": 44, ""exit"": 16, ""kind"": ""breakout"", ""max_weight"": 0.2, ""risk_per_trade"": 0.01, ""universe"": ""etf""}",dev,2005-03-08,2024-09-25,False,4922,0.4911412364106077,0.030938989765505936,-0.6962038491131186,9.075191361726313,0.046725182030080914,-0.20955420576511785
685,2026-10-01T04:15:04+00:00,dc4d878,phase4,C,"{""atr"": 24, ""entry"": 44, ""exit"": 16, ""kind"": ""breakout"", ""max_weight"": 0.2, ""risk_per_trade"": 0.01, ""universe"": ""etf""}",dev,2005-03-08,2024-09-25,True,4922,0.34665236416763917,0.021837046356670744,-0.6910992789964391,9.059588134284702,0.03112647272223934,-0.23445425713183243
686,2026-10-01T04:15:04+00:00,dc4d878,phase4,C,"{""atr"": 24, ""entry"": 44, ""exit"": 16, ""kind"": ""breakout"", ""max_weight"": 0.2, ""risk_per_trade"": 0.01, ""universe"": ""etf""}",dev,2005-03-08,2024-09-25,False,4922,0.4911412364106077,0.030938989765505936,-0.6962038491131186,9.075191361726313,0.046725182030080914,-0.20955420576511785
687,2026-10-01T04:15:04+00:00,dc4d878,phase4,C,"{""atr"": 16, ""entry"": 44, ""exit"": 20, ""kind"": ""breakout"", ""max_weight"": 0.2, ""risk_per_trade"": 0.01, ""universe"": ""etf""}",dev,2005-03-08,2024-09-25,True,4922,0.5234800728609015,0.03297614497828375,-0.7015519138292808,9.773299215766713,0.05147620081991788,-0.24540069556068866
688,2026-10-01T04:15:04+00:00,dc4d878,phase4,C,"{""atr"": 16, ""entry"": 44, ""exit"": 20, ""kind"": ""breakout"", ""max_weight"": 0.2, ""risk_per_trade"": 0.01, ""universe"": ""etf""}",dev,2005-03-08,2024-09-25,False,4922,0.6359641804701507,0.04006197772069093,-0.7044431212516111,9.781021482950035,0.06416252632745878,-0.2233046003890673
689,2026-10-01T04:15:05+00:00,dc4d878,phase4,C,"{""atr"": 20, ""entry"": 44, ""exit"": 20, ""kind"": ""breakout"", ""max_weight"": 0.2, ""risk_per_trade"": 0.01, ""universe"": ""etf""}",dev,2005-03-08,2024-09-25,True,4922,0.5235114570569092,0.032978121996801224,-0.7021373193381015,9.755995355917783,0.05146971947807466,-0.24540069556068755
690,2026-10-01T04:15:05+00:00,dc4d878,phase4,C,"{""atr"": 20, ""entry"": 44, ""exit"": 20, ""kind"": ""breakout"", ""max_weight"": 0.2, ""risk_per_trade"": 0.01, ""universe"": ""etf""}",dev,2005-03-08,2024-09-25,False,4922,0.6360179475427462,0.04006536472790073,-0.7050240780365236,9.763740629678734,0.06415577323427368,-0.2233046003890644
691,2026-10-01T04:15:05+00:00,dc4d878,phase4,C,"{""atr"": 24, ""entry"": 44, ""exit"": 20, ""kind"": ""breakout"", ""max_weight"": 0.2, ""risk_per_trade"": 0.01, ""universe"": ""etf""}",dev,2005-03-08,2024-09-25,True,4922,0.5235555338628274,0.032980898574588025,-0.7029624107240389,9.731722698378952,0.05146054345817874,-0.24540069556068755
692,2026-10-01T04:15:05+00:00,dc4d878,phase4,C,"{""atr"": 24, ""entry"": 44, ""exit"": 20, ""kind"": ""breakout"", ""max_weight"": 0.2, ""risk_per_trade"": 0.01, ""universe"": ""etf""}",dev,2005-03-08,2024-09-25,False,4922,0.6360936249378243,0.0400701319556923,-0.7058428518522543,9.739500167592677,0.06414621244096352,-0.22330460038906508
693,2026-10-01T04:15:06+00:00,dc4d878,phase4,C,"{""atr"": 16, ""entry"": 44, ""exit"": 24, ""kind"": ""breakout"", ""max_weight"": 0.2, ""risk_per_trade"": 0.01, ""universe"": ""etf""}",dev,2005-03-08,2024-09-25,True,4922,0.5253467080908685,0.033093731945116237,-0.6177593418894205,7.827656423194016,0.051816226458985426,-0.2721479850763109
694,2026-10-01T04:15:06+00:00,dc4d878,phase4,C,"{""atr"": 16, ""entry"": 44, ""exit"": 24, ""kind"": ""breakout"", ""max_weight"": 0.2, ""risk_per_trade"": 0.01, ""universe"": ""etf""}",dev,2005-03-08,2024-09-25,False,4922,0.6248677482470492,0.039362968194443064,-0.6183886581647094,7.827115446215913,0.06308976507557018,-0.25088527501901015
695,2026-10-01T04:15:06+00:00,dc4d878,phase4,C,"{""atr"": 20, ""entry"": 44, ""exit"": 24, ""kind"": ""breakout"", ""max_weight"": 0.2, ""risk_per_trade"": 0.01, ""universe"": ""etf""}",dev,2005-03-08,2024-09-25,True,4922,0.525374035546476,0.03309545341300913,-0.6182693612515997,7.812347775674797,0.05180986572092339,-0.2721479850763088
696,2026-10-01T04:15:06+00:00,dc4d878,phase4,C,"{""atr"": 20, ""entry"": 44, ""exit"": 24, ""kind"": ""breakout"", ""max_weight"": 0.2, ""risk_per_trade"": 0.01, ""universe"": ""etf""}",dev,2005-03-08,2024-09-25,False,4922,0.6249133226431274,0.03936583911154247,-0.6188925854965686,7.811834285570343,0.06308314324794018,-0.2508852750190126
697,2026-10-01T04:15:07+00:00,dc4d878,phase4,C,"{""atr"": 24, ""entry"": 44, ""exit"": 24, ""kind"": ""breakout"", ""max_weight"": 0.2, ""risk_per_trade"": 0.01, ""universe"": ""etf""}",dev,2005-03-08,2024-09-25,True,4922,0.5254123619623673,0.03309786775027325,-0.6189878541419724,7.790885956121987,0.05180086047046695,-0.27214798507630844
698,2026-10-01T04:15:07+00:00,dc4d878,phase4,C,"{""atr"": 24, ""entry"": 44, ""exit"": 24, ""kind"": ""breakout"", ""max_weight"": 0.2, ""risk_per_trade"": 0.01, ""universe"": ""etf""}",dev,2005-03-08,2024-09-25,False,4922,0.6249774023375294,0.03936987575286335,-0.6196024444772994,7.790410825046517,0.06307376832038414,-0.25088527501901414
699,2026-10-01T04:15:07+00:00,dc4d878,phase4,C,"{""atr"": 16, ""entry"": 55, ""exit"": 16, ""kind"": ""breakout"", ""max_weight"": 0.2, ""risk_per_trade"": 0.01, ""universe"": ""etf""}",dev,2005-04-12,2024-09-25,True,4898,0.40853458420674693,0.025735259804291144,-0.6739201101502668,9.262930546808105,0.03713771311978631,-0.23548484750182286
700,2026-10-01T04:15:07+00:00,dc4d878,phase4,C,"{""atr"": 16, ""entry"": 55, ""exit"": 16, ""kind"": ""breakout"", ""max_weight"": 0.2, ""risk_per_trade"": 0.01, ""universe"": ""etf""}",dev,2005-04-12,2024-09-25,False,4898,0.5506198270301075,0.034685788791977736,-0.6790648305148137,9.27011991903641,0.05224286483442464,-0.2083009896157273
701,2026-10-01T04:15:08+00:00,dc4d878,phase4,C,"{""atr"": 20, ""entry"": 55, ""exit"": 16, ""kind"": ""breakout"", ""max_weight"": 0.2, ""risk_per_trade"": 0.01, ""universe"": ""etf""}",dev,2005-04-12,2024-09-25,True,4898,0.40853939322610633,0.025735562744035788,-0.6744384444010323,9.248323724894696,0.03713142508870204,-0.23548484750182241
702,2026-10-01T04:15:08+00:00,dc4d878,phase4,C,"{""atr"": 20, ""entry"": 55, ""exit"": 16, ""kind"": ""breakout"", ""max_weight"": 0.2, ""risk_per_trade"": 0.01, ""universe"": ""etf""}",dev,2005-04-12,2024-09-25,False,4898,0.5506526644724488,0.034687857356409314,-0.6795764404511161,9.2555364207091,0.0522362934140026,-0.20830098961572818
703,2026-10-01T04:15:09+00:00,dc4d878,phase4,C,"{""atr"": 24, ""entry"": 55, ""exit"": 16, ""kind"": ""breakout"", ""max_weight"": 0.2, ""risk_per_trade"": 0.01, ""universe"": ""etf""}",dev,2005-04-12,2024-09-25,True,4898,0.4085458945467595,0.025735972288741544,-0.6751687975054327,9.227865770378296,0.03712252277667849,-0.23548484750182253
704,2026-10-01T04:15:09+00:00,dc4d878,phase4,C,"{""atr"": 24, ""entry"": 55, ""exit"": 16, ""kind"": ""breakout"", ""max_weight"": 0.2, ""risk_per_trade"": 0.01, ""universe"": ""etf""}",dev,2005-04-12,2024-09-25,False,4898,0.5506987189037722,0.034690758512886805,-0.6802972601593381,9.235111269980623,0.052226989854311956,-0.20830098961572852
705,2026-10-01T04:15:09+00:00,dc4d878,phase4,C,"{""atr"": 16, ""entry"": 55, ""exit"": 20, ""kind"": ""breakout"", ""max_weight"": 0.2, ""risk_per_trade"": 0.01, ""universe"": ""etf""}",dev,2005-04-12,2024-09-25,True,4898,0.5672762288443908,0.03573504348097199,-0.6705995644667639,8.974848960568838,0.05555112989694355,-0.2367682531246219
706,2026-10-01T04:15:09+00:00,dc4d878,phase4,C,"{""atr"": 16, ""entry"": 55, ""exit"": 20, ""kind"": ""breakout"", ""max_weight"": 0.2, ""risk_per_trade"": 0.01, ""universe"": ""etf""}",dev,2005-04-12,2024-09-25,False,4898,0.6777232866271711,0.04269255414602002,-0.6727752660178998,8.980464419055162,0.06783435031469609,-0.2246801906287894
707,2026-10-01T04:15:10+00:00,dc4d878,phase4,C,"{""atr"": 20, ""entry"": 55, ""exit"": 20, ""kind"": ""breakout"", ""max_weight"": 0.2, ""risk_per_trade"": 0.01, ""universe"": ""etf""}",dev,2005-04-12,2024-09-25,True,4898,0.5673112807450021,0.035737251543162415,-0.6710715621916425,8.961992772678476,0.05554488415065295,-0.23676825312462146
708,2026-10-01T04:15:10+00:00,dc4d878,phase4,C,"{""atr"": 20, ""entry"": 55, ""exit"": 20, ""kind"": ""breakout"", ""max_weight"": 0.2, ""risk_per_trade"": 0.01, ""universe"": ""etf""}",dev,2005-04-12,2024-09-25,False,4898,0.6777785064009939,0.04269603266480546,-0.6732415058274005,8.967598461095218,0.06782783726848152,-0.22468019062878852
709,2026-10-01T04:15:10+00:00,dc4d878,phase4,C,"{""atr"": 24, ""entry"": 55, ""exit"": 20, ""kind"": ""breakout"", ""max_weight"": 0.2, ""risk_per_trade"": 0.01, ""universe"": ""etf""}",dev,2005-04-12,2024-09-25,True,4898,0.5673604825935271,0.03574035096828722,-0.6717365649735462,8.943990873341928,0.055536041732258346,-0.23676825312462202
710,2026-10-01T04:15:10+00:00,dc4d878,phase4,C,"{""atr"": 24, ""entry"": 55, ""exit"": 20, ""kind"": ""breakout"", ""max_weight"": 0.2, ""risk_per_trade"": 0.01, ""universe"": ""etf""}",dev,2005-04-12,2024-09-25,False,4898,0.677856165434808,0.04270092472410379,-0.6738983469016703,8.949582621773493,0.0678186163826584,-0.2246801906287894
711,2026-10-01T04:15:11+00:00,dc4d878,phase4,C,"{""atr"": 16, ""entry"": 55, ""exit"": 24, ""kind"": ""breakout"", ""max_weight"": 0.2, ""risk_per_trade"": 0.01, ""universe"": ""etf""}",dev,2005-04-12,2024-09-25,True,4898,0.5702280170802989,0.03592098866180863,-0.5699588357405051,7.399231675282498,0.056463584093234154,-0.25678039062034075
712,2026-10-01T04:15:11+00:00,dc4d878,phase4,C,"{""atr"": 16, ""entry"": 55, ""exit"": 24, ""kind"": ""breakout"", ""max_weight"": 0.2, ""risk_per_trade"": 0.01, ""universe"": ""etf""}",dev,2005-04-12,2024-09-25,False,4898,0.6669923619314759,0.04201656942976834,-0.5689535311529826,7.395987066214782,0.0673740724751628,-0.23568008912619032
713,2026-10-01T04:15:11+00:00,dc4d878,phase4,C,"{""atr"": 20, ""entry"": 55, ""exit"": 24, ""kind"": ""breakout"", ""max_weight"": 0.2, ""risk_per_trade"": 0.01, ""universe"": ""etf""}",dev,2005-04-12,2024-09-25,True,4898,0.5702617689809457,0.035923114831698806,-0.570360461245971,7.385879324856391,0.05645730894098011,-0.25678039062034297
714,2026-10-01T04:15:11+00:00,dc4d878,phase4,C,"{""atr"": 20, ""entry"": 55, ""exit"": 24, ""kind"": ""breakout"", ""max_weight"": 0.2, ""risk_per_trade"": 0.01, ""universe"": ""etf""}",dev,2005-04-12,2024-09-25,False,4898,0.6670430750893077,0.04201976405843076,-0.5693482380986162,7.3826470704529195,0.06736753729820255,-0.23568008912619054
715,2026-10-01T04:15:12+00:00,dc4d878,phase4,C,"{""atr"": 24, ""entry"": 55, ""exit"": 24, ""kind"": ""breakout"", ""max_weight"": 0.2, ""risk_per_trade"": 0.01, ""universe"": ""etf""}",dev,2005-04-12,2024-09-25,True,4898,0.5703091363859516,0.03592609869774395,-0.5709261236637857,7.367170592508893,0.05644842488658197,-0.2567803906203401
716,2026-10-01T04:15:12+00:00,dc4d878,phase4,C,"{""atr"": 24, ""entry"": 55, ""exit"": 24, ""kind"": ""breakout"", ""max_weight"": 0.2, ""risk_per_trade"": 0.01, ""universe"": ""etf""}",dev,2005-04-12,2024-09-25,False,4898,0.6671143733333572,0.0420242554256372,-0.5699041029717357,7.363955424410176,0.0673582850758252,-0.2356800891261941
717,2026-10-01T04:15:12+00:00,dc4d878,phase4,C,"{""atr"": 16, ""entry"": 66, ""exit"": 16, ""kind"": ""breakout"", ""max_weight"": 0.2, ""risk_per_trade"": 0.01, ""universe"": ""etf""}",dev,2005-04-12,2024-09-25,True,4898,0.45534173479403317,0.028683833138422342,-0.7149346426693662,8.630759209526532,0.04066828538526823,-0.2572908357122742
718,2026-10-01T04:15:12+00:00,dc4d878,phase4,C,"{""atr"": 16, ""entry"": 66, ""exit"": 16, ""kind"": ""breakout"", ""max_weight"": 0.2, ""risk_per_trade"": 0.01, ""universe"": ""etf""}",dev,2005-04-12,2024-09-25,False,4898,0.5986586222390095,0.037711948444499536,-0.718304781587457,8.638928647795401,0.05539254887820677,-0.2307678287742687
719,2026-10-01T04:15:13+00:00,dc4d878,phase4,C,"{""atr"": 20, ""entry"": 66, ""exit"": 16, ""kind"": ""breakout"", ""max_weight"": 0.2, ""risk_per_trade"": 0.01, ""universe"": ""etf""}",dev,2005-04-12,2024-09-25,True,4898,0.45534173479403317,0.028683833138422342,-0.7149346426693662,8.630759209526532,0.04066828538526823,-0.2572908357122742
720,2026-10-01T04:15:13+00:00,dc4d878,phase4,C,"{""atr"": 20, ""entry"": 66, ""exit"": 16, ""kind"": ""breakout"", ""max_weight"": 0.2, ""risk_per_trade"": 0.01, ""universe"": ""etf""}",dev,2005-04-12,2024-09-25,False,4898,0.5986586222390095,0.037711948444499536,-0.718304781587457,8.638928647795401,0.05539254887820677,-0.2307678287742687
721,2026-10-01T04:15:13+00:00,dc4d878,phase4,C,"{""atr"": 24, ""entry"": 66, ""exit"": 16, ""kind"": ""breakout"", ""max_weight"": 0.2, ""risk_per_trade"": 0.01, ""universe"": ""etf""}",dev,2005-04-12,2024-09-25,True,4898,0.45534173479403317,0.028683833138422342,-0.7149346426693662,8.630759209526532,0.04066828538526823,-0.2572908357122742
722,2026-10-01T04:15:13+00:00,dc4d878,phase4,C,"{""atr"": 24, ""entry"": 66, ""exit"": 16, ""kind"": ""breakout"", ""max_weight"": 0.2, ""risk_per_trade"": 0.01, ""universe"": ""etf""}",dev,2005-04-12,2024-09-25,False,4898,0.5986586222390095,0.037711948444499536,-0.718304781587457,8.638928647795401,0.05539254887820677,-0.2307678287742687
723,2026-10-01T04:15:14+00:00,dc4d878,phase4,C,"{""atr"": 16, ""entry"": 66, ""exit"": 20, ""kind"": ""breakout"", ""max_weight"": 0.2, ""risk_per_trade"": 0.01, ""universe"": ""etf""}",dev,2005-04-12,2024-09-25,True,4898,0.5906823787552256,0.03720949233367593,-0.6555385355371822,8.085754112528011,0.05580150445424992,-0.26836347170391783
724,2026-10-01T04:15:14+00:00,dc4d878,phase4,C,"{""atr"": 16, ""entry"": 66, ""exit"": 20, ""kind"": ""breakout"", ""max_weight"": 0.2, ""risk_per_trade"": 0.01, ""universe"": ""etf""}",dev,2005-04-12,2024-09-25,False,4898,0.7046876339800584,0.04439114836889866,-0.6565612012037965,8.090526787827843,0.06795340397600591,-0.2470519131370722
725,2026-10-01T04:15:14+00:00,dc4d878,phase4,C,"{""atr"": 20, ""entry"": 66, ""exit"": 20, ""kind"": ""breakout"", ""max_weight"": 0.2, ""risk_per_trade"": 0.01, ""universe"": ""etf""}",dev,2005-04-12,2024-09-25,True,4898,0.5906823787552256,0.03720949233367593,-0.6555385355371822,8.085754112528011,0.05580150445424992,-0.26836347170391783
726,2026-10-01T04:15:14+00:00,dc4d878,phase4,C,"{""atr"": 20, ""entry"": 66, ""exit"": 20, ""kind"": ""breakout"", ""max_weight"": 0.2, ""risk_per_trade"": 0.01, ""universe"": ""etf""}",dev,2005-04-12,2024-09-25,False,4898,0.7046876339800584,0.04439114836889866,-0.6565612012037965,8.090526787827843,0.06795340397600591,-0.2470519131370722
727,2026-10-01T04:15:14+00:00,dc4d878,phase4,C,"{""atr"": 24, ""entry"": 66, ""exit"": 20, ""kind"": ""breakout"", ""max_weight"": 0.2, ""risk_per_trade"": 0.01, ""universe"": ""etf""}",dev,2005-04-12,2024-09-25,True,4898,0.5906823787552256,0.03720949233367593,-0.6555385355371822,8.085754112528011,0.05580150445424992,-0.26836347170391783
728,2026-10-01T04:15:14+00:00,dc4d878,phase4,C,"{""atr"": 24, ""entry"": 66, ""exit"": 20, ""kind"": ""breakout"", ""max_weight"": 0.2, ""risk_per_trade"": 0.01, ""universe"": ""etf""}",dev,2005-04-12,2024-09-25,False,4898,0.7046876339800584,0.04439114836889866,-0.6565612012037965,8.090526787827843,0.06795340397600591,-0.2470519131370722
729,2026-10-01T04:15:15+00:00,dc4d878,phase4,C,"{""atr"": 16, ""entry"": 66, ""exit"": 24, ""kind"": ""breakout"", ""max_weight"": 0.2, ""risk_per_trade"": 0.01, ""universe"": ""etf""}",dev,2005-04-12,2024-09-25,True,4898,0.6253490144399665,0.03939328511494026,-0.6090072810511751,7.121892218136475,0.06092280269070516,-0.27478895691549643
730,2026-10-01T04:15:15+00:00,dc4d878,phase4,C,"{""atr"": 16, ""entry"": 66, ""exit"": 24, ""kind"": ""breakout"", ""max_weight"": 0.2, ""risk_per_trade"": 0.01, ""universe"": ""etf""}",dev,2005-04-12,2024-09-25,False,4898,0.7235641728307055,0.04558025854538583,-0.6077082792617995,7.116665343041317,0.07173567990221574,-0.25398576106665216
731,2026-10-01T04:15:15+00:00,dc4d878,phase4,C,"{""atr"": 20, ""entry"": 66, ""exit"": 24, ""kind"": ""breakout"", ""max_weight"": 0.2, ""risk_per_trade"": 0.01, ""universe"": ""etf""}",dev,2005-04-12,2024-09-25,True,4898,0.6253490144399665,0.03939328511494026,-0.6090072810511751,7.121892218136475,0.06092280269070516,-0.27478895691549643
732,2026-10-01T04:15:15+00:00,dc4d878,phase4,C,"{""atr"": 20, ""entry"": 66, ""exit"": 24, ""kind"": ""breakout"", ""max_weight"": 0.2, ""risk_per_trade"": 0.01, ""universe"": ""etf""}",dev,2005-04-12,2024-09-25,False,4898,0.7235641728307055,0.04558025854538583,-0.6077082792617995,7.116665343041317,0.07173567990221574,-0.25398576106665216
733,2026-10-01T04:15:16+00:00,dc4d878,phase4,C,"{""atr"": 24, ""entry"": 66, ""exit"": 24, ""kind"": ""breakout"", ""max_weight"": 0.2, ""risk_per_trade"": 0.01, ""universe"": ""etf""}",dev,2005-04-12,2024-09-25,True,4898,0.6253490144399665,0.03939328511494026,-0.6090072810511751,7.121892218136475,0.06092280269070516,-0.27478895691549643
734,2026-10-01T04:15:16+00:00,dc4d878,phase4,C,"{""atr"": 24, ""entry"": 66, ""exit"": 24, ""kind"": ""breakout"", ""max_weight"": 0.2, ""risk_per_trade"": 0.01, ""universe"": ""etf""}",dev,2005-04-12,2024-09-25,False,4898,0.7235641728307055,0.04558025854538583,-0.6077082792617995,7.116665343041317,0.07173567990221574,-0.25398576106665216
735,2026-10-01T04:15:16+00:00,dc4d878,phase4,C,"{""atr"": 16, ""entry"": 66, ""exit"": 24, ""kind"": ""breakout"", ""max_weight"": 0.2, ""risk_per_trade"": 0.01, ""universe"": ""etf""}",wf_test_2016,2016-01-07,2016-12-30,True,249,0.07328016288953718,0.004616216358095708,-0.46759224614842837,4.337367198644581,0.0026584317457551965,-0.10691920410384448
736,2026-10-01T04:15:16+00:00,dc4d878,phase4,C,"{""atr"": 16, ""entry"": 66, ""exit"": 24, ""kind"": ""breakout"", ""max_weight"": 0.2, ""risk_per_trade"": 0.01, ""universe"": ""etf""}",wf_test_2016,2016-01-07,2016-12-30,False,249,0.25943788942352825,0.016343050859098335,-0.4540803115152645,4.362579078809623,0.018102844982561095,-0.09652557876163359
737,2026-10-01T04:15:16+00:00,dc4d878,phase4,C,"{""atr"": 16, ""entry"": 66, ""exit"": 24, ""kind"": ""breakout"", ""max_weight"": 0.2, ""risk_per_trade"": 0.01, ""universe"": ""etf""}",wf_test_2017,2017-01-10,2017-12-29,True,246,1.1844830829349864,0.07461542070497781,-0.4516610529702177,4.507797012297906,0.06154243036467322,-0.041686575345733945
738,2026-10-01T04:15:16+00:00,dc4d878,phase4,C,"{""atr"": 16, ""entry"": 66, ""exit"": 24, ""kind"": ""breakout"", ""max_weight"": 0.2, ""risk_per_trade"": 0.01, ""universe"": ""etf""}",wf_test_2017,2017-01-10,2017-12-29,False,246,1.3544097982171046,0.08531979760361029,-0.4580096029622334,4.497409076996018,0.07084620313549084,-0.03736786330849706
739,2026-10-01T04:15:16+00:00,dc4d878,phase4,C,"{""atr"": 16, ""entry"": 66, ""exit"": 24, ""kind"": ""breakout"", ""max_weight"": 0.2, ""risk_per_trade"": 0.01, ""universe"": ""etf""}",wf_test_2018,2018-02-05,2018-12-31,True,228,-1.3019760956065716,-0.08201678480775818,-0.9288887470296342,7.571247452755643,-0.09316280719962378,-0.09750984574511434
740,2026-10-01T04:15:16+00:00,dc4d878,phase4,C,"{""atr"": 16, ""entry"": 66, ""exit"": 24, ""kind"": ""breakout"", ""max_weight"": 0.2, ""risk_per_trade"": 0.01, ""universe"": ""etf""}",wf_test_2018,2018-02-05,2018-12-31,False,228,-1.1312475734287895,-0.07126189882232992,-0.9299423335183057,7.552127611734257,-0.08198788545836178,-0.09151663344202376
741,2026-10-01T04:15:16+00:00,dc4d878,phase4,C,"{""atr"": 16, ""entry"": 66, ""exit"": 24, ""kind"": ""breakout"", ""max_weight"": 0.2, ""risk_per_trade"": 0.01, ""universe"": ""etf""}",wf_test_2019,2019-01-25,2019-12-31,True,236,1.7487843129157685,0.11016305687300199,-0.3727410000488411,3.4176708220707823,0.1319049488944779,-0.0462397932055838
742,2026-10-01T04:15:16+00:00,dc4d878,phase4,C,"{""atr"": 16, ""entry"": 66, ""exit"": 24, ""kind"": ""breakout"", ""max_weight"": 0.2, ""risk_per_trade"": 0.01, ""universe"": ""etf""}",wf_test_2019,2019-01-25,2019-12-31,False,236,1.8533161938864124,0.1167479464236241,-0.37558079839960945,3.395479821727664,0.14068873110497004,-0.04506660048730893
743,2026-10-01T04:15:16+00:00,dc4d878,phase4,C,"{""atr"": 16, ""entry"": 66, ""exit"": 24, ""kind"": ""breakout"", ""max_weight"": 0.2, ""risk_per_trade"": 0.01, ""universe"": ""etf""}",wf_test_2020,2020-01-24,2020-12-31,True,238,1.4559928824507147,0.09171893042011167,-1.0029763466593071,7.170375093013664,0.21686960350575157,-0.08747988575416521
744,2026-10-01T04:15:16+00:00,dc4d878,phase4,C,"{""atr"": 16, ""entry"": 66, ""exit"": 24, ""kind"": ""breakout"", ""max_weight"": 0.2, ""risk_per_trade"": 0.01, ""universe"": ""etf""}",wf_test_2020,2020-01-24,2020-12-31,False,238,1.5053979783646554,0.09483115892695883,-1.0028066017476776,7.170670844350267,0.2256504352906461,-0.08588399956653148
745,2026-10-01T04:15:16+00:00,dc4d878,phase4,C,"{""atr"": 16, ""entry"": 66, ""exit"": 24, ""kind"": ""breakout"", ""max_weight"": 0.2, ""risk_per_trade"": 0.01, ""universe"": ""etf""}",wf_test_2021,2021-01-27,2021-12-31,True,236,0.5282883805929534,0.033279039894618945,-0.9639985184555224,7.027216425698856,0.04806901174350808,-0.06885113941815935
746,2026-10-01T04:15:16+00:00,dc4d878,phase4,C,"{""atr"": 16, ""entry"": 66, ""exit"": 24, ""kind"": ""breakout"", ""max_weight"": 0.2, ""risk_per_trade"": 0.01, ""universe"": ""etf""}",wf_test_2021,2021-01-27,2021-12-31,False,236,0.6435539096823598,0.04054008572102016,-0.9227762057455474,6.879968939333839,0.059817165812212414,-0.06539527681600532
747,2026-10-01T04:15:16+00:00,dc4d878,phase4,C,"{""atr"": 16, ""entry"": 66, ""exit"": 24, ""kind"": ""breakout"", ""max_weight"": 0.2, ""risk_per_trade"": 0.01, ""universe"": ""etf""}",wf_test_2022,2022-01-03,2022-12-30,True,251,-0.17921301221184155,-0.011289358619507481,-0.9277877929293219,5.676989720493334,-0.027130407187747174,-0.15934161347882347
748,2026-10-01T04:15:16+00:00,dc4d878,phase4,C,"{""atr"": 16, ""entry"": 66, ""exit"": 24, ""kind"": ""breakout"", ""max_weight"": 0.2, ""risk_per_trade"": 0.01, ""universe"": ""etf""}",wf_test_2022,2022-01-03,2022-12-30,False,251,-0.10241481791982715,-0.006451527113900572,-0.9321624251102448,5.697588187069895,-0.018402810543864834,-0.15293070577441692
749,2026-10-01T04:15:16+00:00,dc4d878,phase4,C,"{""atr"": 16, ""entry"": 66, ""exit"": 24, ""kind"": ""breakout"", ""max_weight"": 0.2, ""risk_per_trade"": 0.01, ""universe"": ""etf""}",wf_test_2023,2023-01-04,2023-12-29,True,249,1.2841558719723956,0.08089421623529186,-0.08638274654350436,5.542822928684692,0.10968550797769194,-0.07494643481788732
750,2026-10-01T04:15:16+00:00,dc4d878,phase4,C,"{""atr"": 16, ""entry"": 66, ""exit"": 24, ""kind"": ""breakout"", ""max_weight"": 0.2, ""risk_per_trade"": 0.01, ""universe"": ""etf""}",wf_test_2023,2023-01-04,2023-12-29,False,249,1.3873044912198647,0.08739196848787503,-0.09247702253416722,5.547334902380772,0.1193222161566625,-0.07212976243935021
751,2026-10-01T04:15:16+00:00,dc4d878,phase4,C,"{""atr"": 16, ""entry"": 66, ""exit"": 24, ""kind"": ""breakout"", ""max_weight"": 0.2, ""risk_per_trade"": 0.01, ""universe"": ""etf""}",wf_test_2024,2024-02-13,2024-09-25,True,156,2.0075993941006445,0.12646687450081565,-0.5012861961862909,4.2099992172122205,0.13369080991330518,-0.04173880909570593
752,2026-10-01T04:15:16+00:00,dc4d878,phase4,C,"{""atr"": 16, ""entry"": 66, ""exit"": 24, ""kind"": ""breakout"", ""max_weight"": 0.2, ""risk_per_trade"": 0.01, ""universe"": ""etf""}",wf_test_2024,2024-02-13,2024-09-25,False,156,2.097593426312849,0.1321359656606592,-0.505549693775429,4.16949715619445,0.1406932113292223,-0.04065890591535515
753,2026-10-01T04:15:18+00:00,dc4d878,phase4,C_stocks,"{""atr"": 20, ""entry"": 44, ""exit"": 16, ""kind"": ""breakout"", ""max_weight"": 0.2, ""risk_per_trade"": 0.01, ""universe"": ""stocks""}",dev,2005-03-08,2024-09-25,True,4922,0.47205832253009433,0.02973687918411782,0.02666633706028402,16.729121837853857,0.08643807079756916,-0.6246938141464888
754,2026-10-01T04:15:18+00:00,dc4d878,phase4,C_stocks,"{""atr"": 20, ""entry"": 44, ""exit"": 16, ""kind"": ""breakout"", ""max_weight"": 0.2, ""risk_per_trade"": 0.01, ""universe"": ""stocks""}",dev,2005-03-08,2024-09-25,False,4922,0.5401671668702578,0.034027333093834045,0.024291944491602577,16.601847441554188,0.10373803883291521,-0.6108885588710269
755,2026-10-01T04:15:19+00:00,dc4d878,phase4,C_stocks,"{""atr"": 20, ""entry"": 44, ""exit"": 20, ""kind"": ""breakout"", ""max_weight"": 0.2, ""risk_per_trade"": 0.01, ""universe"": ""stocks""}",dev,2005-03-08,2024-09-25,True,4922,0.596002299997113,0.03754461587178269,-0.0036738217103089344,16.806303801794957,0.11630129558974311,-0.5670979273997117
756,2026-10-01T04:15:19+00:00,dc4d878,phase4,C_stocks,"{""atr"": 20, ""entry"": 44, ""exit"": 20, ""kind"": ""breakout"", ""max_weight"": 0.2, ""risk_per_trade"": 0.01, ""universe"": ""stocks""}",dev,2005-03-08,2024-09-25,False,4922,0.6544825055864719,0.041228522552958245,-0.005055899086725671,16.69321270994533,0.1312104825393574,-0.5556021685592156
757,2026-10-01T04:15:21+00:00,dc4d878,phase4,C_stocks,"{""atr"": 20, ""entry"": 44, ""exit"": 24, ""kind"": ""breakout"", ""max_weight"": 0.2, ""risk_per_trade"": 0.01, ""universe"": ""stocks""}",dev,2005-03-08,2024-09-25,True,4922,0.5893019253880787,0.03712253194543801,-0.2824125129252076,6.96118856587235,0.11280699996395582,-0.597531310460024
758,2026-10-01T04:15:21+00:00,dc4d878,phase4,C_stocks,"{""atr"": 20, ""entry"": 44, ""exit"": 24, ""kind"": ""breakout"", ""max_weight"": 0.2, ""risk_per_trade"": 0.01, ""universe"": ""stocks""}",dev,2005-03-08,2024-09-25,False,4922,0.6391379239213089,0.040261904765854846,-0.28268907560813716,6.967378122202584,0.12522303164490656,-0.5886591083679331
759,2026-10-01T04:15:22+00:00,dc4d878,phase4,C_stocks,"{""atr"": 20, ""entry"": 55, ""exit"": 16, ""kind"": ""breakout"", ""max_weight"": 0.2, ""risk_per_trade"": 0.01, ""universe"": ""stocks""}",dev,2005-03-23,2024-09-25,True,4911,0.5856475689231315,0.03689232912619441,-0.06146768921406347,13.069284693073712,0.1131979076976597,-0.5954452161005854
760,2026-10-01T04:15:22+00:00,dc4d878,phase4,C_stocks,"{""atr"": 20, ""entry"": 55, ""exit"": 16, ""kind"": ""breakout"", ""max_weight"": 0.2, ""risk_per_trade"": 0.01, ""universe"": ""stocks""}",dev,2005-03-23,2024-09-25,False,4911,0.6537534928917978,0.04118259906979832,-0.05838196931009665,13.127242501163128,0.13048399429598656,-0.5821778871686747
761,2026-10-01T04:15:24+00:00,dc4d878,phase4,C_stocks,"{""atr"": 20, ""entry"": 55, ""exit"": 20, ""kind"": ""breakout"", ""max_weight"": 0.2, ""risk_per_trade"": 0.01, ""universe"": ""stocks""}",dev,2005-03-23,2024-09-25,True,4911,0.5876260113792697,0.03701695928624664,-0.0053435902453628364,11.928650371320359,0.11116918189876368,-0.5929847439227991
762,2026-10-01T04:15:24+00:00,dc4d878,phase4,C_stocks,"{""atr"": 20, ""entry"": 55, ""exit"": 20, ""kind"": ""breakout"", ""max_weight"": 0.2, ""risk_per_trade"": 0.01, ""universe"": ""stocks""}",dev,2005-03-23,2024-09-25,False,4911,0.6474087786519978,0.04078291964079163,-0.0027099310812675366,11.973160089385145,0.12589543280824356,-0.5812331757917577
763,2026-10-01T04:15:25+00:00,dc4d878,phase4,C_stocks,"{""atr"": 20, ""entry"": 55, ""exit"": 24, ""kind"": ""breakout"", ""max_weight"": 0.2, ""risk_per_trade"": 0.01, ""universe"": ""stocks""}",dev,2005-03-23,2024-09-25,True,4911,0.7410813191850979,0.04668373504379641,-0.08201794640247306,5.256907508128579,0.1504970901495566,-0.5569944253281527
764,2026-10-01T04:15:25+00:00,dc4d878,phase4,C_stocks,"{""atr"": 20, ""entry"": 55, ""exit"": 24, ""kind"": ""breakout"", ""max_weight"": 0.2, ""risk_per_trade"": 0.01, ""universe"": ""stocks""}",dev,2005-03-23,2024-09-25,False,4911,0.7900321789339849,0.049767349361852516,-0.08286599591399756,5.247912440618752,0.16298487264899486,-0.5473866347965928
765,2026-10-01T04:15:26+00:00,dc4d878,phase4,C_stocks,"{""atr"": 20, ""entry"": 66, ""exit"": 16, ""kind"": ""breakout"", ""max_weight"": 0.2, ""risk_per_trade"": 0.01, ""universe"": ""stocks""}",dev,2005-04-08,2024-09-25,True,4900,0.6728480128648532,0.042385440766294996,0.0432326881557407,17.681587229728663,0.1358678278167207,-0.59735821864303
766,2026-10-01T04:15:26+00:00,dc4d878,phase4,C_stocks,"{""atr"": 20, ""entry"": 66, ""exit"": 16, ""kind"": ""breakout"", ""max_weight"": 0.2, ""risk_per_trade"": 0.01, ""universe"": ""stocks""}",dev,2005-04-08,2024-09-25,False,4900,0.7413514496305572,0.04670075166237337,0.04322607097863197,17.65444571206838,0.15364153659995217,-0.5834721935962888
767,2026-10-01T04:15:28+00:00,dc4d878,phase4,C_stocks,"{""atr"": 20, ""entry"": 66, ""exit"": 20, ""kind"": ""breakout"", ""max_weight"": 0.2, ""risk_per_trade"": 0.01, ""universe"": ""stocks""}",dev,2005-04-08,2024-09-25,True,4900,0.6665493720146953,0.04198866368802761,-0.028865454674926978,13.281582336168544,0.12947708096845578,-0.5059794305305225
768,2026-10-01T04:15:28+00:00,dc4d878,phase4,C_stocks,"{""atr"": 20, ""entry"": 66, ""exit"": 20, ""kind"": ""breakout"", ""max_weight"": 0.2, ""risk_per_trade"": 0.01, ""universe"": ""stocks""}",dev,2005-04-08,2024-09-25,False,4900,0.7243690183119533,0.04563095904508145,-0.025333221642823034,13.320671145246001,0.14379345077298678,-0.49390194087056294
769,2026-10-01T04:15:29+00:00,dc4d878,phase4,C_stocks,"{""atr"": 20, ""entry"": 66, ""exit"": 24, ""kind"": ""breakout"", ""max_weight"": 0.2, ""risk_per_trade"": 0.01, ""universe"": ""stocks""}",dev,2005-04-08,2024-09-25,True,4900,0.626223990267953,0.039448403411227045,-0.1943986743650456,6.479861186652498,0.11810042596947712,-0.5451807504904739
770,2026-10-01T04:15:29+00:00,dc4d878,phase4,C_stocks,"{""atr"": 20, ""entry"": 66, ""exit"": 24, ""kind"": ""breakout"", ""max_weight"": 0.2, ""risk_per_trade"": 0.01, ""universe"": ""stocks""}",dev,2005-04-08,2024-09-25,False,4900,0.677940861293965,0.04270626006173252,-0.19198479064107052,6.475540913081857,0.13057864712066536,-0.5370726832593221
771,2026-10-01T04:15:29+00:00,dc4d878,phase4,C_stocks,"{""atr"": 20, ""entry"": 55, ""exit"": 24, ""kind"": ""breakout"", ""max_weight"": 0.2, ""risk_per_trade"": 0.01, ""universe"": ""stocks""}",wf_test_2016,2016-01-04,2016-12-30,True,252,0.3561539959688099,0.022435592899413614,0.187006433267205,4.465757166309696,0.050630035492467584,-0.16231781236140064
772,2026-10-01T04:15:29+00:00,dc4d878,phase4,C_stocks,"{""atr"": 20, ""entry"": 55, ""exit"": 24, ""kind"": ""breakout"", ""max_weight"": 0.2, ""risk_per_trade"": 0.01, ""universe"": ""stocks""}",wf_test_2016,2016-01-04,2016-12-30,False,252,0.4250356849845698,0.02677473144755147,0.18298689188126882,4.466814735849873,0.06427648172644895,-0.1578774944478364
773,2026-10-01T04:15:29+00:00,dc4d878,phase4,C_stocks,"{""atr"": 20, ""entry"": 55, ""exit"": 24, ""kind"": ""breakout"", ""max_weight"": 0.2, ""risk_per_trade"": 0.01, ""universe"": ""stocks""}",wf_test_2017,2017-01-03,2017-12-29,True,251,1.5558042156397756,0.09800645341163698,-0.33696674217413913,7.744674239964876,0.19697205016221675,-0.06596292904051249
774,2026-10-01T04:15:29+00:00,dc4d878,phase4,C_stocks,"{""atr"": 20, ""entry"": 55, ""exit"": 24, ""kind"": ""breakout"", ""max_weight"": 0.2, ""risk_per_trade"": 0.01, ""universe"": ""stocks""}",wf_test_2017,2017-01-03,2017-12-29,False,251,1.6116628828351496,0.1015252186965532,-0.338905087812274,7.768553178221209,0.2050428064178762,-0.06416091830988946
775,2026-10-01T04:15:29+00:00,dc4d878,phase4,C_stocks,"{""atr"": 20, ""entry"": 55, ""exit"": 24, ""kind"": ""breakout"", ""max_weight"": 0.2, ""risk_per_trade"": 0.01, ""universe"": ""stocks""}",wf_test_2018,2018-01-12,2018-12-31,True,243,1.4729944522487648,0.09278992864828661,0.11804679321724662,5.193761385372986,0.32505594590302533,-0.1942941785366492
776,2026-10-01T04:15:29+00:00,dc4d878,phase4,C_stocks,"{""atr"": 20, ""entry"": 55, ""exit"": 24, ""kind"": ""breakout"", ""max_weight"": 0.2, ""risk_per_trade"": 0.01, ""universe"": ""stocks""}",wf_test_2018,2018-01-12,2018-12-31,False,243,1.5262139523652218,0.09614244203417514,0.11903551079334303,5.2185920126310466,0.33983625596411104,-0.19007683511324536
777,2026-10-01T04:15:29+00:00,dc4d878,phase4,C_stocks,"{""atr"": 20, ""entry"": 55, ""exit"": 24, ""kind"": ""breakout"", ""max_weight"": 0.2, ""risk_per_trade"": 0.01, ""universe"": ""stocks""}",wf_test_2019,2019-01-04,2019-12-31,True,250,0.6740072032909309,0.04245846289937996,-0.2354631024825666,3.7905785912390497,0.08278494288105542,-0.1114861560918381
778,2026-10-01T04:15:29+00:00,dc4d878,phase4,C_stocks,"{""atr"": 20, ""entry"": 55, ""exit"": 24, ""kind"": ""breakout"", ""max_weight"": 0.2, ""risk_per_trade"": 0.01, ""universe"": ""stocks""}",wf_test_2019,2019-01-04,2019-12-31,False,250,0.7535012624150816,0.04746611792675062,-0.23697644366406262,3.7789579677234695,0.09414064956521795,-0.10793949050420382
779,2026-10-01T04:15:30+00:00,dc4d878,phase4,C_stocks,"{""atr"": 20, ""entry"": 55, ""exit"": 24, ""kind"": ""breakout"", ""max_weight"": 0.2, ""risk_per_trade"": 0.01, ""universe"": ""stocks""}",wf_test_2020,2020-01-27,2020-12-31,True,237,0.7894269978718708,0.04972922653831633,-0.24682432282750702,3.9064183428369206,0.21748555006541537,-0.22184143692676161
780,2026-10-01T04:15:30+00:00,dc4d878,phase4,C_stocks,"{""atr"": 20, ""entry"": 55, ""exit"": 24, ""kind"": ""breakout"", ""max_weight"": 0.2, ""risk_per_trade"": 0.01, ""universe"": ""stocks""}",wf_test_2020,2020-01-27,2020-12-31,False,237,0.8244050628812902,0.051932637523010944,-0.24947674061744857,3.9037563542437055,0.2303834274906078,-0.21943830469982661
781,2026-10-01T04:15:30+00:00,dc4d878,phase4,C_stocks,"{""atr"": 20, ""entry"": 55, ""exit"": 24, ""kind"": ""breakout"", ""max_weight"": 0.2, ""risk_per_trade"": 0.01, ""universe"": ""stocks""}",wf_test_2021,2021-01-27,2021-12-31,True,236,1.1674499593775816,0.07354243477679856,-0.42443677495046944,4.454465038376875,0.3043391704964489,-0.13603075279874954
782,2026-10-01T04:15:30+00:00,dc4d878,phase4,C_stocks,"{""atr"": 20, ""entry"": 55, ""exit"": 24, ""kind"": ""breakout"", ""max_weight"": 0.2, ""risk_per_trade"": 0.01, ""universe"": ""stocks""}",wf_test_2021,2021-01-27,2021-12-31,False,236,1.2088184009029046,0.07614840164352052,-0.4224217973855289,4.477204873957676,0.3183253047398735,-0.13541546342959687
783,2026-10-01T04:15:30+00:00,dc4d878,phase4,C_stocks,"{""atr"": 20, ""entry"": 55, ""exit"": 24, ""kind"": ""breakout"", ""max_weight"": 0.2, ""risk_per_trade"": 0.01, ""universe"": ""stocks""}",wf_test_2022,2022-01-18,2022-12-30,True,241,-0.6143692825923472,-0.03870162702134559,-0.29016758805886533,3.97091460615571,-0.12807126929840595,-0.2581301155527467
784,2026-10-01T04:15:30+00:00,dc4d878,phase4,C_stocks,"{""atr"": 20, ""entry"": 55, ""exit"": 24, ""kind"": ""breakout"", ""max_weight"": 0.2, ""risk_per_trade"": 0.01, ""universe"": ""stocks""}",wf_test_2022,2022-01-18,2022-12-30,False,241,-0.5549889925930788,-0.034961020351894155,-0.2909975753431494,3.9663930667624583,-0.11780147584258172,-0.25223052316904016
785,2026-10-01T04:15:30+00:00,dc4d878,phase4,C_stocks,"{""atr"": 20, ""entry"": 55, ""exit"": 24, ""kind"": ""breakout"", ""max_weight"": 0.2, ""risk_per_trade"": 0.01, ""universe"": ""stocks""}",wf_test_2023,2023-01-09,2023-12-29,True,246,-0.12594078837106934,-0.007933523951172972,-0.43773959174722377,3.562938267995936,-0.036955123361258946,-0.12723689958121975
786,2026-10-01T04:15:30+00:00,dc4d878,phase4,C_stocks,"{""atr"": 20, ""entry"": 55, ""exit"": 24, ""kind"": ""breakout"", ""max_weight"": 0.2, ""risk_per_trade"": 0.01, ""universe"": ""stocks""}",wf_test_2023,2023-01-09,2023-12-29,False,246,-0.04958403493015323,-0.00312350060534108,-0.4357208584208705,3.56739340072335,-0.02395081872972815,-0.12224959865567842
787,2026-10-01T04:15:30+00:00,dc4d878,phase4,C_stocks,"{""atr"": 20, ""entry"": 55, ""exit"": 24, ""kind"": ""breakout"", ""max_weight"": 0.2, ""risk_per_trade"": 0.01, ""universe"": ""stocks""}",wf_test_2024,2024-01-05,2024-09-25,True,182,-0.31571488347697574,-0.019888168259090785,-0.9974397574387845,6.247747541969291,-0.05371013285887649,-0.12262565237981415
788,2026-10-01T04:15:30+00:00,dc4d878,phase4,C_stocks,"{""atr"": 20, ""entry"": 55, ""exit"": 24, ""kind"": ""breakout"", ""max_weight"": 0.2, ""risk_per_trade"": 0.01, ""universe"": ""stocks""}",wf_test_2024,2024-01-05,2024-09-25,False,182,-0.25243259894324066,-0.015901759038321927,-0.994916150330812,6.268159311290013,-0.045128479810099265,-0.11950401994860171
789,2026-10-01T04:15:32+00:00,dc4d878,phase4,C_stocks_dated,"{""atr"": 20, ""dated_universe"": true, ""entry"": 44, ""exit"": 16, ""kind"": ""breakout"", ""max_weight"": 0.2, ""risk_per_trade"": 0.01, ""universe"": ""stocks""}",dev,2005-03-08,2024-09-25,True,4922,0.32761599123877655,0.020637867579659963,-0.2945867580927095,9.796106103413893,0.044829445227588804,-0.5764156690742906
790,2026-10-01T04:15:32+00:00,dc4d878,phase4,C_stocks_dated,"{""atr"": 20, ""dated_universe"": true, ""entry"": 44, ""exit"": 16, ""kind"": ""breakout"", ""max_weight"": 0.2, ""risk_per_trade"": 0.01, ""universe"": ""stocks""}",dev,2005-03-08,2024-09-25,False,4922,0.4157822003407458,0.026191816706401153,-0.29191851719234935,9.794996401312867,0.062254560212574805,-0.5620621152919829
791,2026-10-01T04:15:33+00:00,dc4d878,phase4,C_stocks_dated,"{""atr"": 20, ""dated_universe"": true, ""entry"": 44, ""exit"": 20, ""kind"": ""breakout"", ""max_weight"": 0.2, ""risk_per_trade"": 0.01, ""universe"": ""stocks""}",dev,2005-03-08,2024-09-25,True,4922,0.5526020681625412,0.03481065824614399,-0.36379830284419634,7.421440083980196,0.090601031975299,-0.5104218425022081
792,2026-10-01T04:15:33+00:00,dc4d878,phase4,C_stocks_dated,"{""atr"": 20, ""dated_universe"": true, ""entry"": 44, ""exit"": 20, ""kind"": ""breakout"", ""max_weight"": 0.2, ""risk_per_trade"": 0.01, ""universe"": ""stocks""}",dev,2005-03-08,2024-09-25,False,4922,0.6215490517742991,0.03915390996720964,-0.361720827371558,7.4028820391836225,0.10490764161214106,-0.49638357312085213
793,2026-10-01T04:15:35+00:00,dc4d878,phase4,C_stocks_dated,"{""atr"": 20, ""dated_universe"": true, ""entry"": 44, ""exit"": 24, ""kind"": ""breakout"", ""max_weight"": 0.2, ""risk_per_trade"": 0.01, ""universe"": ""stocks""}",dev,2005-03-08,2024-09-25,True,4922,0.4522671781580429,0.028490154275312495,-0.3989340258756166,7.783133537280655,0.06910391752946188,-0.50700609982784
794,2026-10-01T04:15:35+00:00,dc4d878,phase4,C_stocks_dated,"{""atr"": 20, ""dated_universe"": true, ""entry"": 44, ""exit"": 24, ""kind"": ""breakout"", ""max_weight"": 0.2, ""risk_per_trade"": 0.01, ""universe"": ""stocks""}",dev,2005-03-08,2024-09-25,False,4922,0.5146044307973611,0.032417032082422984,-0.3984356373718096,7.782645836839672,0.08155087359086166,-0.49424855257372124
795,2026-10-01T04:15:36+00:00,dc4d878,phase4,C_stocks_dated,"{""atr"": 20, ""dated_universe"": true, ""entry"": 55, ""exit"": 16, ""kind"": ""breakout"", ""max_weight"": 0.2, ""risk_per_trade"": 0.01, ""universe"": ""stocks""}",dev,2005-03-23,2024-09-25,True,4911,0.3792579817387389,0.02389100720040426,-0.373993117942808,7.84568687926288,0.05432354789209093,-0.4658234514941342
796,2026-10-01T04:15:36+00:00,dc4d878,phase4,C_stocks_dated,"{""atr"": 20, ""dated_universe"": true, ""entry"": 55, ""exit"": 16, ""kind"": ""breakout"", ""max_weight"": 0.2, ""risk_per_trade"": 0.01, ""universe"": ""stocks""}",dev,2005-03-23,2024-09-25,False,4911,0.46672079691020757,0.029400646674435527,-0.3684160339929307,7.848773361053506,0.07144503892635146,-0.4506180761060904
797,2026-10-01T04:15:37+00:00,dc4d878,phase4,C_stocks_dated,"{""atr"": 20, ""dated_universe"": true, ""entry"": 55, ""exit"": 20, ""kind"": ""breakout"", ""max_weight"": 0.2, ""risk_per_trade"": 0.01, ""universe"": ""stocks""}",dev,2005-03-23,2024-09-25,True,4911,0.5904299186596721,0.037193588842513975,-0.3345007509783509,7.081053579015295,0.09683962374047783,-0.3916190293098747
798,2026-10-01T04:15:37+00:00,dc4d878,phase4,C_stocks_dated,"{""atr"": 20, ""dated_universe"": true, ""entry"": 55, ""exit"": 20, ""kind"": ""breakout"", ""max_weight"": 0.2, ""risk_per_trade"": 0.01, ""universe"": ""stocks""}",dev,2005-03-23,2024-09-25,False,4911,0.6583308340037642,0.04147094445665963,-0.3321361606200929,7.070651649368813,0.11075190764191545,-0.3763523198087315
799,2026-10-01T04:15:39+00:00,dc4d878,phase4,C_stocks_dated,"{""atr"": 20, ""dated_universe"": true, ""entry"": 55, ""exit"": 24, ""kind"": ""breakout"", ""max_weight"": 0.2, ""risk_per_trade"": 0.01, ""universe"": ""stocks""}",dev,2005-03-23,2024-09-25,True,4911,0.5258559886369171,0.03312581360398309,-0.3148184838854673,6.918174018998905,0.0845234278831748,-0.34488713084789646
800,2026-10-01T04:15:39+00:00,dc4d878,phase4,C_stocks_dated,"{""atr"": 20, ""dated_universe"": true, ""entry"": 55, ""exit"": 24, ""kind"": ""breakout"", ""max_weight"": 0.2, ""risk_per_trade"": 0.01, ""universe"": ""stocks""}",dev,2005-03-23,2024-09-25,False,4911,0.5859142817834249,0.036909130457142,-0.3137300971720581,6.911689991145605,0.09681079558563743,-0.3377074032251872
801,2026-10-01T04:15:40+00:00,dc4d878,phase4,C_stocks_dated,"{""atr"": 20, ""dated_universe"": true, ""entry"": 66, ""exit"": 16, ""kind"": ""breakout"", ""max_weight"": 0.2, ""risk_per_trade"": 0.01, ""universe"": ""stocks""}",dev,2005-04-11,2024-09-25,True,4899,0.28541687232888,0.017979572956287836,-0.29104104522243,7.955158144024923,0.03679035928457575,-0.524844513070543
802,2026-10-01T04:15:40+00:00,dc4d878,phase4,C_stocks_dated,"{""atr"": 20, ""dated_universe"": true, ""entry"": 66, ""exit"": 16, ""kind"": ""breakout"", ""max_weight"": 0.2, ""risk_per_trade"": 0.01, ""universe"": ""stocks""}",dev,2005-04-11,2024-09-25,False,4899,0.37235563397949434,0.023456200161512713,-0.2870448873836492,7.971780145409627,0.054039146982542974,-0.50875923247624
803,2026-10-01T04:15:41+00:00,dc4d878,phase4,C_stocks_dated,"{""atr"": 20, ""dated_universe"": true, ""entry"": 66, ""exit"": 20, ""kind"": ""breakout"", ""max_weight"": 0.2, ""risk_per_trade"": 0.01, ""universe"": ""stocks""}",dev,2005-04-11,2024-09-25,True,4899,0.48420809546009647,0.030502242937896155,-0.33464429515524763,6.098697576072923,0.07484994300650571,-0.3874908607272912
804,2026-10-01T04:15:41+00:00,dc4d878,phase4,C_stocks_dated,"{""atr"": 20, ""dated_universe"": true, ""entry"": 66, ""exit"": 20, ""kind"": ""breakout"", ""max_weight"": 0.2, ""risk_per_trade"": 0.01, ""universe"": ""stocks""}",dev,2005-04-11,2024-09-25,False,4899,0.5544142688884562,0.03492481616153689,-0.33123583685993274,6.083375044122147,0.0887976421762291,-0.3728773462563817
805,2026-10-01T04:15:43+00:00,dc4d878,phase4,C_stocks_dated,"{""atr"": 20, ""dated_universe"": true, ""entry"": 66, ""exit"": 24, ""kind"": ""breakout"", ""max_weight"": 0.2, ""risk_per_trade"": 0.01, ""universe"": ""stocks""}",dev,2005-04-11,2024-09-25,True,4899,0.483906390820592,0.030483237332050366,-0.3223000394100573,6.838622707479609,0.07574619094679624,-0.4167519477493524
806,2026-10-01T04:15:43+00:00,dc4d878,phase4,C_stocks_dated,"{""atr"": 20, ""dated_universe"": true, ""entry"": 66, ""exit"": 24, ""kind"": ""breakout"", ""max_weight"": 0.2, ""risk_per_trade"": 0.01, ""universe"": ""stocks""}",dev,2005-04-11,2024-09-25,False,4899,0.5435349236567008,0.034239481830335906,-0.3195186490649738,6.829230170109024,0.08778396339526529,-0.40526479062219467
807,2026-10-01T04:15:43+00:00,dc4d878,phase4,C_stocks_dated,"{""atr"": 20, ""dated_universe"": true, ""entry"": 55, ""exit"": 24, ""kind"": ""breakout"", ""max_weight"": 0.2, ""risk_per_trade"": 0.01, ""universe"": ""stocks""}",wf_test_2016,2016-01-04,2016-12-30,True,252,0.9658904577697381,0.06084537964259672,-0.14087242064739408,3.3319865552921075,0.13948455282224526,-0.15093200984966615
808,2026-10-01T04:15:43+00:00,dc4d878,phase4,C_stocks_dated,"{""atr"": 20, ""dated_universe"": true, ""entry"": 55, ""exit"": 24, ""kind"": ""breakout"", ""max_weight"": 0.2, ""risk_per_trade"": 0.01, ""universe"": ""stocks""}",wf_test_2016,2016-01-04,2016-12-30,False,252,1.04629343754679,0.06591029128923089,-0.1416798815065836,3.3362390163168927,0.1528095803683467,-0.1460686625530685
809,2026-10-01T04:15:43+00:00,dc4d878,phase4,C_stocks_dated,"{""atr"": 20, ""dated_universe"": true, ""entry"": 55, ""exit"": 24, ""kind"": ""breakout"", ""max_weight"": 0.2, ""risk_per_trade"": 0.01, ""universe"": ""stocks""}",wf_test_2017,2017-01-17,2017-12-29,True,242,2.0601520703354512,0.12977738193053454,1.6511062590774253,13.577967710545122,0.2517812131762789,-0.0585987701151085
810,2026-10-01T04:15:43+00:00,dc4d878,phase4,C_stocks_dated,"{""atr"": 20, ""dated_universe"": true, ""entry"": 55, ""exit"": 24, ""kind"": ""breakout"", ""max_weight"": 0.2, ""risk_per_trade"": 0.01, ""universe"": ""stocks""}",wf_test_2017,2017-01-17,2017-12-29,False,242,2.1244219908832886,0.1338260063722359,1.6409765666291927,13.501205957625764,0.26081105279433014,-0.05707512338267029
811,2026-10-01T04:15:43+00:00,dc4d878,phase4,C_stocks_dated,"{""atr"": 20, ""dated_universe"": true, ""entry"": 55, ""exit"": 24, ""kind"": ""breakout"", ""max_weight"": 0.2, ""risk_per_trade"": 0.01, ""universe"": ""stocks""}",wf_test_2018,2018-02-05,2018-12-31,True,228,-0.9910504788246092,-0.062430311992414285,-1.5641996209624032,10.118511359535026,-0.1680444552747693,-0.17099313535687954
812,2026-10-01T04:15:43+00:00,dc4d878,phase4,C_stocks_dated,"{""atr"": 20, ""dated_universe"": true, ""entry"": 55, ""exit"": 24, ""kind"": ""breakout"", ""max_weight"": 0.2, ""risk_per_trade"": 0.01, ""universe"": ""stocks""}",wf_test_2018,2018-02-05,2018-12-31,False,228,-0.9165570594283373,-0.05773766765828641,-1.5648990499431727,10.131686165483247,-0.15726477312132758,-0.16684256338365344
813,2026-10-01T04:15:43+00:00,dc4d878,phase4,C_stocks_dated,"{""atr"": 20, ""dated_universe"": true, ""entry"": 55, ""exit"": 24, ""kind"": ""breakout"", ""max_weight"": 0.2, ""risk_per_trade"": 0.01, ""universe"": ""stocks""}",wf_test_2019,2019-01-04,2019-12-31,True,250,1.289782132915423,0.08124863736068248,-0.2293611723356089,3.5538627554616635,0.15949466644082677,-0.06742217951762408
814,2026-10-01T04:15:43+00:00,dc4d878,phase4,C_stocks_dated,"{""atr"": 20, ""dated_universe"": true, ""entry"": 55, ""exit"": 24, ""kind"": ""breakout"", ""max_weight"": 0.2, ""risk_per_trade"": 0.01, ""universe"": ""stocks""}",wf_test_2019,2019-01-04,2019-12-31,False,250,1.3591947005432046,0.08562121811795778,-0.22879742805979628,3.5448266890716447,0.16948137561180254,-0.06733106777053632
815,2026-10-01T04:15:43+00:00,dc4d878,phase4,C_stocks_dated,"{""atr"": 20, ""dated_universe"": true, ""entry"": 55, ""exit"": 24, ""kind"": ""breakout"", ""max_weight"": 0.2, ""risk_per_trade"": 0.01, ""universe"": ""stocks""}",wf_test_2020,2020-01-09,2020-12-31,True,248,0.37686407155570817,0.023740205033610823,-0.4227164753758618,6.374893391746473,0.07069947868148563,-0.23798638574031117
816,2026-10-01T04:15:43+00:00,dc4d878,phase4,C_stocks_dated,"{""atr"": 20, ""dated_universe"": true, ""entry"": 55, ""exit"": 24, ""kind"": ""breakout"", ""max_weight"": 0.2, ""risk_per_trade"": 0.01, ""universe"": ""stocks""}",wf_test_2020,2020-01-09,2020-12-31,False,248,0.41900086224407723,0.02639457334808241,-0.42133775803743134,6.376658038961113,0.08450140051123034,-0.23490294396289246
817,2026-10-01T04:15:44+00:00,dc4d878,phase4,C_stocks_dated,"{""atr"": 20, ""dated_universe"": true, ""entry"": 55, ""exit"": 24, ""kind"": ""breakout"", ""max_weight"": 0.2, ""risk_per_trade"": 0.01, ""universe"": ""stocks""}",wf_test_2021,2021-01-04,2021-12-31,True,252,0.9530578415666533,0.06003700080584194,-0.5333875389727766,5.780585728436033,0.22479491226464998,-0.18187193843510985
818,2026-10-01T04:15:44+00:00,dc4d878,phase4,C_stocks_dated,"{""atr"": 20, ""dated_universe"": true, ""entry"": 55, ""exit"": 24, ""kind"": ""breakout"", ""max_weight"": 0.2, ""risk_per_trade"": 0.01, ""universe"": ""stocks""}",wf_test_2021,2021-01-04,2021-12-31,False,252,1.0017742347253387,0.06310584511703075,-0.5283613942578443,5.802490944457542,0.238900891107517,-0.18119287945040796
819,2026-10-01T04:15:44+00:00,dc4d878,phase4,C_stocks_dated,"{""atr"": 20, ""dated_universe"": true, ""entry"": 55, ""exit"": 20, ""kind"": ""breakout"", ""max_weight"": 0.2, ""risk_per_trade"": 0.01, ""universe"": ""stocks""}",wf_test_2022,2022-01-07,2022-12-30,True,247,-0.6775091538350227,-0.042679065048030304,-0.1879980965644242,4.674502276138993,-0.16944613827252009,-0.3696383256011665
820,2026-10-01T04:15:44+00:00,dc4d878,phase4,C_stocks_dated,"{""atr"": 20, ""dated_universe"": true, ""entry"": 55, ""exit"": 20, ""kind"": ""breakout"", ""max_weight"": 0.2, ""risk_per_trade"": 0.01, ""universe"": ""stocks""}",wf_test_2022,2022-01-07,2022-12-30,False,247,-0.6061843775334589,-0.03818602646681003,-0.19208070358522808,4.692946546386681,-0.15508117564853252,-0.3611979283142669
821,2026-10-01T04:15:44+00:00,dc4d878,phase4,C_stocks_dated,"{""atr"": 20, ""dated_universe"": true, ""entry"": 55, ""exit"": 24, ""kind"": ""breakout"", ""max_weight"": 0.2, ""risk_per_trade"": 0.01, ""universe"": ""stocks""}",wf_test_2023,2023-01-09,2023-12-29,True,246,0.30673961860107213,0.01932277971593426,0.313725214337328,4.887301548394085,0.03706967156228669,-0.14392483301191972
822,2026-10-01T04:15:44+00:00,dc4d878,phase4,C_stocks_dated,"{""atr"": 20, ""dated_universe"": true, ""entry"": 55, ""exit"": 24, ""kind"": ""breakout"", ""max_weight"": 0.2, ""risk_per_trade"": 0.01, ""universe"": ""stocks""}",wf_test_2023,2023-01-09,2023-12-29,False,246,0.3910247218144298,0.024632242152361775,0.3212743633002086,4.911202692190758,0.0511837553688923,-0.1394226641549725
823,2026-10-01T04:15:44+00:00,dc4d878,phase4,C_stocks_dated,"{""atr"": 20, ""dated_universe"": true, ""entry"": 55, ""exit"": 20, ""kind"": ""breakout"", ""max_weight"": 0.2, ""risk_per_trade"": 0.01, ""universe"": ""stocks""}",wf_test_2024,2024-01-16,2024-09-25,True,176,0.21866807790390289,0.013774794138148215,0.22088732102636963,6.1106872759123085,0.01951889602264001,-0.13433795905473356
824,2026-10-01T04:15:44+00:00,dc4d878,phase4,C_stocks_dated,"{""atr"": 20, ""dated_universe"": true, ""entry"": 55, ""exit"": 20, ""kind"": ""breakout"", ""max_weight"": 0.2, ""risk_per_trade"": 0.01, ""universe"": ""stocks""}",wf_test_2024,2024-01-16,2024-09-25,False,176,0.3217279827989919,0.020266957911823782,0.21979427643368774,6.099559172504047,0.032460314780901056,-0.1284716743761124
825,2026-10-01T04:15:45+00:00,dc4d878,phase4,D,"{""kind"": ""momentum"", ""lookback"": 202, ""skip"": 17, ""top_frac"": 0.1, ""universe"": ""stocks""}",dev,2005-11-01,2024-09-25,True,4756,0.8459330740190675,0.053288774753782076,-0.47821851645241487,8.77755973055655,0.18923137509632437,-0.6037523651490662
826,2026-10-01T04:15:45+00:00,dc4d878,phase4,D,"{""kind"": ""momentum"", ""lookback"": 202, ""skip"": 17, ""top_frac"": 0.1, ""universe"": ""stocks""}",dev,2005-11-01,2024-09-25,False,4756,0.896679591416008,0.0564855048712801,-0.47833633093545663,8.775389442959005,0.20370771111913988,-0.5973115793879589
827,2026-10-01T04:15:46+00:00,dc4d878,phase4,D,"{""kind"": ""momentum"", ""lookback"": 202, ""skip"": 21, ""top_frac"": 0.1, ""universe"": ""stocks""}",dev,2005-11-01,2024-09-25,True,4756,0.826264094543309,0.05204974551008468,-0.47882761825092046,9.214207028399136,0.18541959888453885,-0.5953591423935474
828,2026-10-01T04:15:46+00:00,dc4d878,phase4,D,"{""kind"": ""momentum"", ""lookback"": 202, ""skip"": 21, ""top_frac"": 0.1, ""universe"": ""stocks""}",dev,2005-11-01,2024-09-25,False,4756,0.8768932494766579,0.05523908248729897,-0.47915351406467244,9.214229946401918,0.199972743748128,-0.5890146638462362
829,2026-10-01T04:15:47+00:00,dc4d878,phase4,D,"{""kind"": ""momentum"", ""lookback"": 202, ""skip"": 25, ""top_frac"": 0.1, ""universe"": ""stocks""}",dev,2005-11-01,2024-09-25,True,4756,0.8312074897356658,0.05236115013654393,-0.4830397258927724,9.231138066691976,0.18730617979445796,-0.6042074382007442
830,2026-10-01T04:15:47+00:00,dc4d878,phase4,D,"{""kind"": ""momentum"", ""lookback"": 202, ""skip"": 25, ""top_frac"": 0.1, ""universe"": ""stocks""}",dev,2005-11-01,2024-09-25,False,4756,0.8818797174337665,0.055553200442896626,-0.4828135522471306,9.228675017518421,0.20194120548938366,-0.5979895947133452
831,2026-10-01T04:15:48+00:00,dc4d878,phase4,D,"{""kind"": ""momentum"", ""lookback"": 252, ""skip"": 17, ""top_frac"": 0.1, ""universe"": ""stocks""}",dev,2006-01-03,2024-09-25,True,4714,0.791270243854889,0.04984534012108264,-0.4517642029478998,9.536764136706076,0.17493394412665864,-0.5727161459408776
832,2026-10-01T04:15:48+00:00,dc4d878,phase4,D,"{""kind"": ""momentum"", ""lookback"": 252, ""skip"": 17, ""top_frac"": 0.1, ""universe"": ""stocks""}",dev,2006-01-03,2024-09-25,False,4714,0.836533046801037,0.052696628698159526,-0.45208317978979995,9.535798012456931,0.18776434487336924,-0.5662927311860066
833,2026-10-01T04:15:49+00:00,dc4d878,phase4,D,"{""kind"": ""momentum"", ""lookback"": 252, ""skip"": 21, ""top_frac"": 0.1, ""universe"": ""stocks""}",dev,2006-01-03,2024-09-25,True,4714,0.7719211744416795,0.048626463317085526,-0.4567714442395625,9.49789709199792,0.17012484203868228,-0.5801549406499387
834,2026-10-01T04:15:49+00:00,dc4d878,phase4,D,"{""kind"": ""momentum"", ""lookback"": 252, ""skip"": 21, ""top_frac"": 0.1, ""universe"": ""stocks""}",dev,2006-01-03,2024-09-25,False,4714,0.8176698989750745,0.051508362076937014,-0.4573229878017584,9.498531892404456,0.1830945349785107,-0.574073602648957
835,2026-10-01T04:15:50+00:00,dc4d878,phase4,D,"{""kind"": ""momentum"", ""lookback"": 252, ""skip"": 25, ""top_frac"": 0.1, ""universe"": ""stocks""}",dev,2006-01-03,2024-09-25,True,4714,0.7722443285406388,0.04864682011187118,-0.4688455178036311,10.03386996157781,0.1710211632337928,-0.5975098863250652
836,2026-10-01T04:15:50+00:00,dc4d878,phase4,D,"{""kind"": ""momentum"", ""lookback"": 252, ""skip"": 25, ""top_frac"": 0.1, ""universe"": ""stocks""}",dev,2006-01-03,2024-09-25,False,4714,0.8178982886940218,0.051522749276897456,-0.46943242352930803,10.035773043671142,0.18403675133879682,-0.5917325201626491
837,2026-10-01T04:15:51+00:00,dc4d878,phase4,D,"{""kind"": ""momentum"", ""lookback"": 302, ""skip"": 17, ""top_frac"": 0.1, ""universe"": ""stocks""}",dev,2006-04-03,2024-09-25,True,4652,0.6995998316177361,0.044070646945790284,-0.44765043515748476,9.76348914368263,0.1514296876096919,-0.5934297677710859
838,2026-10-01T04:15:51+00:00,dc4d878,phase4,D,"{""kind"": ""momentum"", ""lookback"": 302, ""skip"": 17, ""top_frac"": 0.1, ""universe"": ""stocks""}",dev,2006-04-03,2024-09-25,False,4652,0.7415964566097606,0.0467161856513364,-0.4481878070600871,9.764382220310624,0.16328698491521831,-0.587571508218182
839,2026-10-01T04:15:52+00:00,dc4d878,phase4,D,"{""kind"": ""momentum"", ""lookback"": 302, ""skip"": 21, ""top_frac"": 0.1, ""universe"": ""stocks""}",dev,2006-04-03,2024-09-25,True,4652,0.6899597530446965,0.043463379076185873,-0.4490928854632406,9.802289722468172,0.14917917417608106,-0.5705034378394311
840,2026-10-01T04:15:52+00:00,dc4d878,phase4,D,"{""kind"": ""momentum"", ""lookback"": 302, ""skip"": 21, ""top_frac"": 0.1, ""universe"": ""stocks""}",dev,2006-04-03,2024-09-25,False,4652,0.7322309212599419,0.046126212379179146,-0.44954599387351085,9.802370539486132,0.1611360565347999,-0.56433364130742
841,2026-10-01T04:15:53+00:00,dc4d878,phase4,D,"{""kind"": ""momentum"", ""lookback"": 302, ""skip"": 25, ""top_frac"": 0.1, ""universe"": ""stocks""}",dev,2006-04-03,2024-09-25,True,4652,0.6886549872794556,0.043381186558709255,-0.44676702163140714,10.291226205141433,0.1494696716579429,-0.5983553344216755
842,2026-10-01T04:15:53+00:00,dc4d878,phase4,D,"{""kind"": ""momentum"", ""lookback"": 302, ""skip"": 25, ""top_frac"": 0.1, ""universe"": ""stocks""}",dev,2006-04-03,2024-09-25,False,4652,0.7303145770317895,0.04600549403979616,-0.4470949490497836,10.291746550978143,0.16131789505079008,-0.5926449735457867
843,2026-10-01T04:15:53+00:00,dc4d878,phase4,D,"{""kind"": ""momentum"", ""lookback"": 202, ""skip"": 21, ""top_frac"": 0.1, ""universe"": ""stocks""}",wf_test_2016,2016-01-04,2016-12-30,True,252,1.0515431412628282,0.06624099153897871,-0.5735053133138449,4.9042002029596095,0.16728401739141363,-0.13536902848557208
844,2026-10-01T04:15:53+00:00,dc4d878,phase4,D,"{""kind"": ""momentum"", ""lookback"": 202, ""skip"": 21, ""top_frac"": 0.1, ""universe"": ""stocks""}",wf_test_2016,2016-01-04,2016-12-30,False,252,1.132491399600376,0.07134025250623971,-0.5800835689622881,4.926748812695947,0.18208009397040903,-0.13468941265248746
845,2026-10-01T04:15:54+00:00,dc4d878,phase4,D,"{""kind"": ""momentum"", ""lookback"": 202, ""skip"": 17, ""top_frac"": 0.1, ""universe"": ""stocks""}",wf_test_2017,2017-01-03,2017-12-29,True,251,2.155409363988409,0.13577802739650544,-0.9934083794048209,6.7039147563801125,0.3545823591379109,-0.05975842311524726
846,2026-10-01T04:15:54+00:00,dc4d878,phase4,D,"{""kind"": ""momentum"", ""lookback"": 202, ""skip"": 17, ""top_frac"": 0.1, ""universe"": ""stocks""}",wf_test_2017,2017-01-03,2017-12-29,False,251,2.242163562259826,0.14124302820167112,-0.9918727448037802,6.727101749626349,0.3707465735958331,-0.05880705741237413
847,2026-10-01T04:15:54+00:00,dc4d878,phase4,D,"{""kind"": ""momentum"", ""lookback"": 202, ""skip"": 21, ""top_frac"": 0.1, ""universe"": ""stocks""}",wf_test_2018,2018-01-02,2018-12-31,True,251,0.3664761112617752,0.023085825043921298,-0.5303577308270591,4.929340967641838,0.06052896637141525,-0.26707259158863117
848,2026-10-01T04:15:54+00:00,dc4d878,phase4,D,"{""kind"": ""momentum"", ""lookback"": 202, ""skip"": 21, ""top_frac"": 0.1, ""universe"": ""stocks""}",wf_test_2018,2018-01-02,2018-12-31,False,251,0.41632632212716975,0.026226093157110913,-0.5284712330406816,4.933350121543016,0.0730959006720906,-0.26477337725030026
849,2026-10-01T04:15:54+00:00,dc4d878,phase4,D,"{""kind"": ""momentum"", ""lookback"": 202, ""skip"": 17, ""top_frac"": 0.1, ""universe"": ""stocks""}",wf_test_2019,2019-01-02,2019-12-31,True,252,2.2823793034303375,0.1437763817713691,-0.5477992212960889,4.235679615953643,0.3846932279114559,-0.064967241300114
850,2026-10-01T04:15:54+00:00,dc4d878,phase4,D,"{""kind"": ""momentum"", ""lookback"": 202, ""skip"": 17, ""top_frac"": 0.1, ""universe"": ""stocks""}",wf_test_2019,2019-01-02,2019-12-31,False,252,2.379251443603139,0.14987875300631726,-0.5435264693033786,4.260589560294454,0.4041409854454221,-0.06411553750202548
851,2026-10-01T04:15:54+00:00,dc4d878,phase4,D,"{""kind"": ""momentum"", ""lookback"": 202, ""skip"": 17, ""top_frac"": 0.1, ""universe"": ""stocks""}",wf_test_2020,2020-01-02,2020-12-31,True,253,1.0540218068977691,0.06639713279739146,-0.7498429848831069,9.860126381936475,0.39393478200224097,-0.3528690376656355
852,2026-10-01T04:15:54+00:00,dc4d878,phase4,D,"{""kind"": ""momentum"", ""lookback"": 202, ""skip"": 17, ""top_frac"": 0.1, ""universe"": ""stocks""}",wf_test_2020,2020-01-02,2020-12-31,False,253,1.082054294309069,0.06816301351931642,-0.7527386993567465,9.854660344976422,0.4091909506967415,-0.35231566248766155
853,2026-10-01T04:15:54+00:00,dc4d878,phase4,D,"{""kind"": ""momentum"", ""lookback"": 202, ""skip"": 17, ""top_frac"": 0.1, ""universe"": ""stocks""}",wf_test_2021,2021-01-04,2021-12-31,True,252,1.401258883543915,0.08827101257802898,-0.15943543993035972,2.8906792037775944,0.35485812344845025,-0.10669319900907903
854,2026-10-01T04:15:54+00:00,dc4d878,phase4,D,"{""kind"": ""momentum"", ""lookback"": 202, ""skip"": 17, ""top_frac"": 0.1, ""universe"": ""stocks""}",wf_test_2021,2021-01-04,2021-12-31,False,252,1.4558046279762993,0.09170707150290934,-0.15840355183519536,2.8937751951372865,0.37297359785526907,-0.10571168423669397
855,2026-10-01T04:15:54+00:00,dc4d878,phase4,D,"{""kind"": ""momentum"", ""lookback"": 202, ""skip"": 17, ""top_frac"": 0.1, ""universe"": ""stocks""}",wf_test_2022,2022-01-03,2022-12-30,True,251,-0.20580757706761185,-0.012964658734610971,-0.4038686923078235,3.509973220305824,-0.08112127423215143,-0.20982915907957755
856,2026-10-01T04:15:54+00:00,dc4d878,phase4,D,"{""kind"": ""momentum"", ""lookback"": 202, ""skip"": 17, ""top_frac"": 0.1, ""universe"": ""stocks""}",wf_test_2022,2022-01-03,2022-12-30,False,251,-0.15867109039196947,-0.009995339176966699,-0.40244505252316193,3.509256347999115,-0.07011385490864663,-0.20379675590172497
857,2026-10-01T04:15:55+00:00,dc4d878,phase4,D,"{""kind"": ""momentum"", ""lookback"": 202, ""skip"": 17, ""top_frac"": 0.1, ""universe"": ""stocks""}",wf_test_2023,2023-01-03,2023-12-29,True,250,1.606445957222976,0.10119658327326428,-0.3200724155502952,3.1230394404582653,0.3212937220924257,-0.1501504893734774
858,2026-10-01T04:15:55+00:00,dc4d878,phase4,D,"{""kind"": ""momentum"", ""lookback"": 202, ""skip"": 17, ""top_frac"": 0.1, ""universe"": ""stocks""}",wf_test_2023,2023-01-03,2023-12-29,False,250,1.6791592562579385,0.10577709056501627,-0.3073031588157466,3.1371105235015775,0.33845332715891185,-0.14759692579110573
859,2026-10-01T04:15:55+00:00,dc4d878,phase4,D,"{""kind"": ""momentum"", ""lookback"": 202, ""skip"": 17, ""top_frac"": 0.1, ""universe"": ""stocks""}",wf_test_2024,2024-01-02,2024-09-25,True,185,2.16379123124189,0.13630603540305464,-0.3334187667099565,3.8370478041722644,0.6800402643664927,-0.14932341381278647
860,2026-10-01T04:15:55+00:00,dc4d878,phase4,D,"{""kind"": ""momentum"", ""lookback"": 202, ""skip"": 17, ""top_frac"": 0.1, ""universe"": ""stocks""}",wf_test_2024,2024-01-02,2024-09-25,False,185,2.2124737902229583,0.13937274836139132,-0.3319027959138477,3.8290215895404045,0.7005482749215599,-0.14872301372963515
861,2026-10-01T04:15:56+00:00,dc4d878,phase4,D_dated,"{""dated_universe"": true, ""kind"": ""momentum"", ""lookback"": 202, ""skip"": 17, ""top_frac"": 0.1, ""universe"": ""stocks""}",dev,2005-11-01,2024-09-25,True,4756,0.5477929898143499,0.034507714785554956,-0.3829639596912674,10.308734037091494,0.1018616230922722,-0.5958963001827857
862,2026-10-01T04:15:56+00:00,dc4d878,phase4,D_dated,"{""dated_universe"": true, ""kind"": ""momentum"", ""lookback"": 202, ""skip"": 17, ""top_frac"": 0.1, ""universe"": ""stocks""}",dev,2005-11-01,2024-09-25,False,4756,0.6044609090394186,0.038077458156627046,-0.38261787021270455,10.308356033597057,0.11582894121217246,-0.5892953772646361
863,2026-10-01T04:15:57+00:00,dc4d878,phase4,D_dated,"{""dated_universe"": true, ""kind"": ""momentum"", ""lookback"": 202, ""skip"": 21, ""top_frac"": 0.1, ""universe"": ""stocks""}",dev,2005-11-01,2024-09-25,True,4756,0.5278339862879371,0.03325041574394663,-0.4082745056802345,10.780368668644595,0.09813116660619192,-0.5938361672828751
864,2026-10-01T04:15:57+00:00,dc4d878,phase4,D_dated,"{""dated_universe"": true, ""kind"": ""momentum"", ""lookback"": 202, ""skip"": 21, ""top_frac"": 0.1, ""universe"": ""stocks""}",dev,2005-11-01,2024-09-25,False,4756,0.5848195057179987,0.03684016604737002,-0.40780018953136987,10.779970906209934,0.11235402940093442,-0.5868260328749961
865,2026-10-01T04:15:58+00:00,dc4d878,phase4,D_dated,"{""dated_universe"": true, ""kind"": ""momentum"", ""lookback"": 202, ""skip"": 25, ""top_frac"": 0.1, ""universe"": ""stocks""}",dev,2005-11-01,2024-09-25,True,4756,0.5687670960352584,0.03582895928632583,-0.39707109451184414,10.704109502811203,0.10800189663734083,-0.5931926375294692
866,2026-10-01T04:15:58+00:00,dc4d878,phase4,D_dated,"{""dated_universe"": true, ""kind"": ""momentum"", ""lookback"": 202, ""skip"": 25, ""top_frac"": 0.1, ""universe"": ""stocks""}",dev,2005-11-01,2024-09-25,False,4756,0.6256531593981486,0.03941244444641321,-0.39675733370027716,10.705432852470175,0.12226828637483722,-0.5865077019696687
867,2026-10-01T04:15:59+00:00,dc4d878,phase4,D_dated,"{""dated_universe"": true, ""kind"": ""momentum"", ""lookback"": 252, ""skip"": 17, ""top_frac"": 0.1, ""universe"": ""stocks""}",dev,2006-01-03,2024-09-25,True,4714,0.5261655607692801,0.033145314815294244,-0.41365447376118414,10.806216950565911,0.09721675416540898,-0.5535386241851938
868,2026-10-01T04:15:59+00:00,dc4d878,phase4,D_dated,"{""dated_universe"": true, ""kind"": ""momentum"", ""lookback"": 252, ""skip"": 17, ""top_frac"": 0.1, ""universe"": ""stocks""}",dev,2006-01-03,2024-09-25,False,4714,0.5772611724612711,0.03636403580633549,-0.4138417757584564,10.803678275065622,0.10986206566288681,-0.5485970465007071
869,2026-10-01T04:16:00+00:00,dc4d878,phase4,D_dated,"{""dated_universe"": true, ""kind"": ""momentum"", ""lookback"": 252, ""skip"": 21, ""top_frac"": 0.1, ""universe"": ""stocks""}",dev,2006-01-03,2024-09-25,True,4714,0.5171300243136836,0.032576129519495046,-0.40677218169422175,10.996595057858741,0.09553416653510571,-0.5449594343309557
870,2026-10-01T04:16:00+00:00,dc4d878,phase4,D_dated,"{""dated_universe"": true, ""kind"": ""momentum"", ""lookback"": 252, ""skip"": 21, ""top_frac"": 0.1, ""universe"": ""stocks""}",dev,2006-01-03,2024-09-25,False,4714,0.5685440268092623,0.03581490724591779,-0.40737988530401037,10.996879224044301,0.10833251909788899,-0.5375224817387562
871,2026-10-01T04:16:01+00:00,dc4d878,phase4,D_dated,"{""dated_universe"": true, ""kind"": ""momentum"", ""lookback"": 252, ""skip"": 25, ""top_frac"": 0.1, ""universe"": ""stocks""}",dev,2006-01-03,2024-09-25,True,4714,0.5059050971302939,0.0318690255715889,-0.37838755253349027,11.177307699068033,0.09260487375353765,-0.554931233979133
872,2026-10-01T04:16:01+00:00,dc4d878,phase4,D_dated,"{""dated_universe"": true, ""kind"": ""momentum"", ""lookback"": 252, ""skip"": 25, ""top_frac"": 0.1, ""universe"": ""stocks""}",dev,2006-01-03,2024-09-25,False,4714,0.5570477818529472,0.035090711884834695,-0.37904942335996966,11.179138692920272,0.10526660983512603,-0.5484031463049848
873,2026-10-01T04:16:02+00:00,dc4d878,phase4,D_dated,"{""dated_universe"": true, ""kind"": ""momentum"", ""lookback"": 302, ""skip"": 17, ""top_frac"": 0.1, ""universe"": ""stocks""}",dev,2006-04-03,2024-09-25,True,4652,0.4619581905545872,0.02910063067421012,-0.3297289579968703,11.800248343254543,0.082439506474415,-0.5596781930529127
874,2026-10-01T04:16:02+00:00,dc4d878,phase4,D_dated,"{""dated_universe"": true, ""kind"": ""momentum"", ""lookback"": 302, ""skip"": 17, ""top_frac"": 0.1, ""universe"": ""stocks""}",dev,2006-04-03,2024-09-25,False,4652,0.5092243256162547,0.03207811731250448,-0.32986523718561556,11.799945127447513,0.09415590308105615,-0.5551729736516089
875,2026-10-01T04:16:03+00:00,dc4d878,phase4,D_dated,"{""dated_universe"": true, ""kind"": ""momentum"", ""lookback"": 302, ""skip"": 21, ""top_frac"": 0.1, ""universe"": ""stocks""}",dev,2006-04-03,2024-09-25,True,4652,0.45208253239478435,0.02847852268554526,-0.3142431694098541,12.314639879252478,0.08067875716425443,-0.5529484588424485
876,2026-10-01T04:16:03+00:00,dc4d878,phase4,D_dated,"{""dated_universe"": true, ""kind"": ""momentum"", ""lookback"": 302, ""skip"": 21, ""top_frac"": 0.1, ""universe"": ""stocks""}",dev,2006-04-03,2024-09-25,False,4652,0.4989409447426182,0.031430325207061606,-0.3143685684341055,12.31504847183385,0.09242068806580006,-0.5484518870570319
877,2026-10-01T04:16:04+00:00,dc4d878,phase4,D_dated,"{""dated_universe"": true, ""kind"": ""momentum"", ""lookback"": 302, ""skip"": 25, ""top_frac"": 0.1, ""universe"": ""stocks""}",dev,2006-04-03,2024-09-25,True,4652,0.45674790839584073,0.02877241374915012,-0.34252013085240357,11.804781120622046,0.08144504234358463,-0.5599554301345733
878,2026-10-01T04:16:04+00:00,dc4d878,phase4,D_dated,"{""dated_universe"": true, ""kind"": ""momentum"", ""lookback"": 302, ""skip"": 25, ""top_frac"": 0.1, ""universe"": ""stocks""}",dev,2006-04-03,2024-09-25,False,4652,0.5042287592241105,0.031763426209372905,-0.34271994257723043,11.806467224848987,0.09326779676594366,-0.554831424796912
879,2026-10-01T04:16:04+00:00,dc4d878,phase4,D_dated,"{""dated_universe"": true, ""kind"": ""momentum"", ""lookback"": 252, ""skip"": 17, ""top_frac"": 0.1, ""universe"": ""stocks""}",wf_test_2016,2016-01-04,2016-12-30,True,252,0.6932832352980557,0.043672738779260284,-0.5872411188399638,5.481923278079201,0.0960716667259709,-0.11400032589362474
880,2026-10-01T04:16:04+00:00,dc4d878,phase4,D_dated,"{""dated_universe"": true, ""kind"": ""momentum"", ""lookback"": 252, ""skip"": 17, ""top_frac"": 0.1, ""universe"": ""stocks""}",wf_test_2016,2016-01-04,2016-12-30,False,252,0.7757100395336994,0.04886513938338692,-0.5936727681200006,5.508431345371803,0.10934627975119282,-0.11242605115544413
881,2026-10-01T04:16:04+00:00,dc4d878,phase4,D_dated,"{""dated_universe"": true, ""kind"": ""momentum"", ""lookback"": 252, ""skip"": 17, ""top_frac"": 0.1, ""universe"": ""stocks""}",wf_test_2017,2017-01-03,2017-12-29,True,251,1.4105739619573996,0.08885780736196104,-0.8083166649145369,6.362484418778299,0.19044910061800224,-0.051447578129595994
882,2026-10-01T04:16:04+00:00,dc4d878,phase4,D_dated,"{""dated_universe"": true, ""kind"": ""momentum"", ""lookback"": 252, ""skip"": 17, ""top_frac"": 0.1, ""universe"": ""stocks""}",wf_test_2017,2017-01-03,2017-12-29,False,251,1.5076021432042492,0.09497000826062926,-0.7989378633225865,6.357402370281485,0.20498936787592492,-0.05016678333404667
883,2026-10-01T04:16:04+00:00,dc4d878,phase4,D_dated,"{""dated_universe"": true, ""kind"": ""momentum"", ""lookback"": 202, ""skip"": 25, ""top_frac"": 0.1, ""universe"": ""stocks""}",wf_test_2018,2018-01-02,2018-12-31,True,251,0.02854011530550116,0.0017978582735110544,-0.46278925096622914,4.683415303554197,-0.01638523169748385,-0.21714152438819045
884,2026-10-01T04:16:04+00:00,dc4d878,phase4,D_dated,"{""dated_universe"": true, ""kind"": ""momentum"", ""lookback"": 202, ""skip"": 25, ""top_frac"": 0.1, ""universe"": ""stocks""}",wf_test_2018,2018-01-02,2018-12-31,False,251,0.09365624808189067,0.005899789075048876,-0.46190674874130205,4.691113169308552,-0.002645495488346361,-0.21443919005550427
885,2026-10-01T04:16:04+00:00,dc4d878,phase4,D_dated,"{""dated_universe"": true, ""kind"": ""momentum"", ""lookback"": 202, ""skip"": 25, ""top_frac"": 0.1, ""universe"": ""stocks""}",wf_test_2019,2019-01-02,2019-12-31,True,252,2.2259038005073073,0.14021875948799672,-0.5236641781915233,3.814255803839055,0.3154531505497351,-0.05849589504881714
886,2026-10-01T04:16:04+00:00,dc4d878,phase4,D_dated,"{""dated_universe"": true, ""kind"": ""momentum"", ""lookback"": 202, ""skip"": 25, ""top_frac"": 0.1, ""universe"": ""stocks""}",wf_test_2019,2019-01-02,2019-12-31,False,252,2.3389984644603468,0.14734305366485778,-0.5121869512656801,3.831278135175768,0.33405817611776234,-0.057421622022580165
887,2026-10-01T04:16:04+00:00,dc4d878,phase4,D_dated,"{""dated_universe"": true, ""kind"": ""momentum"", ""lookback"": 202, ""skip"": 25, ""top_frac"": 0.1, ""universe"": ""stocks""}",wf_test_2020,2020-01-02,2020-12-31,True,253,0.4976194486382883,0.03134707877728547,-0.4530977289710603,10.813732090135638,0.12190834005218565,-0.3395016056680257
888,2026-10-01T04:16:04+00:00,dc4d878,phase4,D_dated,"{""dated_universe"": true, ""kind"": ""momentum"", ""lookback"": 202, ""skip"": 25, ""top_frac"": 0.1, ""universe"": ""stocks""}",wf_test_2020,2020-01-02,2020-12-31,False,253,0.5269798960757979,0.03319661311779104,-0.45612471096911283,10.8058192992091,0.13409599223873037,-0.33873243081176563
889,2026-10-01T04:16:05+00:00,dc4d878,phase4,D_dated,"{""dated_universe"": true, ""kind"": ""momentum"", ""lookback"": 202, ""skip"": 25, ""top_frac"": 0.1, ""universe"": ""stocks""}",wf_test_2021,2021-01-04,2021-12-31,True,252,1.6986210473812713,0.1070030681693073,-0.2074280901738967,2.8022075002206854,0.4272827611848655,-0.10974358492295144
890,2026-10-01T04:16:05+00:00,dc4d878,phase4,D_dated,"{""dated_universe"": true, ""kind"": ""momentum"", ""lookback"": 202, ""skip"": 25, ""top_frac"": 0.1, ""universe"": ""stocks""}",wf_test_2021,2021-01-04,2021-12-31,False,252,1.7608374344068511,0.11092233215841753,-0.20544354582510999,2.8048975318926743,0.44815050046680693,-0.10884018272736273
891,2026-10-01T04:16:05+00:00,dc4d878,phase4,D_dated,"{""dated_universe"": true, ""kind"": ""momentum"", ""lookback"": 202, ""skip"": 25, ""top_frac"": 0.1, ""universe"": ""stocks""}",wf_test_2022,2022-01-03,2022-12-30,True,251,-0.30503737362761923,-0.01921554836188031,-0.33237258885540305,3.4825504209071276,-0.10096838605946734,-0.2046454607461925
892,2026-10-01T04:16:05+00:00,dc4d878,phase4,D_dated,"{""dated_universe"": true, ""kind"": ""momentum"", ""lookback"": 202, ""skip"": 25, ""top_frac"": 0.1, ""universe"": ""stocks""}",wf_test_2022,2022-01-03,2022-12-30,False,251,-0.2548114302965484,-0.016051611328127057,-0.3304950518137791,3.4804440250549904,-0.08976788515842304,-0.1982855571192329
893,2026-10-01T04:16:05+00:00,dc4d878,phase4,D_dated,"{""dated_universe"": true, ""kind"": ""momentum"", ""lookback"": 202, ""skip"": 25, ""top_frac"": 0.1, ""universe"": ""stocks""}",wf_test_2023,2023-01-03,2023-12-29,True,250,1.046811477957085,0.06594292476767664,-0.3058965462532734,2.9331591370990258,0.17275865775884447,-0.14848671022821625
894,2026-10-01T04:16:05+00:00,dc4d878,phase4,D_dated,"{""dated_universe"": true, ""kind"": ""momentum"", ""lookback"": 202, ""skip"": 25, ""top_frac"": 0.1, ""universe"": ""stocks""}",wf_test_2023,2023-01-03,2023-12-29,False,250,1.1326392138811088,0.07134956393069311,-0.29046877625428363,2.9387167437465878,0.18897101726570398,-0.14579625681272335
895,2026-10-01T04:16:05+00:00,dc4d878,phase4,D_dated,"{""dated_universe"": true, ""kind"": ""momentum"", ""lookback"": 202, ""skip"": 25, ""top_frac"": 0.1, ""universe"": ""stocks""}",wf_test_2024,2024-01-02,2024-09-25,True,185,1.5347189990333463,0.09667820961448123,-0.42642947588706953,4.418083818716883,0.3370970747091808,-0.13306963390623017
896,2026-10-01T04:16:05+00:00,dc4d878,phase4,D_dated,"{""dated_universe"": true, ""kind"": ""momentum"", ""lookback"": 202, ""skip"": 25, ""top_frac"": 0.1, ""universe"": ""stocks""}",wf_test_2024,2024-01-02,2024-09-25,False,185,1.6052129680308902,0.10111891225489548,-0.4258249343330147,4.411350298557336,0.35575278692688994,-0.1323724780446136
897,2026-10-01T04:16:10+00:00,dc4d878,phase4,E,"{""hold"": 48, ""kind"": ""pead"", ""max_abs_sue"": 50, ""max_positions"": 50, ""min_rank_pool"": 50, ""min_sue_sd"": 0.01, ""n_surprises"": 6, ""rank_window_days"": 365, ""top_frac"": 0.1, ""universe"": ""stocks""}",dev,2011-04-28,2024-09-25,True,3375,0.7182530586591763,0.045245689800563524,-1.4219182946485844,57.93330638162967,0.08381176186084072,-0.3463552731342808
898,2026-10-01T04:16:10+00:00,dc4d878,phase4,E,"{""hold"": 48, ""kind"": ""pead"", ""max_abs_sue"": 50, ""max_positions"": 50, ""min_rank_pool"": 50, ""min_sue_sd"": 0.01, ""n_surprises"": 6, ""rank_window_days"": 365, ""top_frac"": 0.1, ""universe"": ""stocks""}",dev,2011-04-28,2024-09-25,False,3375,0.7861063876999429,0.049520047759366026,-1.4267729503091322,57.89127070005817,0.09280344439968191,-0.34537176742114883
899,2026-10-01T04:16:15+00:00,dc4d878,phase4,E,"{""hold"": 48, ""kind"": ""pead"", ""max_abs_sue"": 50, ""max_positions"": 50, ""min_rank_pool"": 50, ""min_sue_sd"": 0.01, ""n_surprises"": 8, ""rank_window_days"": 365, ""top_frac"": 0.1, ""universe"": ""stocks""}",dev,2011-10-25,2024-09-25,True,3250,0.8073635343349084,0.05085912213029346,-1.4027831913405808,60.464202271164616,0.09215098996029392,-0.33025973921278795
900,2026-10-01T04:16:15+00:00,dc4d878,phase4,E,"{""hold"": 48, ""kind"": ""pead"", ""max_abs_sue"": 50, ""max_positions"": 50, ""min_rank_pool"": 50, ""min_sue_sd"": 0.01, ""n_surprises"": 8, ""rank_window_days"": 365, ""top_frac"": 0.1, ""universe"": ""stocks""}",dev,2011-10-25,2024-09-25,False,3250,0.8773836950116319,0.05526997765199333,-1.40707318049661,60.4017000291131,0.10114420993521267,-0.32929754811301537
901,2026-10-01T04:16:19+00:00,dc4d878,phase4,E,"{""hold"": 48, ""kind"": ""pead"", ""max_abs_sue"": 50, ""max_positions"": 50, ""min_rank_pool"": 50, ""min_sue_sd"": 0.01, ""n_surprises"": 10, ""rank_window_days"": 365, ""top_frac"": 0.1, ""universe"": ""stocks""}",dev,2012-04-19,2024-09-25,True,3129,0.801671390107824,0.05050055074811305,-1.4984351453203864,63.22947747020172,0.09264470948730219,-0.337568953990093
902,2026-10-01T04:16:19+00:00,dc4d878,phase4,E,"{""hold"": 48, ""kind"": ""pead"", ""max_abs_sue"": 50, ""max_positions"": 50, ""min_rank_pool"": 50, ""min_sue_sd"": 0.01, ""n_surprises"": 10, ""rank_window_days"": 365, ""top_frac"": 0.1, ""universe"": ""stocks""}",dev,2012-04-19,2024-09-25,False,3129,0.8704695582878519,0.054834427978140456,-1.5028449564848962,63.16649327339862,0.10160613320972667,-0.33662791510858014
903,2026-10-01T04:16:24+00:00,dc4d878,phase4,E,"{""hold"": 60, ""kind"": ""pead"", ""max_abs_sue"": 50, ""max_positions"": 50, ""min_rank_pool"": 50, ""min_sue_sd"": 0.01, ""n_surprises"": 6, ""rank_window_days"": 365, ""top_frac"": 0.1, ""universe"": ""stocks""}",dev,2011-04-28,2024-09-25,True,3375,0.8341871832412996,0.052548853184141577,-1.062389299566408,42.81891614771294,0.10686963356132928,-0.3439541600781062
904,2026-10-01T04:16:24+00:00,dc4d878,phase4,E,"{""hold"": 60, ""kind"": ""pead"", ""max_abs_sue"": 50, ""max_positions"": 50, ""min_rank_pool"": 50, ""min_sue_sd"": 0.01, ""n_surprises"": 6, ""rank_window_days"": 365, ""top_frac"": 0.1, ""universe"": ""stocks""}",dev,2011-04-28,2024-09-25,False,3375,0.891239173012299,0.05614279072546218,-1.0655327454873,42.80149922349891,0.11516108133992065,-0.34292643832230507
905,2026-10-01T04:16:29+00:00,dc4d878,phase4,E,"{""hold"": 60, ""kind"": ""pead"", ""max_abs_sue"": 50, ""max_positions"": 50, ""min_rank_pool"": 50, ""min_sue_sd"": 0.01, ""n_surprises"": 8, ""rank_window_days"": 365, ""top_frac"": 0.1, ""universe"": ""stocks""}",dev,2011-10-25,2024-09-25,True,3250,0.8948271220216045,0.05636881026820987,-1.2136733265817932,48.42570224850279,0.11094367146681217,-0.33202847079932085
906,2026-10-01T04:16:29+00:00,dc4d878,phase4,E,"{""hold"": 60, ""kind"": ""pead"", ""max_abs_sue"": 50, ""max_positions"": 50, ""min_rank_pool"": 50, ""min_sue_sd"": 0.01, ""n_surprises"": 8, ""rank_window_days"": 365, ""top_frac"": 0.1, ""universe"": ""stocks""}",dev,2011-10-25,2024-09-25,False,3250,0.9530425695247103,0.06003603875762782,-1.2168696222312618,48.385405509006134,0.11908461558615868,-0.3308880559195514
907,2026-10-01T04:16:33+00:00,dc4d878,phase4,E,"{""hold"": 60, ""kind"": ""pead"", ""max_abs_sue"": 50, ""max_positions"": 50, ""min_rank_pool"": 50, ""min_sue_sd"": 0.01, ""n_surprises"": 10, ""rank_window_days"": 365, ""top_frac"": 0.1, ""universe"": ""stocks""}",dev,2012-04-19,2024-09-25,True,3129,0.9249473659330095,0.05826620728769046,-1.2770965091625133,49.27733963185069,0.1162620055501411,-0.3362427694909781
908,2026-10-01T04:16:33+00:00,dc4d878,phase4,E,"{""hold"": 60, ""kind"": ""pead"", ""max_abs_sue"": 50, ""max_positions"": 50, ""min_rank_pool"": 50, ""min_sue_sd"": 0.01, ""n_surprises"": 10, ""rank_window_days"": 365, ""top_frac"": 0.1, ""universe"": ""stocks""}",dev,2012-04-19,2024-09-25,False,3129,0.9830029891411499,0.061923367792871636,-1.2807282509045599,49.25268736501249,0.12448464354291477,-0.3353072229292883
909,2026-10-01T04:16:38+00:00,dc4d878,phase4,E,"{""hold"": 72, ""kind"": ""pead"", ""max_abs_sue"": 50, ""max_positions"": 50, ""min_rank_pool"": 50, ""min_sue_sd"": 0.01, ""n_surprises"": 6, ""rank_window_days"": 365, ""top_frac"": 0.1, ""universe"": ""stocks""}",dev,2011-04-28,2024-09-25,True,3375,0.8823843726930785,0.05558499073608616,-0.95993037205081,35.50600093395422,0.11856851270932856,-0.34437038749220816
910,2026-10-01T04:16:38+00:00,dc4d878,phase4,E,"{""hold"": 72, ""kind"": ""pead"", ""max_abs_sue"": 50, ""max_positions"": 50, ""min_rank_pool"": 50, ""min_sue_sd"": 0.01, ""n_surprises"": 6, ""rank_window_days"": 365, ""top_frac"": 0.1, ""universe"": ""stocks""}",dev,2011-04-28,2024-09-25,False,3375,0.92467350651684,0.058248955766038606,-0.961650071620494,35.48855539813122,0.12499634608360921,-0.34271671099930767
911,2026-10-01T04:16:42+00:00,dc4d878,phase4,E,"{""hold"": 72, ""kind"": ""pead"", ""max_abs_sue"": 50, ""max_positions"": 50, ""min_rank_pool"": 50, ""min_sue_sd"": 0.01, ""n_surprises"": 8, ""rank_window_days"": 365, ""top_frac"": 0.1, ""universe"": ""stocks""}",dev,2011-10-25,2024-09-25,True,3250,0.9738563043773147,0.06134718081178089,-1.0686074716212601,41.011419371533385,0.12766231893874092,-0.34444616463063804
912,2026-10-01T04:16:42+00:00,dc4d878,phase4,E,"{""hold"": 72, ""kind"": ""pead"", ""max_abs_sue"": 50, ""max_positions"": 50, ""min_rank_pool"": 50, ""min_sue_sd"": 0.01, ""n_surprises"": 8, ""rank_window_days"": 365, ""top_frac"": 0.1, ""universe"": ""stocks""}",dev,2011-10-25,2024-09-25,False,3250,1.0173558555951145,0.06408739497047648,-1.0702823310343406,40.97819155524663,0.13408477509678507,-0.3415026158521872
913,2026-10-01T04:16:47+00:00,dc4d878,phase4,E,"{""hold"": 72, ""kind"": ""pead"", ""max_abs_sue"": 50, ""max_positions"": 50, ""min_rank_pool"": 50, ""min_sue_sd"": 0.01, ""n_surprises"": 10, ""rank_window_days"": 365, ""top_frac"": 0.1, ""universe"": ""stocks""}",dev,2012-04-19,2024-09-25,True,3129,0.971612755140323,0.06120585049427591,-1.1219862097631303,41.22680380337578,0.12894400076483548,-0.34680078407554293
914,2026-10-01T04:16:47+00:00,dc4d878,phase4,E,"{""hold"": 72, ""kind"": ""pead"", ""max_abs_sue"": 50, ""max_positions"": 50, ""min_rank_pool"": 50, ""min_sue_sd"": 0.01, ""n_surprises"": 10, ""rank_window_days"": 365, ""top_frac"": 0.1, ""universe"": ""stocks""}",dev,2012-04-19,2024-09-25,False,3129,1.0147791340396615,0.06392507676967676,-1.1239384207802712,41.213028092143965,0.13539340312148673,-0.34392086826690615
915,2026-10-01T04:16:47+00:00,dc4d878,phase4,E,"{""hold"": 72, ""kind"": ""pead"", ""max_abs_sue"": 50, ""max_positions"": 50, ""min_rank_pool"": 50, ""min_sue_sd"": 0.01, ""n_surprises"": 10, ""rank_window_days"": 365, ""top_frac"": 0.1, ""universe"": ""stocks""}",wf_test_2016,2016-01-08,2016-12-30,True,248,1.4542783075619181,0.09161092235439854,-0.3804214772414519,5.923646167980682,0.12612818549945248,-0.05564677479476121
916,2026-10-01T04:16:47+00:00,dc4d878,phase4,E,"{""hold"": 72, ""kind"": ""pead"", ""max_abs_sue"": 50, ""max_positions"": 50, ""min_rank_pool"": 50, ""min_sue_sd"": 0.01, ""n_surprises"": 10, ""rank_window_days"": 365, ""top_frac"": 0.1, ""universe"": ""stocks""}",wf_test_2016,2016-01-08,2016-12-30,False,248,1.5256865136807956,0.09610921652010783,-0.3792384181948779,5.938925012946513,0.13277296804509042,-0.05408406902079621
917,2026-10-01T04:16:47+00:00,dc4d878,phase4,E,"{""hold"": 72, ""kind"": ""pead"", ""max_abs_sue"": 50, ""max_positions"": 50, ""min_rank_pool"": 50, ""min_sue_sd"": 0.01, ""n_surprises"": 10, ""rank_window_days"": 365, ""top_frac"": 0.1, ""universe"": ""stocks""}",wf_test_2017,2017-01-12,2017-12-29,True,244,2.062020773971796,0.12989509919472145,-0.29081407235930046,4.9244596625275205,0.13151147698011445,-0.02993822212722208
918,2026-10-01T04:16:47+00:00,dc4d878,phase4,E,"{""hold"": 72, ""kind"": ""pead"", ""max_abs_sue"": 50, ""max_positions"": 50, ""min_rank_pool"": 50, ""min_sue_sd"": 0.01, ""n_surprises"": 10, ""rank_window_days"": 365, ""top_frac"": 0.1, ""universe"": ""stocks""}",wf_test_2017,2017-01-12,2017-12-29,False,244,2.1518265703035397,0.1355523326086717,-0.2853135216084882,4.910533050595603,0.1376704484177007,-0.0281612308255893
919,2026-10-01T04:16:47+00:00,dc4d878,phase4,E,"{""hold"": 72, ""kind"": ""pead"", ""max_abs_sue"": 50, ""max_positions"": 50, ""min_rank_pool"": 50, ""min_sue_sd"": 0.01, ""n_surprises"": 10, ""rank_window_days"": 365, ""top_frac"": 0.1, ""universe"": ""stocks""}",wf_test_2018,2018-01-10,2018-12-31,True,245,-0.03398847211910974,-0.002141072492148021,-0.2817968767866495,5.899637799484719,-0.007100553919503594,-0.08288450821223903
920,2026-10-01T04:16:47+00:00,dc4d878,phase4,E,"{""hold"": 72, ""kind"": ""pead"", ""max_abs_sue"": 50, ""max_positions"": 50, ""min_rank_pool"": 50, ""min_sue_sd"": 0.01, ""n_surprises"": 10, ""rank_window_days"": 365, ""top_frac"": 0.1, ""universe"": ""stocks""}",wf_test_2018,2018-01-10,2018-12-31,False,245,0.016970642235661772,0.0010690499748716726,-0.28198841320966805,5.889592043911982,-0.0025243416682266817,-0.08213227715743987
921,2026-10-01T04:16:48+00:00,dc4d878,phase4,E,"{""hold"": 72, ""kind"": ""pead"", ""max_abs_sue"": 50, ""max_positions"": 50, ""min_rank_pool"": 50, ""min_sue_sd"": 0.01, ""n_surprises"": 10, ""rank_window_days"": 365, ""top_frac"": 0.1, ""universe"": ""stocks""}",wf_test_2019,2019-01-10,2019-12-31,True,246,1.1342366075638393,0.07145019027427336,-1.66279611047508,14.589384997025201,0.07600401332075624,-0.05150318954335342
922,2026-10-01T04:16:48+00:00,dc4d878,phase4,E,"{""hold"": 72, ""kind"": ""pead"", ""max_abs_sue"": 50, ""max_positions"": 50, ""min_rank_pool"": 50, ""min_sue_sd"": 0.01, ""n_surprises"": 10, ""rank_window_days"": 365, ""top_frac"": 0.1, ""universe"": ""stocks""}",wf_test_2019,2019-01-10,2019-12-31,False,246,1.1939879407740825,0.07521417046900808,-1.6626112280775462,14.58909848965067,0.08021334752399945,-0.0513981559857819
923,2026-10-01T04:16:48+00:00,dc4d878,phase4,E,"{""hold"": 60, ""kind"": ""pead"", ""max_abs_sue"": 50, ""max_positions"": 50, ""min_rank_pool"": 50, ""min_sue_sd"": 0.01, ""n_surprises"": 10, ""rank_window_days"": 365, ""top_frac"": 0.1, ""universe"": ""stocks""}",wf_test_2020,2020-01-21,2020-12-31,True,241,0.27782595299607793,0.017501389985408154,-0.8516981468418353,13.930621943949173,0.03757246012957749,-0.33418124344992817
924,2026-10-01T04:16:48+00:00,dc4d878,phase4,E,"{""hold"": 60, ""kind"": ""pead"", ""max_abs_sue"": 50, ""max_positions"": 50, ""min_rank_pool"": 50, ""min_sue_sd"": 0.01, ""n_surprises"": 10, ""rank_window_days"": 365, ""top_frac"": 0.1, ""universe"": ""stocks""}",wf_test_2020,2020-01-21,2020-12-31,False,241,0.3006442903291874,0.018938810126250736,-0.8550501563523041,13.938770204736212,0.045333964684224126,-0.3332722847650459
925,2026-10-01T04:16:48+00:00,dc4d878,phase4,E,"{""hold"": 72, ""kind"": ""pead"", ""max_abs_sue"": 50, ""max_positions"": 50, ""min_rank_pool"": 50, ""min_sue_sd"": 0.01, ""n_surprises"": 10, ""rank_window_days"": 365, ""top_frac"": 0.1, ""universe"": ""stocks""}",wf_test_2021,2021-01-06,2021-12-31,True,250,1.7530286551499912,0.11043042530230679,-0.25347562667023804,4.247982730928312,0.1967439950175376,-0.051869590059362314
926,2026-10-01T04:16:48+00:00,dc4d878,phase4,E,"{""hold"": 72, ""kind"": ""pead"", ""max_abs_sue"": 50, ""max_positions"": 50, ""min_rank_pool"": 50, ""min_sue_sd"": 0.01, ""n_surprises"": 10, ""rank_window_days"": 365, ""top_frac"": 0.1, ""universe"": ""stocks""}",wf_test_2021,2021-01-06,2021-12-31,False,250,1.8132265842533797,0.11422253839394163,-0.25680826893252845,4.2488040005125045,0.2041921354618934,-0.05131427050722548
927,2026-10-01T04:16:48+00:00,dc4d878,phase4,E,"{""hold"": 72, ""kind"": ""pead"", ""max_abs_sue"": 50, ""max_positions"": 50, ""min_rank_pool"": 50, ""min_sue_sd"": 0.01, ""n_surprises"": 10, ""rank_window_days"": 365, ""top_frac"": 0.1, ""universe"": ""stocks""}",wf_test_2022,2022-01-13,2022-12-30,True,243,0.24614363394969344,0.015505591481728668,-0.01001712794980788,5.46480197360734,0.02442376357038456,-0.10805504447094383
928,2026-10-01T04:16:48+00:00,dc4d878,phase4,E,"{""hold"": 72, ""kind"": ""pead"", ""max_abs_sue"": 50, ""max_positions"": 50, ""min_rank_pool"": 50, ""min_sue_sd"": 0.01, ""n_surprises"": 10, ""rank_window_days"": 365, ""top_frac"": 0.1, ""universe"": ""stocks""}",wf_test_2022,2022-01-13,2022-12-30,False,243,0.27885467382275014,0.017566193306262617,-0.005919960561267797,5.478174190484442,0.02893994683921286,-0.10696248011884091
929,2026-10-01T04:16:48+00:00,dc4d878,phase4,E,"{""hold"": 72, ""kind"": ""pead"", ""max_abs_sue"": 50, ""max_positions"": 50, ""min_rank_pool"": 50, ""min_sue_sd"": 0.01, ""n_surprises"": 10, ""rank_window_days"": 365, ""top_frac"": 0.1, ""universe"": ""stocks""}",wf_test_2023,2023-01-05,2023-12-29,True,248,1.5884865418955465,0.10006524644829999,0.1536240568165468,3.8247490478689437,0.15099739507156085,-0.08102999335530303
930,2026-10-01T04:16:48+00:00,dc4d878,phase4,E,"{""hold"": 72, ""kind"": ""pead"", ""max_abs_sue"": 50, ""max_positions"": 50, ""min_rank_pool"": 50, ""min_sue_sd"": 0.01, ""n_surprises"": 10, ""rank_window_days"": 365, ""top_frac"": 0.1, ""universe"": ""stocks""}",wf_test_2023,2023-01-05,2023-12-29,False,248,1.6481604372659295,0.10382434851764576,0.15312979957353556,3.8303890479677873,0.15708072480971946,-0.07923199204354836
931,2026-10-01T04:16:48+00:00,dc4d878,phase4,E,"{""hold"": 72, ""kind"": ""pead"", ""max_abs_sue"": 50, ""max_positions"": 50, ""min_rank_pool"": 50, ""min_sue_sd"": 0.01, ""n_surprises"": 10, ""rank_window_days"": 365, ""top_frac"": 0.1, ""universe"": ""stocks""}",wf_test_2024,2024-01-08,2024-09-25,True,181,1.8683932473883547,0.11769771152052302,-0.20323859720473755,3.5333935272086974,0.16444282703048674,-0.06137197271038208
932,2026-10-01T04:16:48+00:00,dc4d878,phase4,E,"{""hold"": 72, ""kind"": ""pead"", ""max_abs_sue"": 50, ""max_positions"": 50, ""min_rank_pool"": 50, ""min_sue_sd"": 0.01, ""n_surprises"": 10, ""rank_window_days"": 365, ""top_frac"": 0.1, ""universe"": ""stocks""}",wf_test_2024,2024-01-08,2024-09-25,False,181,1.9277384317762558,0.12143610674432444,-0.1965022273037606,3.53610418926901,0.17008514008442832,-0.06127647380796464
933,2026-10-01T04:16:53+00:00,dc4d878,phase4,E_dated,"{""dated_universe"": true, ""hold"": 48, ""kind"": ""pead"", ""max_abs_sue"": 50, ""max_positions"": 50, ""min_rank_pool"": 50, ""min_sue_sd"": 0.01, ""n_surprises"": 6, ""rank_window_days"": 365, ""top_frac"": 0.1, ""universe"": ""stocks""}",dev,2011-04-28,2024-09-25,True,3375,0.5931033642257459,0.037362000083263965,-0.6460822525085153,48.455547853382335,0.058883021781404254,-0.28636151383507535
934,2026-10-01T04:16:53+00:00,dc4d878,phase4,E_dated,"{""dated_universe"": true, ""hold"": 48, ""kind"": ""pead"", ""max_abs_sue"": 50, ""max_positions"": 50, ""min_rank_pool"": 50, ""min_sue_sd"": 0.01, ""n_surprises"": 6, ""rank_window_days"": 365, ""top_frac"": 0.1, ""universe"": ""stocks""}",dev,2011-04-28,2024-09-25,False,3375,0.6602723799528913,0.04159325035524047,-0.6494435183310219,48.44255470793769,0.06640637351610179,-0.285376800515463
935,2026-10-01T04:16:57+00:00,dc4d878,phase4,E_dated,"{""dated_universe"": true, ""hold"": 48, ""kind"": ""pead"", ""max_abs_sue"": 50, ""max_positions"": 50, ""min_rank_pool"": 50, ""min_sue_sd"": 0.01, ""n_surprises"": 8, ""rank_window_days"": 365, ""top_frac"": 0.1, ""universe"": ""stocks""}",dev,2011-10-25,2024-09-25,True,3250,0.7356978391299095,0.04634460767679391,-1.01889571417628,54.54643991632652,0.07262304356723548,-0.28905905346107374
936,2026-10-01T04:16:57+00:00,dc4d878,phase4,E_dated,"{""dated_universe"": true, ""hold"": 48, ""kind"": ""pead"", ""max_abs_sue"": 50, ""max_positions"": 50, ""min_rank_pool"": 50, ""min_sue_sd"": 0.01, ""n_surprises"": 8, ""rank_window_days"": 365, ""top_frac"": 0.1, ""universe"": ""stocks""}",dev,2011-10-25,2024-09-25,False,3250,0.8045898736065461,0.05068439792770982,-1.0216313307116587,54.49861009447199,0.08018865050817636,-0.2881722518640162
937,2026-10-01T04:17:01+00:00,dc4d878,phase4,E_dated,"{""dated_universe"": true, ""hold"": 48, ""kind"": ""pead"", ""max_abs_sue"": 50, ""max_positions"": 50, ""min_rank_pool"": 50, ""min_sue_sd"": 0.01, ""n_surprises"": 10, ""rank_window_days"": 365, ""top_frac"": 0.1, ""universe"": ""stocks""}",dev,2012-04-19,2024-09-25,True,3129,0.7747424558923365,0.04880418734320357,-0.9322903411263709,59.29485165327978,0.07868004501725734,-0.2975533312627969
938,2026-10-01T04:17:01+00:00,dc4d878,phase4,E_dated,"{""dated_universe"": true, ""hold"": 48, ""kind"": ""pead"", ""max_abs_sue"": 50, ""max_positions"": 50, ""min_rank_pool"": 50, ""min_sue_sd"": 0.01, ""n_surprises"": 10, ""rank_window_days"": 365, ""top_frac"": 0.1, ""universe"": ""stocks""}",dev,2012-04-19,2024-09-25,False,3129,0.8423673356816314,0.0530641543518491,-0.9357828793765615,59.23319463265891,0.08632109260588616,-0.2966403402260118
939,2026-10-01T04:17:06+00:00,dc4d878,phase4,E_dated,"{""dated_universe"": true, ""hold"": 60, ""kind"": ""pead"", ""max_abs_sue"": 50, ""max_positions"": 50, ""min_rank_pool"": 50, ""min_sue_sd"": 0.01, ""n_surprises"": 6, ""rank_window_days"": 365, ""top_frac"": 0.1, ""universe"": ""stocks""}",dev,2011-04-28,2024-09-25,True,3375,0.7224144437062607,0.04550783241828181,-0.5950058139868846,37.63107837222852,0.07963491091834918,-0.2936442660540848
940,2026-10-01T04:17:06+00:00,dc4d878,phase4,E_dated,"{""dated_universe"": true, ""hold"": 60, ""kind"": ""pead"", ""max_abs_sue"": 50, ""max_positions"": 50, ""min_rank_pool"": 50, ""min_sue_sd"": 0.01, ""n_surprises"": 6, ""rank_window_days"": 365, ""top_frac"": 0.1, ""universe"": ""stocks""}",dev,2011-04-28,2024-09-25,False,3375,0.7793793439440263,0.04909628383468019,-0.5967227713702871,37.626743700373424,0.08668903502024583,-0.2889486800492752
941,2026-10-01T04:17:10+00:00,dc4d878,phase4,E_dated,"{""dated_universe"": true, ""hold"": 60, ""kind"": ""pead"", ""max_abs_sue"": 50, ""max_positions"": 50, ""min_rank_pool"": 50, ""min_sue_sd"": 0.01, ""n_surprises"": 8, ""rank_window_days"": 365, ""top_frac"": 0.1, ""universe"": ""stocks""}",dev,2011-10-25,2024-09-25,True,3250,0.8295800571756138,0.052258631521557575,-0.889634181368867,43.71385912521376,0.08918457555356385,-0.29065271399051507
942,2026-10-01T04:17:10+00:00,dc4d878,phase4,E_dated,"{""dated_universe"": true, ""hold"": 60, ""kind"": ""pead"", ""max_abs_sue"": 50, ""max_positions"": 50, ""min_rank_pool"": 50, ""min_sue_sd"": 0.01, ""n_surprises"": 8, ""rank_window_days"": 365, ""top_frac"": 0.1, ""universe"": ""stocks""}",dev,2011-10-25,2024-09-25,False,3250,0.8877419086745953,0.05592248378006649,-0.8915086734914949,43.695929439589214,0.09614417704291589,-0.289765530274564
943,2026-10-01T04:17:14+00:00,dc4d878,phase4,E_dated,"{""dated_universe"": true, ""hold"": 60, ""kind"": ""pead"", ""max_abs_sue"": 50, ""max_positions"": 50, ""min_rank_pool"": 50, ""min_sue_sd"": 0.01, ""n_surprises"": 10, ""rank_window_days"": 365, ""top_frac"": 0.1, ""universe"": ""stocks""}",dev,2012-04-19,2024-09-25,True,3129,0.8565880376638778,0.05395997437360594,-0.8237281040569788,47.977853710969406,0.09433910078326235,-0.2991421334169905
944,2026-10-01T04:17:14+00:00,dc4d878,phase4,E_dated,"{""dated_universe"": true, ""hold"": 60, ""kind"": ""pead"", ""max_abs_sue"": 50, ""max_positions"": 50, ""min_rank_pool"": 50, ""min_sue_sd"": 0.01, ""n_surprises"": 10, ""rank_window_days"": 365, ""top_frac"": 0.1, ""universe"": ""stocks""}",dev,2012-04-19,2024-09-25,False,3129,0.9135512051904966,0.05754831663946174,-0.8262868445119953,47.949733065469985,0.10132806937625705,-0.29822906525475035
945,2026-10-01T04:17:19+00:00,dc4d878,phase4,E_dated,"{""dated_universe"": true, ""hold"": 72, ""kind"": ""pead"", ""max_abs_sue"": 50, ""max_positions"": 50, ""min_rank_pool"": 50, ""min_sue_sd"": 0.01, ""n_surprises"": 6, ""rank_window_days"": 365, ""top_frac"": 0.1, ""universe"": ""stocks""}",dev,2011-04-28,2024-09-25,True,3375,0.7729561124799122,0.048691658285455165,-0.550092161884038,30.873673354766684,0.091848143971063,-0.30717454944019196
946,2026-10-01T04:17:19+00:00,dc4d878,phase4,E_dated,"{""dated_universe"": true, ""hold"": 72, ""kind"": ""pead"", ""max_abs_sue"": 50, ""max_positions"": 50, ""min_rank_pool"": 50, ""min_sue_sd"": 0.01, ""n_surprises"": 6, ""rank_window_days"": 365, ""top_frac"": 0.1, ""universe"": ""stocks""}",dev,2011-04-28,2024-09-25,False,3375,0.8149373694488005,0.05133622889654029,-0.5503621259583626,30.874179988040538,0.09744655855837725,-0.299722866764389
947,2026-10-01T04:17:23+00:00,dc4d878,phase4,E_dated,"{""dated_universe"": true, ""hold"": 72, ""kind"": ""pead"", ""max_abs_sue"": 50, ""max_positions"": 50, ""min_rank_pool"": 50, ""min_sue_sd"": 0.01, ""n_surprises"": 8, ""rank_window_days"": 365, ""top_frac"": 0.1, ""universe"": ""stocks""}",dev,2011-10-25,2024-09-25,True,3250,0.869486925157322,0.05477252790925009,-0.7410726390011272,35.1636764739752,0.10003820267663088,-0.29723624307878427
948,2026-10-01T04:17:23+00:00,dc4d878,phase4,E_dated,"{""dated_universe"": true, ""hold"": 72, ""kind"": ""pead"", ""max_abs_sue"": 50, ""max_positions"": 50, ""min_rank_pool"": 50, ""min_sue_sd"": 0.01, ""n_surprises"": 8, ""rank_window_days"": 365, ""top_frac"": 0.1, ""universe"": ""stocks""}",dev,2011-10-25,2024-09-25,False,3250,0.9127949535556409,0.05750067726435664,-0.7415484212773433,35.16023160057687,0.10558656803200295,-0.2943795139257035
949,2026-10-01T04:17:27+00:00,dc4d878,phase4,E_dated,"{""dated_universe"": true, ""hold"": 72, ""kind"": ""pead"", ""max_abs_sue"": 50, ""max_positions"": 50, ""min_rank_pool"": 50, ""min_sue_sd"": 0.01, ""n_surprises"": 10, ""rank_window_days"": 365, ""top_frac"": 0.1, ""universe"": ""stocks""}",dev,2012-04-19,2024-09-25,True,3129,0.8607343131378716,0.0542211651776858,-0.7331619173187541,39.66957992625749,0.1000735447522838,-0.30947697431573573
950,2026-10-01T04:17:27+00:00,dc4d878,phase4,E_dated,"{""dated_universe"": true, ""hold"": 72, ""kind"": ""pead"", ""max_abs_sue"": 50, ""max_positions"": 50, ""min_rank_pool"": 50, ""min_sue_sd"": 0.01, ""n_surprises"": 10, ""rank_window_days"": 365, ""top_frac"": 0.1, ""universe"": ""stocks""}",dev,2012-04-19,2024-09-25,False,3129,0.9037684710925225,0.056932062316473374,-0.7339711762288161,39.65586231031809,0.10565487728430978,-0.30668368552310166
951,2026-10-01T04:17:27+00:00,dc4d878,phase4,E_dated,"{""dated_universe"": true, ""hold"": 72, ""kind"": ""pead"", ""max_abs_sue"": 50, ""max_positions"": 50, ""min_rank_pool"": 50, ""min_sue_sd"": 0.01, ""n_surprises"": 10, ""rank_window_days"": 365, ""top_frac"": 0.1, ""universe"": ""stocks""}",wf_test_2016,2016-01-08,2016-12-30,True,248,1.5573482063051443,0.09810371568133151,-0.15706783010294928,5.8750972688328575,0.11277793539952796,-0.044486016488918256
952,2026-10-01T04:17:27+00:00,dc4d878,phase4,E_dated,"{""dated_universe"": true, ""hold"": 72, ""kind"": ""pead"", ""max_abs_sue"": 50, ""max_positions"": 50, ""min_rank_pool"": 50, ""min_sue_sd"": 0.01, ""n_surprises"": 10, ""rank_window_days"": 365, ""top_frac"": 0.1, ""universe"": ""stocks""}",wf_test_2016,2016-01-08,2016-12-30,False,248,1.6307312469132509,0.10272641272654114,-0.15149247730645207,5.909118511284065,0.11844792755901823,-0.04272012816467974
953,2026-10-01T04:17:27+00:00,dc4d878,phase4,E_dated,"{""dated_universe"": true, ""hold"": 72, ""kind"": ""pead"", ""max_abs_sue"": 50, ""max_positions"": 50, ""min_rank_pool"": 50, ""min_sue_sd"": 0.01, ""n_surprises"": 10, ""rank_window_days"": 365, ""top_frac"": 0.1, ""universe"": ""stocks""}",wf_test_2017,2017-01-12,2017-12-29,True,244,1.750658862784517,0.11028114241521383,-0.2841432302857516,4.373686734793846,0.09250803986857381,-0.027629055771557387
954,2026-10-01T04:17:27+00:00,dc4d878,phase4,E_dated,"{""dated_universe"": true, ""hold"": 72, ""kind"": ""pead"", ""max_abs_sue"": 50, ""max_positions"": 50, ""min_rank_pool"": 50, ""min_sue_sd"": 0.01, ""n_surprises"": 10, ""rank_window_days"": 365, ""top_frac"": 0.1, ""universe"": ""stocks""}",wf_test_2017,2017-01-12,2017-12-29,False,244,1.8483781058544835,0.11643687611684723,-0.28018762655276147,4.360823712238471,0.09792277231875435,-0.026212508454345196
955,2026-10-01T04:17:27+00:00,dc4d878,phase4,E_dated,"{""dated_universe"": true, ""hold"": 72, ""kind"": ""pead"", ""max_abs_sue"": 50, ""max_positions"": 50, ""min_rank_pool"": 50, ""min_sue_sd"": 0.01, ""n_surprises"": 10, ""rank_window_days"": 365, ""top_frac"": 0.1, ""universe"": ""stocks""}",wf_test_2018,2018-01-10,2018-12-31,True,245,-0.4361647504788514,-0.027475796676656693,-0.42563500915369995,6.334479700917996,-0.0396961413528677,-0.08180181387796392
956,2026-10-01T04:17:27+00:00,dc4d878,phase4,E_dated,"{""dated_universe"": true, ""hold"": 72, ""kind"": ""pead"", ""max_abs_sue"": 50, ""max_positions"": 50, ""min_rank_pool"": 50, ""min_sue_sd"": 0.01, ""n_surprises"": 10, ""rank_window_days"": 365, ""top_frac"": 0.1, ""universe"": ""stocks""}",wf_test_2018,2018-01-10,2018-12-31,False,245,-0.3873343918493241,-0.024399773215613218,-0.4252091596216788,6.323824678706722,-0.035715461869436305,-0.08114185898680315
957,2026-10-01T04:17:28+00:00,dc4d878,phase4,E_dated,"{""dated_universe"": true, ""hold"": 60, ""kind"": ""pead"", ""max_abs_sue"": 50, ""max_positions"": 50, ""min_rank_pool"": 50, ""min_sue_sd"": 0.01, ""n_surprises"": 10, ""rank_window_days"": 365, ""top_frac"": 0.1, ""universe"": ""stocks""}",wf_test_2019,2019-01-23,2019-12-31,True,238,1.5074665545547588,0.09496146697855415,-0.9795535355957553,14.659602415040483,0.09021813004963541,-0.02964305490763941
958,2026-10-01T04:17:28+00:00,dc4d878,phase4,E_dated,"{""dated_universe"": true, ""hold"": 60, ""kind"": ""pead"", ""max_abs_sue"": 50, ""max_positions"": 50, ""min_rank_pool"": 50, ""min_sue_sd"": 0.01, ""n_surprises"": 10, ""rank_window_days"": 365, ""top_frac"": 0.1, ""universe"": ""stocks""}",wf_test_2019,2019-01-23,2019-12-31,False,238,1.5773271381723428,0.09936227009041035,-0.977693999928594,14.670235955977194,0.09457116903925544,-0.02915674242993782
959,2026-10-01T04:17:28+00:00,dc4d878,phase4,E_dated,"{""dated_universe"": true, ""hold"": 60, ""kind"": ""pead"", ""max_abs_sue"": 50, ""max_positions"": 50, ""min_rank_pool"": 50, ""min_sue_sd"": 0.01, ""n_surprises"": 10, ""rank_window_days"": 365, ""top_frac"": 0.1, ""universe"": ""stocks""}",wf_test_2020,2020-01-21,2020-12-31,True,241,0.35003058307380525,0.02204985414476722,-0.5022963120825903,12.094218686819096,0.06143151025186078,-0.29706024909578876
960,2026-10-01T04:17:28+00:00,dc4d878,phase4,E_dated,"{""dated_universe"": true, ""hold"": 60, ""kind"": ""pead"", ""max_abs_sue"": 50, ""max_positions"": 50, ""min_rank_pool"": 50, ""min_sue_sd"": 0.01, ""n_surprises"": 10, ""rank_window_days"": 365, ""top_frac"": 0.1, ""universe"": ""stocks""}",wf_test_2020,2020-01-21,2020-12-31,False,241,0.37398339388649066,0.02355873939741828,-0.5049129099642543,12.101556010689455,0.06895488335192179,-0.29617363080996684
961,2026-10-01T04:17:28+00:00,dc4d878,phase4,E_dated,"{""dated_universe"": true, ""hold"": 72, ""kind"": ""pead"", ""max_abs_sue"": 50, ""max_positions"": 50, ""min_rank_pool"": 50, ""min_sue_sd"": 0.01, ""n_surprises"": 10, ""rank_window_days"": 365, ""top_frac"": 0.1, ""universe"": ""stocks""}",wf_test_2021,2021-01-06,2021-12-31,True,250,2.1468606078225645,0.13523950637665413,-0.1827588838145088,3.817218248509002,0.20525965659254752,-0.044196440770215784
962,2026-10-01T04:17:28+00:00,dc4d878,phase4,E_dated,"{""dated_universe"": true, ""hold"": 72, ""kind"": ""pead"", ""max_abs_sue"": 50, ""max_positions"": 50, ""min_rank_pool"": 50, ""min_sue_sd"": 0.01, ""n_surprises"": 10, ""rank_window_days"": 365, ""top_frac"": 0.1, ""universe"": ""stocks""}",wf_test_2021,2021-01-06,2021-12-31,False,250,2.21371020082193,0.13945063490813522,-0.1857099186492469,3.821749434493303,0.21222538121200252,-0.043795244629170726
963,2026-10-01T04:17:28+00:00,dc4d878,phase4,E_dated,"{""dated_universe"": true, ""hold"": 60, ""kind"": ""pead"", ""max_abs_sue"": 50, ""max_positions"": 50, ""min_rank_pool"": 50, ""min_sue_sd"": 0.01, ""n_surprises"": 10, ""rank_window_days"": 365, ""top_frac"": 0.1, ""universe"": ""stocks""}",wf_test_2022,2022-01-10,2022-12-30,True,246,-0.20126577544686683,-0.012678552125261413,-0.026693351971856048,4.550859731971538,-0.026074768937222603,-0.09345494705052348
964,2026-10-01T04:17:28+00:00,dc4d878,phase4,E_dated,"{""dated_universe"": true, ""hold"": 60, ""kind"": ""pead"", ""max_abs_sue"": 50, ""max_positions"": 50, ""min_rank_pool"": 50, ""min_sue_sd"": 0.01, ""n_surprises"": 10, ""rank_window_days"": 365, ""top_frac"": 0.1, ""universe"": ""stocks""}",wf_test_2022,2022-01-10,2022-12-30,False,246,-0.157714323577175,-0.009935068532808948,-0.024780394153299953,4.5566329998709865,-0.02163723379688809,-0.09153220902513615
965,2026-10-01T04:17:28+00:00,dc4d878,phase4,E_dated,"{""dated_universe"": true, ""hold"": 60, ""kind"": ""pead"", ""max_abs_sue"": 50, ""max_positions"": 50, ""min_rank_pool"": 50, ""min_sue_sd"": 0.01, ""n_surprises"": 10, ""rank_window_days"": 365, ""top_frac"": 0.1, ""universe"": ""stocks""}",wf_test_2023,2023-01-05,2023-12-29,True,248,1.3591439816454554,0.08561802312771455,-0.033834988744206596,3.961135315763686,0.13152371445969813,-0.09902381642174862
966,2026-10-01T04:17:28+00:00,dc4d878,phase4,E_dated,"{""dated_universe"": true, ""hold"": 60, ""kind"": ""pead"", ""max_abs_sue"": 50, ""max_positions"": 50, ""min_rank_pool"": 50, ""min_sue_sd"": 0.01, ""n_surprises"": 10, ""rank_window_days"": 365, ""top_frac"": 0.1, ""universe"": ""stocks""}",wf_test_2023,2023-01-05,2023-12-29,False,248,1.4356456324449225,0.09043717414917397,-0.03032222692050523,3.9797875917408003,0.1397202691570083,-0.09589455918618639
967,2026-10-01T04:17:28+00:00,dc4d878,phase4,E_dated,"{""dated_universe"": true, ""hold"": 72, ""kind"": ""pead"", ""max_abs_sue"": 50, ""max_positions"": 50, ""min_rank_pool"": 50, ""min_sue_sd"": 0.01, ""n_surprises"": 8, ""rank_window_days"": 365, ""top_frac"": 0.1, ""universe"": ""stocks""}",wf_test_2024,2024-01-12,2024-09-25,True,177,2.097533095707251,0.132132165189734,-0.3578151086160676,3.9923289665618538,0.1282660984471995,-0.04307460496356752
968,2026-10-01T04:17:28+00:00,dc4d878,phase4,E_dated,"{""dated_universe"": true, ""hold"": 72, ""kind"": ""pead"", ""max_abs_sue"": 50, ""max_positions"": 50, ""min_rank_pool"": 50, ""min_sue_sd"": 0.01, ""n_surprises"": 8, ""rank_window_days"": 365, ""top_frac"": 0.1, ""universe"": ""stocks""}",wf_test_2024,2024-01-12,2024-09-25,False,177,2.175541621636666,0.13704624042192368,-0.35683731357530896,3.9961173249388913,0.13325216584127664,-0.04299376579333236
969,2026-10-01T04:17:30+00:00,dc4d878,phase4,F,"{""gpa_bounds"": [-1.0, 3.0], ""kind"": ""grossprof"", ""max_staleness_days"": 450, ""top_frac"": 0.16, ""universe"": ""stocks""}",dev,2010-03-01,2024-09-25,True,3669,1.0770439764608708,0.06784739316179926,-0.46185587235394915,12.576483321507322,0.1953087383311083,-0.3213022732537545
970,2026-10-01T04:17:30+00:00,dc4d878,phase4,F,"{""gpa_bounds"": [-1.0, 3.0], ""kind"": ""grossprof"", ""max_staleness_days"": 450, ""top_frac"": 0.16, ""universe"": ""stocks""}",dev,2010-03-01,2024-09-25,False,3669,1.0878690844905443,0.06852931087041651,-0.4616227796461569,12.573349622357245,0.1976672905868444,-0.32107643604208813
971,2026-10-01T04:17:32+00:00,dc4d878,phase4,F,"{""gpa_bounds"": [-1.0, 3.0], ""kind"": ""grossprof"", ""max_staleness_days"": 450, ""top_frac"": 0.2, ""universe"": ""stocks""}",dev,2010-03-01,2024-09-25,True,3669,1.0863501700851597,0.06843362825662029,-0.43951771086067426,12.854314472552065,0.19610591933330723,-0.3233909032742647
972,2026-10-01T04:17:32+00:00,dc4d878,phase4,F,"{""gpa_bounds"": [-1.0, 3.0], ""kind"": ""grossprof"", ""max_staleness_days"": 450, ""top_frac"": 0.2, ""universe"": ""stocks""}",dev,2010-03-01,2024-09-25,False,3669,1.0972134883056754,0.06911795298101175,-0.4393519702370275,12.852931644230116,0.19845549666746098,-0.32320037418130176
973,2026-10-01T04:17:34+00:00,dc4d878,phase4,F,"{""gpa_bounds"": [-1.0, 3.0], ""kind"": ""grossprof"", ""max_staleness_days"": 450, ""top_frac"": 0.24, ""universe"": ""stocks""}",dev,2010-03-01,2024-09-25,True,3669,1.1045353756125758,0.06957918852724267,-0.4548191196111506,12.46674599968652,0.19845802806982382,-0.31762435503026043
974,2026-10-01T04:17:34+00:00,dc4d878,phase4,F,"{""gpa_bounds"": [-1.0, 3.0], ""kind"": ""grossprof"", ""max_staleness_days"": 450, ""top_frac"": 0.24, ""universe"": ""stocks""}",dev,2010-03-01,2024-09-25,False,3669,1.1153343927582051,0.07025946266465358,-0.45457725011311173,12.46436272937742,0.20078182384942256,-0.3173858616892874
975,2026-10-01T04:17:34+00:00,dc4d878,phase4,F,"{""gpa_bounds"": [-1.0, 3.0], ""kind"": ""grossprof"", ""max_staleness_days"": 450, ""top_frac"": 0.16, ""universe"": ""stocks""}",wf_test_2016,2016-01-04,2016-12-30,True,252,0.841680033693098,0.05302085839620006,-0.08624206315426332,3.969889355664452,0.11342473406766596,-0.10574254645341519
976,2026-10-01T04:17:34+00:00,dc4d878,phase4,F,"{""gpa_bounds"": [-1.0, 3.0], ""kind"": ""grossprof"", ""max_staleness_days"": 450, ""top_frac"": 0.16, ""universe"": ""stocks""}",wf_test_2016,2016-01-04,2016-12-30,False,252,0.862562484740886,0.054336329163769764,-0.08890245782214189,3.971246288938197,0.11665030428488277,-0.10544853972124912
977,2026-10-01T04:17:35+00:00,dc4d878,phase4,F,"{""gpa_bounds"": [-1.0, 3.0], ""kind"": ""grossprof"", ""max_staleness_days"": 450, ""top_frac"": 0.24, ""universe"": ""stocks""}",wf_test_2017,2017-01-03,2017-12-29,True,251,2.587801809025692,0.16301619116678676,-0.22312966468050033,3.2107334758356565,0.2366030787732476,-0.04576141849402193
978,2026-10-01T04:17:35+00:00,dc4d878,phase4,F,"{""gpa_bounds"": [-1.0, 3.0], ""kind"": ""grossprof"", ""max_staleness_days"": 450, ""top_frac"": 0.24, ""universe"": ""stocks""}",wf_test_2017,2017-01-03,2017-12-29,False,251,2.6243805680372017,0.16532043639563954,-0.22031754763720146,3.203849800578403,0.2407161004969196,-0.04541558713530647
979,2026-10-01T04:17:35+00:00,dc4d878,phase4,F,"{""gpa_bounds"": [-1.0, 3.0], ""kind"": ""grossprof"", ""max_staleness_days"": 450, ""top_frac"": 0.24, ""universe"": ""stocks""}",wf_test_2018,2018-01-02,2018-12-31,True,251,0.5126844475078585,0.03229608450372242,-0.3779723234972033,5.657152513297336,0.07922732121341602,-0.21579874628527962
980,2026-10-01T04:17:35+00:00,dc4d878,phase4,F,"{""gpa_bounds"": [-1.0, 3.0], ""kind"": ""grossprof"", ""max_staleness_days"": 450, ""top_frac"": 0.24, ""universe"": ""stocks""}",wf_test_2018,2018-01-02,2018-12-31,False,251,0.5305514123865158,0.033421597497828436,-0.37737480708051363,5.647884339289094,0.08271503313784345,-0.21541332616312858
981,2026-10-01T04:17:35+00:00,dc4d878,phase4,F,"{""gpa_bounds"": [-1.0, 3.0], ""kind"": ""grossprof"", ""max_staleness_days"": 450, ""top_frac"": 0.24, ""universe"": ""stocks""}",wf_test_2019,2019-01-02,2019-12-31,True,252,2.3601045322511824,0.1486726109631678,-0.4939855268326575,4.981999132315642,0.3682799750898662,-0.07770437164007216
982,2026-10-01T04:17:35+00:00,dc4d878,phase4,F,"{""gpa_bounds"": [-1.0, 3.0], ""kind"": ""grossprof"", ""max_staleness_days"": 450, ""top_frac"": 0.24, ""universe"": ""stocks""}",wf_test_2019,2019-01-02,2019-12-31,False,252,2.3901425800119065,0.15056483011185248,-0.48630623758160385,4.9924033653203495,0.3731947443315844,-0.0775963022522056
983,2026-10-01T04:17:35+00:00,dc4d878,phase4,F,"{""gpa_bounds"": [-1.0, 3.0], ""kind"": ""grossprof"", ""max_staleness_days"": 450, ""top_frac"": 0.24, ""universe"": ""stocks""}",wf_test_2020,2020-01-02,2020-12-31,True,253,1.0167241332263661,0.0640476002017778,-0.5905359816593637,10.791185639412834,0.32541643452412705,-0.3176243535321772
984,2026-10-01T04:17:35+00:00,dc4d878,phase4,F,"{""gpa_bounds"": [-1.0, 3.0], ""kind"": ""grossprof"", ""max_staleness_days"": 450, ""top_frac"": 0.24, ""universe"": ""stocks""}",wf_test_2020,2020-01-02,2020-12-31,False,253,1.0267454078572085,0.06467888116589897,-0.5913189056311955,10.787161450647286,0.32986204861621515,-0.3173858616892872
985,2026-10-01T04:17:35+00:00,dc4d878,phase4,F,"{""gpa_bounds"": [-1.0, 3.0], ""kind"": ""grossprof"", ""max_staleness_days"": 450, ""top_frac"": 0.16, ""universe"": ""stocks""}",wf_test_2021,2021-01-04,2021-12-31,True,252,2.1084188802287964,0.13281790515806366,-0.3285228098146946,3.759780820476682,0.3236207374015827,-0.08000133540384657
986,2026-10-01T04:17:35+00:00,dc4d878,phase4,F,"{""gpa_bounds"": [-1.0, 3.0], ""kind"": ""grossprof"", ""max_staleness_days"": 450, ""top_frac"": 0.16, ""universe"": ""stocks""}",wf_test_2021,2021-01-04,2021-12-31,False,252,2.1309967400369034,0.13424017663873822,-0.32657753670596246,3.7540721814618196,0.3280107075356984,-0.07977402358885777
987,2026-10-01T04:17:35+00:00,dc4d878,phase4,F,"{""gpa_bounds"": [-1.0, 3.0], ""kind"": ""grossprof"", ""max_staleness_days"": 450, ""top_frac"": 0.24, ""universe"": ""stocks""}",wf_test_2022,2022-01-03,2022-12-30,True,251,-0.44218066317510035,-0.0278547635553079,-0.0028848585197387595,3.5011492874070913,-0.14083099913798813,-0.2488152859016276
988,2026-10-01T04:17:35+00:00,dc4d878,phase4,F,"{""gpa_bounds"": [-1.0, 3.0], ""kind"": ""grossprof"", ""max_staleness_days"": 450, ""top_frac"": 0.24, ""universe"": ""stocks""}",wf_test_2022,2022-01-03,2022-12-30,False,251,-0.4298619184562467,-0.027078755579341782,-0.0035355157090661646,3.500928462095523,-0.13805185243476603,-0.24689265004042227
989,2026-10-01T04:17:36+00:00,dc4d878,phase4,F,"{""gpa_bounds"": [-1.0, 3.0], ""kind"": ""grossprof"", ""max_staleness_days"": 450, ""top_frac"": 0.16, ""universe"": ""stocks""}",wf_test_2023,2023-01-03,2023-12-29,True,250,1.1509091620491756,0.07250046248590132,0.08813388883645312,2.8137114113346446,0.16443370037037908,-0.13569635813005754
990,2026-10-01T04:17:36+00:00,dc4d878,phase4,F,"{""gpa_bounds"": [-1.0, 3.0], ""kind"": ""grossprof"", ""max_staleness_days"": 450, ""top_frac"": 0.16, ""universe"": ""stocks""}",wf_test_2023,2023-01-03,2023-12-29,False,250,1.171055455833358,0.07376955970477257,0.08749770408064832,2.8143728617955253,0.16778547168999136,-0.13546285746328068
991,2026-10-01T04:17:36+00:00,dc4d878,phase4,F,"{""gpa_bounds"": [-1.0, 3.0], ""kind"": ""grossprof"", ""max_staleness_days"": 450, ""top_frac"": 0.24, ""universe"": ""stocks""}",wf_test_2024,2024-01-02,2024-09-25,True,185,1.88471557189312,0.11872592131714456,-0.16304657418067015,3.132185232574182,0.274155522605638,-0.07027325508698423
992,2026-10-01T04:17:36+00:00,dc4d878,phase4,F,"{""gpa_bounds"": [-1.0, 3.0], ""kind"": ""grossprof"", ""max_staleness_days"": 450, ""top_frac"": 0.24, ""universe"": ""stocks""}",wf_test_2024,2024-01-02,2024-09-25,False,185,1.9185233173484324,0.12085560909958577,-0.160268415883829,3.137988510258383,0.2793781711058867,-0.07015599948151141
993,2026-10-01T04:17:38+00:00,dc4d878,phase4,F_dated,"{""dated_universe"": true, ""gpa_bounds"": [-1.0, 3.0], ""kind"": ""grossprof"", ""max_staleness_days"": 450, ""top_frac"": 0.16, ""universe"": ""stocks""}",dev,2010-03-01,2024-09-25,True,3669,0.9453802196119243,0.05955335608316141,-0.4601174982750045,12.945405128539798,0.16065960104404775,-0.32034555612350124
994,2026-10-01T04:17:38+00:00,dc4d878,phase4,F_dated,"{""dated_universe"": true, ""gpa_bounds"": [-1.0, 3.0], ""kind"": ""grossprof"", ""max_staleness_days"": 450, ""top_frac"": 0.16, ""universe"": ""stocks""}",dev,2010-03-01,2024-09-25,False,3669,0.956565993824513,0.06025799362573829,-0.45977911139081024,12.940591237850862,0.16292362348127898,-0.3200133366017279
995,2026-10-01T04:17:40+00:00,dc4d878,phase4,F_dated,"{""dated_universe"": true, ""gpa_bounds"": [-1.0, 3.0], ""kind"": ""grossprof"", ""max_staleness_days"": 450, ""top_frac"": 0.2, ""universe"": ""stocks""}",dev,2010-03-01,2024-09-25,True,3669,0.963769292207165,0.06071175877192617,-0.4416872706672722,13.430859848423369,0.16332305128051727,-0.31968164455306225
996,2026-10-01T04:17:40+00:00,dc4d878,phase4,F_dated,"{""dated_universe"": true, ""gpa_bounds"": [-1.0, 3.0], ""kind"": ""grossprof"", ""max_staleness_days"": 450, ""top_frac"": 0.2, ""universe"": ""stocks""}",dev,2010-03-01,2024-09-25,False,3669,0.9750863870391655,0.061424668735954924,-0.4415540725762286,13.429322996297516,0.16560415661285188,-0.3194633421921895
997,2026-10-01T04:17:42+00:00,dc4d878,phase4,F_dated,"{""dated_universe"": true, ""gpa_bounds"": [-1.0, 3.0], ""kind"": ""grossprof"", ""max_staleness_days"": 450, ""top_frac"": 0.24, ""universe"": ""stocks""}",dev,2010-03-01,2024-09-25,True,3669,0.992391278010058,0.06251477440200418,-0.44121121581082756,12.922920817113392,0.16801255653562697,-0.31290291023105
998,2026-10-01T04:17:42+00:00,dc4d878,phase4,F_dated,"{""dated_universe"": true, ""gpa_bounds"": [-1.0, 3.0], ""kind"": ""grossprof"", ""max_staleness_days"": 450, ""top_frac"": 0.24, ""universe"": ""stocks""}",dev,2010-03-01,2024-09-25,False,3669,1.0032450028468858,0.0631984948000273,-0.44092449471021355,12.920523307886707,0.1701942242711394,-0.3125864719955932
999,2026-10-01T04:17:42+00:00,dc4d878,phase4,F_dated,"{""dated_universe"": true, ""gpa_bounds"": [-1.0, 3.0], ""kind"": ""grossprof"", ""max_staleness_days"": 450, ""top_frac"": 0.24, ""universe"": ""stocks""}",wf_test_2016,2016-01-04,2016-12-30,True,252,1.017991041730969,0.06412740793599332,-0.13959658299646507,4.509135340371925,0.1280968313235391,-0.0759024503711212
1000,2026-10-01T04:17:42+00:00,dc4d878,phase4,F_dated,"{""dated_universe"": true, ""gpa_bounds"": [-1.0, 3.0], ""kind"": ""grossprof"", ""max_staleness_days"": 450, ""top_frac"": 0.24, ""universe"": ""stocks""}",wf_test_2016,2016-01-04,2016-12-30,False,252,1.042178377093029,0.0656510668465964,-0.14265903669901284,4.513451850569227,0.13150514775929567,-0.07563959506583162
1001,2026-10-01T04:17:42+00:00,dc4d878,phase4,F_dated,"{""dated_universe"": true, ""gpa_bounds"": [-1.0, 3.0], ""kind"": ""grossprof"", ""max_staleness_days"": 450, ""top_frac"": 0.24, ""universe"": ""stocks""}",wf_test_2017,2017-01-03,2017-12-29,True,251,2.2745737257002454,0.14328467659248798,-0.18953504541721203,3.5268656167512766,0.19404838997954044,-0.05345681868093455
1002,2026-10-01T04:17:42+00:00,dc4d878,phase4,F_dated,"{""dated_universe"": true, ""gpa_bounds"": [-1.0, 3.0], ""kind"": ""grossprof"", ""max_staleness_days"": 450, ""top_frac"": 0.24, ""universe"": ""stocks""}",wf_test_2017,2017-01-03,2017-12-29,False,251,2.3155295797597315,0.1458646528918607,-0.18774915435190265,3.517920593522694,0.19808393856204098,-0.053192880589223224
1003,2026-10-01T04:17:42+00:00,dc4d878,phase4,F_dated,"{""dated_universe"": true, ""gpa_bounds"": [-1.0, 3.0], ""kind"": ""grossprof"", ""max_staleness_days"": 450, ""top_frac"": 0.24, ""universe"": ""stocks""}",wf_test_2018,2018-01-02,2018-12-31,True,251,0.04404891484574805,0.002774820814383581,-0.3767747204354325,5.445529079881255,-0.007784258059238547,-0.21426005934808612
1004,2026-10-01T04:17:42+00:00,dc4d878,phase4,F_dated,"{""dated_universe"": true, ""gpa_bounds"": [-1.0, 3.0], ""kind"": ""grossprof"", ""max_staleness_days"": 450, ""top_frac"": 0.24, ""universe"": ""stocks""}",wf_test_2018,2018-01-02,2018-12-31,False,251,0.06182174993896081,0.003894404189364591,-0.3769180580315531,5.439022991570405,-0.00466254629088847,-0.2138331890579388
1005,2026-10-01T04:17:42+00:00,dc4d878,phase4,F_dated,"{""dated_universe"": true, ""gpa_bounds"": [-1.0, 3.0], ""kind"": ""grossprof"", ""max_staleness_days"": 450, ""top_frac"": 0.24, ""universe"": ""stocks""}",wf_test_2019,2019-01-02,2019-12-31,True,252,2.268425174076308,0.1428973542467694,-0.521465461556761,5.13281229076857,0.34807788171534715,-0.07967252414111803
1006,2026-10-01T04:17:42+00:00,dc4d878,phase4,F_dated,"{""dated_universe"": true, ""gpa_bounds"": [-1.0, 3.0], ""kind"": ""grossprof"", ""max_staleness_days"": 450, ""top_frac"": 0.24, ""universe"": ""stocks""}",wf_test_2019,2019-01-02,2019-12-31,False,252,2.299058080954675,0.14482704599760649,-0.514383307816054,5.141644442233568,0.3530227139877593,-0.07957772326338008
1007,2026-10-01T04:17:42+00:00,dc4d878,phase4,F_dated,"{""dated_universe"": true, ""gpa_bounds"": [-1.0, 3.0], ""kind"": ""grossprof"", ""max_staleness_days"": 450, ""top_frac"": 0.24, ""universe"": ""stocks""}",wf_test_2020,2020-01-02,2020-12-31,True,253,1.0184075525270824,0.06415364564991927,-0.4997710410579224,10.469417967691921,0.3215324475923578,-0.31290290882013505
1008,2026-10-01T04:17:42+00:00,dc4d878,phase4,F_dated,"{""dated_universe"": true, ""gpa_bounds"": [-1.0, 3.0], ""kind"": ""grossprof"", ""max_staleness_days"": 450, ""top_frac"": 0.24, ""universe"": ""stocks""}",wf_test_2020,2020-01-02,2020-12-31,False,253,1.0293298278793146,0.06484168432451395,-0.5006745287010852,10.465960574770724,0.3262750362518039,-0.312586471995594
1009,2026-10-01T04:17:43+00:00,dc4d878,phase4,F_dated,"{""dated_universe"": true, ""gpa_bounds"": [-1.0, 3.0], ""kind"": ""grossprof"", ""max_staleness_days"": 450, ""top_frac"": 0.24, ""universe"": ""stocks""}",wf_test_2021,2021-01-04,2021-12-31,True,252,2.393418611081573,0.15077120067132055,-0.3795319764160122,4.2976411992661,0.34955994393600753,-0.07125233989441315
1010,2026-10-01T04:17:43+00:00,dc4d878,phase4,F_dated,"{""dated_universe"": true, ""gpa_bounds"": [-1.0, 3.0], ""kind"": ""grossprof"", ""max_staleness_days"": 450, ""top_frac"": 0.24, ""universe"": ""stocks""}",wf_test_2021,2021-01-04,2021-12-31,False,252,2.4153008911969263,0.15214965474999384,-0.37916255380097924,4.291585829705735,0.35363032951735307,-0.07118955188235843
1011,2026-10-01T04:17:43+00:00,dc4d878,phase4,F_dated,"{""dated_universe"": true, ""gpa_bounds"": [-1.0, 3.0], ""kind"": ""grossprof"", ""max_staleness_days"": 450, ""top_frac"": 0.24, ""universe"": ""stocks""}",wf_test_2022,2022-01-03,2022-12-30,True,251,-0.4996361586856813,-0.031474119568998024,-0.05724731006190843,3.3934052618542303,-0.14851773473716967,-0.2441449703140257
1012,2026-10-01T04:17:43+00:00,dc4d878,phase4,F_dated,"{""dated_universe"": true, ""gpa_bounds"": [-1.0, 3.0], ""kind"": ""grossprof"", ""max_staleness_days"": 450, ""top_frac"": 0.24, ""universe"": ""stocks""}",wf_test_2022,2022-01-03,2022-12-30,False,251,-0.4865681594836891,-0.030650912997053695,-0.05789838043523885,3.393094268418115,-0.14568620831423706,-0.24191087817327572
1013,2026-10-01T04:17:43+00:00,dc4d878,phase4,F_dated,"{""dated_universe"": true, ""gpa_bounds"": [-1.0, 3.0], ""kind"": ""grossprof"", ""max_staleness_days"": 450, ""top_frac"": 0.24, ""universe"": ""stocks""}",wf_test_2023,2023-01-03,2023-12-29,True,250,1.308300178134315,0.08241516456106908,0.09500762813416862,2.843026904083652,0.19078743255570751,-0.13067045589219728
1014,2026-10-01T04:17:43+00:00,dc4d878,phase4,F_dated,"{""dated_universe"": true, ""gpa_bounds"": [-1.0, 3.0], ""kind"": ""grossprof"", ""max_staleness_days"": 450, ""top_frac"": 0.24, ""universe"": ""stocks""}",wf_test_2023,2023-01-03,2023-12-29,False,250,1.3277095110605468,0.08363783760955638,0.09502048898399419,2.845541011652663,0.1941189327578272,-0.1304528558671153
1015,2026-10-01T04:17:43+00:00,dc4d878,phase4,F_dated,"{""dated_universe"": true, ""gpa_bounds"": [-1.0, 3.0], ""kind"": ""grossprof"", ""max_staleness_days"": 450, ""top_frac"": 0.24, ""universe"": ""stocks""}",wf_test_2024,2024-01-02,2024-09-25,True,185,1.717493374002984,0.1081919130003129,-0.1618039856155807,3.2487761011878793,0.22834227152266462,-0.07081929878130289
1016,2026-10-01T04:17:43+00:00,dc4d878,phase4,F_dated,"{""dated_universe"": true, ""gpa_bounds"": [-1.0, 3.0], ""kind"": ""grossprof"", ""max_staleness_days"": 450, ""top_frac"": 0.24, ""universe"": ""stocks""}",wf_test_2024,2024-01-02,2024-09-25,False,185,1.7542913584475706,0.11050996813337956,-0.15815433404915197,3.2541696915336,0.23346181581960668,-0.07068071062850956
1017,2026-10-01T04:18:10+00:00,08b1323,phase5,A1,"{""asset"": ""SPY"", ""check"": ""daily"", ""kind"": ""trend_sma"", ""safe"": ""IEF"", ""sma"": 200, ""universe"": ""etf""}",holdout,2024-09-26,2026-09-25,True,501,0.9843735931935558,0.06200970773260028,-0.4436246941411786,4.273962069625302,0.11615035833722032,-0.12123132552422089
1018,2026-10-01T04:18:10+00:00,08b1323,phase5,A1,"{""asset"": ""SPY"", ""check"": ""daily"", ""kind"": ""trend_sma"", ""safe"": ""IEF"", ""sma"": 200, ""universe"": ""etf""}",holdout,2024-09-26,2026-09-25,False,501,1.0660481494978775,0.06715472117123786,-0.44270906301863444,4.288552733306438,0.1271512245135027,-0.11062256823508154
1019,2026-10-01T04:18:10+00:00,08b1323,phase5,A1,"{""asset"": ""SPY"", ""check"": ""monthly"", ""kind"": ""trend_sma"", ""safe"": ""IEF"", ""sma"": 160, ""universe"": ""etf""}",holdout,2024-09-26,2026-09-25,True,501,0.5518515650791749,0.034763380995744594,-0.3491554953318595,4.34392579663475,0.062187960184481694,-0.1165997614743397
1020,2026-10-01T04:18:10+00:00,08b1323,phase5,A1,"{""asset"": ""SPY"", ""check"": ""monthly"", ""kind"": ""trend_sma"", ""safe"": ""IEF"", ""sma"": 160, ""universe"": ""etf""}",holdout,2024-09-26,2026-09-25,False,501,0.6086014719127185,0.03833828910068844,-0.34166256814102136,4.355261472452289,0.06942460611146384,-0.11394557948577932
1021,2026-10-01T04:18:11+00:00,08b1323,phase5,A2,"{""asset"": ""SPY"", ""fast"": 50, ""kind"": ""trend_cross"", ""safe"": ""IEF"", ""slow"": 200, ""universe"": ""etf""}",holdout,2024-09-26,2026-09-25,True,501,0.6048602470796014,0.03810261408861208,1.335828753869138,30.38063884271401,0.0869538382165227,-0.18755225912218998
1022,2026-10-01T04:18:11+00:00,08b1323,phase5,A2,"{""asset"": ""SPY"", ""fast"": 50, ""kind"": ""trend_cross"", ""safe"": ""IEF"", ""slow"": 200, ""universe"": ""etf""}",holdout,2024-09-26,2026-09-25,False,501,0.628725557203541,0.03960598731597818,1.3319465783416349,30.384256554739206,0.09106145262698928,-0.18755225912218987
1023,2026-10-01T04:18:11+00:00,08b1323,phase5,A2,"{""asset"": ""SPY"", ""fast"": 40, ""kind"": ""trend_cross"", ""safe"": ""IEF"", ""slow"": 160, ""universe"": ""etf""}",holdout,2024-09-26,2026-09-25,True,501,0.21252432920996714,0.01338777434858079,-1.3937039474917097,10.538916912646876,0.01995038830725382,-0.22698801864545703
1024,2026-10-01T04:18:11+00:00,08b1323,phase5,A2,"{""asset"": ""SPY"", ""fast"": 40, ""kind"": ""trend_cross"", ""safe"": ""IEF"", ""slow"": 160, ""universe"": ""etf""}",holdout,2024-09-26,2026-09-25,False,501,0.26225562501233096,0.016520551516915196,-1.3672566937134887,10.397413142117648,0.026899271273301828,-0.22466549892180743
1025,2026-10-01T04:18:11+00:00,08b1323,phase5,A3,"{""assets"": [""SPY"", ""EFA"", ""EEM"", ""VNQ"", ""GLD"", ""DBC""], ""kind"": ""trend_multi"", ""safe"": ""IEF"", ""sma"": 200, ""universe"": ""etf""}",holdout,2024-09-26,2026-09-25,True,501,0.9395497374328194,0.059186070229125566,-0.9497658842305637,6.353705581217159,0.09630571793091125,-0.10738306347592486
1026,2026-10-01T04:18:11+00:00,08b1323,phase5,A3,"{""assets"": [""SPY"", ""EFA"", ""EEM"", ""VNQ"", ""GLD"", ""DBC""], ""kind"": ""trend_multi"", ""safe"": ""IEF"", ""sma"": 200, ""universe"": ""etf""}",holdout,2024-09-26,2026-09-25,False,501,1.1602808634195945,0.07309082418084636,-0.950807403688323,6.292949511548084,0.12139944594604968,-0.08668647948769437
1027,2026-10-01T04:18:11+00:00,08b1323,phase5,A3,"{""assets"": [""SPY"", ""EFA"", ""EEM"", ""VNQ"", ""GLD"", ""DBC""], ""kind"": ""trend_multi"", ""safe"": ""IEF"", ""sma"": 160, ""universe"": ""etf""}",holdout,2024-09-26,2026-09-25,True,501,0.9435001574655213,0.05943492330009644,-0.8774975656117394,6.055027006570614,0.09287695105429239,-0.09075802141188738
1028,2026-10-01T04:18:11+00:00,08b1323,phase5,A3,"{""assets"": [""SPY"", ""EFA"", ""EEM"", ""VNQ"", ""GLD"", ""DBC""], ""kind"": ""trend_multi"", ""safe"": ""IEF"", ""sma"": 160, ""universe"": ""etf""}",holdout,2024-09-26,2026-09-25,False,501,1.2099242747720411,0.07621806514921432,-0.8747160448834077,6.055874588718832,0.12194087430637301,-0.07182941658603548
1029,2026-10-01T04:18:13+00:00,08b1323,phase5,B,"{""exit_sma"": 5, ""kind"": ""meanrev"", ""max_hold"": 10, ""rsi_entry"": 10, ""rsi_len"": 2, ""slots"": 10, ""trend_sma"": 200, ""universe"": ""stocks""}",holdout,2024-09-26,2026-09-25,True,501,-0.9507955088783246,-0.059894487242122665,-0.03550186232501458,9.089100501206207,-0.18423030054769507,-0.4032716743046767
1030,2026-10-01T04:18:13+00:00,08b1323,phase5,B,"{""exit_sma"": 5, ""kind"": ""meanrev"", ""max_hold"": 10, ""rsi_entry"": 10, ""rsi_len"": 2, ""slots"": 10, ""trend_sma"": 200, ""universe"": ""stocks""}",holdout,2024-09-26,2026-09-25,False,501,-0.08500729904732082,-0.005354956497726399,-0.03858299749262964,9.041406042428367,-0.0344420228564043,-0.2537548648151974
1031,2026-10-01T04:18:15+00:00,08b1323,phase5,B,"{""exit_sma"": 6, ""kind"": ""meanrev"", ""max_hold"": 10, ""rsi_entry"": 10, ""rsi_len"": 2, ""slots"": 10, ""trend_sma"": 200, ""universe"": ""stocks""}",holdout,2024-09-26,2026-09-25,True,501,-0.9747500820717275,-0.06140348351432358,-0.2872709849717872,9.671986832386686,-0.1777877170870703,-0.41049265341661445
1032,2026-10-01T04:18:15+00:00,08b1323,phase5,B,"{""exit_sma"": 6, ""kind"": ""meanrev"", ""max_hold"": 10, ""rsi_entry"": 10, ""rsi_len"": 2, ""slots"": 10, ""trend_sma"": 200, ""universe"": ""stocks""}",holdout,2024-09-26,2026-09-25,False,501,-0.17291664535275109,-0.010892724789212667,-0.3015913966792141,9.592442218153122,-0.047077537990139584,-0.2681769850715303
1033,2026-10-01T04:18:17+00:00,08b1323,phase5,B_dated,"{""dated_universe"": true, ""exit_sma"": 5, ""kind"": ""meanrev"", ""max_hold"": 10, ""rsi_entry"": 10, ""rsi_len"": 2, ""slots"": 10, ""trend_sma"": 200, ""universe"": ""stocks""}",holdout,2024-09-26,2026-09-25,True,501,-0.8026409635709582,-0.050561628135285926,0.0554454415844713,10.582795371239959,-0.15771397648962837,-0.36285190814473
1034,2026-10-01T04:18:17+00:00,08b1323,phase5,B_dated,"{""dated_universe"": true, ""exit_sma"": 5, ""kind"": ""meanrev"", ""max_hold"": 10, ""rsi_entry"": 10, ""rsi_len"": 2, ""slots"": 10, ""trend_sma"": 200, ""universe"": ""stocks""}",holdout,2024-09-26,2026-09-25,False,501,0.08194118443494285,0.005161809432117511,0.0588470291922417,10.496634956279586,-0.0024321339051139867,-0.2079721121671947
1035,2026-10-01T04:18:19+00:00,08b1323,phase5,B_dated,"{""dated_universe"": true, ""exit_sma"": 6, ""kind"": ""meanrev"", ""max_hold"": 10, ""rsi_entry"": 10, ""rsi_len"": 2, ""slots"": 10, ""trend_sma"": 200, ""universe"": ""stocks""}",holdout,2024-09-26,2026-09-25,True,501,-0.9999079068587908,-0.06298827751227372,0.07966599230746303,14.605603646898905,-0.18410607849290772,-0.3871681079474143
1036,2026-10-01T04:18:19+00:00,08b1323,phase5,B_dated,"{""dated_universe"": true, ""exit_sma"": 6, ""kind"": ""meanrev"", ""max_hold"": 10, ""rsi_entry"": 10, ""rsi_len"": 2, ""slots"": 10, ""trend_sma"": 200, ""universe"": ""stocks""}",holdout,2024-09-26,2026-09-25,False,501,-0.21324876788982208,-0.013433409695890602,0.06065323697623695,14.516492160305495,-0.05503851622098899,-0.23960807563026243
1037,2026-10-01T04:18:19+00:00,08b1323,phase5,C,"{""atr"": 20, ""entry"": 55, ""exit"": 20, ""kind"": ""breakout"", ""max_weight"": 0.2, ""risk_per_trade"": 0.01, ""universe"": ""etf""}",holdout,2024-10-03,2026-09-25,True,496,0.7148377583622503,0.045030546104414204,-0.7800171959453958,6.942230305336667,0.07588018247991823,-0.11528261082521274
1038,2026-10-01T04:18:19+00:00,08b1323,phase5,C,"{""atr"": 20, ""entry"": 55, ""exit"": 20, ""kind"": ""breakout"", ""max_weight"": 0.2, ""risk_per_trade"": 0.01, ""universe"": ""etf""}",holdout,2024-10-03,2026-09-25,False,496,0.8277007355256908,0.052140245385386245,-0.772339429218041,6.947260435418825,0.08941272191713012,-0.1095823673331735
1039,2026-10-01T04:18:20+00:00,08b1323,phase5,C,"{""atr"": 20, ""entry"": 66, ""exit"": 24, ""kind"": ""breakout"", ""max_weight"": 0.2, ""risk_per_trade"": 0.01, ""universe"": ""etf""}",holdout,2024-10-03,2026-09-25,True,496,1.0562765451887584,0.06653916795904603,-0.6639499894862007,6.978525540435598,0.11553568190550112,-0.0932971194035831
1040,2026-10-01T04:18:20+00:00,08b1323,phase5,C,"{""atr"": 20, ""entry"": 66, ""exit"": 24, ""kind"": ""breakout"", ""max_weight"": 0.2, ""risk_per_trade"": 0.01, ""universe"": ""etf""}",holdout,2024-10-03,2026-09-25,False,496,1.151917086940006,0.07256395578593391,-0.6633474598618209,6.981952449675502,0.12711693803263646,-0.08893363266559096
1041,2026-10-01T04:18:21+00:00,08b1323,phase5,C_stocks,"{""atr"": 20, ""entry"": 55, ""exit"": 20, ""kind"": ""breakout"", ""max_weight"": 0.2, ""risk_per_trade"": 0.01, ""universe"": ""stocks""}",holdout,2024-10-04,2026-09-25,True,495,0.8672343691059189,0.05463063021576804,-0.21777243647075648,5.883868883968748,0.33152908083887356,-0.37877716374361725
1042,2026-10-01T04:18:21+00:00,08b1323,phase5,C_stocks,"{""atr"": 20, ""entry"": 55, ""exit"": 20, ""kind"": ""breakout"", ""max_weight"": 0.2, ""risk_per_trade"": 0.01, ""universe"": ""stocks""}",holdout,2024-10-04,2026-09-25,False,495,0.8944948882986246,0.05634788151087287,-0.2237439991461366,5.875255333222302,0.3473391014108993,-0.373121769329671
1043,2026-10-01T04:18:22+00:00,08b1323,phase5,C_stocks,"{""atr"": 20, ""entry"": 55, ""exit"": 24, ""kind"": ""breakout"", ""max_weight"": 0.2, ""risk_per_trade"": 0.01, ""universe"": ""stocks""}",holdout,2024-10-15,2026-09-25,True,488,0.8210289152897318,0.05171996021547015,-0.3155339865956112,5.491505458128191,0.2091216025862288,-0.2603441570830264
1044,2026-10-01T04:18:22+00:00,08b1323,phase5,C_stocks,"{""atr"": 20, ""entry"": 55, ""exit"": 24, ""kind"": ""breakout"", ""max_weight"": 0.2, ""risk_per_trade"": 0.01, ""universe"": ""stocks""}",holdout,2024-10-15,2026-09-25,False,488,0.857616884013652,0.054024785601672586,-0.31535952816857366,5.496399879982283,0.22158314740709595,-0.2541760447445478
1045,2026-10-01T04:18:23+00:00,08b1323,phase5,C_stocks_dated,"{""atr"": 20, ""dated_universe"": true, ""entry"": 55, ""exit"": 20, ""kind"": ""breakout"", ""max_weight"": 0.2, ""risk_per_trade"": 0.01, ""universe"": ""stocks""}",holdout,2024-10-03,2026-09-25,True,496,0.7037091899209343,0.04432951218670269,-0.4916410464515081,5.927327184456491,0.17968727567259624,-0.29722158104002494
1046,2026-10-01T04:18:23+00:00,08b1323,phase5,C_stocks_dated,"{""atr"": 20, ""dated_universe"": true, ""entry"": 55, ""exit"": 20, ""kind"": ""breakout"", ""max_weight"": 0.2, ""risk_per_trade"": 0.01, ""universe"": ""stocks""}",holdout,2024-10-03,2026-09-25,False,496,0.7432154245763609,0.04681817104705555,-0.4952783045378545,5.952499011393654,0.19364228930281513,-0.29267164529540135
1047,2026-10-01T04:18:24+00:00,08b1323,phase5,D,"{""kind"": ""momentum"", ""lookback"": 252, ""skip"": 21, ""top_frac"": 0.1, ""universe"": ""stocks""}",holdout,2024-09-26,2026-09-25,True,501,1.5811318471032152,0.09960194422474546,-0.3128764254711348,5.623445079596235,0.5888404059037338,-0.2963295675196611
1048,2026-10-01T04:18:24+00:00,08b1323,phase5,D,"{""kind"": ""momentum"", ""lookback"": 252, ""skip"": 21, ""top_frac"": 0.1, ""universe"": ""stocks""}",holdout,2024-09-26,2026-09-25,False,501,1.6134721036933255,0.10163918889792282,-0.31339943730869485,5.619447916406254,0.6057063239987461,-0.2944825870572674
1049,2026-10-01T04:18:25+00:00,08b1323,phase5,D,"{""kind"": ""momentum"", ""lookback"": 202, ""skip"": 17, ""top_frac"": 0.1, ""universe"": ""stocks""}",holdout,2024-09-26,2026-09-25,True,501,1.4065507124860648,0.08860436646759143,-0.3137203808192115,5.389546117391654,0.49019441587525003,-0.2941565813625857
1050,2026-10-01T04:18:25+00:00,08b1323,phase5,D,"{""kind"": ""momentum"", ""lookback"": 202, ""skip"": 17, ""top_frac"": 0.1, ""universe"": ""stocks""}",holdout,2024-09-26,2026-09-25,False,501,1.4429483022362122,0.09089719910571151,-0.31524444721689077,5.386031961674366,0.5075451914494551,-0.2921465845961585
1051,2026-10-01T04:18:25+00:00,08b1323,phase5,D_dated,"{""dated_universe"": true, ""kind"": ""momentum"", ""lookback"": 252, ""skip"": 21, ""top_frac"": 0.1, ""universe"": ""stocks""}",holdout,2024-09-26,2026-09-25,True,501,1.1102827281749732,0.06994123770765014,-0.22315071078606663,6.058305046990343,0.30020666678716035,-0.2475176179660269
1052,2026-10-01T04:18:25+00:00,08b1323,phase5,D_dated,"{""dated_universe"": true, ""kind"": ""momentum"", ""lookback"": 252, ""skip"": 21, ""top_frac"": 0.1, ""universe"": ""stocks""}",holdout,2024-09-26,2026-09-25,False,501,1.1522024282301027,0.07258193059765712,-0.22369369453987123,6.05132306438261,0.31496756402375836,-0.24550466106389546
1053,2026-10-01T04:18:26+00:00,08b1323,phase5,D_dated,"{""dated_universe"": true, ""kind"": ""momentum"", ""lookback"": 202, ""skip"": 25, ""top_frac"": 0.1, ""universe"": ""stocks""}",holdout,2024-09-26,2026-09-25,True,501,0.9580771361763952,0.06035318664618347,-0.08730126806638679,6.622112455910745,0.24475632231188094,-0.24764876448812967
1054,2026-10-01T04:18:26+00:00,08b1323,phase5,D_dated,"{""dated_universe"": true, ""kind"": ""momentum"", ""lookback"": 202, ""skip"": 25, ""top_frac"": 0.1, ""universe"": ""stocks""}",holdout,2024-09-26,2026-09-25,False,501,1.0052507177146934,0.06332484296053026,-0.08852765967980959,6.60914645790984,0.26043677390652253,-0.24612699199896382
1055,2026-10-01T04:18:31+00:00,08b1323,phase5,E,"{""hold"": 60, ""kind"": ""pead"", ""max_abs_sue"": 50, ""max_positions"": 50, ""min_rank_pool"": 50, ""min_sue_sd"": 0.01, ""n_surprises"": 8, ""rank_window_days"": 365, ""top_frac"": 0.1, ""universe"": ""stocks""}",holdout,2024-10-04,2026-09-25,True,495,1.1117171734431397,0.07003159926595733,0.2814915367495894,17.313825875811684,0.1597840267882793,-0.1774590142611805
1056,2026-10-01T04:18:31+00:00,08b1323,phase5,E,"{""hold"": 60, ""kind"": ""pead"", ""max_abs_sue"": 50, ""max_positions"": 50, ""min_rank_pool"": 50, ""min_sue_sd"": 0.01, ""n_surprises"": 8, ""rank_window_days"": 365, ""top_frac"": 0.1, ""universe"": ""stocks""}",holdout,2024-10-04,2026-09-25,False,495,1.173712222988554,0.07393692030439289,0.2755092440091292,17.286035784615642,0.16993420413596838,-0.17528487164607054
1057,2026-10-01T04:18:36+00:00,08b1323,phase5,E,"{""hold"": 72, ""kind"": ""pead"", ""max_abs_sue"": 50, ""max_positions"": 50, ""min_rank_pool"": 50, ""min_sue_sd"": 0.01, ""n_surprises"": 8, ""rank_window_days"": 365, ""top_frac"": 0.1, ""universe"": ""stocks""}",holdout,2024-10-01,2026-09-25,True,498,1.1183880951148228,0.07045182783164458,0.126771351231019,11.863842746258033,0.16592638213381083,-0.16858074538557322
1058,2026-10-01T04:18:36+00:00,08b1323,phase5,E,"{""hold"": 72, ""kind"": ""pead"", ""max_abs_sue"": 50, ""max_positions"": 50, ""min_rank_pool"": 50, ""min_sue_sd"": 0.01, ""n_surprises"": 8, ""rank_window_days"": 365, ""top_frac"": 0.1, ""universe"": ""stocks""}",holdout,2024-10-01,2026-09-25,False,498,1.1593894216087475,0.07303466862513716,0.12454407828698025,11.867715141406075,0.17268267214120403,-0.16672454179682505
1059,2026-10-01T04:18:40+00:00,08b1323,phase5,E_dated,"{""dated_universe"": true, ""hold"": 60, ""kind"": ""pead"", ""max_abs_sue"": 50, ""max_positions"": 50, ""min_rank_pool"": 50, ""min_sue_sd"": 0.01, ""n_surprises"": 8, ""rank_window_days"": 365, ""top_frac"": 0.1, ""universe"": ""stocks""}",holdout,2024-10-04,2026-09-25,True,495,0.6648836597556584,0.04188373367866563,0.341390717133347,19.466640544367788,0.08429136266190573,-0.17338838973115522
1060,2026-10-01T04:18:40+00:00,08b1323,phase5,E_dated,"{""dated_universe"": true, ""hold"": 60, ""kind"": ""pead"", ""max_abs_sue"": 50, ""max_positions"": 50, ""min_rank_pool"": 50, ""min_sue_sd"": 0.01, ""n_surprises"": 8, ""rank_window_days"": 365, ""top_frac"": 0.1, ""universe"": ""stocks""}",holdout,2024-10-04,2026-09-25,False,495,0.728915160485335,0.045917339083545984,0.33482762753932505,19.431103310769696,0.09367290379662174,-0.17127372036223654
1061,2026-10-01T04:18:44+00:00,08b1323,phase5,E_dated,"{""dated_universe"": true, ""hold"": 72, ""kind"": ""pead"", ""max_abs_sue"": 50, ""max_positions"": 50, ""min_rank_pool"": 50, ""min_sue_sd"": 0.01, ""n_surprises"": 8, ""rank_window_days"": 365, ""top_frac"": 0.1, ""universe"": ""stocks""}",holdout,2024-10-01,2026-09-25,True,498,0.6704340535450509,0.0422333756225992,0.12257740295216432,13.745418094482076,0.08577983247262266,-0.1573260726147282
1062,2026-10-01T04:18:44+00:00,08b1323,phase5,E_dated,"{""dated_universe"": true, ""hold"": 72, ""kind"": ""pead"", ""max_abs_sue"": 50, ""max_positions"": 50, ""min_rank_pool"": 50, ""min_sue_sd"": 0.01, ""n_surprises"": 8, ""rank_window_days"": 365, ""top_frac"": 0.1, ""universe"": ""stocks""}",holdout,2024-10-01,2026-09-25,False,498,0.7138746785693195,0.04496987778001405,0.11940952097066035,13.758483799358357,0.09209480339926301,-0.15548985285267025
1063,2026-10-01T04:18:46+00:00,08b1323,phase5,F,"{""gpa_bounds"": [-1.0, 3.0], ""kind"": ""grossprof"", ""max_staleness_days"": 450, ""top_frac"": 0.2, ""universe"": ""stocks""}",holdout,2024-09-26,2026-09-25,True,501,0.2971045203298698,0.01871582557585641,0.7311839754303159,12.823761140415144,0.03575254048495036,-0.1889291578800958
1064,2026-10-01T04:18:46+00:00,08b1323,phase5,F,"{""gpa_bounds"": [-1.0, 3.0], ""kind"": ""grossprof"", ""max_staleness_days"": 450, ""top_frac"": 0.2, ""universe"": ""stocks""}",holdout,2024-09-26,2026-09-25,False,501,0.3125585946464407,0.019689340751674438,0.7303172196069349,12.828399630482862,0.03835045279492655,-0.18841274432216015
1065,2026-10-01T04:18:48+00:00,08b1323,phase5,F,"{""gpa_bounds"": [-1.0, 3.0], ""kind"": ""grossprof"", ""max_staleness_days"": 450, ""top_frac"": 0.24, ""universe"": ""stocks""}",holdout,2024-09-26,2026-09-25,True,501,0.4344592653019605,0.02736836120897192,0.7913651357318935,13.385581414962818,0.05983036328874758,-0.19942393245121937
1066,2026-10-01T04:18:48+00:00,08b1323,phase5,F,"{""gpa_bounds"": [-1.0, 3.0], ""kind"": ""grossprof"", ""max_staleness_days"": 450, ""top_frac"": 0.24, ""universe"": ""stocks""}",holdout,2024-09-26,2026-09-25,False,501,0.44969674206391536,0.028328232021359024,0.7904944395733614,13.390329692147844,0.06248996699463061,-0.1988364619885159
1067,2026-10-01T04:18:50+00:00,08b1323,phase5,F_dated,"{""dated_universe"": true, ""gpa_bounds"": [-1.0, 3.0], ""kind"": ""grossprof"", ""max_staleness_days"": 450, ""top_frac"": 0.2, ""universe"": ""stocks""}",holdout,2024-09-26,2026-09-25,True,501,0.2064224114779686,0.013003389661927376,0.6696277558760194,11.002707446113066,0.020432510841370988,-0.17437835995557527
1068,2026-10-01T04:18:50+00:00,08b1323,phase5,F_dated,"{""dated_universe"": true, ""gpa_bounds"": [-1.0, 3.0], ""kind"": ""grossprof"", ""max_staleness_days"": 450, ""top_frac"": 0.2, ""universe"": ""stocks""}",holdout,2024-09-26,2026-09-25,False,501,0.2224324438500339,0.014011926903322099,0.6685352116408184,11.006400491471593,0.02302231201217153,-0.17378922650631168
1069,2026-10-01T04:18:52+00:00,08b1323,phase5,F_dated,"{""dated_universe"": true, ""gpa_bounds"": [-1.0, 3.0], ""kind"": ""grossprof"", ""max_staleness_days"": 450, ""top_frac"": 0.24, ""universe"": ""stocks""}",holdout,2024-09-26,2026-09-25,True,501,0.241962116908713,0.015242180667599789,0.7479541917789055,11.99967585802922,0.026352921637400772,-0.17999593138742065
1070,2026-10-01T04:18:52+00:00,08b1323,phase5,F_dated,"{""dated_universe"": true, ""gpa_bounds"": [-1.0, 3.0], ""kind"": ""grossprof"", ""max_staleness_days"": 450, ""top_frac"": 0.24, ""universe"": ""stocks""}",holdout,2024-09-26,2026-09-25,False,501,0.2573464666956778,0.01621130361090308,0.7468636953168388,12.002850799699154,0.028883987726883165,-0.17941495344225988
